id,position,goal,steps,moves,distance,mate,forcing,nonforcing,winning,threat_ignored,threat_at_line_end,quiet,blocks,decisive_steps,root_pieces
fe683ee34a96,d00011214003d:21c80a99282,win,2,3,3,mate in 2,1,1,1,0,0,0,0,2,27
3430437393fb,2001199121901:800198020401c41a,win,2,3,3,mate in 2,1,1,1,0,0,0,0,2,27
777ac4edc7d9,1081010021016129:1005081d08090c0,win,2,3,3,mate in 2,1,1,1,0,0,0,0,2,26
4c7c8a1d1b96,1800884aa2548:80080401210190b3,win,3,5,7,mate in 4,1,2,1,1,0,0,0,3,28
069324c7ce01,3054089c34:800088035620b,win,3,5,5,mate in 3,2,1,1,0,0,0,1,2,26
b89d38fdb912,100908108840904a:900910190a91,win,2,3,3,mate in 2,0,2,1,1,0,0,0,2,26
4af160958e2a,1089808082809602:8000120b140b0089,win,2,3,3,mate in 2,0,2,1,1,0,0,0,2,28
bfcd655a8cd7,100d060144418044:400100c120c5609,win,2,3,3,mate in 2,1,1,1,0,0,0,0,2,28
48a350a7ecd8,a000a63038205:8000c004900c710a,win,2,3,3,mate in 2,1,1,1,0,0,0,1,1,28
2cfab372c880,c40005407c084:c000800c80083c0b,win,2,3,3,mate in 2,0,2,1,1,0,0,0,2,27
585418b07855,102088509841c:408051102101381,win,2,3,3,mate in 2,1,1,1,0,0,0,0,2,26
5808b61e4e46,10208850d841c:418051102101381,win,2,3,3,mate in 2,1,1,1,0,0,0,0,2,28
1b8d6036a984,19009c0088056:9008000210435909,win,4,7,7,mate in 4,3,1,1,0,0,0,0,4,27
9771f1d5808a,1481310b211:1090001a0494148,win,5,9,17,mate in 9,1,4,1,0,0,3,3,2,26
291538ff3f56,100a10221972:100a002000cd808d,win,2,3,3,mate in 2,1,1,1,0,0,0,0,2,27
030f93221d94,9100c4408a452:100000013007590d,win,2,3,3,mate in 2,0,2,1,1,0,0,0,2,28
68e954dbe3a9,982009001ab02:800000090a0c14ad,win,2,3,3,mate in 2,0,2,1,1,0,0,0,2,27
473fe544d363,2902090120848b:2096093b24,win,10,19,31,mate in 16,3,7,1,0,0,6,6,4,28
a96843bed76f,108105c10005051:10040100017c812c,win,2,3,3,mate in 2,0,2,1,1,0,0,0,2,27
d3ce569b07bb,104421140950a:90409001840b0041,win,4,7,7,mate in 4,3,1,1,0,0,0,1,3,26
13eba9909833,2010881183140c:10800120042c81a3,win,2,3,3,mate in 2,1,1,1,0,0,0,0,2,27
dea187d2a5fc,2280208c0085a01:d000d02012218028,win,2,3,3,mate in 2,1,1,1,0,0,0,0,2,27
861be2dd8e5f,180908010081c940:104898581099,win,2,3,3,mate in 2,1,1,1,0,0,0,0,2,27
8557770ac2b8,9010c0084018298:11109981d01,win,2,3,3,mate in 2,0,2,1,1,0,0,0,2,26
68139efef430,9010c0086018298:10011109981d01,win,2,3,3,mate in 2,0,2,1,1,0,0,0,2,28
2d96e39f78f6,11b80982083:10100800103d11c,win,2,3,3,mate in 2,1,1,1,0,0,0,0,2,26
893b9fe32694,11bc0982083:10180800103d11c,win,2,3,3,mate in 2,1,1,1,0,0,0,0,2,28
0850109fae8a,108004093942e:44918c204891,win,2,3,3,mate in 2,0,2,1,1,0,0,0,2,28
bd8546b8dc1b,1009b00401849101:20000109b009209c,win,3,5,5,mate in 3,2,1,1,0,0,0,2,1,28
3776f4c6e35f,18010800808a1c28:10231c218083,win,2,3,3,mate in 2,0,2,1,1,0,0,0,2,26
93488be32af9,19009a2408610:9008000014097149,win,2,3,3,mate in 2,1,1,1,0,0,0,0,2,27
18d8ad99943f,102a10224a19:100800008819b522,win,3,5,5,mate in 3,2,1,1,0,0,0,0,3,27
1cfb15eeb27c,904908000943c:900914990083,win,3,5,5,mate in 3,2,1,1,0,0,0,1,2,26
4244214c19da,110209030c18c:11901091a31,win,4,7,7,mate in 4,3,1,1,0,0,0,1,3,26
5cee5963a68b,8104111001151a:800d94c8c5,win,2,3,3,mate in 2,1,1,1,0,0,0,1,1,27
75bf09ca4522,10201b700910a:90089008000b2621,win,2,3,3,mate in 2,0,2,1,1,0,0,0,2,28
e14063016d00,2000089a085681:ca004a0892a,win,3,5,5,mate in 3,1,2,1,1,0,0,0,3,26
d65e4b15cc50,10080084002dc611:1102910c010ec,win,7,13,19,mate in 10,1,6,0,0,1,5,5,2,28
c46d11ad9cd0,1100914084a31:10080000c821b4c8,win,3,5,5,mate in 3,2,1,1,0,0,0,1,2,27
9bf0ba8093ba,809480942b4:140042014b84b,win,3,5,5,mate in 3,2,1,1,0,0,0,0,3,27
2e21221c60ad,10093850b052:18080840000948ad,win,2,3,3,mate in 2,1,1,1,0,0,0,0,2,28
09b1be4a4dc5,1008046429243:2000201808d448c,win,3,5,5,mate in 3,2,1,1,0,0,0,0,3,26
a19060cd4206,1808046429243:2800201808d448c,win,3,5,5,mate in 3,2,1,1,0,0,0,0,3,28
2c6b5950f69d,111008c09940c:8000880111064903,win,3,5,5,mate in 3,2,1,1,0,0,0,1,2,26
adb373593842,1880081a881901:80000a108110829a,win,2,3,3,mate in 2,1,1,1,0,0,0,0,2,26
21bce92f3907,10c5014200cd:1041010090859502,win,10,19,23,mate in 12,2,8,0,0,1,7,7,3,27
67d10bb8f7ab,10981040004480c5:4000989098101a,win,3,5,5,mate in 3,1,2,1,1,0,0,0,3,26
277a0f49944b,24c6044a2c0:4048c0008208510c,win,2,3,3,mate in 2,1,1,1,0,0,0,0,2,26
2b2350e1c86e,810081300a1509:100011088581a092,win,2,3,3,mate in 2,1,1,1,0,0,0,0,2,27
18a2b935d591,11088440c1c1c:500840011091c0a1,win,2,3,3,mate in 2,0,2,1,1,0,0,0,2,28
670a5b658f86,20807381925:100010101884a698,win,2,3,3,mate in 2,1,1,1,0,0,0,0,2,28
ab68dc16fde6,180009b20cb001:8001a0144011421c,win,2,3,3,mate in 2,1,1,1,0,0,0,0,2,28
0a2723ec41dc,100096280e243:c008c000900910b8,win,2,3,3,mate in 2,1,1,1,0,0,0,1,1,28
f00e123879a2,108db00130c4:3001a04000cc8809,win,6,11,19,mate in 10,2,4,1,0,0,3,4,2,28
de94ad92e236,23000b2003318:30000202004b88c3,win,3,5,5,mate in 3,1,2,1,1,0,0,0,3,27
ab801b23e228,10491148a038:80030a0311943,win,2,3,3,mate in 2,0,2,1,1,0,0,1,1,27
7daf6797963b,900045282b0a2:108b000d430d,win,2,3,3,mate in 2,1,1,1,0,0,0,0,2,28
e9eb5bf8b81d,1081900180052902:800000805188d08d,win,2,3,3,mate in 2,1,1,1,0,0,0,1,1,27
908de040d303,80d380d4608:40906004600b805,win,2,3,3,mate in 2,1,1,1,0,0,0,0,2,28
3d2f1b2dc920,1098000210811988:1098881aa013,win,2,3,3,mate in 2,1,1,1,0,0,0,0,2,27
14cf67970ed3,1492080232100b:90080014900c8234,win,3,5,9,mate in 5,1,2,1,1,0,0,0,3,28
1385262c4074,20dda081808:880988000005c205,win,2,3,3,mate in 2,1,1,1,0,0,0,0,2,26
734f94d2f6da,198000019a08b:80000001b8821914,win,2,3,3,mate in 2,0,2,1,1,0,0,0,2,26
3c2555eb59ae,13040ba401406:300088010401aa61,win,2,3,3,mate in 2,1,1,1,0,0,0,0,2,28
74712f773108,b18098788:8060087025807,win,2,3,3,mate in 2,0,2,1,1,0,0,0,2,27
0218f3a9bbb0,110e51083842:300420002046c10d,win,5,9,13,mate in 7,1,4,0,0,0,4,3,2,28
0cb7042dc655,990280109a021:90000001b420158c,win,3,5,5,mate in 3,1,2,1,1,0,0,0,3,27
a061bd6ce032,19080b008a10c:9080000940a150a1,win,2,3,3,mate in 2,1,1,1,0,0,0,0,2,27
aba3b94ca77f,104c00002428e128:104c50441455,win,2,3,3,mate in 2,1,1,1,0,0,0,0,2,28
39783ba37978,5000035095928:60254024a445,win,5,9,9,mate in 5,4,1,1,0,0,0,1,4,28
990acf1e8690,11100e509a108:4108440910005413,win,2,3,3,mate in 2,0,2,1,1,0,0,0,2,28
ee2abd6d8169,20008a01a150a4:810021900a890b,win,2,3,3,mate in 2,1,1,1,0,0,0,0,2,27
21fa426d2528,1810001620c329:40004218401c1494,win,8,15,19,mate in 10,1,7,1,0,0,6,6,2,28
5c7ae59787d5,9009000a84125101:40094011009845a,win,2,3,3,mate in 2,1,1,1,0,0,0,0,2,28
7226aecd50b0,211009000ca944:100000209123122b,win,2,3,3,mate in 2,1,1,1,0,0,0,0,2,27
75d478dc4c3a,410e4112c5:4108809088ac08,win,2,3,3,mate in 2,1,1,1,0,0,0,0,2,26
cc5e208f9d34,410e4512c5:4108809088ac28,win,2,3,3,mate in 2,1,1,1,0,0,0,0,2,28
7cf4019d094a,23001010099614:1023003600ab,win,2,3,3,mate in 2,0,2,1,1,0,0,0,2,26
8e916e816c41,20005880493049:48002022b083b0,win,6,11,15,mate in 8,3,3,0,0,0,3,3,3,27
06071ac1e037,2e514ec:100810018cb13,win,3,5,5,mate in 3,2,1,1,0,0,0,1,2,26
b8392af846bb,1009000084434551:900b3008b00e,win,10,19,35,mate in 18,3,7,1,0,0,6,4,6,28
124e2778fe1c,18014920c1a06:20c020900138099,win,2,3,3,mate in 2,1,1,1,0,0,0,0,2,28
c1984ee7f393,90001982cd204:4a2862012829,win,6,11,15,mate in 8,2,4,1,0,0,3,4,2,28
8915ddfea9a4,100003812d09a:80009c08d2805,win,2,3,3,mate in 2,1,1,1,0,0,0,0,2,26
5f4f78a23e82,2084a444ba:80208002000b9145,win,3,5,5,mate in 3,1,2,1,1,0,0,0,3,26
591755021b92,1802042004268c8:42018031889502,win,2,3,3,mate in 2,0,2,1,1,0,0,0,2,27
f40f229dd464,288000120bb014:102c8024422b,win,2,3,3,mate in 2,0,2,1,1,0,0,0,2,26
b93befdaa2b3,100810001a104a63:83a202ab018,win,2,3,3,mate in 2,1,1,1,0,0,0,0,2,28
693326e857ba,108021400a59a:80014012a0b1a01,win,4,7,7,mate in 4,2,2,1,1,0,0,1,3,27
04907d92cfa0,1009840410a09025:800010098c0d0c88,win,8,15,27,mate in 14,0,8,1,0,0,7,4,4,28
464aa7e413e9,2001010013da11:14220c320212a,win,3,5,5,mate in 3,2,1,1,0,0,0,0,3,27
3e64422af2ed,2910901109418:80412940b2103,win,3,5,5,mate in 3,2,1,1,0,0,0,1,2,27
7be2ffa8e4a1,1886001c009143:1882590e1c,win,4,7,7,mate in 4,2,2,1,1,0,0,1,3,28
32bfcc07595c,112970018108a:8000812878a15,win,2,3,3,mate in 2,1,1,1,0,0,0,0,2,28
401945f4a6c6,419001c00a1488:44401451c053,win,7,13,13,mate in 7,2,5,1,0,0,4,5,2,27
6fcc09d27cc4,1800189868d010:20502040112969,win,2,3,3,mate in 2,1,1,1,0,0,0,0,2,28
17eba0dcf02f,1482494955:4c20051149608,win,11,21,25,mate in 13,4,7,1,0,0,6,6,5,28
9049f310cbd8,28000a0c712c1:a00020860008a03e,win,2,3,3,mate in 2,1,1,1,0,0,0,0,2,28
e72f4c4a34a5,2900a70024094:900820008018b80b,win,2,3,3,mate in 2,1,1,1,0,0,0,1,1,27
c8911bd2a98a,1080018c10e13:8001041043091e8,win,2,3,3,mate in 2,1,1,1,0,0,0,0,2,27
a20092411ab4,2405029d34:1029035220b,win,3,5,5,mate in 3,1,2,1,1,0,0,0,3,26
0217472e75c0,29000ab808a044:902100231a2b,win,2,3,3,mate in 2,1,1,1,0,0,0,0,2,28
7c1995383ef0,308511092901:200108002884d08c,win,2,3,3,mate in 2,1,1,1,0,0,0,1,1,26
67571db7a487,22140092028e14:900080220420312b,win,4,7,9,mate in 5,1,3,0,0,1,2,3,1,28
fc8b1aa9c0a7,1840095002c49:408004920c99180,win,2,3,3,mate in 2,1,1,1,0,0,0,0,2,27
19f477abc129,190210030c12a:8020001891093011,win,2,3,3,mate in 2,0,2,1,1,0,0,0,2,26
cefc98a5f663,10028a0b0c214:80091000930ab,win,2,3,3,mate in 2,0,2,1,1,0,0,0,2,26
a65e9ff21d71,21108010898087:1080002920227828,win,2,3,3,mate in 2,1,1,1,0,0,0,0,2,27
34a5ce28ee6f,1b0018028c821:900000003503350a,win,2,3,3,mate in 2,1,1,1,0,0,0,0,2,27
1425435d3845,200005c0835cc:100050020007ca23,win,3,5,5,mate in 3,1,2,1,1,0,0,0,3,28
03b7ed966797,200120821a43a:880096121b41,win,7,13,17,mate in 9,1,6,0,0,1,5,5,2,27
6930b4adb975,4900a18001d820:104818e820c9,win,3,5,5,mate in 3,2,1,1,0,0,0,1,2,27
6ac5f72442ff,1c801c0002c07:400004002cc9c0c8,win,2,3,3,mate in 2,1,1,1,0,0,0,0,2,27
3af1fc3df1a7,40020002b9943:1008100c110400bc,win,2,3,3,mate in 2,1,1,1,0,0,0,1,1,26
4d398c4cf8b2,9420481088255:4952555108,win,9,17,31,mate in 16,2,7,0,0,1,6,4,5,28
431eae52e014,3001ba0181408:884000403e093,win,2,3,3,mate in 2,1,1,1,0,0,0,1,1,26
3c843bdbf10b,900b201200183009:9009b0078016,win,5,9,11,mate in 6,3,2,1,1,0,0,0,5,28
18ad9f08cbd6,18003110e8045:8008014c8041310a,win,2,3,3,mate in 2,1,1,1,0,0,0,0,2,27
ffd237bd0724,9803102081229:9000100890318850,win,6,11,13,mate in 7,0,6,1,0,0,5,4,2,26
d41bbfe4e994,100449400246d:100141c5d182,win,2,3,3,mate in 2,1,1,1,0,0,0,0,2,27
5cb46fe30bed,14021000110561c:406260a9e1,win,3,5,7,mate in 4,1,2,1,1,0,0,0,3,27
5c61fdfa5487,2004010691e14:20a0681eb,win,3,5,5,mate in 3,1,2,1,1,0,0,0,3,26
998a028b9c7e,1009000042128617:100b104950e8,win,2,3,3,mate in 2,1,1,1,0,0,0,0,2,28
cea8245957b0,18001d1021c005:10019000801c1138,win,2,3,3,mate in 2,1,1,1,0,0,0,0,2,26
bff24d2d076c,100880031881180e:1108c800e8191,win,2,3,3,mate in 2,1,1,1,0,0,0,0,2,28
ccce4ad0e12e,2000c48682d44:800020506d22b,win,2,3,3,mate in 2,1,1,1,0,0,0,0,2,28
c595fe90ae13,10088001085808c9:800018d890819010,win,7,13,31,mate in 16,2,5,1,0,0,4,2,5,27
802d54bb686a,41480940409803:8008804098094258,win,11,21,35,mate in 18,2,9,1,0,0,8,7,4,27
ba644d7570f3,550a5c029:10811080004814d4,win,7,13,17,mate in 9,2,5,0,0,1,4,5,2,26
8055d38bdd4c,1200380492548:80006502d0a3,win,2,3,3,mate in 2,1,1,1,0,0,0,0,2,26
5d4f3087a28a,109910886c18:890000c81190a3,win,2,3,3,mate in 2,0,2,1,1,0,0,0,2,28
6b550c05ef6a,91089a00090e0:1000000018c96919,win,2,3,3,mate in 2,1,1,1,0,0,0,1,1,27
be458632cc57,52800b1003902:200011054805c00d,win,2,3,3,mate in 2,1,1,1,0,0,0,1,1,27
81632fddb6b1,508019808d088:500c60852805,win,2,3,3,mate in 2,1,1,1,0,0,0,0,2,26
afaf229cfce7,3000d4018b118:82002b0074027,win,5,9,9,mate in 5,3,2,1,1,0,0,1,4,28
4c93c910ea94,2100490400a549:80008420b0691022,win,2,3,3,mate in 2,1,1,1,0,0,0,0,2,27
8b56e4d45cdc,4040300096c92:300046406910d,win,2,3,3,mate in 2,1,1,1,0,0,0,1,1,27
11f730a11503,100912102201d008:4009d0182291,win,2,3,3,mate in 2,1,1,1,0,0,0,0,2,26
1a9c68dfcecb,100912102281d008:2004009d0182291,win,2,3,3,mate in 2,1,1,1,0,0,0,0,2,28
061226449469,28100190490249:1026802a090a6,win,2,3,3,mate in 2,1,1,1,0,0,0,0,2,27
308f668e26bc,401411054c05a:40400c41091325,win,7,13,33,mate in 17,2,5,1,1,0,3,3,4,28
d051907b6a51,16000a009a382:200800094080503d,win,11,21,35,mate in 18,2,9,0,0,1,8,9,2,26
e062ce9cb301,2841a1120112a:84080020841b8411,win,2,3,3,mate in 2,0,2,1,1,0,0,0,2,28
39fc8d8bce5d,1980899181408:1008011100018b53,win,2,3,3,mate in 2,1,1,1,0,0,0,0,2,28
dea624de15a7,10a800080201830d:90a190a810a2,win,4,7,7,mate in 4,3,1,1,0,0,0,0,4,27
d1172695cdb0,182282021c128:80200001d2083203,win,4,7,9,mate in 5,0,4,1,0,0,3,2,2,26
994d7e8a2a3e,102400e421c24:4039009824b,win,7,13,29,mate in 15,1,6,0,0,0,6,4,3,26
a4046e160398,9080250138813:480250090808700c,win,2,3,3,mate in 2,1,1,1,0,0,0,0,2,28
4d9b815e8b17,1203290283418:10000924178027,win,2,3,3,mate in 2,1,1,1,0,0,0,0,2,28
4c4625516d83,c120b08088a03:120100041207111c,win,2,3,3,mate in 2,0,2,1,1,0,0,0,2,28
dc3a7f09e9ee,28004880411c8a:a014a8a065,win,3,5,5,mate in 3,1,2,1,1,0,0,0,3,26
714bac2bba44,29004880411c8a:a114a8a065,win,2,3,3,mate in 2,0,2,1,1,0,0,0,2,28
d26446406475,290121030012a2:1000100810a92509,win,4,7,9,mate in 5,1,3,1,0,0,2,3,1,26
8bd1925890ad,2081002200c3c3:220d1643034,win,2,3,3,mate in 2,1,1,1,0,0,0,0,2,27
891bbca18588,49000090053027:104920788258,win,2,3,3,mate in 2,1,1,1,0,0,0,0,2,27
5349c1e702a0,15998288019:49100001511962,win,2,3,3,mate in 2,1,1,1,0,0,0,0,2,28
6d5e8987932b,1102150e01861:502048808801c08c,win,3,5,5,mate in 3,1,2,1,1,0,0,0,3,28
ca32d40dc9ef,4181417609:1870016188150,win,2,3,3,mate in 2,1,1,1,0,0,0,0,2,27
0d85533c69e9,2009020003089b02:200a009a0016409,win,3,5,5,mate in 3,2,1,1,0,0,0,0,3,26
5bbb379f5849,2009020013089b02:200a009e0016409,win,2,3,3,mate in 2,1,1,1,0,0,0,0,2,28
b3c97136462d,4904488a00845:80000820104c94b8,win,2,3,3,mate in 2,1,1,1,0,0,0,0,2,27
0774e100c4c9,908004c119125:100910486cd8,win,3,5,5,mate in 3,1,2,1,1,0,0,1,2,28
8a1fd3c95903,41c000c0115c10:c0000041184880e9,win,3,5,5,mate in 3,2,1,1,0,0,0,0,3,27
881acdbc7161,810002120aa498:828188811a03,win,2,3,3,mate in 2,1,1,1,0,0,0,0,2,26
ef234fc2eff8,810002121aa498:828188815a03,win,2,3,3,mate in 2,1,1,1,0,0,0,0,2,28
46c50337da82,1c0842083b001:80040001d00c408e,win,3,5,5,mate in 3,1,2,1,1,0,0,0,3,26
7eb08baf5df3,1c0882000d12a:80002001c0992095,win,3,5,7,mate in 4,1,2,1,1,0,0,0,3,27
5580ad7cc909,1400009509a148:1041500145415,win,2,3,3,mate in 2,1,1,1,0,0,0,0,2,26
87333b36ba96,1804003409558:9040120190010a81,win,2,3,3,mate in 2,0,2,1,1,0,0,0,2,26
3f63e63dd2a1,100098ac0a145:8100898001091a88,win,4,7,7,mate in 4,1,3,1,0,0,2,2,2,28
8502afde4518,9000a08529862:801280118029001d,win,2,3,3,mate in 2,0,2,1,1,0,0,0,2,28
a94e245878ab,912408441800e:10008009120a1641,win,2,3,3,mate in 2,1,1,1,0,0,0,0,2,26
27a7dd77c419,1009842012281007:8400100984058628,win,2,3,3,mate in 2,1,1,1,0,0,0,0,2,28
61f37c8a5297,a000007049534:100a102b220b,win,2,3,3,mate in 2,1,1,1,0,0,0,0,2,26
8d905ed3b435,1d08018019422:10000001c4a84889,win,2,3,3,mate in 2,1,1,1,0,0,0,0,2,26
b5922fb696e2,900021a075881:80028d0088830e,win,3,5,9,mate in 5,0,3,0,0,0,3,2,1,28
0cbf7b669c9f,4502400048b608:8000dc6054045,win,2,3,3,mate in 2,1,1,1,0,0,0,0,2,27
d07d589aa32b,900ae116c:9002052414293,win,2,3,3,mate in 2,1,1,1,0,0,0,0,2,27
14236adad03e,190000d049408b:80109900909074,win,2,3,3,mate in 2,0,2,1,1,0,0,0,2,28
7ca15eae2170,43104910031014:100800028058834b,win,2,3,3,mate in 2,0,2,1,1,0,0,0,2,27
7740fbe1ff76,c0011505ad008:1500c00052157,win,2,3,3,mate in 2,1,1,1,0,0,0,0,2,28
d6dafc3707df,200054441d40c:9000a100e2053,win,2,3,3,mate in 2,1,1,1,0,0,0,0,2,26
d6ee9fcb76a1,1020e1281104a:c0001804e8a85,win,2,3,3,mate in 2,1,1,1,0,0,0,0,2,27
765575c83c4a,50000981d2c41:41d0480d09c,win,3,5,5,mate in 3,1,2,1,1,0,0,0,3,28
9595ed850d75,101885098880b:4008401101035194,win,2,3,3,mate in 2,1,1,1,0,0,0,1,1,28
66178ac53a67,5009000804819190:400540151084409,win,2,3,3,mate in 2,1,1,1,0,0,0,0,2,26
e5ac98cba361,1809040814108258:18010b095d01,win,2,3,3,mate in 2,1,1,1,0,0,0,0,2,28
a5e4b875a7b5,1840c108118ac:80040021842cc403,win,5,9,11,mate in 6,0,5,1,0,0,4,3,2,28
4031c9879c5d,1028700d2000d001:50020502d212c,win,2,3,3,mate in 2,0,2,1,1,0,0,0,2,28
4f70f972556b,120904011009c00a:1208468016a5,win,2,3,3,mate in 2,0,2,1,1,0,0,0,2,27
4d4fc982df88,1009040c070401a8:4120110899605,win,2,3,3,mate in 2,1,1,1,0,0,0,0,2,28
05c6b553a9d2,118118b4508:10804004410b093,win,2,3,3,mate in 2,1,1,1,0,0,0,0,2,26
bda231c990f0,28060196204061:40110280049b608,win,2,3,3,mate in 2,1,1,1,0,0,0,0,2,28
bbee16092eba,20005890d1091:1008a0082e90e,win,4,7,7,mate in 4,2,2,1,1,0,0,0,4,27
83a86ce20273,411005009d0128:100000c8904090d5,win,2,3,3,mate in 2,0,2,1,1,0,0,0,2,27
7577e96e0610,5161c0b110:16080901940c9,win,2,3,3,mate in 2,1,1,1,0,0,0,0,2,27
ce578facebaa,1a2082020aa81:200800019209503c,win,3,5,7,mate in 4,1,2,1,1,0,0,0,3,27
10291b1d86c0,10481009800d8602:10046124210cd,win,2,3,3,mate in 2,1,1,1,0,0,0,0,2,28
d286715ec3b8,1808000e202e209:80000380118911c2,win,2,3,3,mate in 2,1,1,1,0,0,0,0,2,28
00e625ad34ea,10284400c687:1001400190a91068,win,3,5,5,mate in 3,2,1,1,0,0,0,0,3,27
63f7ac0b541d,38494639:4000400626b846,draw,14,27,37,draw,3,11,0,0,1,10,6,8,27
925973433391,18110008019983:900080189118001c,win,2,3,3,mate in 2,0,2,1,1,0,0,0,2,26
d716dea405da,10091c008104010b:80091c099c04,win,2,3,3,mate in 2,1,1,1,0,0,0,0,2,26
dd33ca2bf89f,5820d94009014:82080400021d0649,win,3,5,9,mate in 5,0,3,0,0,1,2,2,1,28
01c6256e69a1,10002c4137408:8000c41112088213,win,2,3,3,mate in 2,1,1,1,0,0,0,0,2,27
26309a2fbea9,20042b8002103e:100290003429a401,win,3,5,5,mate in 3,1,2,1,1,0,0,0,3,28
69c11b9cd5aa,3105108005a18:10480250538043,win,2,3,3,mate in 2,1,1,1,0,0,0,1,1,27
1d2153b21498,50401a6088209:400a00400053ca4,win,2,3,3,mate in 2,1,1,1,0,0,0,0,2,26
65773ac5cc31,200400d50a5019:8008812a00208526,win,2,3,3,mate in 2,1,1,1,0,0,0,0,2,28
dbf9d4f6ad3b,29822190209040:9000104802490229,win,2,3,3,mate in 2,1,1,1,0,0,0,0,2,26
2cec07db130f,9024090429a02:10401009020d004d,win,2,3,3,mate in 2,1,1,1,0,0,0,0,2,26
39f835d8f65a,100a000458253801:1100b000ac0ae,win,2,3,3,mate in 2,1,1,1,0,0,0,0,2,28
2a8fd4b791b2,1046a8327:210220120174c8,win,4,7,7,mate in 4,3,1,1,0,0,0,0,4,27
35f8730e30ef,1008006100631083:110081208ca68,win,2,3,3,mate in 2,1,1,1,0,0,0,0,2,26
72579e533cbb,1500882012749:800084017408d880,win,3,5,7,mate in 4,1,2,1,1,0,0,0,3,28
36d9a29600d4,2100070653041:50004006000a482e,win,2,3,3,mate in 2,1,1,1,0,0,0,0,2,26
622941adcde3,10804011021d823:10108c50825c8,win,4,7,7,mate in 4,2,2,1,1,0,0,2,2,28
f485d7aa0bd8,24400dd00c108:c000900a000a1c03,win,8,15,19,mate in 10,0,8,0,0,1,7,6,2,26
5a8fd1409306,49080a9808c202:824102431869,win,2,3,3,mate in 2,1,1,1,0,0,0,0,2,28
7067ea0b7653,4110191292061:9001802c0004930c,win,2,3,3,mate in 2,1,1,1,0,0,0,0,2,28
cd9f4bd14490,253821b428:10203000c0044897,win,2,3,3,mate in 2,1,1,1,0,0,0,0,2,28
165727d540ed,42180393411:800180007500c328,win,3,5,5,mate in 3,2,1,1,0,0,0,0,3,27
990b29219e51,1020962213508:400064009408ca21,win,2,3,3,mate in 2,1,1,1,0,0,0,0,2,28
85e7b4b3d992,180001043e2a8:9000100186001c47,win,2,3,3,mate in 2,1,1,1,0,0,0,0,2,27
e092c32a7649,70001a0498458:8000a00604063107,win,9,17,33,mate in 17,3,6,1,0,0,5,5,4,28
e12feb73c4ef,809000891011588:8010ca8c825,win,3,5,5,mate in 3,1,2,1,1,0,0,0,3,26
c6d30a018a01,1809000891011588:18010ca8c825,win,3,5,5,mate in 3,1,2,1,1,0,0,0,3,28
8ef10d7913ea,104c80019000b041:8001104c004d400c,win,2,3,3,mate in 2,0,2,1,1,0,0,0,2,26
1ed0f3f89c57,90208420ab422:8000c00380014b19,win,2,3,3,mate in 2,0,2,1,1,0,0,1,1,28
f20f5f872737,10810000858ac52:10a17021389,win,3,5,5,mate in 3,1,2,1,1,0,0,0,3,28
c8f3b9ed2060,401004412415821:401842c864c,win,2,3,3,mate in 2,1,1,1,0,0,0,0,2,26
cde159c46063,90cb0201c09:8b0000d0ca124,win,3,5,5,mate in 3,1,2,1,1,0,0,0,3,27
f4358b38837f,120144094d08c:20040001b0092871,win,3,5,7,mate in 4,1,2,1,1,0,0,1,2,28
fb350c6e513e,20b0009003c222:a000002122283849,win,2,3,3,mate in 2,1,1,1,0,0,0,1,1,27
8f8babcfb6bd,110800000a189a54:130c1105012b,win,2,3,3,mate in 2,1,1,1,0,0,0,0,2,28
10e27bf1edec,9084000649924:1009180b044b,win,2,3,3,mate in 2,1,1,1,0,0,0,0,2,26
6156aee50786,5104000700921c:5510550541,win,2,3,3,mate in 2,0,2,1,1,0,0,0,2,26
6bdecb5767d4,14815455404:4500540088169,win,2,3,3,mate in 2,1,1,1,0,0,0,0,2,26
6d6c37ff8dff,4104410448841c:84008010c0117041,win,2,3,3,mate in 2,1,1,1,0,0,0,0,2,26
6a325f4ef876,19040188dc088:8080008980403c45,win,2,3,3,mate in 2,1,1,1,0,0,0,0,2,28
ce8ee0ca7537,1009104885081412:801110538169,win,4,7,7,mate in 4,3,1,1,0,0,0,0,4,28
f09e7af3f4b5,200010423d0a3:218422a2082608,win,2,3,3,mate in 2,1,1,1,0,0,0,0,2,27
51ab9b2b25e4,900d400912081005:2009204c005c608,win,2,3,3,mate in 2,1,1,1,0,0,0,0,2,28
dd8a0a8fc6c8,180211201a238:81008813a1103,win,2,3,3,mate in 2,1,1,1,0,0,0,0,2,26
6a718c1eec7c,1008042101285031:20111814118508,win,2,3,3,mate in 2,1,1,1,0,0,0,0,2,26
fa7a8b4140f0,490100113c901:80000106900c301e,win,2,3,3,mate in 2,1,1,1,0,0,0,1,1,27
e0caee8c394c,4100900818953:10018004914c108c,win,2,3,3,mate in 2,1,1,1,0,0,0,0,2,27
0f1718d63cff,28188409e82:4100401289014d,win,2,3,3,mate in 2,0,2,1,1,0,0,0,2,26
e798a6661be5,68188409e82:4100401689014d,win,2,3,3,mate in 2,0,2,1,1,0,0,0,2,28
81eb0e41de47,e009d000100c9:1000210de3016,win,2,3,3,mate in 2,0,2,1,1,0,0,0,2,27
6e31564920a5,41000c0b2803a:2000b410047085,win,3,5,5,mate in 3,2,1,1,0,0,0,1,2,26
9a95890ec042,45000c0b2803a:2000b4100c7085,win,3,5,5,mate in 3,2,1,1,0,0,0,1,2,28
6e57b529ef2b,22020304c28829:420a22136c2,win,6,11,11,mate in 6,5,1,1,0,0,0,0,6,28
10f3022af64b,100850810004498c:10c5189b003,win,2,3,3,mate in 2,1,1,1,0,0,0,0,2,27
05a8f7cd9110,2100080919c92:100000921c06404d,win,5,9,9,mate in 5,4,1,1,0,0,0,0,5,27
f64eacf68882,108800806548258:8000014491091505,win,3,5,5,mate in 3,2,1,1,0,0,0,0,3,28
b320a0452785,11449040194c0:8408800091580119,win,2,3,3,mate in 2,1,1,1,0,0,0,0,2,27
94c046a2299f,9c0084050a078:80000051b0095481,win,2,3,3,mate in 2,0,2,1,1,0,0,0,2,28
35950609148a,10091080c0258908:4009198850a5,win,2,3,3,mate in 2,1,1,1,0,0,0,0,2,28
e38370d80d34,11118300c901c:1018200181116103,win,5,9,11,mate in 6,4,1,0,0,1,0,0,5,28
1fb0553a8862,1806001200ae9:20090198519110,win,2,3,3,mate in 2,1,1,1,0,0,0,0,2,27
2eb6923ca7aa,180081ac01914:81001810982cb,win,2,3,3,mate in 2,1,1,1,0,0,0,0,2,27
2b30f8448181,a4000b082b003:8b48094a88,win,2,3,3,mate in 2,1,1,1,0,0,0,0,2,26
7ab825a0cdbf,818010011148147:100881888091a18,win,2,3,3,mate in 2,0,2,1,1,0,0,0,2,28
2bc29bbc0b38,16800300ca902:200400054903500d,win,2,3,3,mate in 2,1,1,1,0,0,0,0,2,27
19bd5a6807f0,4031023186281:420040044006911e,win,5,9,9,mate in 5,1,4,1,1,0,2,3,2,28
768607db35c1,904016401d042:2008104e2c1d,win,3,5,5,mate in 3,1,2,1,1,0,0,0,3,27
f67c7b33bfa0,d210091091088:1000100d2004a107,win,2,3,3,mate in 2,1,1,1,0,0,0,0,2,26
ffab38ed2706,d210091891088:1000900d2004a107,win,2,3,3,mate in 2,1,1,1,0,0,0,0,2,28
0a8356fbd12d,1a00980014998:80080800280ab047,win,2,3,3,mate in 2,0,2,1,1,0,0,0,2,27
e75cff7eca80,6121e1d088:21200090182971,win,2,3,3,mate in 2,1,1,1,0,0,0,0,2,28
16c2c8d4312f,1000114ca0558:8001c8010190a3,win,2,3,3,mate in 2,1,1,1,0,0,0,0,2,26
f7042b3a13b2,1508003c083508:20150115c815,win,2,3,3,mate in 2,1,1,1,0,0,0,1,1,28
d7fbca1e7f5a,5420480044b408:14a1184955,win,9,17,35,mate in 18,1,8,0,0,1,7,7,2,27
4c7aaf35ec5f,219080c0b0881:80904031100950a,win,3,5,5,mate in 3,2,1,1,0,0,0,0,3,27
97f0cde7cc65,1c00310005d88:10001008c60b8203,win,2,3,3,mate in 2,0,2,1,1,0,0,0,2,27
8bffe5bd8784,1008004404099c1c:401009114421e1,win,5,9,9,mate in 5,4,1,1,0,0,0,0,5,28
a8cfe622aa8b,208121502508045:18048900d1238,win,2,3,3,mate in 2,1,1,1,0,0,0,1,1,28
5d4175e443d6,10880088a80cd:880009d0055902,win,2,3,3,mate in 2,1,1,1,0,0,0,0,2,27
cdd4d718c6ba,1109e1008185:109a000108d7008,win,3,5,7,mate in 4,1,2,1,1,0,0,0,3,27
4e0c584fa64e,801102210c2805a:28801882119a1,win,2,3,3,mate in 2,1,1,1,0,0,0,1,1,28
9cddf4f9c5f7,10000c3246a29:8000812118099106,win,3,5,5,mate in 3,1,2,1,1,0,0,1,2,28
1c3c147cbe73,1800010221a6c1:1025800d8103c,win,3,5,7,mate in 4,1,2,1,1,0,0,0,3,27
6be42f3231a8,100d028d110c:100c02805000e2c1,win,2,3,3,mate in 2,0,2,1,1,0,0,0,2,27
9d905855bc70,100d0010d10c8108:900d00115895,win,2,3,3,mate in 2,1,1,1,0,0,0,0,2,28
5c8dfeafe082,1090081820192c4:9108198c0909,win,2,3,3,mate in 2,1,1,1,0,0,0,0,2,28
55bf9a8b7dae,9002110449186:8000804880290079,win,5,9,11,mate in 6,0,5,1,0,0,4,3,2,26
4ddaa83dcb31,10801085208c141:8000c24181411a08,win,2,3,3,mate in 2,1,1,1,0,0,0,0,2,27
c68b0048e57b,100280b092138:80b1180309a01,win,3,5,5,mate in 3,2,1,1,0,0,0,0,3,27
92d00bd14ad2,104c830481c01:808010c81a0ca,win,2,3,3,mate in 2,1,1,1,0,0,0,0,2,26
c9ab7533a23a,104c8304c1c01:808010c81a0ce,win,2,3,3,mate in 2,1,1,1,0,0,0,0,2,28
f500d1c8022b,1000909cb9404:18680040bcb,win,2,3,3,mate in 2,1,1,1,0,0,0,0,2,28
0f8803095f56,90008b0313028:8030803101088111,win,2,3,3,mate in 2,1,1,1,0,0,0,0,2,26
1c9a877aba31,90108b0313028:8030803101088911,win,4,7,9,mate in 5,2,2,1,1,0,0,1,3,28
d26d20f2511d,e180208488143:1000d1007183c,win,2,3,3,mate in 2,1,1,1,0,0,0,0,2,28
adf4d0a3fbec,120002543b10c:3000104310044463,win,3,5,5,mate in 3,1,2,1,1,0,0,0,3,28
38f8eeeb29f9,1000d40b49818:80048080900940a7,win,6,11,11,mate in 6,4,2,1,1,0,0,2,4,28
34df03a39e7f,c1008911019102:8014000cc28cd,win,2,3,3,mate in 2,0,2,1,1,0,0,0,2,27
93dfb955ef13,982008232d012:80000009200d226d,win,2,3,3,mate in 2,1,1,1,0,0,0,0,2,28
c8a964805d51,110e90040c04a:48000050ab30a1,win,2,3,3,mate in 2,1,1,1,0,0,0,0,2,27
63d453756f21,1009c0008009860c:8000120956805081,win,3,5,9,mate in 5,0,3,0,0,0,3,2,1,27
d8fe3f09ba0c,1000121e1d880:a16088002169,win,2,3,3,mate in 2,1,1,1,0,0,0,0,2,26
83e5e40c60d0,90004d298500c:8000829900058291,win,2,3,3,mate in 2,1,1,1,0,0,0,1,1,28
09a29057ffce,1210084c0c323:441210334d8,win,4,7,9,mate in 5,3,1,0,0,1,0,1,3,28
211adeb41b6d,112808483a00e:3000200332041681,win,2,3,3,mate in 2,1,1,1,0,0,0,0,2,28
a36895d903ce,10121010483e2:14000408069301d,win,2,3,3,mate in 2,0,2,1,1,0,0,0,2,27
68d2a94d0e3b,198102812308a:8008000990898815,win,3,5,5,mate in 3,1,2,1,1,0,0,0,3,28
b0524ab3554e,18060d068b080:8008600920014079,win,2,3,3,mate in 2,1,1,1,0,0,0,0,2,28
0fd024fa61fa,11984412943:88018c0009188418,win,3,5,5,mate in 3,1,2,1,1,0,0,0,3,28
4a4207bb27c7,10000ca508b84:410103545b,win,9,17,19,mate in 10,2,7,1,0,0,6,7,2,26
6b0bd9f547f5,1008000108159807:8001981890080118,win,2,3,3,mate in 2,0,2,1,1,0,0,0,2,26
fd3c7490fec2,93008b0091404:140004014406e00b,win,2,3,3,mate in 2,1,1,1,0,0,0,0,2,27
2dd19624701d,19500440b9108:9100400191006483,win,3,5,5,mate in 3,2,1,1,0,0,0,1,2,28
da8a20907763,10880008460a16c:8000250821091603,win,4,7,7,mate in 4,3,1,1,0,0,0,0,4,28
ff60259760f3,401040238581c08:80018410403a053,win,2,3,3,mate in 2,1,1,1,0,0,0,0,2,28
de7aaf782ba1,3004881125043:113004d813c,win,2,3,3,mate in 2,1,1,1,0,0,0,1,1,27
9cd9d5487183,40801d8104452:141404479805,win,3,5,5,mate in 3,2,1,1,0,0,0,0,3,27
e67cca837386,100028548cd28:200029002312d3,win,2,3,3,mate in 2,0,2,1,1,0,0,0,2,28
394eaa02daec,10ca80c4009b:10ca0010101a9044,win,2,3,3,mate in 2,1,1,1,0,0,0,0,2,28
caea8763f0e8,184b884100688:8400020102a9a031,win,2,3,3,mate in 2,1,1,1,0,0,0,0,2,28
5fa887ffd10f,92000a4059914:2010011909182409,win,2,3,3,mate in 2,0,2,1,1,0,0,0,2,28
9c4b1ff2ea75,2000a11021d816:5004408425e9,win,3,5,5,mate in 3,2,1,1,0,0,0,0,3,28
343450326f79,110404a40da12:104080019011244d,win,2,3,3,mate in 2,0,2,1,1,0,0,1,1,28
8ab2752a8b3e,100812095020c608:4014420060930a1,win,2,3,3,mate in 2,1,1,1,0,0,0,0,2,28
babb1c51ed27,1000108d07943:80208261038498,win,3,5,7,mate in 4,1,2,1,1,0,0,0,3,28
4ae9a40fb45a,810200441c9294:4818283442b,win,3,5,5,mate in 3,2,1,1,0,0,0,0,3,28
c5956a57c0d7,10881240028803a:80200008815411c5,win,12,23,29,mate in 15,0,12,1,0,0,11,10,2,27
ce4eef851e2d,2180900821a818:80002021b09012a1,win,3,5,5,mate in 3,1,2,1,1,0,0,0,3,27
a4b04858179d,c0000e2029291:200e100c610e,win,2,3,3,mate in 2,0,2,1,1,0,0,0,2,26
c4ef8c18bf6c,2090803004950c:9000202480a860a1,win,2,3,3,mate in 2,1,1,1,0,0,0,0,2,27
fa52e9eb7166,801002044095518:80109b088a5,win,10,19,23,mate in 12,2,8,1,0,0,7,7,3,26
1795d19cc44d,50b02426d8:1000920402509924,win,8,15,21,mate in 11,0,8,0,0,0,8,5,3,28
fdd33efc9aff,1000122e03861:2aa08801828c,win,3,5,5,mate in 3,1,2,1,1,0,0,0,3,26
a21b98fe6950,1000922e042a9:60e0c009b140,win,3,5,5,mate in 3,1,2,1,1,0,0,0,3,28
891c6537199f,2108209808802e:900920273841,win,8,15,17,mate in 9,2,6,1,1,0,4,4,4,27
e58eb4bc3222,100205902c943:10009101802910b8,win,3,5,9,mate in 5,1,2,1,1,0,0,0,3,28
a520e4a5ebc5,10040825050bc:800080015009a243,win,4,7,7,mate in 4,3,1,1,0,0,0,2,2,26
4bd7056f9b71,6490200020d8408:44d844012c5,win,2,3,3,mate in 2,0,2,1,1,0,0,0,2,27
e0ae8a05016f,9120852009038:10004001812d4305,win,2,3,3,mate in 2,1,1,1,0,0,0,0,2,27
a98a8efa5d9b,22b1304810b:210104002b5234,win,2,3,3,mate in 2,1,1,1,0,0,0,0,2,28
995554280ef0,104800001010b712:1048004c48ed,win,5,9,15,mate in 8,1,4,1,1,0,2,2,3,27
e852295d063a,42906034d9:80c0848004828322,win,7,13,19,mate in 10,0,7,0,0,0,7,5,2,28
9cc1468b5878,100d004000e090a4:40100d100d0149,win,2,3,3,mate in 2,1,1,1,0,0,0,0,2,26
8fcc5e183adc,10004d80bc003:900898090004180c,win,9,17,17,mate in 9,2,7,1,1,0,5,3,6,26
5abee8b6248d,19100832021303:1200221300192818,win,3,5,5,mate in 3,2,1,1,0,0,0,0,3,28
d21a0caafc1d,401042082610129:8020800104189650,win,2,3,3,mate in 2,1,1,1,0,0,0,0,2,26
6d84bfcdc65a,401042082651025:802080011402c64a,win,2,3,3,mate in 2,1,1,1,0,0,0,0,2,28
38e5cac96793,1818089091b002:180000112808489d,win,2,3,3,mate in 2,1,1,1,0,0,0,0,2,28
ef34f7a89434,100d004848045801:50059049804c,win,7,13,29,mate in 15,1,6,1,0,0,5,2,5,26
9f07b263df64,90004882a91a4:8b01850e0b,win,2,3,3,mate in 2,0,2,1,1,0,0,0,2,28
b32b26eafffd,501b18119012:10120000c20a4a89,win,4,7,7,mate in 4,3,1,1,0,0,0,0,4,28
a97d68a507d7,1900910290268:8008022086009487,win,2,3,3,mate in 2,0,2,1,1,0,0,1,1,27
14253a778b3b,9182808a48018:10000081900918a5,win,3,5,9,mate in 5,0,3,0,0,0,3,2,1,26
0d6b8cca4933,204001a4113301:102205228c438,win,3,5,5,mate in 3,2,1,1,0,0,0,0,3,27
551a5dbff127,18800c144500d:880000011809a942,win,2,3,3,mate in 2,1,1,1,0,0,0,0,2,26
3be1d7b7da8d,94088401004195:1106894b80a,win,2,3,3,mate in 2,1,1,1,0,0,0,0,2,27
a8077b3043ec,2080098d0068058:420402985287,win,7,13,33,mate in 17,3,4,1,1,0,2,2,5,28
1c8c53affa12,2310006020b424:40231603420b,win,2,3,3,mate in 2,1,1,1,0,0,0,0,2,27
63fee9938777,18844490413041:4400018041c851c,win,2,3,3,mate in 2,1,1,1,0,0,0,0,2,28
b3e4882e39e2,40023140114aa:102110040226c205,win,9,17,31,mate in 16,1,8,0,0,1,7,3,6,27
81ebc2e3e918,9082090e0902a:6000c9080908c5,win,3,5,5,mate in 3,2,1,1,0,0,0,0,3,28
498b28527aa5,a10496004d041:410006904b200e,win,2,3,3,mate in 2,1,1,1,0,0,0,1,1,28
315435bbf27e,90920008050a311:90939091848,win,2,3,3,mate in 2,1,1,1,0,0,0,0,2,28
2df5ecb9949b,1900128189890:1000280891412149,win,2,3,3,mate in 2,1,1,1,0,0,0,0,2,27
939004463f57,200b1000a0818881:8000a00b100a300a,win,2,3,3,mate in 2,1,1,1,0,0,0,0,2,26
1f56dfe98b5f,200b1000a4818881:8000a00b100a340a,win,2,3,3,mate in 2,1,1,1,0,0,0,0,2,28
43df67cfa0cb,3044801a98411:400103044201ee,win,2,3,3,mate in 2,1,1,1,0,0,0,0,2,28
1b36dadf230c,108054051013005:2008244cc548,win,2,3,3,mate in 2,1,1,1,0,0,0,0,2,26
e6e168026452,149004e9924:812880208121004b,win,2,3,3,mate in 2,0,2,1,1,0,0,0,2,28
463de910a9d4,1801b84415408:90081400101a8053,win,2,3,3,mate in 2,0,2,1,1,0,0,0,2,28
ecb3fe477395,100c1010089210c1:84e104c081e,win,2,3,3,mate in 2,1,1,1,0,0,0,0,2,27
c8978de007d1,c100408609c05:90008008940d0068,win,3,5,5,mate in 3,1,2,1,1,0,0,1,2,26
258b90879867,990c0c040b042:80c000091089408d,win,3,5,5,mate in 3,2,1,1,0,0,0,0,3,28
47fca8a38e39,429400b206a:2940002420d601,win,2,3,3,mate in 2,1,1,1,0,0,0,0,2,26
92788022cfbc,49208100c8948:80080004c2015295,win,2,3,3,mate in 2,1,1,1,0,0,0,1,1,27
ef14a4f9b790,409102180031032:1000040a142c840d,win,12,23,27,mate in 14,5,7,0,0,1,6,7,5,27
ab7fcfd395b8,10d1c0189090:1010800810c14069,win,2,3,3,mate in 2,1,1,1,0,0,0,0,2,26
2666a5d5ceec,9100840304859:40313809b0a0,win,2,3,3,mate in 2,1,1,1,0,0,0,0,2,27
0d2ef6010cb2,9101552089001:100402080017421e,win,2,3,3,mate in 2,0,2,1,1,0,0,0,2,27
3ac8c9a4b0cb,990218220801a:9000020810093321,win,2,3,3,mate in 2,0,2,1,1,0,0,0,2,26
f9c7d1b92d66,4b8088020a811:80080024380c102e,win,5,9,17,mate in 9,0,5,0,0,0,5,3,2,27
71beb76550a4,104084641b085:84008045800c4648,win,3,5,5,mate in 3,1,2,1,1,0,0,1,2,28
f655a2758ef9,100c080129029142:300c104d280d,win,3,5,9,mate in 5,0,3,0,0,0,3,2,1,28
995be44cdf8b,a0004000d19246:4002b0822200b9,win,2,3,3,mate in 2,1,1,1,0,0,0,0,2,27
7ce64eacbe7a,10921100010b013:100009618b4188,win,2,3,3,mate in 2,1,1,1,0,0,0,0,2,27
75f7d4331b5e,900010b80b881:100010889009430c,win,4,7,7,mate in 4,3,1,1,0,0,0,0,4,26
d3c2b06aedc3,900010b84b881:100010889009430e,win,4,7,7,mate in 4,3,1,1,0,0,0,0,4,28
57906cb05b0e,18080900ad468:8000000300852b87,win,2,3,3,mate in 2,1,1,1,0,0,0,0,2,28
4c34cbce96cb,218000085829483:31a02182338,win,16,31,31,mate in 16,1,15,1,0,0,14,5,11,28
2332a87589ed,202000168a3492:2000002020358a2d,win,6,11,15,mate in 8,1,5,0,0,1,4,4,2,28
6c939264774b,1018000290680849:8000903800129032,win,2,3,3,mate in 2,1,1,1,0,0,0,0,2,26
24a61b0c7093,1458c0ed:903888201c12,win,6,11,11,mate in 6,5,1,1,0,0,0,1,5,26
6c73d2fbd2e5,10000d03042bc:8000c00104019d41,win,2,3,3,mate in 2,1,1,1,0,0,0,0,2,26
637ed06dcc97,180032040b06a:83008920b4201,win,2,3,3,mate in 2,1,1,1,0,0,0,0,2,26
e4c7fd34d2ab,410091606a04a:10080404a0491605,win,2,3,3,mate in 2,1,1,1,0,0,0,0,2,28
7d716863ed10,10093000180a8805:8800880ba001300a,win,3,5,7,mate in 4,1,2,1,1,0,0,1,2,27
479b67807c92,1008110529009005:8012808100d2908,win,3,5,5,mate in 3,1,2,1,1,0,0,1,2,26
b666cfac42b2,1008910529009005:8012808900d2908,win,3,5,5,mate in 3,1,2,1,1,0,0,1,2,28
5296d030bfc6,28400064a0b121:40014a890084498,win,5,9,11,mate in 6,3,2,1,1,0,0,1,4,28
a5681a311817,19a0090080a58:800000010b519183,win,2,3,3,mate in 2,1,1,1,0,0,0,1,1,27
fdf6726ea184,2080c49008a0c4:8084002800e51029,win,5,9,9,mate in 5,3,2,1,1,0,0,1,4,27
57da45ef3030,1000291698142:200610012503d,win,3,5,5,mate in 3,2,1,1,0,0,0,0,3,26
31d6903d8b8c,10810922d8214:1002210812192b,win,3,5,5,mate in 3,2,1,1,0,0,0,0,3,28
6cd625393dc5,118100994091041:100105100110c51c,win,2,3,3,mate in 2,1,1,1,0,0,0,0,2,28
cf0591d23515,c0042804899a2:8040800c1807004d,win,2,3,3,mate in 2,0,2,1,1,0,0,0,2,28
138982e5887d,50447043609:50010091049c144,win,2,3,3,mate in 2,1,1,1,0,0,0,0,2,28
27cabefa18a5,180080a2989201:9000b21810006098,win,3,5,5,mate in 3,2,1,1,0,0,0,0,3,27
3c8341b69f71,105c80098074:9001800110541289,win,3,5,5,mate in 3,2,1,1,0,0,0,0,3,27
085ea6388eac,90020a224a245:8000a009104911a8,win,10,19,35,mate in 18,2,8,0,0,0,8,6,4,28
5d0fbcc0d60c,1002402721469:20100111058b16,win,2,3,3,mate in 2,1,1,1,0,0,0,0,2,28
1315bdf90189,1009100140249061:c94494c1c,win,3,5,5,mate in 3,1,2,1,1,0,0,0,3,27
18c31d2ffc52,280628de81:1008188058812128,win,3,5,7,mate in 4,1,2,1,1,0,0,0,3,28
c28c434be5ac,200021b009860c:1001360006203021,win,10,19,29,mate in 15,2,8,1,0,0,7,7,3,26
c307a02fe964,1802490489144:9000114101250029,win,2,3,3,mate in 2,0,2,1,1,0,0,0,2,26
8016e01eb994,1802c90489144:900011410125002b,win,2,3,3,mate in 2,0,2,1,1,0,0,0,2,28
95438b904b8e,5082281229018:20010508050927,win,2,3,3,mate in 2,1,1,1,0,0,0,0,2,26
2483415e2fdf,18481860082a1:8020002020e93448,win,9,17,29,mate in 15,2,7,0,0,0,7,5,4,27
cb49e3190dd5,22852505061:5001802d831c,win,2,3,3,mate in 2,1,1,1,0,0,0,0,2,27
b17cd8380a8b,1009100198018034:81801187909,win,2,3,3,mate in 2,1,1,1,0,0,0,0,2,26
aa3f8dd97cf6,41031c021a109:1009000c101c5034,win,2,3,3,mate in 2,1,1,1,0,0,0,0,2,28
ee67ad58c5b7,1310031105850:10000011c049a189,win,2,3,3,mate in 2,1,1,1,0,0,0,1,1,27
c5208b0593ae,225400040815188:400002a512240225,win,2,3,3,mate in 2,1,1,1,0,0,0,0,2,27
63404494ae16,1008800901018913:80011100900a708c,win,2,3,3,mate in 2,1,1,1,0,0,0,0,2,27
db2c0c007cec,b08d800920a:4000d000030a4941,win,4,7,7,mate in 4,3,1,1,0,0,0,0,4,26
1a019c0888ce,2b4088080a488:80080082340a1a03,win,4,7,7,mate in 4,0,4,1,1,0,2,1,3,27
e899b4c945cb,198090080892a:80080080982950c1,win,2,3,3,mate in 2,1,1,1,0,0,0,0,2,27
5a2b861b2af3,120800a0922010a1:209208008dc20c,win,2,3,3,mate in 2,1,1,1,0,0,0,0,2,27
0a90a4ce809a,209820232091802:10098802e299,win,2,3,3,mate in 2,1,1,1,0,0,0,0,2,28
05a324a0eda7,114811588214:480200a201314b,win,2,3,3,mate in 2,1,1,1,0,0,0,0,2,27
8eada5174069,5e008d492:100090081415202d,win,2,3,3,mate in 2,1,1,1,0,0,0,0,2,27
bb407886d77a,20008101909e41:830082b01ba,win,2,3,3,mate in 2,1,1,1,0,0,0,0,2,27
6b75834fdad8,21161006310a2:1021008211888149,win,7,13,13,mate in 7,6,1,1,0,0,0,0,7,28
67c06345c51d,10050b040205d:58100900199102,win,3,5,5,mate in 3,2,1,1,0,0,0,1,2,26
5d1c20c1e3b6,10050b04020dd:58100900199122,win,3,5,5,mate in 3,2,1,1,0,0,0,1,2,28
009306277873,810a000a02c10d:800008300c11ec2,win,3,5,5,mate in 3,2,1,1,0,0,0,0,3,27
456163255c4c,21840005222d0c:8400002190099223,win,7,13,15,mate in 8,1,6,1,1,0,4,5,2,28
5ade11feab6c,1910990080858:9008001001139183,win,3,5,5,mate in 3,2,1,1,0,0,0,0,3,27
8c9c5aa4ede7,24100000205a847:40245b0481218,win,2,3,3,mate in 2,1,1,1,0,0,0,0,2,27
12a7ba8646e0,204820080088e52:8000000c1a05510d,win,2,3,3,mate in 2,1,1,1,0,0,0,0,2,27
3e377f7e410f,10000059922b4:100010110009d4b,win,2,3,3,mate in 2,1,1,1,0,0,0,0,2,26
e7c87cfcecc6,14000001208ae94:1404950514b,win,2,3,3,mate in 2,1,1,1,0,0,0,0,2,27
57b054787cdd,1080000848a9489:2058a09000932,win,2,3,3,mate in 2,1,1,1,0,0,0,0,2,26
5053028183c5,10480042001a0259:2101910c19182,win,4,7,9,mate in 5,0,4,1,0,0,3,3,1,27
1842732a4150,1040110c8340e:10c8840781c1,win,2,3,3,mate in 2,1,1,1,0,0,0,0,2,27
5da3ac4af2c7,21000c1144814c:1004116100295021,win,6,11,11,mate in 6,5,1,1,0,0,0,1,5,27
b4e583e466ee,10280000c050c2d8:102810a91d21,win,8,15,31,mate in 16,1,7,1,0,0,6,5,3,28
93a60c6b6240,1840103601e18:128940981e1,win,8,15,27,mate in 14,3,5,1,0,0,4,5,3,28
dcd3c42597bf,300051064824d:240022a20b3022,win,2,3,3,mate in 2,1,1,1,0,0,0,0,2,28
7c0852361794,1108988006291:2080a0012999808,win,2,3,3,mate in 2,1,1,1,0,0,0,0,2,27
f534c82c6f86,28800910809382:100110208029602d,win,3,5,5,mate in 3,2,1,1,0,0,0,0,3,27
436d401b7237,8500e70078:1002202189a87,win,2,3,3,mate in 2,1,1,1,0,0,0,0,2,27
c452ab0d8459,2000807418678:10313001a1183,win,2,3,3,mate in 2,1,1,1,0,0,0,0,2,28
4184d8e69da6,108029a41e8:28002011219613,win,5,9,17,mate in 9,1,4,0,0,0,4,3,2,27
4d499639d308,1a200704088d2:8000000182117629,win,2,3,3,mate in 2,0,2,1,1,0,0,1,1,28
f397b6e76f1a,1c88058008a0a:800020182a350a1,win,2,3,3,mate in 2,0,2,1,1,0,0,0,2,27
73260ebfc977,d100e224b:900024401d5a4,win,4,7,7,mate in 4,2,2,1,1,0,0,1,3,27
81dfd9dff3ca,2800a14493043:a0082440a0028518,win,2,3,3,mate in 2,1,1,1,0,0,0,0,2,28
00670ab67f8a,950a42004b018:1000000950a940a5,win,3,5,9,mate in 5,1,2,1,1,0,0,1,2,28
cc21c6bb9ba3,91000528a1092:1000028b8011c209,win,2,3,3,mate in 2,1,1,1,0,0,0,1,1,27
12d6c0a2b9fa,910042008b03a:1000201990154205,win,2,3,3,mate in 2,1,1,1,0,0,0,0,2,27
bbb3cf4ed766,20804000c492845:2086204d708,win,3,5,5,mate in 3,2,1,1,0,0,0,0,3,26
b28131afdda4,8150009400950a:9000848140896081,win,2,3,3,mate in 2,1,1,1,0,0,0,0,2,27
0291908ea326,1008800310133405:13018a408803a,win,2,3,3,mate in 2,1,1,1,0,0,0,0,2,28
996b543a67f2,10088021aa088218:8001120810213921,win,2,3,3,mate in 2,0,2,1,1,0,0,0,2,28
456e5178483d,10901440104d003:9104b254c,win,2,3,3,mate in 2,1,1,1,0,0,0,1,1,26
979a4034d7e1,18100010904ab1:800098c848b048,win,4,7,7,mate in 4,3,1,1,0,0,0,0,4,27
d1a7ab05c964,9140112011c06:10000a080c088399,win,2,3,3,mate in 2,0,2,1,1,0,0,0,2,27
8dec8f5346f5,1c000d840a948:80000009200b5493,win,3,5,5,mate in 3,1,2,1,1,0,0,1,2,28
085c4da45921,821008018083a05:10001821a0a180a8,win,2,3,3,mate in 2,1,1,1,0,0,0,0,2,27
adc03fa91d2f,1810181012b28:810800085808d403,win,3,5,5,mate in 3,2,1,1,0,0,0,0,3,27
448cbb513d37,1048304990002028:a000800024499641,win,2,3,3,mate in 2,0,2,1,1,0,0,0,2,27
065139fadc1b,1a600a2214608:820040214408b0a1,win,2,3,3,mate in 2,1,1,1,0,0,0,0,2,28
af7372d25cac,2810089009d204:10000021042425ab,win,4,7,7,mate in 4,3,1,1,0,0,0,0,4,27
6eda161c8cc2,100c044b404d:100a040390049502,win,2,3,3,mate in 2,1,1,1,0,0,0,0,2,27
bff030df8ef4,10080048a0713024:800190015008c059,win,2,3,3,mate in 2,1,1,1,0,0,0,0,2,28
a8ebb4e35c75,4040815a48121:100811840008148e,win,2,3,3,mate in 2,1,1,1,0,0,0,0,2,26
6a2c34b7396c,180000020b1ce9:10001a1898108212,win,4,7,7,mate in 4,2,2,1,1,0,0,0,4,28
40d6a320b500,1341990091020:101800002410e619,win,2,3,3,mate in 2,0,2,1,1,0,0,0,2,27
d7def0bf29d5,10084001d098c014:c0809088000110ab,win,2,3,3,mate in 2,1,1,1,0,0,0,0,2,28
c2176ccd0f5a,2a900801889124:269036009b,win,12,23,33,mate in 17,1,11,1,0,0,10,7,5,28
8d24cf987bb9,3c1514168:80008108002a8493,win,11,21,33,mate in 17,0,11,1,0,0,10,5,6,26
adb517c9bfa5,9810205009b02:11001009900b0409,win,4,7,7,mate in 4,2,2,1,1,0,0,1,3,26
b66884c8f31b,22080200093c8a:804289c22c021,win,2,3,3,mate in 2,1,1,1,0,0,0,0,2,27
72b52e705619,21108004113588:1000042111a48035,win,2,3,3,mate in 2,1,1,1,0,0,0,0,2,27
4aaf8a4ed7bf,1000814189417:88011810321a8,win,2,3,3,mate in 2,1,1,1,0,0,0,0,2,26
ebbb58acee89,104a0000904c80a8:904a08221856,win,2,3,3,mate in 2,1,1,1,0,0,0,1,1,27
2418b06e7d4c,2012089801830a:88820032a18a1,win,5,9,9,mate in 5,1,4,1,0,0,3,4,1,27
6d760e3b2406,261043b0c1:a000e02c402e,win,2,3,3,mate in 2,1,1,1,0,0,0,0,2,26
ea301eac4f1a,1009004958102019:101000c9d9e0,win,2,3,3,mate in 2,1,1,1,0,0,0,0,2,28
b7e859e6e628,a1000c2498601:4b1022506a,win,6,11,15,mate in 8,1,5,0,0,0,5,3,3,26
3fabf6d235f0,8019008a800c00d:b008280110093802,win,2,3,3,mate in 2,1,1,1,0,0,0,0,2,27
d58154dc6a24,140419448c08a:5008100840811c45,win,2,3,3,mate in 2,1,1,1,0,0,0,0,2,28
87ff45f9f64f,2880239200802a:90001008002b5281,win,3,5,7,mate in 4,1,2,1,1,0,0,0,3,26
5fc4d849f0dd,600001104db403:9006a2022406c,win,8,15,31,mate in 16,1,7,1,0,0,6,5,3,28
cb2d2c0da7e2,81c01d48055:801c800098081988,win,11,21,33,mate in 17,5,6,1,0,0,5,2,9,28
22dfda6a19b3,2050114608348:100000201133433,win,2,3,3,mate in 2,1,1,1,0,0,0,0,2,26
e54d7e10b6e8,205011c608348:100000201133c33,win,2,3,3,mate in 2,1,1,1,0,0,0,0,2,28
95c5dfd1ef10,1009000c20548458:b04190093205,win,4,7,7,mate in 4,3,1,1,0,0,0,1,3,28
823b48c8b6de,3009090c98051:8904b0012308a,win,2,3,3,mate in 2,1,1,1,0,0,0,1,1,28
bff02b992e06,9c004c0038034:8000000b000c550b,win,2,3,3,mate in 2,1,1,1,0,0,0,0,2,26
31481465b4df,2d502105281:211000000c5885c,win,3,5,9,mate in 5,0,3,0,0,0,3,2,1,26
08f26af9e424,3012a3100b008:1001022b4323,win,3,5,7,mate in 4,2,1,0,0,1,0,1,2,26
cbcbc9c447f6,290c008e080c8:c0080290031827,win,3,5,5,mate in 3,2,1,1,0,0,0,0,3,27
09174110665a,80940000609b600:40008e09c8004809,win,3,5,9,mate in 5,0,3,1,1,0,1,1,2,27
b4d94794896a,2013080011830d:1000003053285032,win,2,3,3,mate in 2,1,1,1,0,0,0,0,2,27
6ca28b3e20a4,100800a981212901:130003888d0a8,win,2,3,3,mate in 2,1,1,1,0,0,0,0,2,28
a4c882087f49,11308dc018300:1400040103085c19,win,2,3,3,mate in 2,1,1,1,0,0,0,0,2,28
f29c154341cd,5a90417091:88000009e854e,win,3,5,7,mate in 4,1,2,1,1,0,0,0,3,28
8f2a33ca70c6,1498242c141:804982020109120a,win,2,3,3,mate in 2,1,1,1,0,0,0,0,2,27
ecb88766a7dc,1904c80029045:90080003104d210a,win,2,3,3,mate in 2,1,1,1,0,0,0,0,2,27
96bdcf1eaf36,1d40810215024:10080021c4088519,win,2,3,3,mate in 2,0,2,1,1,0,0,0,2,27
d0f85a38f867,100c015c00070108:100111589057,win,2,3,3,mate in 2,0,2,1,1,0,0,0,2,27
aa813017f79c,1808199804841:800050004209938c,win,2,3,3,mate in 2,1,1,1,0,0,0,0,2,27
24475f0c25a7,110400254920e:10100213100b0051,win,2,3,3,mate in 2,0,2,1,1,0,0,0,2,26
80fb4d3850b0,10082da19221:3000280092082d88,win,5,9,17,mate in 9,2,3,0,0,0,3,2,3,28
7f9896d28286,28808800840ed:800021843bc12,win,2,3,3,mate in 2,1,1,1,0,0,0,1,1,27
c3938353fac5,290ba10a6:9002900804048419,win,10,19,23,mate in 12,2,8,0,0,1,7,8,2,26
0956ddf8dcdf,240a040809820b:200002082661964,win,3,5,5,mate in 3,2,1,1,0,0,0,0,3,27
ae39c3e7a08d,8018040c041b089:8080488118884940,win,2,3,3,mate in 2,1,1,1,0,0,0,0,2,28
398a0373e53b,9014081319120:140001910484059,win,2,3,3,mate in 2,1,1,1,0,0,0,0,2,26
4f2d92465d57,2044020c1612061:2003042204d30c,win,2,3,3,mate in 2,1,1,1,0,0,0,0,2,28
34498ab6779e,104088619dc00:418021158002219,win,2,3,3,mate in 2,1,1,1,0,0,0,0,2,28
053e86df2114,b08aa90aa:100b900090014905,win,2,3,3,mate in 2,1,1,1,0,0,0,1,1,28
497298800274,104800a909a1c:2001201144924c1,win,2,3,3,mate in 2,1,1,1,0,0,0,0,2,28
12e480487b1c,401000290033826:2140106088719,win,2,3,3,mate in 2,1,1,1,0,0,0,0,2,27
18efd2f8ab48,51092025b001:900205108413c,win,2,3,3,mate in 2,1,1,1,0,0,0,0,2,26
1e3d35193263,1a08c90081099:200800112195a104,win,2,3,3,mate in 2,1,1,1,0,0,0,0,2,28
49ee35823997,2004219c058801:940190000028152c,win,9,17,27,mate in 14,1,8,1,0,0,7,4,5,27
069b51790df9,4208022128193:820580857204,win,2,3,3,mate in 2,1,1,1,0,0,0,0,2,26
b5a46531be73,1020942489068:8008c000b0016203,win,2,3,3,mate in 2,1,1,1,0,0,0,0,2,26
9a9f70d868af,82900100808d812:8293031202d,win,3,5,7,mate in 4,0,3,1,0,0,2,2,1,27
d33246349f68,121800b010c094:80164806380b,win,2,3,3,mate in 2,1,1,1,0,0,0,0,2,27
de3783ebe2fc,89008093019880:1000120928882309,win,2,3,3,mate in 2,0,2,1,1,0,0,0,2,27
3c918c3d0ec0,b9000088b0803:9000088b90009098,win,2,3,3,mate in 2,0,2,1,1,0,0,0,2,27
1786c8757422,290818c0009818:800002108b940a5,win,2,3,3,mate in 2,1,1,1,0,0,0,0,2,27
2f27321383c3,280809a01b848:80010003048246a3,win,2,3,3,mate in 2,1,1,1,0,0,0,0,2,28
a5ce3ecc7813,9400009108c1b:40000909400941a4,win,3,5,5,mate in 3,2,1,1,0,0,0,1,2,26
7fb6407186f6,1a00034c19408:800004c1c00862c1,win,2,3,3,mate in 2,1,1,1,0,0,0,0,2,27
599de2250a64,1500921006151:80140d0699028,win,2,3,3,mate in 2,1,1,1,0,0,0,0,2,27
fab4cd1b09d7,2009808aa400801a:80002001008b7581,win,2,3,3,mate in 2,0,2,1,1,0,0,0,2,28
d5ba7509aba5,14140c04289022:102000301017041d,win,2,3,3,mate in 2,1,1,1,0,0,0,0,2,27
4cf59dd882a5,109810800095083:90001001d500850c,win,2,3,3,mate in 2,0,2,1,1,0,0,0,2,27
b0eb2d9d0237,180299000e148:8008100041291223,win,4,7,7,mate in 4,2,2,1,1,0,0,1,3,26
ad0b823164ec,20301510309034:90108020a005210b,win,3,5,5,mate in 3,2,1,1,0,0,0,0,3,28
9f65253ff27b,100a0800490a8901:800900a9001508a,win,8,15,15,mate in 8,6,2,1,1,0,0,1,7,26
e9d0a7a59504,38000b005c205:80002003420a310a,win,2,3,3,mate in 2,1,1,1,0,0,0,0,2,26
261a4f3fff88,108301878c140:8000800981013839,win,2,3,3,mate in 2,1,1,1,0,0,0,0,2,28
6ac8cb95503e,c0309070891:c0100001408952e,win,2,3,3,mate in 2,0,2,1,1,0,0,0,2,27
c7cd3d7cf6cd,10819008d200800c:80000081008d5aa1,win,2,3,3,mate in 2,0,2,1,1,0,0,0,2,27
4fd247b54437,110881190c922:1088410140091099,win,3,5,9,mate in 5,1,2,0,0,0,2,1,2,28
671faa0e79f2,c10001202e053:404e404c130c,win,2,3,3,mate in 2,1,1,1,0,0,0,0,2,27
cd38094e93df,1511521858:111000000d4707,win,2,3,3,mate in 2,1,1,1,0,0,0,0,2,26
b062f1e41c26,c190018d508:40881008d012813,win,2,3,3,mate in 2,1,1,1,0,0,0,0,2,27
e38f259e67d7,100013888928a:9000b00882412841,win,2,3,3,mate in 2,1,1,1,0,0,0,0,2,27
39528588b410,22400851a04061:400800a2000a119a,win,2,3,3,mate in 2,0,2,1,1,0,0,0,2,26
9ddcfb848861,381800282c0a21:180020381010301e,win,2,3,3,mate in 2,0,2,1,1,0,0,0,2,28
48de5e7ecd5b,4100090390871:802c00c4928e,win,4,7,7,mate in 4,3,1,1,0,0,0,1,3,27
8356a91fb07a,190c0984018310:8400801009181c49,win,2,3,3,mate in 2,1,1,1,0,0,0,0,2,28
69deb74398c3,2018a198088021:88000804a11c9c,win,2,3,3,mate in 2,1,1,1,0,0,0,0,2,27
635505c84096,90001085a10d1:42084a0001892a,win,2,3,3,mate in 2,1,1,1,0,0,0,0,2,26
8fe294a78ea8,82d8148017:10005000008b5988,win,2,3,3,mate in 2,1,1,1,0,0,0,0,2,26
8742bf558c8f,100c10009008e412:c00e4006190d,win,3,5,7,mate in 4,1,2,1,1,0,0,1,2,27
e77f2f0e9913,9120090091087:920080090204a308,win,7,13,15,mate in 8,4,3,1,0,0,2,2,5,26
6f421ebf8fd3,31003120811a4:1000020805038e0b,win,2,3,3,mate in 2,0,2,1,1,0,0,0,2,27
2c6755eaaa00,580008c0380c9:8000040500843c16,win,2,3,3,mate in 2,1,1,1,0,0,0,0,2,26
84ac4b522711,580808c0380c9:80000405008c3c16,win,2,3,3,mate in 2,1,1,1,0,0,0,0,2,28
4a4f54fc05bf,9c808d003a001:800200032808598a,win,2,3,3,mate in 2,1,1,1,0,0,0,0,2,28
0105e384a5cc,a940084119011:9010001b100a050a,win,3,5,7,mate in 4,0,3,0,0,1,2,2,1,27
06ffba7c06c8,108840594009051:80001108010d650c,win,3,5,5,mate in 3,2,1,1,0,0,0,1,2,28
aa4686403a90,48100808490940a:2040b080b4891,win,3,5,7,mate in 4,1,2,1,1,0,0,1,2,27
6de1a4a48bb6,2081010016935:1002291e908a,win,2,3,3,mate in 2,1,1,1,0,0,0,1,1,27
e8fbf0225845,b100b2728:80020a1609853,win,2,3,3,mate in 2,0,2,1,1,0,0,0,2,27
c1a642905850,9a0c1210090c1:8080010890c9210a,win,2,3,3,mate in 2,1,1,1,0,0,0,1,1,28
eb312154e825,182500281b052:80c0008180584289,win,9,17,17,mate in 9,0,9,1,1,0,7,6,3,28
d78457a4d90f,2000890289879:8000221932782,draw,9,17,36,draw,2,7,0,0,0,7,6,3,28
28b3e154aebe,1c021c8098300:c000080801605869,win,2,3,3,mate in 2,0,2,1,1,0,0,0,2,27
79e1a22273d3,1004592449082:80048200000b034d,win,2,3,3,mate in 2,1,1,1,0,0,0,0,2,26
5d560504f2cf,1004592c49082:80448200000b034d,win,2,3,3,mate in 2,1,1,1,0,0,0,0,2,28
661b24a1ebb4,1048004909419810:801190090180549,win,2,3,3,mate in 2,1,1,1,0,0,0,0,2,28
163474672db2,200102021aa344:2680164083b,win,2,3,3,mate in 2,1,1,1,0,0,0,0,2,27
548fa0c39726,2110a0808880ac:88000d18253801,win,3,5,5,mate in 3,2,1,1,0,0,0,0,3,27
fb6ddc4b309a,1088820c8101d:8800410801a9c2,win,2,3,3,mate in 2,1,1,1,0,0,0,0,2,26
e760fbef707f,100804010425023d:401102810081dc2,win,3,5,5,mate in 3,2,1,1,0,0,0,0,3,28
00e10ae7c222,20022240291107:100011206e238,win,2,3,3,mate in 2,1,1,1,0,0,0,0,2,26
13dfe099b757,913811c814:101110008088308b,win,2,3,3,mate in 2,1,1,1,0,0,0,0,2,26
e5ca9f0662b1,10c038401d098:c000588a2c43,win,2,3,3,mate in 2,1,1,1,0,0,0,0,2,28
da295b6a5b8c,9043110204581:80599903a,win,2,3,3,mate in 2,1,1,1,0,0,0,0,2,26
a765c4ff2aec,1009048030a19401:4003029840820ac,win,8,15,33,mate in 17,2,6,1,0,0,5,5,3,28
1f9404a3ac0d,1108000980509291:111101309014e,win,2,3,3,mate in 2,0,2,1,1,0,0,1,1,28
063d72c58543,40100e8044850a8:8140190a18445,win,4,7,9,mate in 5,0,4,1,1,0,2,0,4,28
89bdf1c54174,2100082403350a:24210128c2a5,win,2,3,3,mate in 2,1,1,1,0,0,0,0,2,27
f1f02cc73882,10489ba2c:8001b0045d3,win,3,5,5,mate in 3,2,1,1,0,0,0,1,2,26
e670edea3cde,3400e33a1:1402081a1c01e,win,2,3,3,mate in 2,0,2,1,1,0,0,0,2,27
81ec8f682a94,49001884091c14:800084410050a0cb,win,2,3,3,mate in 2,1,1,1,0,0,0,1,1,28
eb239bbb0d83,9000197021129:2900a2009a612,win,5,9,13,mate in 7,1,4,0,0,0,4,3,2,28
1bafbe45a990,40040140b92c2:40c80c44c0d,win,2,3,3,mate in 2,0,2,1,1,0,0,0,2,26
b87ed0f5eb67,1209a2011858:100820501858a201,win,7,13,31,mate in 16,1,6,0,0,0,6,4,3,27
26e12fb101a6,2001118011301d:1110020012a8362,win,2,3,3,mate in 2,0,2,1,1,0,0,0,2,27
448620cd6b45,49000884091c14:800084410050a04b,win,2,3,3,mate in 2,1,1,1,0,0,0,1,1,26
4f6834aa117f,1009904809002948:90190599015,win,3,5,9,mate in 5,2,1,0,0,1,0,0,3,28
b9fce98e69ec,130101001493c:128b6b083,win,2,3,3,mate in 2,1,1,1,0,0,0,0,2,27
0b1468b7978a,22000110998a11:10032822210ea,win,2,3,3,mate in 2,1,1,1,0,0,0,1,1,27
74e2e26b4186,100880018053014d:1100e100c90b2,win,2,3,3,mate in 2,1,1,1,0,0,0,0,2,28
2fd368004416,10808c0909c92:100810011c09410d,win,2,3,3,mate in 2,0,2,1,1,0,0,0,2,28
360812d73297,22042051881928:10a0422e493,win,9,17,33,mate in 17,4,5,1,0,0,4,5,4,28
877ac127dae6,1025080409a1c:10101001121900c3,win,4,7,7,mate in 4,2,2,1,1,0,0,1,3,26
dea91bb13338,20101004289d41:10008428909002b8,win,2,3,3,mate in 2,1,1,1,0,0,0,0,2,27
9d1c72aa8aee,304019c018504:840098020002181b,win,3,5,5,mate in 3,2,1,1,0,0,0,0,3,26
6aef85dde0af,3080008257c08:800002794028027,win,2,3,3,mate in 2,1,1,1,0,0,0,0,2,27
18e4c26ac729,18021083004b9:20040095419944,win,3,5,5,mate in 3,2,1,1,0,0,0,1,2,27
f67e91dd5dcb,441020080503851:44116098728,win,2,3,3,mate in 2,1,1,1,0,0,0,0,2,27
9c7228bf387e,18089a080c128:80080000422d3285,win,7,13,13,mate in 7,0,7,1,1,0,5,4,3,27
cacd5b3fad5f,1008020456408c41:2005048000d522c,win,2,3,3,mate in 2,0,2,1,1,0,0,0,2,28
2e78b7c0407b,1800e0128912c:100a100190074013,win,2,3,3,mate in 2,1,1,1,0,0,0,1,1,28
6fd17b673b0d,20005880190c29:804880212060a150,win,5,9,9,mate in 5,3,2,1,1,0,0,1,4,27
0cb2d8e1501b,1048110121087002:10048d0418349,win,3,5,5,mate in 3,1,2,1,1,0,0,0,3,27
ba5fc344491f,401000891059304:8000850504084c09,win,2,3,3,mate in 2,0,2,1,1,0,0,0,2,26
f17a57e19298,401000891059304:8100850504084c09,win,2,3,3,mate in 2,0,2,1,1,0,0,0,2,27
3a5721f06831,918080842912c:800800190090ec3,win,3,5,5,mate in 3,2,1,1,0,0,0,0,3,28
a43a87fb165f,9001512929204:80008208800d089b,win,7,13,31,mate in 16,0,7,1,1,0,5,5,2,28
3035d707bffb,401040ba081800a:8080540a7c81,win,2,3,3,mate in 2,0,2,1,1,0,0,0,2,27
8c5d672f3478,1a0000109b0491:1001141b0400900a,win,3,5,5,mate in 3,2,1,1,0,0,0,1,2,26
32cba3d0a54b,b1828a001a00c:2003182a18a3,win,2,3,3,mate in 2,1,1,1,0,0,0,0,2,28
2efc1696822e,100048541db08:10001141100c24c5,win,2,3,3,mate in 2,1,1,1,0,0,0,0,2,28
33693e8d8c0b,200902080043804b:204332087204,win,4,7,7,mate in 4,3,1,1,0,0,0,0,4,26
1c3f30d20837,108d01010849091:1000010cc118490c,win,2,3,3,mate in 2,1,1,1,0,0,0,0,2,28
68072a3a0737,1087310b022:8202080294399,win,3,5,5,mate in 3,1,2,1,1,0,0,0,3,27
2da5ab512403,184104c81d8:1001b07c25,win,6,11,19,mate in 10,1,5,1,1,0,3,3,3,26
92ae4ca8b03b,925407486:300092098b49,win,9,17,31,mate in 16,1,8,1,0,0,7,7,2,27
756e51bea9dc,4911801045013:10180004d01a810c,win,2,3,3,mate in 2,0,2,1,1,0,0,0,2,27
b7bc4dddea27,220902180004821c:a005b2193001,win,9,17,25,mate in 13,1,8,1,0,0,7,7,2,27
9ce3d78f206a,20122010021c4e:104000402260e231,win,2,3,3,mate in 2,1,1,1,0,0,0,0,2,27
0aea36a1a207,10060a0488a1c:a001002720e3,win,3,5,5,mate in 3,1,2,1,1,0,0,0,3,26
be0e77547170,9000102349225:1218100944d8,win,2,3,3,mate in 2,0,2,1,1,0,0,0,2,26
e54ef701d8df,400201428c43a:204406c0071005,win,2,3,3,mate in 2,1,1,1,0,0,0,0,2,26
207d0db2d4dd,410201428c43a:204406c0171005,win,2,3,3,mate in 2,1,1,1,0,0,0,0,2,28
e57dcbeb6ab8,280004c055925:4406900aa41a,win,2,3,3,mate in 2,1,1,1,0,0,0,0,2,28
9641cd7c4206,a0001d028c08c:102e00071823,win,3,5,5,mate in 3,2,1,1,0,0,0,0,3,26
384facb9880e,810200120c5c41:88108c1839c,win,3,5,5,mate in 3,2,1,1,0,0,0,1,2,27
78cfa681896a,8010004508a5094:208030805890b,win,2,3,3,mate in 2,1,1,1,0,0,0,0,2,26
6c92abd963de,3010480292905:8000b010690aa,win,2,3,3,mate in 2,1,1,1,0,0,0,0,2,26
54fa0229aa72,188204800c9086:8204001802112a19,win,2,3,3,mate in 2,0,2,1,1,0,0,1,1,27
10ce2fd670b1,100c0cc8010c5:8018011049cc0a,win,2,3,3,mate in 2,1,1,1,0,0,0,0,2,27
0e10e981690a,1820003824302d:2004081c001b8812,win,2,3,3,mate in 2,1,1,1,0,0,0,0,2,28
f0f401ab7892,2840400c00bc15:28c06941e8,win,3,5,5,mate in 3,2,1,1,0,0,0,0,3,28
129bb1726753,4100a9102080c9:88104040c95920,win,7,13,17,mate in 9,1,6,0,0,1,5,5,2,27
bcad29da9724,280320818ab002:1088322043a9,win,3,5,5,mate in 3,2,1,1,0,0,0,0,3,28
492e04c21379,5a0100011831a:80100005b2063005,win,2,3,3,mate in 2,1,1,1,0,0,0,0,2,27
46aa89f61061,1048804008192019:118199040d840,win,3,5,5,mate in 3,1,2,1,1,0,0,0,3,27
f718bcee98ba,203110a1003851:3010802010308728,win,2,3,3,mate in 2,0,2,1,1,0,0,0,2,28
812a0ca1aa32,90881008c1815:88000180a11838a,win,2,3,3,mate in 2,1,1,1,0,0,0,0,2,27
25b9f9e3fb71,180492000d381:a0002000c1492058,win,2,3,3,mate in 2,1,1,1,0,0,0,0,2,26
43ce1fb01e62,1800004849b4c2:1405b00124819,win,2,3,3,mate in 2,0,2,1,1,0,0,0,2,28
2df0ce1b7d3e,100205107b424:2040038428430b,win,2,3,3,mate in 2,1,1,1,0,0,0,0,2,28
5665e7d13c29,10800aa069e04:80030031009610b,win,2,3,3,mate in 2,1,1,1,0,0,0,0,2,28
9c287697991d,10c181c181052:1050104100414c0d,win,2,3,3,mate in 2,1,1,1,0,0,0,1,1,28
b087f7343bde,1009880018608861:8800100982093608,win,2,3,3,mate in 2,1,1,1,0,0,0,0,2,28
fbc1f96cca33,900008450dc90:10801910892049,win,4,7,7,mate in 4,3,1,1,0,0,0,0,4,26
171892fc9aba,80188008202d205:80004005480d280a,win,2,3,3,mate in 2,1,1,1,0,0,0,0,2,26
74fcdee96a8d,30a004402829a:20004039a015c01,win,2,3,3,mate in 2,1,1,1,0,0,0,0,2,27
adc197a02a8e,d40082014d00c:80008005c0092093,win,2,3,3,mate in 2,1,1,1,0,0,0,1,1,26
0541c5180ac5,1900188142891:1000280431019146,win,2,3,3,mate in 2,1,1,1,0,0,0,0,2,27
30253454901f,100906088600412a:200500150099611,win,3,5,5,mate in 3,2,1,1,0,0,0,0,3,28
ba4c5688b634,16009900a102a:400800206421e401,win,3,5,5,mate in 3,1,2,1,1,0,0,0,3,26
ced543a8e3c4,1004170c212c1:4060828009e40a,win,2,3,3,mate in 2,1,1,1,0,0,0,0,2,28
1d03b9b0d1f1,39a4015c02:1820004038a039,win,3,5,9,mate in 5,1,2,1,1,0,0,0,3,26
21bde0233f5f,284120008099602:851286089d,win,2,3,3,mate in 2,1,1,1,0,0,0,0,2,27
2c074ef53182,801401191108112:1088004805588d,win,2,3,3,mate in 2,1,1,1,0,0,0,0,2,27
1eb5e519484d,1004422432254:4422030014900b,win,3,5,7,mate in 4,2,1,0,0,1,0,1,2,26
f895feed9a00,10044a2432254:24422030014900b,win,4,7,7,mate in 4,3,1,1,0,0,0,1,3,28
94cb63e77e84,4900200044e12c:4da12910c1,win,3,5,5,mate in 3,1,2,1,1,0,0,0,3,27
fc3b1c7667dd,1c044004d102c:90041001d000c051,win,2,3,3,mate in 2,0,2,1,1,0,0,0,2,26
f8e8af8617a5,1c064004d102c:90041001d020c051,win,2,3,3,mate in 2,0,2,1,1,0,0,0,2,28
fc1505f1b55c,108d10982b0:8501100105949,win,2,3,3,mate in 2,1,1,1,0,0,0,0,2,26
82288b147e25,278152041d:218100002591e2,win,2,3,3,mate in 2,1,1,1,0,0,0,0,2,28
642fc2776c23,1809000859810a:5895021c51,win,7,13,15,mate in 8,1,6,1,1,0,4,4,3,27
1c2169648a08,2080001005d8352:21c82025c0d,win,3,5,9,mate in 5,1,2,1,1,0,0,0,3,28
2ced03abf57a,10081100a9001843:8000880a100ba308,win,3,5,5,mate in 3,1,2,1,1,0,0,0,3,27
6c286d38ea03,18280940d8044:8000100d02c01689,win,2,3,3,mate in 2,0,2,1,1,0,0,0,2,27
5df873bfaa5e,91048a0489144:b040a00110012819,win,2,3,3,mate in 2,0,2,1,1,0,0,1,1,28
ef491de50451,400004741c452:24408043b0d,win,3,5,5,mate in 3,2,1,1,0,0,0,0,3,26
c5c33187a1d2,104a04488543:1040800190233028,win,2,3,3,mate in 2,1,1,1,0,0,0,0,2,26
cfe9bd48ea36,104a05488543:10408001902330a8,win,2,3,3,mate in 2,1,1,1,0,0,0,0,2,28
470fe6af0e08,501b12119012:10188000c00a620d,win,5,9,9,mate in 5,3,2,1,1,0,0,1,4,28
41a56eb919b0,a0147991408:100009800cb97,win,2,3,3,mate in 2,1,1,1,0,0,0,0,2,28
657764e5f343,2840990003598:80012049bc023,win,2,3,3,mate in 2,0,2,1,1,0,0,0,2,28
98ca34162000,990801a315:98000829c18c8,win,2,3,3,mate in 2,1,1,1,0,0,0,0,2,27
233540973acc,5b10093058:1900002252c283,win,2,3,3,mate in 2,1,1,1,0,0,0,0,2,27
dcf68b07e73e,803008090168901:8030889509e,win,2,3,3,mate in 2,1,1,1,0,0,0,0,2,27
8b695f154a67,6800404c81c45:8000000a9007c0aa,win,6,11,11,mate in 6,4,2,1,1,0,0,1,5,28
8b51ed1a219b,900b008308022c01:90089089908e,win,4,7,7,mate in 4,3,1,1,0,0,0,0,4,28
20f178961e02,2030009004b48c:100000206c604871,win,2,3,3,mate in 2,1,1,1,0,0,0,0,2,27
55ac45324f93,650089b588:20000091644867,win,2,3,3,mate in 2,1,1,1,0,0,0,0,2,28
86673d093ace,4112124234031:2100049104b506,win,3,5,5,mate in 3,2,1,1,0,0,0,0,3,28
955ccee09963,1008101190150881:8011800c0808901e,win,2,3,3,mate in 2,0,2,1,1,0,0,0,2,27
ec3908cb9a34,41000080ca2992:80c30911804d,win,2,3,3,mate in 2,1,1,1,0,0,0,1,1,27
47043e623981,1002c00251856:4084118c820a9,win,3,5,5,mate in 3,2,1,1,0,0,0,2,1,27
c625eee96b3d,20400b140b4003:10031020c0209438,win,2,3,3,mate in 2,0,2,1,1,0,0,0,2,27
f858a8514037,208a90081a049:90002082a19a2,win,3,5,7,mate in 4,1,2,1,1,0,0,1,2,26
1316349fe40a,2811d001e000d:810d000281019112,win,5,9,9,mate in 5,3,2,1,1,0,0,0,5,28
9a24b1c02cab,1c0804084b504:80000001830942cb,win,4,7,7,mate in 4,3,1,1,0,0,0,1,3,27
67b6aa105621,100a110950006101:14002850b940a,win,2,3,3,mate in 2,0,2,1,1,0,0,0,2,27
28602824d965,100db0082081800c:a0000085900c30c1,win,2,3,3,mate in 2,1,1,1,0,0,0,0,2,28
873697f83c06,10402a008d528:1000100954032013,win,2,3,3,mate in 2,0,2,1,1,0,0,0,2,26
bcd7e2726f77,1009802030289910:a0203009800120a9,win,2,3,3,mate in 2,1,1,1,0,0,0,0,2,28
bd0295f792a0,12402a008d528:1000100954032213,win,2,3,3,mate in 2,0,2,1,1,0,0,0,2,28
4ec8b338aca4,2008096006d201:209829282e,win,6,11,11,mate in 6,5,1,1,0,0,0,0,6,26
403cc869371f,10080008301ba041:80009011c040501a,win,2,3,3,mate in 2,1,1,1,0,0,0,0,2,26
3d0207a90558,1a8109050184c:300010012805a291,win,2,3,3,mate in 2,1,1,1,0,0,0,0,2,28
0e7239e43872,26292c0c068:42404000402a1a83,win,2,3,3,mate in 2,1,1,1,0,0,0,0,2,28
866dd11295b8,140204300038941:80018100a948300a,win,2,3,3,mate in 2,1,1,1,0,0,0,1,1,27
55552334354a,11088c80341b:100a0082110a8984,win,2,3,3,mate in 2,1,1,1,0,0,0,0,2,28
26623ce0cb4f,120c220091098201:8000900c2204318c,win,9,17,33,mate in 17,0,9,1,0,0,8,5,4,28
5562aff61a5c,1804024c81859:4010019801a784,win,3,5,5,mate in 3,2,1,1,0,0,0,0,3,28
a23ae6ad2f14,16e1132c:100a18008c4c3,win,2,3,3,mate in 2,1,1,1,0,0,0,0,2,26
c67099f9ec2e,10220022a9132:1028100930012209,win,2,3,3,mate in 2,0,2,1,1,0,0,0,2,26
5cd292327611,1801900051c98:1008100494588045,win,2,3,3,mate in 2,1,1,1,0,0,0,0,2,27
008033379c1b,22800080484d8a:8000006210229271,win,4,7,7,mate in 4,3,1,1,0,0,0,0,4,27
fe8cf01028e8,49850194409:8910010480b092,win,2,3,3,mate in 2,1,1,1,0,0,0,0,2,26
5a4d0286bd8d,409100814a21828:1000040388098583,win,2,3,3,mate in 2,1,1,1,0,0,0,0,2,28
79491efe173b,9b0008405a205:90000409300814ca,win,2,3,3,mate in 2,0,2,1,1,0,0,0,2,28
fef98f87a859,bb40b8801:9001b4000000348a,win,2,3,3,mate in 2,1,1,1,0,0,0,0,2,26
0c435ca1103e,81002090409952:1000108101a300a9,win,2,3,3,mate in 2,0,2,1,1,0,0,0,2,26
711498e6e74f,1b099108010a:810880000a039a41,win,2,3,3,mate in 2,1,1,1,0,0,0,1,1,27
60310d9e6086,4222251d83:800184aa27c,win,4,7,7,mate in 4,3,1,1,0,0,0,1,3,28
e90ed2a268d1,9220890091610:b00090012600a109,win,2,3,3,mate in 2,0,2,1,1,0,0,1,1,27
5264beafaa27,42080a09086b2:800014000c794d,win,4,7,7,mate in 4,3,1,1,0,0,0,0,4,28
9eaa1bb05f82,241200120c818c:2400e15e61,win,2,3,3,mate in 2,1,1,1,0,0,0,0,2,27
36a7654ffaff,1801094908858:9410140100411681,win,4,7,7,mate in 4,2,2,1,1,0,0,0,4,27
49f45ea106db,4820040425869:4044822da206,win,2,3,3,mate in 2,1,1,1,0,0,0,0,2,27
a2dafb69e7cd,619082834d:8100037510b2,win,2,3,3,mate in 2,1,1,1,0,0,0,0,2,28
638264c92162,40110080801a299:2c0134181d04,win,2,3,3,mate in 2,1,1,1,0,0,0,0,2,27
0523789d058e,114b009a981:8010b0090114101c,win,5,9,13,mate in 7,3,2,1,1,0,0,2,3,28
d735aa7047a8,120a02090c11c:8011912930a1,win,2,3,3,mate in 2,0,2,1,1,0,0,0,2,27
c3b1e7e5d9aa,38902a011d:28000004519ce2,win,3,5,5,mate in 3,1,2,1,1,0,0,0,3,27
65a9b3df5e7b,209064bc042:4009444050003609,win,3,5,5,mate in 3,1,2,1,1,0,0,0,3,27
04f993c4304e,10004b08383a2:100490030204304d,win,10,19,31,mate in 16,1,9,1,0,0,8,3,7,28
0356e036d017,2020040c09149c:104293024a821,win,2,3,3,mate in 2,1,1,1,0,0,0,0,2,27
03323322b758,106010148945a:300010806070b05,win,2,3,3,mate in 2,1,1,1,0,0,0,0,2,28
28895d78a096,1808026886d:800080209803782,win,2,3,3,mate in 2,0,2,1,1,0,0,1,1,26
3792eaefb1e1,108922092080889:8020018809a09320,win,2,3,3,mate in 2,1,1,1,0,0,0,0,2,28
fc00ee33071a,928010a441049:248a009ea84,win,8,15,21,mate in 11,2,6,1,0,0,5,5,3,27
0727428f70e7,7950618043:8041c00080185238,win,3,5,9,mate in 5,0,3,0,0,0,3,2,1,28
b99b819620b2,450092218d101:50000004d105221c,win,6,11,11,mate in 6,4,2,1,1,0,0,1,5,28
c880b101ada0,b80184004b038:80004003a01b4007,win,3,5,5,mate in 3,1,2,1,1,0,0,1,2,28
a1f531547bd1,14009800a903a:1008103050316001,win,2,3,3,mate in 2,0,2,1,1,0,0,0,2,26
33a5d5d0b1af,98001c202d282:900050081009244d,win,2,3,3,mate in 2,1,1,1,0,0,0,1,1,28
44ad7c71a7d1,100219e001a22:40014000023e489,win,7,13,35,mate in 18,2,5,1,0,0,4,4,3,26
3c06e8a8cd87,108082c489288:8008840181012d41,win,3,5,7,mate in 4,1,2,1,1,0,0,0,3,27
cd8cc9ff8427,100900cd0004c041:900090c9118c,win,3,5,5,mate in 3,1,2,1,1,0,0,0,3,26
b34feac7dc8e,100900cd0204c041:900090c9138c,win,2,3,3,mate in 2,0,2,1,1,0,0,0,2,28
86e2be353bad,30180810185841:100800308920a138,win,12,23,33,mate in 17,4,8,1,0,0,7,4,8,27
a5605947490d,200916402255:11244a00d9408,win,2,3,3,mate in 2,1,1,1,0,0,0,0,2,27
5ac61e4ad8e9,2090115a298:308011092081905,win,2,3,3,mate in 2,1,1,1,0,0,0,0,2,27
47a63ef4e5f9,1089100050018143:408900e858a8,win,4,7,7,mate in 4,0,4,1,1,0,2,2,2,27
56ccbeb0d66a,104900009002930a:904b01490051,win,8,15,21,mate in 11,2,6,0,0,0,6,6,2,26
aa9ebf2008a5,4051215014099:4409eb506,win,2,3,3,mate in 2,1,1,1,0,0,0,0,2,28
349951858468,9100d1208b022:1000000220274a1d,win,2,3,3,mate in 2,1,1,1,0,0,0,0,2,28
ab3353d34b34,89000141438384:8e008c704b,win,5,9,11,mate in 6,2,3,1,0,0,2,2,3,28
67337d6f0904,1014891295003:42402340428168,win,2,3,3,mate in 2,1,1,1,0,0,0,0,2,28
43974b864b49,1021981018382:8008800012183839,win,2,3,3,mate in 2,1,1,1,0,0,0,0,2,27
c139b5a2ccff,10889001904a0418:100ca008190e3,win,2,3,3,mate in 2,1,1,1,0,0,0,0,2,28
555c725188fb,a1803b8251:8009801a00c010aa,win,9,17,29,mate in 15,1,8,1,0,0,7,6,3,28
4ce4c3b1e62b,2110001a00e30c:200222920291821,win,7,13,31,mate in 16,3,4,1,0,0,3,3,4,27
78c89db7f691,58808183c19:1009100195818180,win,2,3,3,mate in 2,0,2,1,1,0,0,0,2,28
2c6cf43ab829,5130016029482:14000405010d030d,win,2,3,3,mate in 2,1,1,1,0,0,0,0,2,28
cbd7ff782d96,10800b2091d24:100010090c80a28b,win,2,3,3,mate in 2,1,1,1,0,0,0,0,2,28
660976d3f838,4b84520838:48801008099443,win,2,3,3,mate in 2,1,1,1,0,0,0,0,2,26
828959464f78,2800088481c0d8:40046048681c21,win,3,5,5,mate in 3,1,2,1,1,0,0,1,2,27
c8fcd1241ecd,202400d6089601:40100292023602a,win,3,5,5,mate in 3,1,2,1,1,0,0,0,3,28
aa533d59adcd,1009000058806093:508980199908,win,2,3,3,mate in 2,1,1,1,0,0,0,1,1,27
85dc8f489a62,1820842225a22:82080021a009a019,win,7,13,15,mate in 8,0,7,1,1,0,5,5,2,28
584292826c36,4940005005806c:106d80685003,win,2,3,3,mate in 2,1,1,1,0,0,0,0,2,27
bf53ab3494b2,10080058121120c1:300060c8d218,win,3,5,5,mate in 3,1,2,1,1,0,0,0,3,26
69ea06eb1cfc,10080058123120c1:300060c8d238,win,3,5,5,mate in 3,1,2,1,1,0,0,0,3,28
c01eb2a12507,100880010229202b:82011228b0009204,win,2,3,3,mate in 2,0,2,1,1,0,0,0,2,27
36189fdc54d4,2009902108299000:90002808b0002869,win,2,3,3,mate in 2,0,2,1,1,0,0,0,2,27
b7b955b1b3a5,10809a000890185:88000091920982a,win,2,3,3,mate in 2,0,2,1,1,0,0,0,2,27
e33e55f32e6b,100c890009a2a:800010ac920d1,win,4,7,7,mate in 4,2,2,1,1,0,0,0,4,26
9dd09af8180b,380029a08841a:8000001900171b05,win,2,3,3,mate in 2,1,1,1,0,0,0,1,1,28
984c2b09c91a,9009000b08824809:800988090099092,win,3,5,9,mate in 5,1,2,1,1,0,0,0,3,28
02c8b519c858,4c108e98024:8001880084004cc9,win,2,3,3,mate in 2,1,1,1,0,0,0,0,2,26
530411d36994,131c83003011:101c0000101c830c,win,2,3,3,mate in 2,1,1,1,0,0,0,0,2,26
8e20a70dfe33,18019000100b080b:8008080988049234,win,8,15,19,mate in 10,1,7,0,0,0,7,5,3,27
565818d2b387,242100c522e:4000044742a541,win,2,3,3,mate in 2,1,1,1,0,0,0,0,2,27
fd1f5c7408b8,102b81620029:1029000010099146,win,2,3,3,mate in 2,1,1,1,0,0,0,0,2,26
33246aefc3b3,48001860b4c09:9400e48049206,win,8,15,31,mate in 16,0,8,1,0,0,7,2,6,28
fb9ac90e28e3,81200900c08549:4800c0b00930b0,win,2,3,3,mate in 2,1,1,1,0,0,0,0,2,27
44336bd4a21a,12811b01810a:80808808c1a85,win,2,3,3,mate in 2,1,1,1,0,0,0,0,2,26
69936406d512,104081022942e:1408100385090101,win,3,5,5,mate in 3,1,2,1,1,0,0,0,3,26
2f51fc50bde8,1040c1022942e:14081003850d0101,win,3,5,5,mate in 3,1,2,1,1,0,0,0,3,28
40de7064f942,2800008a1a94c:80000003800e10b3,win,2,3,3,mate in 2,0,2,1,1,0,0,0,2,26
db25c2fbf815,100c9150094c:10000940088d9091,win,2,3,3,mate in 2,1,1,1,0,0,0,0,2,27
60655b6a6c8d,118828801849a:2001115923901,win,2,3,3,mate in 2,1,1,1,0,0,0,0,2,28
9c1e3410669a,198000981028b:9100010192009924,win,4,7,7,mate in 4,3,1,1,0,0,0,0,4,27
49b906d33018,1049108022809205:2049104d21c8,win,6,11,15,mate in 8,0,6,1,1,0,4,3,3,28
9632d674ff98,2c4011004340d:1000ec40bc002,win,2,3,3,mate in 2,0,2,1,1,0,0,1,1,26
8da44c61cb6f,10019a908c410:8850044113909,win,3,5,5,mate in 3,2,1,1,0,0,0,0,3,27
9dea1e45da9c,10820122198a2:2000030806035d,win,3,5,5,mate in 3,1,2,1,1,0,0,0,3,26
05564fcb1872,1082012a198a2:2200030806035d,win,3,5,5,mate in 3,1,2,1,1,0,0,0,3,28
b4424cd21ea1,980298000d083:8000000028392a78,win,2,3,3,mate in 2,0,2,1,1,0,0,0,2,27
168156c5ba2b,100d81088014201c:8000101511099901,win,2,3,3,mate in 2,1,1,1,0,0,0,0,2,28
9c27d8e651a9,100881114081c091:810110089118110c,win,4,7,7,mate in 4,3,1,1,0,0,0,0,4,28
9d24578a8804,1900a200b4908:180a08019800b003,win,3,5,5,mate in 3,2,1,1,0,0,0,0,3,27
473b4ca85193,20103830238403:2a00280183938,win,2,3,3,mate in 2,1,1,1,0,0,0,0,2,28
5f06245014eb,108100110611069:100101280188c384,win,2,3,3,mate in 2,1,1,1,0,0,0,0,2,27
06f1b013607b,608080808890d4:8080006808640929,win,2,3,3,mate in 2,1,1,1,0,0,0,0,2,27
a084e0cf63aa,208002980648161:21024012091e0c,win,4,7,9,mate in 5,0,4,1,1,0,2,3,1,28
538cb4b3d0cd,1400009034134c0:803400488cb09,win,4,7,7,mate in 4,3,1,1,0,0,0,0,4,27
ff7a2be677fd,10401392048a9:6900c409b500,win,2,3,3,mate in 2,1,1,1,0,0,0,0,2,28
6ee5b1ebd6fd,413048180148c:9000848016048b01,win,9,17,17,mate in 9,5,4,1,0,0,3,2,7,27
4cf78dde7ad1,8011e309832:8008410a009260d,win,10,19,25,mate in 13,4,6,1,0,0,5,5,5,28
d5ae40f7dd55,182012061c04a:a000200092083621,win,2,3,3,mate in 2,1,1,1,0,0,0,0,2,26
ec552e3cc392,2c002184091c08:40c3024a135,win,14,27,35,mate in 18,3,11,1,0,0,10,6,8,27
ec582045e2ea,10080100a04a308a:2002304a11018141,win,3,5,5,mate in 3,2,1,1,0,0,0,1,2,27
788261f7b3d0,940001c414cc1:500018894088900c,win,2,3,3,mate in 2,1,1,1,0,0,0,0,2,28
2da416cb396b,108114010500d408:400018810892981,win,3,5,5,mate in 3,2,1,1,0,0,0,0,3,26
074332e5afbe,81a000a1a8801a:80080189100131a1,win,11,21,31,mate in 16,3,8,1,0,0,7,4,7,28
fa251a1e1189,3002010299594:100094038412002b,win,7,13,33,mate in 17,4,3,1,0,0,2,1,6,28
431e4390f0e6,208401a0018543:8001006005623228,win,5,9,9,mate in 5,4,1,1,0,0,0,1,4,27
37d2fdb6d01a,20300d1009a508:100c0020a0241037,win,6,11,15,mate in 8,2,4,1,0,0,3,3,3,28
e0fe15ffaadd,2080882009a1c2:8081012181a00029,win,10,19,31,mate in 16,2,8,0,0,1,7,8,2,26
007bb3b3722f,1009000202169c12:2100d9009022d,win,4,7,7,mate in 4,3,1,1,0,0,0,1,3,28
117bc39ab7c3,4090048900102c3:60106c89c0c,win,2,3,3,mate in 2,1,1,1,0,0,0,0,2,27
1ffa6d746fe0,d0824980810a1:808900b5881c,win,14,27,31,mate in 16,1,13,1,0,0,12,5,9,28
00088eef5725,91009880c9406:1000840614030919,win,2,3,3,mate in 2,0,2,1,1,0,0,0,2,28
c7564fbfeb27,1008043b1129:a04029000ae12,win,3,5,5,mate in 3,2,1,1,0,0,0,0,3,26
a512ebd08c18,9130084019418:840913880381,win,9,17,21,mate in 11,2,7,1,0,0,6,7,2,26
d88ae04e8e55,900019a088153:40085801511e08,win,2,3,3,mate in 2,0,2,1,1,0,0,0,2,28
d54a6ed65915,a004211d090128:1009108800a09c81,win,7,13,27,mate in 14,0,7,1,0,0,6,4,3,28
ebd3644de2de,900102021c269:2009805c3c14,win,2,3,3,mate in 2,1,1,1,0,0,0,0,2,27
aa33a78dab92,1800854201c89:900814218009c020,win,2,3,3,mate in 2,0,2,1,1,0,0,0,2,26
4d1b11bb91d1,12c4100319c40:80408020ac402039,win,2,3,3,mate in 2,1,1,1,0,0,0,0,2,28
24f90ba257b0,2002294094126:900841329419,win,2,3,3,mate in 2,0,2,1,1,0,0,1,1,27
79f81794df53,108830000519017:80010009930c0348,win,11,21,33,mate in 17,3,8,1,0,0,7,5,6,28
19b9f3b7ea55,4004048813ca9:80c946cc044,win,2,3,3,mate in 2,1,1,1,0,0,0,0,2,28
dbc4616f9d1b,14088c8012831:8000120bad08a,win,2,3,3,mate in 2,1,1,1,0,0,0,0,2,27
e1b6502fa08e,130091480ca81:10000800e9093508,win,12,23,31,mate in 16,1,11,1,0,0,10,4,8,28
abc0f3f3059e,18208850a8238:8008011302111503,win,2,3,3,mate in 2,0,2,1,1,0,0,0,2,28
ec47bd2a04bb,1080200c208a254:20041080190518b,win,2,3,3,mate in 2,1,1,1,0,0,0,0,2,27
23e767ab4686,2a0146214d:8010010399232,win,3,5,5,mate in 3,2,1,1,0,0,0,0,3,26
1cdc27576934,50a042404019015:10a812e052a,win,2,3,3,mate in 2,1,1,1,0,0,0,0,2,28
754765d70308,200c8810a0103a:810200c198c81,win,3,5,9,mate in 5,1,2,1,1,0,0,0,3,26
fac90f0aa0a0,1009004a88220809:2180110499162,win,2,3,3,mate in 2,0,2,1,1,0,0,0,2,27
2f7dc0f37321,4100e00862093:100b00811009d00c,win,2,3,3,mate in 2,1,1,1,0,0,0,1,1,27
60a9708d6bbd,320049401c04d:8004b204e3402,win,2,3,3,mate in 2,1,1,1,0,0,0,0,2,28
31a20a581e68,1800082b91438:8008108915008381,win,2,3,3,mate in 2,1,1,1,0,0,0,0,2,28
0966737d0fb7,28442240094043:4000000896229628,win,2,3,3,mate in 2,1,1,1,0,0,0,0,2,27
6b7cab02be7d,2818081848a050:9000802082211a29,win,2,3,3,mate in 2,1,1,1,0,0,0,0,2,27
9509867e8d8a,19a2180028862:880200021a213209,win,10,19,31,mate in 16,3,7,1,0,0,6,4,6,28
3f8569d5b1f4,5004c080a9a14:104010039045004b,win,8,15,31,mate in 16,2,6,0,0,1,5,3,5,28
892ab34809e2,1801948108055:180804820d5a08,win,2,3,3,mate in 2,1,1,1,0,0,0,0,2,27
59d828cb976d,1009900002181878:8000001991018781,win,2,3,3,mate in 2,0,2,1,1,0,0,0,2,28
ac1beb6e918c,110090a1d0238:10080a0410209d05,win,2,3,3,mate in 2,1,1,1,0,0,0,0,2,28
51815d14115c,1018940094014281:9808989d18,win,2,3,3,mate in 2,1,1,1,0,0,0,0,2,28
6b0c88403ee1,100016246b062:8004c0248021420d,win,7,13,29,mate in 15,0,7,1,0,0,6,5,2,28
7f53168cd149,8900004808bc11:8900c141ee,win,9,17,35,mate in 18,2,7,1,0,0,6,5,4,27
a6a5e37dde96,100a000120219568:900a910a6203,win,3,5,5,mate in 3,2,1,1,0,0,0,1,2,28
71ce90de2deb,58210020099901:805989502058,win,2,3,3,mate in 2,1,1,1,0,0,0,0,2,27
0b02a0ab2f29,4a00538083c08:300114008405c007,win,2,3,3,mate in 2,0,2,1,1,0,0,0,2,28
e405e413048c,20040095e005c0:48011a000099229,win,7,13,31,mate in 16,2,5,1,0,0,4,5,2,27
437abe764f30,1800984198b00:8018081019001459,win,2,3,3,mate in 2,0,2,1,1,0,0,0,2,27
50198a7e924f,20802a24203c18:80081400981a8023,win,2,3,3,mate in 2,0,2,1,1,0,0,0,2,28
2a0d5fe0ac84,150400444145c:4000095009c283,win,3,5,7,mate in 4,1,2,1,1,0,0,0,3,26
1ee871cb4271,4901d308811:100101808115ac,win,2,3,3,mate in 2,1,1,1,0,0,0,0,2,26
560a18a9a58a,10205880d0328:8090803009c15,win,2,3,3,mate in 2,1,1,1,0,0,0,0,2,26
5078148dc120,72100a1048103:810080070083308c,win,9,17,29,mate in 15,3,6,1,0,0,5,3,6,27
d232e684e9b9,100441544a245:8044900182011d08,win,8,15,31,mate in 16,0,8,1,0,0,7,6,2,28
433e45691fef,2112805001c019:400040210aa01aa4,win,9,17,31,mate in 16,0,9,1,0,0,8,6,3,27
a7800b191fe9,110440009225b:15264d8a4,win,2,3,3,mate in 2,1,1,1,0,0,0,0,2,27
50d6b44ec4de,b0002018b4809:8098840b5c2,win,2,3,3,mate in 2,0,2,1,1,0,0,0,2,27
66c656dffcd0,100420a4a8878:40800190213383,win,4,7,7,mate in 4,3,1,1,0,0,0,0,4,28
9c2337b04ad9,49040d4098408:9000040508445845,win,7,13,31,mate in 16,1,6,1,0,0,5,4,3,27
55c1135ce5b6,2050004000c5392:3014b81880d,win,2,3,3,mate in 2,1,1,1,0,0,0,0,2,27
162da3a5f723,100c001104328443:100c100d133c,win,3,5,5,mate in 3,2,1,1,0,0,0,0,3,28
3370364514e7,108081829d028:8008c001e0002815,win,2,3,3,mate in 2,1,1,1,0,0,0,0,2,26
48dedd356fd4,1004187099402:80608004403cd,win,2,3,3,mate in 2,1,1,1,0,0,0,0,2,26
ac4084d7881e,2280040440ae441:22a1260122e,win,2,3,3,mate in 2,0,2,1,1,0,0,0,2,28
3daa209fc88c,130c000909851:1000001139492188,win,3,5,7,mate in 4,1,2,1,1,0,0,0,3,27
b28379248cb4,8099000d080410b:9000088908099884,win,3,5,5,mate in 3,2,1,1,0,0,0,1,2,28
e9defd9ea1b5,11c8018291081:1400002184808c2a,win,2,3,3,mate in 2,1,1,1,0,0,0,0,2,26
575ffbf8d1a4,1018011001125904:100100c500ca01b,win,2,3,3,mate in 2,1,1,1,0,0,0,0,2,27
d09064cb1834,2d002101d4091:8000cc082b40e,win,2,3,3,mate in 2,1,1,1,0,0,0,1,1,28
bf46f5d4dfe1,19482c659:90009002024130a6,win,5,9,17,mate in 9,1,4,1,0,0,3,3,2,28
a73fd43c144d,9021006d10a18:6100409080815c1,win,3,5,5,mate in 3,2,1,1,0,0,0,0,3,28
361de94b7b55,900298880c848:8c0106d10a5,win,3,5,5,mate in 3,1,2,1,1,0,0,0,3,27
f8a5c1c74cc3,9012631878:1000b00988783,win,4,7,7,mate in 4,2,2,1,1,0,0,0,4,28
18666bd14f2e,950004202b05c:10000209900d4223,win,9,17,25,mate in 13,0,9,1,0,0,8,5,4,28
9754d21b0e98,149080890409840:1414b094309,win,10,19,33,mate in 17,1,9,1,0,0,8,8,2,27
53ee7bc8acb7,94128116110a0:6000c14088c149,win,2,3,3,mate in 2,1,1,1,0,0,0,0,2,28
64fd39169a1e,109c080490934:80190990c0c9,win,2,3,3,mate in 2,1,1,1,0,0,0,0,2,28
9bba1e931631,1029800dc038:1009800012a01385,win,6,11,11,mate in 6,0,6,1,1,0,4,3,3,27
fbccb37f8c46,20044900229c22:4810201449004d,win,3,5,5,mate in 3,1,2,1,1,0,0,0,3,26
e3d7f18b2ec6,20044900269c22:4810209449004d,win,3,5,5,mate in 3,1,2,1,1,0,0,0,3,28
f50d08b0ef5f,10810391e14:800200540a1eb,win,3,5,9,mate in 5,1,2,1,1,0,0,0,3,27
34bdc495bb28,280802960c1c02:102c0823822d,win,3,5,5,mate in 3,1,2,1,1,0,0,0,3,28
550b13accf23,1004902d09228:80088080902900d1,win,2,3,3,mate in 2,0,2,1,1,0,0,0,2,26
36d96bce770f,19008094893801:81929108598,win,2,3,3,mate in 2,1,1,1,0,0,0,0,2,28
aa7269cc384f,28900480143061:100400383068801c,win,2,3,3,mate in 2,1,1,1,0,0,0,0,2,27
00cef0631f66,1009092890008832:1003092b5109,win,3,5,5,mate in 3,2,1,1,0,0,0,0,3,28
77465f5a60f2,100900003c208961:342900493608,win,9,17,33,mate in 17,1,8,0,0,1,7,6,3,28
918c569d1e68,30c142c8528:8008840083015245,win,2,3,3,mate in 2,1,1,1,0,0,0,1,1,28
65d5fbcca18b,50803014100a29:8200124082609450,win,2,3,3,mate in 2,1,1,1,0,0,0,0,2,27
7e8561f21836,9100085519450:8000815910082309,win,2,3,3,mate in 2,1,1,1,0,0,0,0,2,28
e5f6608b51b3,9102140509218:1000400892294061,win,2,3,3,mate in 2,1,1,1,0,0,0,1,1,26
f403abb2d3b0,1901186103021:900006001003861e,win,2,3,3,mate in 2,0,2,1,1,0,0,0,2,27
9151df42dc54,20000800c57449:80420062882b6,win,6,11,15,mate in 8,1,5,0,0,0,5,4,2,27
e86a25f3b14f,981a810a08003:90001001810911a8,win,2,3,3,mate in 2,1,1,1,0,0,0,0,2,26
32f26372b106,1101100354278:1010020452009887,win,2,3,3,mate in 2,1,1,1,0,0,0,0,2,28
3f0aa598473e,90100d411d008:c40921082511,win,2,3,3,mate in 2,1,1,1,0,0,0,0,2,26
2edc95da92cc,1008012110089344:11208032104b9,win,10,19,35,mate in 18,3,7,1,0,0,6,4,6,27
a00e1d88bb7a,1006c004d5128:10081001112084d5,win,2,3,3,mate in 2,0,2,1,1,0,0,0,2,28
368b16068f27,3402883009328:200003502b6043,win,2,3,3,mate in 2,1,1,1,0,0,0,0,2,28
114a900369fe,108911807c08:18080800880b8183,win,2,3,3,mate in 2,1,1,1,0,0,0,0,2,27
6653274455b5,200436361a:20003002b00080e5,win,3,5,5,mate in 3,1,2,1,1,0,0,1,2,26
b22a6204adce,c1000190404958:c06989b081,win,2,3,3,mate in 2,1,1,1,0,0,0,0,2,27
9a986ac3758a,1009588980041081:808080005889c80c,win,6,11,11,mate in 6,5,1,1,0,0,0,0,6,28
5f66e9dcacfd,89700030803088:300000894009c013,win,5,9,9,mate in 5,4,1,1,0,0,0,1,4,26
5a65184de061,c126010221063:1020000c024ce20c,win,3,5,9,mate in 5,1,2,0,0,0,2,1,2,28
cdb7fac8a70a,30200a028d0e8:400352032a13,win,5,9,9,mate in 5,3,2,1,1,0,0,1,4,28
b1eb841747cb,900002260d328:14911092445,win,3,5,5,mate in 3,2,1,1,0,0,0,0,3,26
f17a112a07d0,1800ce4012604:80082401120cd009,win,2,3,3,mate in 2,0,2,1,1,0,0,0,2,27
a021f7a86de3,100698001846a:2000214ea5881,win,2,3,3,mate in 2,1,1,1,0,0,0,1,1,27
38945448ce27,190080c04981a:1008040190190485,win,2,3,3,mate in 2,0,2,1,1,0,0,1,1,26
25cfb3bdf73e,190080c84981a:10080401901904a5,win,2,3,3,mate in 2,0,2,1,1,0,0,0,2,28
2354742b1471,200400900c7238:8400802004308447,win,8,15,29,mate in 15,0,8,1,1,0,6,6,2,26
96678bb1a58b,108208c22512a:20440150098c91,win,4,7,7,mate in 4,2,2,1,1,0,0,1,3,28
61fa5e2978a6,9000290119292:8219060a0c49,win,2,3,3,mate in 2,1,1,1,0,0,0,0,2,27
c026b6148021,308c10012015101:209e118a218,win,2,3,3,mate in 2,1,1,1,0,0,0,1,1,27
4b84a515f1ab,1a20131013600:b200140086088109,win,2,3,3,mate in 2,0,2,1,1,0,0,1,1,27
955af9d7f5e9,11009005a121a:10480050d001c141,win,3,5,5,mate in 3,1,2,1,1,0,0,0,3,27
32740d210cd8,3880698028808:8800000100ad10a7,win,2,3,3,mate in 2,0,2,1,1,0,0,0,2,27
f9fe4fa88cf1,20026010027264:20002368851b,win,2,3,3,mate in 2,1,1,1,0,0,0,0,2,27
d36aacb51ea5,1810008a418c52:8218101e120d,win,3,5,5,mate in 3,2,1,1,0,0,0,0,3,28
67a30abbf3cc,1018000dc1018009:11010101c5134,win,2,3,3,mate in 2,1,1,1,0,0,0,0,2,26
d2badf770c6f,1018010dc1018009:15010101c5134,win,2,3,3,mate in 2,1,1,1,0,0,0,0,2,28
f95217213274,9041500045612:1002089619800d,win,2,3,3,mate in 2,1,1,1,0,0,0,1,1,27
0523e550908a,28800070708161:2028800c761c,win,8,15,23,mate in 12,1,7,0,0,0,7,6,2,28
92fc0738cfa3,111080068a30a:1108800191011461,win,12,23,37,mate in 19,2,10,1,0,0,9,5,7,27
f27aedf7b687,241006050081063:400042018261e208,win,2,3,3,mate in 2,1,1,1,0,0,0,0,2,27
1a530dc451f7,9800008aa981a:8a9800521a5,win,2,3,3,mate in 2,1,1,1,0,0,0,0,2,28
b8ee04681b2b,21802c0079141:100040011888489e,win,7,13,15,mate in 8,1,6,1,1,0,4,4,3,28
5cf290925f1e,8190045202d201:10000081808d248e,win,7,13,15,mate in 8,0,7,1,1,0,5,4,3,28
63671f9f86c2,10d00840d8809:8100800909001594,win,2,3,3,mate in 2,1,1,1,0,0,0,0,2,26
a5fb9604e94a,90b00120b1109:1800100b09008a92,win,2,3,3,mate in 2,1,1,1,0,0,0,0,2,28
e325b7c81cd1,208004190649824:8001820803090349,win,7,13,19,mate in 10,1,6,0,0,0,6,3,4,28
eb45ed834506,2842b10a151:1000180cd1a8c,win,2,3,3,mate in 2,0,2,1,1,0,0,0,2,28
b1863faaf818,11002004e1247:10020049d001c128,win,2,3,3,mate in 2,1,1,1,0,0,0,0,2,27
b540445b883e,9000d000b9062:2004214640c1d,win,2,3,3,mate in 2,1,1,1,0,0,0,0,2,27
fd8ff26c7bf7,409002081283128:1020150934018401,win,2,3,3,mate in 2,1,1,1,0,0,0,0,2,27
cc18b5f3873a,9054280038458:8000800905583103,win,7,13,35,mate in 18,1,6,0,0,1,5,3,4,28
4e8cfbb17fc9,100001c254a32:4058002b50d,win,2,3,3,mate in 2,1,1,1,0,0,0,0,2,26
539de76fe72d,1000845294872:10005018010958d,win,2,3,3,mate in 2,1,1,1,0,0,0,0,2,28
27e8c690cbc2,c02039208b022:1800c0007431d,win,2,3,3,mate in 2,1,1,1,0,0,0,0,2,28
407a9f720876,120009608741a:20001209602182a1,win,3,5,5,mate in 3,1,2,1,1,0,0,0,3,28
d8e2f7310ebd,1409100184228408:2042a18091823,win,11,21,33,mate in 17,1,10,0,0,1,9,7,4,27
2cc9e1586256,2a093100a8128:80000000a1913293,win,5,9,9,mate in 5,0,5,1,1,0,3,3,2,28
cdd24374b77f,10101310bb004:1083008c004410b,win,2,3,3,mate in 2,1,1,1,0,0,0,0,2,26
838c1c1cae6f,906b800a845:880080400146138a,win,7,13,29,mate in 15,0,7,1,0,0,6,4,3,28
04654b3556ce,1c80888282a009:80000016001c1396,win,3,5,5,mate in 3,2,1,1,0,0,0,1,2,28
3677642c336d,51a0001050b410:51e40940c9,win,2,3,3,mate in 2,1,1,1,0,0,0,0,2,27
ffcd78c6edde,108990000801d824:8990ac2099,win,8,15,31,mate in 16,3,5,1,0,0,4,4,4,28
eba50098c452,100c12c002848301:280000c914810cc,win,10,19,33,mate in 17,3,7,1,0,0,6,5,5,28
be27d7aa6435,22090000140b4429:22092220b292,win,2,3,3,mate in 2,0,2,1,1,0,0,0,2,28
23baf7ef6f96,2021085117901:80027202869a,win,2,3,3,mate in 2,1,1,1,0,0,0,1,1,28
a83b46493bef,9001864885c01:1020811811a09a,win,2,3,3,mate in 2,1,1,1,0,0,0,0,2,28
53cb94994bfc,2080805c801c201:10208020c389c,win,4,7,7,mate in 4,3,1,1,0,0,0,0,4,26
6efeaf551f05,10820098818d404:1007101295b,win,2,3,3,mate in 2,1,1,1,0,0,0,0,2,28
08ee6151770e,211200444116c0:402112a8c029,win,5,9,13,mate in 7,1,4,0,0,0,4,3,2,26
62296c6bba49,2800a001609145:1009908920b8,win,4,7,7,mate in 4,3,1,1,0,0,0,0,4,26
dcb2b437947a,b20080904805c:3a01b2903,win,2,3,3,mate in 2,1,1,1,0,0,0,0,2,26
3ae83c2c71f0,91002040e9452:8002800d9001402d,win,2,3,3,mate in 2,1,1,1,0,0,0,1,1,28
e14d8c6f296e,104e100a0c089:800000544b1c62,win,2,3,3,mate in 2,0,2,1,1,0,0,0,2,27
0920074f3104,11088500044181c1:800010099188340c,win,2,3,3,mate in 2,0,2,1,1,0,0,0,2,28
579f9bdbc473,1700024403638:304000415001c143,win,2,3,3,mate in 2,0,2,1,1,0,0,1,1,28
e398e69fc614,90090003081c8805:98189003109a,win,2,3,3,mate in 2,1,1,1,0,0,0,0,2,28
732f2cccf912,400278031208b:90088208e9034,win,3,5,9,mate in 5,0,3,1,1,0,1,0,3,28
a5821ad8177a,2830088d0ac:82000812072a43,win,2,3,3,mate in 2,1,1,1,0,0,0,0,2,27
e436f791c6ed,112000ac802c5:208000d90059828,win,5,9,15,mate in 8,1,4,0,0,1,3,2,3,27
ea96f6d16837,100802a884098601:221140112a010a8,win,3,5,9,mate in 5,1,2,1,1,0,0,0,3,28
cd0c75893554,2090000880ad806:1000120912012219,win,2,3,3,mate in 2,0,2,1,1,0,0,0,2,26
f5826aa8d2fd,10000860d9342:5091102448d,win,2,3,3,mate in 2,1,1,1,0,0,0,0,2,26
6e1b4a378fa9,2d081890329:488108025090d4,win,2,3,3,mate in 2,1,1,1,0,0,0,0,2,28
86459ebab2e4,c080434802c05:3088880d9088,win,9,17,33,mate in 17,2,7,1,0,0,6,5,4,26
fab69b337096,a2002101c2192:20000118a182900d,win,2,3,3,mate in 2,1,1,1,0,0,0,1,1,27
d93f8b627766,56000200da148:2000004544405415,win,2,3,3,mate in 2,1,1,1,0,0,0,0,2,26
d0bdeae675e1,900012640c161:20850093e0a,win,2,3,3,mate in 2,1,1,1,0,0,0,0,2,26
f02aecf70c5b,18029802a9142:900010421041083d,win,2,3,3,mate in 2,0,2,1,1,0,0,1,1,28
951ef6924909,3009000508098228:380830247805,win,3,5,9,mate in 5,0,3,0,0,0,3,2,1,27
fc7c9ab40618,1800820195505:800010019604a258,win,3,5,5,mate in 3,2,1,1,0,0,0,1,2,27
c185d7c26e6b,109110109ce:1109104000d89011,win,2,3,3,mate in 2,1,1,1,0,0,0,0,2,27
e9dfe13d0c02,801002004901794:88198218829,win,3,5,5,mate in 3,1,2,1,1,0,0,0,3,26
2eae5ef5f31a,1081000061c82449:4050c19001d180,win,2,3,3,mate in 2,1,1,1,0,0,0,0,2,28
c84e4b51439d,85221ca819:8088820890811284,win,10,19,29,mate in 15,1,9,0,0,1,8,5,5,28
700d26188966,1008005002118297:10100c904e3048,win,2,3,3,mate in 2,1,1,1,0,0,0,1,1,28
dc3cd24b49b2,900002861d940:8000a029c0082029,win,2,3,3,mate in 2,1,1,1,0,0,0,0,2,26
59edaf23bd7c,81000290431c12:28081088080ed,win,3,5,5,mate in 3,1,2,1,1,0,0,0,3,26
ee1d04d6a2ca,100a01009128a144:100100e0006123b,win,2,3,3,mate in 2,0,2,1,1,0,0,0,2,28
90e336afe5da,200c100c101c45:1c001020102a403a,win,3,5,7,mate in 4,2,1,0,0,1,0,0,3,27
85961493b651,1009c2496088:208624030009a41,win,3,5,7,mate in 4,1,2,1,1,0,0,1,2,27
778de4dc7447,9002014e030c5:801089a009842a,win,3,5,5,mate in 3,2,1,1,0,0,0,0,3,28
045bff683c95,28000812431389:210620128a072,win,3,5,9,mate in 5,0,3,0,0,1,2,2,1,28
531b71ccef0c,1c90801005928:c9080001c8298001,win,2,3,3,mate in 2,1,1,1,0,0,0,0,2,27
99c60f4881c1,1559000105409:1100000155890190,win,9,17,33,mate in 17,2,7,0,0,1,6,7,2,26
6f7bc65391f1,1008802108812099:11008b0289860,win,3,5,9,mate in 5,0,3,0,0,0,3,2,1,26
19a69c0c8126,911007804201b:480d01195904,win,2,3,3,mate in 2,1,1,1,0,0,0,0,2,28
007d9eaa8e23,128808485a20c:a080840528001c81,win,3,5,5,mate in 3,1,2,1,1,0,0,1,2,28
80da68b8a97e,a6a40614a1:9004940010a0e006,win,2,3,3,mate in 2,0,2,1,1,0,0,0,2,28
1296731f395a,308841c8205028:800000301051a8d1,win,6,11,11,mate in 6,5,1,1,0,0,0,0,6,28
9f3c7d17a9e7,20826011600a508:14009008a1091211,win,3,5,5,mate in 3,2,1,1,0,0,0,0,3,28
df4521c7ec60,100c0400120a9482:120e0484220d,win,2,3,3,mate in 2,0,2,1,1,0,0,0,2,26
84695e953a4d,100c0400120a9482:120e0484221d,win,2,3,3,mate in 2,0,2,1,1,0,0,0,2,27
d7e908cff3c5,100c0400920a9482:120e0484221d,win,2,3,3,mate in 2,0,2,1,1,0,0,0,2,28
f3c5a7107707,4100092a03861:100100252005828c,win,5,9,15,mate in 8,1,4,0,0,0,4,3,2,26
443dd163ffea,1902210068a81:2008018861106e,win,2,3,3,mate in 2,0,2,1,1,0,0,0,2,27
1dd29dd578a6,21000902d8324:100180230002109b,win,2,3,3,mate in 2,0,2,1,1,0,0,0,2,26
c6089c1de370,108800092194618:900013080100b183,win,2,3,3,mate in 2,0,2,1,1,0,0,0,2,28
abc5c67dd2e5,90020c0aa5081:8000908b1001802a,win,8,15,35,mate in 18,1,7,1,0,0,6,2,6,26
44c2fd67da56,10811400082c1885:a994818468,win,2,3,3,mate in 2,1,1,1,0,0,0,1,1,28
bb1bb4d42bec,10815341503:1180010000ba03c,win,2,3,3,mate in 2,1,1,1,0,0,0,0,2,26
d5a2595e60d2,1120011619684:100004a10680016b,win,7,13,23,mate in 12,0,7,1,0,0,6,4,3,28
f22c4613c053,10099a0829808:300018196093,win,2,3,3,mate in 2,1,1,1,0,0,0,1,1,26
5150b97e14c5,c4000d80842c8:4000104c00c59805,win,3,5,5,mate in 3,2,1,1,0,0,0,0,3,27
b8427a0ceed6,18222880299202:a00080102210603d,win,2,3,3,mate in 2,1,1,1,0,0,0,0,2,28
211e17cf212d,100196200d412:2080200101922a9,win,3,5,7,mate in 4,0,3,1,0,0,2,2,1,26
a3265d74aeab,1004c80441c0e:40003141ba051,win,3,5,9,mate in 5,0,3,1,0,0,2,2,1,27
9970a6801ad9,d00080501b0c1:5300e450e,win,8,15,33,mate in 17,3,5,0,0,1,4,4,4,26
2bce67c7d7b6,3009b0014a18:900980004008b185,win,3,5,5,mate in 3,2,1,1,0,0,0,1,2,27
fc4f113b49eb,a0100838892a1:8020802a0422250a,win,8,15,35,mate in 18,1,7,1,0,0,6,5,3,28
1418daba3edf,41100190091a18:100082480ac0c0c1,win,3,5,5,mate in 3,1,2,1,1,0,0,0,3,27
eb971f3d54f5,108900410a008a81:128890c91048,win,2,3,3,mate in 2,0,2,1,1,0,0,0,2,26
98a0ccbb14db,20800000568c147:22812013e38,win,2,3,3,mate in 2,1,1,1,0,0,0,0,2,28
3f42da979805,208000d804d1081:1124012808a4c,win,2,3,3,mate in 2,1,1,1,0,0,0,0,2,26
484b2c4a24cd,208080d804d1081:112401a808a4c,win,2,3,3,mate in 2,1,1,1,0,0,0,0,2,28
ef7c0074f2e5,20906a502b:21004900158454,win,2,3,3,mate in 2,1,1,1,0,0,0,0,2,26
92541fe1f1c1,5104490021066:100000030145a519,win,4,7,7,mate in 4,3,1,1,0,0,0,1,3,27
088004d2d2f8,8190008085842a:80000087100252c5,win,2,3,3,mate in 2,0,2,1,1,0,0,1,1,27
ef9ff22824b3,500920091804108c:5800e009e803,win,2,3,3,mate in 2,1,1,1,0,0,0,0,2,28
36517e7ac519,22300004ca0c5:46a303130a,win,2,3,3,mate in 2,1,1,1,0,0,0,0,2,27
1f1523fab6ae,211856284b:13040a02190b4,win,6,11,11,mate in 6,0,6,1,1,0,4,2,4,28
9acc6648c392,4a0014404bc82:80010004b041405d,win,3,5,5,mate in 3,1,2,1,1,0,0,0,3,28
e28bbf6749c9,108000c14015605:700430e814a,win,2,3,3,mate in 2,1,1,1,0,0,0,1,1,27
37594d34ed7e,423040d844a:4018000906230a5,win,2,3,3,mate in 2,1,1,1,0,0,0,1,1,27
cb392a6287db,10091021024020e1:2089029d21c,win,9,17,35,mate in 18,1,8,0,0,0,8,6,3,27
27fea91768b0,108100809ea81:808800990301078,win,9,17,37,mate in 19,3,6,0,0,1,5,5,4,27
a057e194e3c5,1099184c8054:100908000091198b,win,7,13,31,mate in 16,1,6,1,0,0,5,5,2,28
7c51bd797588,1340330003803:340008000c838498,win,6,11,11,mate in 6,2,4,1,1,0,2,2,4,27
6505f00bd714,2010188088541a:10080420143180a5,win,3,5,5,mate in 3,2,1,1,0,0,0,0,3,27
3012be83b2ff,15018434858:48000a01189303,win,2,3,3,mate in 2,1,1,1,0,0,0,0,2,26
a433d7f24a65,1508a5080808a:10880001880b5a01,win,2,3,3,mate in 2,0,2,1,1,0,0,0,2,27
a82265805c82,441000609b462:461064b1d,win,3,5,5,mate in 3,1,2,1,1,0,0,0,3,28
ca4015486adf,1851095018904:911010010010149b,win,2,3,3,mate in 2,1,1,1,0,0,0,0,2,28
fccc0bf9009e,902429209c202:242800940421449,draw,7,13,36,draw,1,6,0,0,0,6,2,5,28
63e469a35f13,920403a408291:40008980993848,win,2,3,3,mate in 2,1,1,1,0,0,0,0,2,28
dbf8d64b842e,a000470a83094:100a0017432b,win,2,3,3,mate in 2,1,1,1,0,0,0,0,2,28
f2cdf7e6c8fe,90308020c9a01:30008019d01050c,win,8,15,33,mate in 17,1,7,0,0,1,6,5,3,27
11773e8eff40,1100004498a4d:120002091b001582,win,2,3,3,mate in 2,0,2,1,1,0,0,0,2,27
1f20d067e74a,810ac018088a01:8800800182c110c8,win,3,5,9,mate in 5,1,2,1,1,0,0,1,2,26
a08f41829d5f,93022a001a01a:30200009112a1121,win,2,3,3,mate in 2,1,1,1,0,0,0,0,2,28
c63b187bfb64,10004e006b08a:8900b10094805,win,7,13,15,mate in 8,5,2,1,1,0,0,1,6,26
bf31b06f0195,1800008020d8855:8018011d01388,win,3,5,5,mate in 3,1,2,1,1,0,0,0,3,26
7c41ac6a4b0d,1800008820d8855:8038011d01388,win,3,5,5,mate in 3,1,2,1,1,0,0,0,3,28
64c505927a86,1010086598454:21951045309,win,2,3,3,mate in 2,1,1,1,0,0,0,0,2,28
efe0a421f5e1,10c220c492c:c02000123b603,win,2,3,3,mate in 2,1,1,1,0,0,0,1,1,27
888df6c441a1,13104d114a:5004483128215,win,2,3,3,mate in 2,1,1,1,0,0,0,1,1,27
f023742fb63b,1000449498151:401110145e0c,win,2,3,3,mate in 2,1,1,1,0,0,0,0,2,26
8bd1927074ac,1080449498151:4401110145e0c,win,2,3,3,mate in 2,1,1,1,0,0,0,0,2,28
3725d8e71620,a400884281c61:90027043e00a,win,2,3,3,mate in 2,1,1,1,0,0,0,0,2,28
bddf8d118eed,5009000020a12968:5009d008d085,win,2,3,3,mate in 2,1,1,1,0,0,0,0,2,28
06632a5f02df,28440041205708:400000280449a863,win,5,9,17,mate in 9,0,5,1,1,0,3,3,2,27
67ec2bc5ae3b,1008120400859083:2040009920a0a0c,win,3,5,5,mate in 3,2,1,1,0,0,0,0,3,26
0fa08793d12f,34002403340a1:4090009108808c1a,win,12,23,35,mate in 18,1,11,1,0,0,10,6,6,27
c4079ac3e6a5,100900021012944a:21019800902b1,win,3,5,7,mate in 4,1,2,1,1,0,0,1,2,26
572b0b812cae,d91054861:800180000608978c,win,6,11,11,mate in 6,0,6,1,1,0,4,3,3,27
4c01e1d98a4d,1406118249b:120447d944,win,7,13,35,mate in 18,2,5,1,0,0,4,2,5,28
ec5b91eb7405,18404840c49045:4010901018619a,win,3,5,5,mate in 3,2,1,1,0,0,0,0,3,28
c290c2ab011d,34880a401908c:358866c03,win,2,3,3,mate in 2,1,1,1,0,0,0,0,2,28
f6cc7e1c745c,1004082782438:115019347,win,3,5,5,mate in 3,2,1,1,0,0,0,0,3,26
818fae6056ee,104800414a008245:118081049580a,win,2,3,3,mate in 2,0,2,1,1,0,0,1,1,26
1602d1c2b14c,a1084048400d9:84000a106a1426,win,2,3,3,mate in 2,0,2,1,1,0,0,0,2,27
dd5ed0a3476c,91020a025e00c:1020c00950081a21,win,2,3,3,mate in 2,1,1,1,0,0,0,0,2,28
2c71852c837f,218000062025681:2189018a81a,win,4,7,7,mate in 4,3,1,1,0,0,0,0,4,26
66bf20579a4b,218000062825681:2189818a81a,win,3,5,5,mate in 3,2,1,1,0,0,0,0,3,28
f35f02797474,10091821010a9088:800010a18a10923,win,2,3,3,mate in 2,1,1,1,0,0,0,0,2,28
6b502e734acb,900140d1418320:10000b000b050d9,win,2,3,3,mate in 2,1,1,1,0,0,0,0,2,28
c9dee4a98615,9900694018007:80040409000e3498,win,2,3,3,mate in 2,1,1,1,0,0,0,0,2,28
8338989a4a40,200438104c122c:448104006308451,win,8,15,25,mate in 13,2,6,1,0,0,5,3,5,28
197ede13e639,2088028804a892:8800002000ab112d,win,2,3,3,mate in 2,1,1,1,0,0,0,1,1,27
25114330e366,11808198a1908:188a008380018083,win,5,9,9,mate in 5,4,1,1,0,0,0,1,4,28
f52255ffd3a5,10260122a9842:800098045432d,win,2,3,3,mate in 2,1,1,1,0,0,0,0,2,28
0e82bbfc1b3a,100509d490109:8040890900109c50,win,2,3,3,mate in 2,1,1,1,0,0,0,0,2,28
5103a7c2bdfc,20c82681827:900090001804a2d8,win,3,5,5,mate in 3,2,1,1,0,0,0,0,3,28
14f92f66846b,a00422018310a8:1008108814288503,win,2,3,3,mate in 2,1,1,1,0,0,0,0,2,27
4507d71a5055,2880080a101a99:12a090a8a160,win,9,17,29,mate in 15,0,9,1,0,0,8,4,5,28
129f343722b3,8698848869:80009000400b5496,win,3,5,5,mate in 3,1,2,1,1,0,0,0,3,28
15d7e574f660,100a000050a451a4:80108a010b880b,win,2,3,3,mate in 2,1,1,1,0,0,0,0,2,28
69dac16f84cb,c404030c0d041:4040100c400d208c,win,3,5,5,mate in 3,1,2,1,1,0,0,0,3,26
a53a76dfc837,c404030c2d041:4040100c400d208e,win,2,3,3,mate in 2,0,2,1,1,0,0,0,2,28
6dac748b465a,1008080719055:809021118009a8,win,2,3,3,mate in 2,1,1,1,0,0,0,0,2,26
ddf983b0239b,2100e080d808c:d000110425c43,win,4,7,7,mate in 4,2,2,1,1,0,0,0,4,27
b4979d7a3b6d,8980d010009494:8000000984d9004b,win,3,5,5,mate in 3,2,1,1,0,0,0,0,3,28
17d253098e83,c1946805c8:9041940000819023,win,2,3,3,mate in 2,1,1,1,0,0,0,0,2,28
91466b8abebc,4109018910800d:8800804020492952,win,3,5,5,mate in 3,1,2,1,1,0,0,0,3,27
9ed26fa18dec,1008000a2402ab02:202120012085439,win,2,3,3,mate in 2,1,1,1,0,0,0,0,2,27
3b58dbae9637,2000600c4844cb:40088080a1ba24,win,2,3,3,mate in 2,1,1,1,0,0,0,0,2,28
ab26e3b2e19a,180a040a0081c50:18805c0a389,win,3,5,7,mate in 4,1,2,1,1,0,0,0,3,27
5d2f22749a02,403040c498b:1008099839444,win,3,5,7,mate in 4,1,2,1,1,0,0,0,3,27
bbd8c5cfb79a,10080004d0919284:80009009020e401b,win,2,3,3,mate in 2,1,1,1,0,0,0,0,2,28
323151161be8,1180894007e00:1000040108a981a9,win,4,7,7,mate in 4,2,2,1,1,0,0,1,3,27
05c08c369f36,110005a20d688:1000002180892867,win,4,7,7,mate in 4,3,1,1,0,0,0,1,3,28
9079c7380edb,20a060109083484:200a26030b0b,win,8,15,17,mate in 9,1,7,0,0,1,6,6,2,28
204c76bbded5,10400048889e6:a102313619,win,10,19,19,mate in 10,2,8,1,1,0,6,7,3,27
3cbe6dd763a7,209844114c6:10400522cc229,win,2,3,3,mate in 2,1,1,1,0,0,0,0,2,27
cd8523d561e0,114108281162c:4100081143880d1,win,3,5,5,mate in 3,2,1,1,0,0,0,0,3,28
14e1de7dfc73,81014180509318:1000280538160c1,win,3,5,5,mate in 3,1,2,1,1,0,0,0,3,28
18b68298e36d,190108c08548c:80150958871,win,7,13,31,mate in 16,2,5,1,0,0,4,3,4,28
7f312d6925cf,1008008b3102b:880019000cc894,win,2,3,3,mate in 2,1,1,1,0,0,0,0,2,26
a19ad27ac84b,2500009a089a02:8250125012d,win,10,19,33,mate in 17,1,9,1,0,0,8,8,2,26
3da5416fc590,90002811419142:9100ba00b9,win,2,3,3,mate in 2,1,1,1,0,0,0,1,1,26
d4fe01c03989,28100990013181:9001802008288878,win,3,5,5,mate in 3,2,1,1,0,0,0,0,3,27
acc057fbe401,190211c004c09:90004400c2299220,win,2,3,3,mate in 2,1,1,1,0,0,0,0,2,27
ff770c85c3dc,2080092017609:200020a080e8846,win,2,3,3,mate in 2,1,1,1,0,0,0,0,2,26
b4c193563497,200c0888005c1a:8080020452b8121,win,2,3,3,mate in 2,1,1,1,0,0,0,0,2,27
a80d3155014d,1120180281a07:900888281a018028,win,2,3,3,mate in 2,1,1,1,0,0,0,0,2,27
9fe663b6a10b,1080088c78944:880481050108108b,win,2,3,3,mate in 2,1,1,1,0,0,0,0,2,28
f3b6b9a6971d,1009201090183820:a000980928018019,win,3,5,5,mate in 3,2,1,1,0,0,0,0,3,27
3872340903e6,b902900039002:100000029028413d,win,2,3,3,mate in 2,1,1,1,0,0,0,0,2,26
f9f181d6a41a,b902900039002:100000029128413d,win,2,3,3,mate in 2,0,2,1,1,0,0,0,2,27
3d260c822ef9,41404b8081c06:9000a0000425a229,win,8,15,25,mate in 13,1,7,1,0,0,6,4,4,28
106995385f74,1401110587804:4000004c60058059,win,2,3,3,mate in 2,1,1,1,0,0,0,0,2,26
8b40c826c93c,102e8024018b:100800001a0a9a34,win,2,3,3,mate in 2,0,2,1,1,0,0,0,2,27
c3df45508c5b,91800008bc881:900080899800140a,win,4,7,7,mate in 4,2,2,1,1,0,0,0,4,26
30dfdb0f20a8,91800008bc881:900080899800340a,win,2,3,3,mate in 2,0,2,1,1,0,0,0,2,27
59bc30052091,14181a082c98:208028025909301,win,2,3,3,mate in 2,1,1,1,0,0,0,0,2,28
a00366af9ecc,18021a200d206:8020020010652869,win,2,3,3,mate in 2,0,2,1,1,0,0,1,1,27
5749d083a176,110901002409d008:140951002513,win,2,3,3,mate in 2,1,1,1,0,0,0,0,2,26
4b6ceb038128,106208060568c:8000800116098073,win,4,7,7,mate in 4,3,1,1,0,0,0,1,3,28
b35fba856089,180408a194852:40021141429309,win,3,5,5,mate in 3,1,2,1,1,0,0,0,3,28
012b29c83bfa,100810814221c20c:8000c028908c10a1,win,2,3,3,mate in 2,1,1,1,0,0,0,0,2,28
9feb2b7d93fe,801000290a1c1a2:9000980109023809,win,8,15,29,mate in 15,2,6,1,1,0,4,6,2,28
0e5442a9ac59,909d2499:104152402d006,win,2,3,3,mate in 2,1,1,1,0,0,0,0,2,26
e51aefc61420,2909d2499:104156402d006,win,4,7,7,mate in 4,2,2,1,1,0,0,0,4,28
6ba550802722,20900130031688:900000208028e073,win,4,7,7,mate in 4,3,1,1,0,0,0,1,3,27
044a8c79c0a4,1100c0a048a1c:1004000190895083,win,7,13,13,mate in 7,1,6,1,1,0,4,5,2,26
27906675a96a,9099000914a8:9008000090b0c111,win,6,11,13,mate in 7,1,5,1,0,0,4,3,3,26
fafdd37a6bb3,28104b00099841:10030020906200ae,win,2,3,3,mate in 2,1,1,1,0,0,0,1,1,28
a84b473ff21f,10090ca511a8:1009018091088c05,win,5,9,17,mate in 9,1,4,1,0,0,3,3,2,28
fae2d14fa2fa,180181a013a08:80180801a0188051,win,2,3,3,mate in 2,1,1,1,0,0,0,0,2,26
b8d965df2eb7,1008910900008945:10800994d7008,win,2,3,3,mate in 2,1,1,1,0,0,0,0,2,27
6b3e2dd6ea18,419001c2018488:9000004010605a65,win,2,3,3,mate in 2,1,1,1,0,0,0,1,1,27
cd2a776f5b6d,20020293281582:100010a00083e229,win,5,9,13,mate in 7,1,4,0,0,0,4,3,2,28
e2e2be7d7be9,10000341cb40a:41981014195,win,2,3,3,mate in 2,1,1,1,0,0,0,0,2,26
4edd512b7d01,90218d6008109:4000450101195610,win,2,3,3,mate in 2,0,2,1,1,0,0,0,2,28
381f938ff849,18100a8051944:805114aa08b,win,2,3,3,mate in 2,1,1,1,0,0,0,0,2,27
3b1a40eb7fc7,1008030806408323:2001000912934c8,win,5,9,11,mate in 6,3,2,1,0,0,1,1,4,28
447ce0a586c1,241308d1288:4800888240a155,win,4,7,7,mate in 4,3,1,1,0,0,0,1,3,27
b14bf2e8b022,1980126002d018:1000300990192403,win,3,5,5,mate in 3,1,2,1,1,0,0,0,3,28
6742880bf946,100830818200c303:81000871893088,win,2,3,3,mate in 2,0,2,1,1,0,0,0,2,28
40f2fc7a9f6e,10689ca00229:280c0000499dc0,win,2,3,3,mate in 2,1,1,1,0,0,0,0,2,28
d6262a6ed1dc,180019c418242:9000164002025c09,win,2,3,3,mate in 2,0,2,1,1,0,0,0,2,27
c30edef82dc5,100c004090109253:920c024c098c,win,3,5,5,mate in 3,1,2,1,1,0,0,0,3,28
c05955f3eee3,104084405d807:9007b00a2418,win,2,3,3,mate in 2,1,1,1,0,0,0,0,2,28
54a48328a301,100a000891088554:800091060006520b,win,10,19,33,mate in 17,0,10,1,0,0,9,6,4,28
5684f4cfdd67,18004b4051c01:900038010800a05c,win,2,3,3,mate in 2,1,1,1,0,0,0,0,2,26
59443bee660a,18004b40d1c01:900038010800a15c,win,2,3,3,mate in 2,1,1,1,0,0,0,0,2,28
6b8dd43b5e52,a0102012099601:1008008884a200aa,win,3,5,5,mate in 3,2,1,1,0,0,0,1,2,26
a6de29634c22,9102b80004429:10008400542b9012,win,2,3,3,mate in 2,1,1,1,0,0,0,1,1,27
034fe291e339,1220800713621:51a608805e,win,4,7,9,mate in 5,2,2,1,1,0,0,1,3,28
3271bcadfbfc,1900c10159005:900c001181880198,win,3,5,5,mate in 3,2,1,1,0,0,0,1,2,27
8dd3363c1dd6,50008106a403b:800056085b0c4,win,10,19,25,mate in 13,2,8,0,0,0,8,8,2,28
a6ff4bcc0620,11a0800868a0b:100400079a091084,win,3,5,7,mate in 4,1,2,1,1,0,0,1,2,28
94b66a6086f0,92040a0205843:802b104ba028,win,3,5,5,mate in 3,2,1,1,0,0,0,0,3,27
1cde397c64ff,21004404458914:4002108b024e9,win,3,5,5,mate in 3,1,2,1,1,0,0,0,3,27
c2f7b51f784b,10981008900b0081:800180910090903a,win,2,3,3,mate in 2,0,2,1,1,0,0,0,2,27
4dc63f932c07,1009002a0008d036:20100590272809,win,3,5,9,mate in 5,1,2,1,1,0,0,1,2,28
d08fda8c5596,1058100000439045:8000805a9018001a,win,7,13,33,mate in 17,1,6,0,0,0,6,5,2,26
8f1d3bd524e2,1029000010494419:1069c4209060,win,2,3,3,mate in 2,1,1,1,0,0,0,0,2,26
8f6493a2294e,1029000010c94419:1069c42090e0,win,2,3,3,mate in 2,1,1,1,0,0,0,0,2,28
3cbf8f9af05c,100808880094108e:801010180b8851,win,4,7,9,mate in 5,2,2,1,1,0,0,1,3,26
0d61e94b3a3e,12202aa091902:900090091102a209,win,5,9,9,mate in 5,0,5,1,1,0,3,2,3,28
26ee054a7b3b,1802000500858909:1180239023086,win,2,3,3,mate in 2,1,1,1,0,0,0,1,1,27
6d1d323f46ab,13100b0091811:110000094180e18c,win,2,3,3,mate in 2,1,1,1,0,0,0,0,2,27
350a83774160,50001820ba852:8000820c1004170d,win,9,17,31,mate in 16,1,8,1,1,0,6,6,3,28
26cd7b6d5c0b,100000742961c:551001d0143,win,2,3,3,mate in 2,0,2,1,1,0,0,0,2,26
170117843dc2,210000141d8918:80439012014a5,win,2,3,3,mate in 2,0,2,1,1,0,0,1,1,27
faaf3c700de4,110210a209491:10000800d4094b28,win,2,3,3,mate in 2,0,2,1,1,0,0,0,2,27
a96560aae683,1418902801d1:9008800005109e28,win,3,5,9,mate in 5,1,2,1,1,0,0,1,2,27
251c94a1ab3d,1980990050608:800802040a0898a5,win,3,5,5,mate in 3,2,1,1,0,0,0,1,2,27
657426ec38ae,18028d8301418:802040010449c861,win,6,11,17,mate in 9,1,5,0,0,0,5,4,2,28
40520eceabaf,1050000809190d2:1053104212d,win,9,17,35,mate in 18,0,9,0,0,1,8,5,4,26
c451639984b5,42d04209581:4090000104d407c,win,2,3,3,mate in 2,0,2,1,1,0,0,0,2,27
9a37f540d8b5,2000113105101b:130208030a964,win,4,7,7,mate in 4,2,2,1,1,0,0,0,4,27
f916287490e0,2090091002830e:9009022082291021,win,2,3,3,mate in 2,1,1,1,0,0,0,0,2,27
3d7a2670b175,2090091006830e:9009022082291021,win,2,3,3,mate in 2,0,2,1,1,0,0,0,2,28
ef8d28b9617b,290009804a234:9000000606021d0b,win,5,9,9,mate in 5,3,2,1,1,0,0,0,5,27
118dd336c3e0,a09220e343:10821002008a18b8,win,3,5,5,mate in 3,2,1,1,0,0,0,0,3,28
c9c85a01707e,12820b0203c84:300090010c05802b,win,4,7,7,mate in 4,2,2,1,1,0,0,0,4,28
7dbb006c7d26,91c0910000259:100002000e099ca2,win,7,13,23,mate in 12,0,7,1,0,0,6,5,2,27
06438ecd99dd,1088e088280a8:880001000d3a07,win,2,3,3,mate in 2,1,1,1,0,0,0,0,2,26
c326526742da,29022182241604:1200100c1009812b,win,4,7,7,mate in 4,2,2,1,1,0,0,1,3,28
955510be67ca,689920012c1:20880000cc98c08,win,2,3,3,mate in 2,1,1,1,0,0,0,0,2,26
daaeb00132e5,c010000a024e129:c010c891c94,win,3,5,5,mate in 3,2,1,1,0,0,0,0,3,28
983572ff6638,1088018a90548:140185009aa1,win,2,3,3,mate in 2,1,1,1,0,0,0,0,2,26
874d1b6dc717,5092409200c84:9000001848d8129,win,8,15,33,mate in 17,1,7,0,0,0,7,5,3,27
be420198be7a,18009008be402:80080480a404188d,win,2,3,3,mate in 2,1,1,1,0,0,0,0,2,27
ddedeb8c1e84,10810101a020910a:b0a0118920a1,win,3,5,7,mate in 4,1,2,1,1,0,0,0,3,27
9d04ed89753c,6900791815:102110109004816a,win,8,15,31,mate in 16,1,7,0,0,1,6,3,5,28
bf59e26968db,3000a0c829c08:80008c8180090293,win,3,5,5,mate in 3,2,1,1,0,0,0,0,3,27
b3c3b7e53106,281400900c250c:100000284423d023,win,6,11,17,mate in 9,1,5,0,0,1,4,3,3,27
36704123c02e,50804001a0a1811:13080501870a,win,7,13,23,mate in 12,3,4,1,0,0,3,3,4,26
a8170bd14c92,4510810350d:41080015498852,win,2,3,3,mate in 2,1,1,1,0,0,0,0,2,27
28e37d7a4dd1,1900880594441:100004111600b21c,win,2,3,3,mate in 2,1,1,1,0,0,0,0,2,27
1851f81fd9ee,100880094209c044:800150409040160b,win,3,5,5,mate in 3,2,1,1,0,0,0,0,3,27
21c238343ca3,1100098481c62:1000000900a3809d,win,3,5,5,mate in 3,1,2,1,1,0,0,0,3,26
08bd60d62654,1200c12249601:4012c09282e,win,5,9,15,mate in 8,1,4,0,0,0,4,3,2,26
cb0b689c3117,28100044a09c43:140044a8100840b8,win,5,9,15,mate in 8,1,4,1,0,0,3,2,3,28
8047f48e1421,1801912195008:80081200c1028313,win,4,7,7,mate in 4,2,2,1,1,0,0,1,3,27
f87554423590,110048125212d:100480213000d0d2,win,3,5,5,mate in 3,2,1,1,0,0,0,0,3,28
620e42f934f4,140880d9924:8001800521406049,win,7,13,29,mate in 15,1,6,1,0,0,5,4,3,26
63e7e65b9bb9,10900a019a805:18001919001198,win,2,3,3,mate in 2,1,1,1,0,0,0,0,2,26
20d94e665219,18180080d01a29:10099182980d0,win,2,3,3,mate in 2,1,1,1,0,0,0,0,2,28
12351e5dd11b,29002139089800:2000390800212129,win,2,3,3,mate in 2,1,1,1,0,0,0,0,2,26
7e2a5e9412b8,109100011005782:100001094c0b8809,win,3,5,5,mate in 3,2,1,1,0,0,0,0,3,27
4d523099f631,10010221d418c:3814180b211,win,2,3,3,mate in 2,1,1,1,0,0,0,0,2,26
4d0a422080f2,12010221d418c:3894180b211,win,2,3,3,mate in 2,1,1,1,0,0,0,0,2,28
14a5c56eb966,1080d60a0b088:80020980d4925,win,2,3,3,mate in 2,1,1,1,0,0,0,1,1,28
e45c4f9d71d5,12000328141e5:10014810be1a,win,7,13,35,mate in 18,1,6,0,0,1,5,5,2,28
bec7a696644e,1d00a0020c06a:50080021d00b1001,win,3,5,5,mate in 3,1,2,1,1,0,0,0,3,26
31894cfe244e,1d00a0060c06a:50280021d00b1001,win,3,5,5,mate in 3,1,2,1,1,0,0,0,3,28
b4a1738a9dcc,181400209c40e:209e1402b41,win,2,3,3,mate in 2,0,2,1,1,0,0,0,2,27
579cbe7c4082,108040055818c81:48041880008712c,win,2,3,3,mate in 2,1,1,1,0,0,0,0,2,28
a9806845d5a0,818030c160b:1800001810e954,win,3,5,7,mate in 4,2,1,0,0,1,0,0,3,26
7c798413854f,10441008dc198:80908c501c45,win,2,3,3,mate in 2,1,1,1,0,0,0,0,2,28
3c55c2d964d1,20842018a0a800a:c000880840017a01,win,2,3,3,mate in 2,1,1,1,0,0,0,0,2,26
dd27e7c30afe,c10001a0c12a4:1000020c04a28c0b,win,2,3,3,mate in 2,1,1,1,0,0,0,1,1,27
8c967911e800,600023102a4203:202400245b06c,win,2,3,3,mate in 2,0,2,1,1,0,0,0,2,27
455dbe4ef9b8,19b12110a5:98024001ca918,win,2,3,3,mate in 2,0,2,1,1,0,0,0,2,28
c0e1468f0755,9140c10044259:40016649b404,win,2,3,3,mate in 2,1,1,1,0,0,0,0,2,28
610f122be388,2480000a4c23085:82c80208c64a,win,7,13,29,mate in 15,1,6,1,1,0,4,3,4,28
4f2c77b175b9,100219001a2ca:1060104006601c21,win,2,3,3,mate in 2,1,1,1,0,0,0,1,1,27
16a2d2bff0b8,12000d6118540:24121407219,win,2,3,3,mate in 2,1,1,1,0,0,0,0,2,26
581b1a86127c,12100d6118540:40024121407219,win,2,3,3,mate in 2,1,1,1,0,0,0,0,2,28
8cbe761b8c5e,1002944183c11:6800b821c128,win,2,3,3,mate in 2,1,1,1,0,0,0,0,2,28
600f80e5a161,10200a4d01d41:80c11301a298,win,4,7,7,mate in 4,3,1,1,0,0,0,1,3,28
9513719a8bd9,180028030a1e2:800000411143121d,win,8,15,19,mate in 10,2,6,0,0,0,6,5,3,27
7a2c01734fc7,184404040d20e:400020986092441,win,6,11,15,mate in 8,2,4,0,0,0,4,4,2,26
3c3ebd007513,1800006c11e44:4818006c18b,win,8,15,17,mate in 9,1,7,1,1,0,5,4,4,26
dbf2244d8a75,4190900099d:9080014999442,win,2,3,3,mate in 2,1,1,1,0,0,0,0,2,27
76a17ec9c4dd,819080b0012085:40005408cd90a,win,2,3,3,mate in 2,1,1,1,0,0,0,0,2,27
19ee6d881ce7,1908b1018100a:100800108083c891,win,2,3,3,mate in 2,1,1,1,0,0,0,0,2,26
00ca900dd9fd,101810440049110c:11911148851,win,2,3,3,mate in 2,1,1,1,0,0,0,0,2,26
74bf2a043259,101890440049110c:11991148851,win,2,3,3,mate in 2,1,1,1,0,0,0,0,2,28
a31bf9afcc36,12040c24190a4:4000012086624b,win,5,9,9,mate in 5,1,4,1,1,0,2,1,4,26
986d4b678b90,1c04840c0d500:c0000001950920c9,win,3,5,7,mate in 4,1,2,1,1,0,0,0,3,27
fb87a4062b53,18042000295483:101815108938,win,2,3,3,mate in 2,1,1,1,0,0,0,0,2,26
1f41249a8073,18042080295483:400101815108938,win,2,3,3,mate in 2,1,1,1,0,0,0,0,2,28
5d56ac25cf3a,289000a001a0d1:8000002810aa1a2a,draw,5,9,37,draw,1,4,0,0,0,4,3,2,27
7ac043fe694e,1000150d8a588:1000101003015a55,win,3,5,5,mate in 3,1,2,1,1,0,0,0,3,28
bc1d0b7429c3,190c00ac088029:203900313c12,win,4,7,7,mate in 4,3,1,1,0,0,0,0,4,28
d7e44ad32183,d01019101500a:900c600ca305,win,2,3,3,mate in 2,0,2,1,1,0,0,0,2,27
f85612d2da96,101019081891a:8900a410a50c1,win,3,5,9,mate in 5,1,2,0,0,0,2,1,2,27
e696550888ec,900088380b488:8000860124094b01,win,2,3,3,mate in 2,1,1,1,0,0,0,0,2,27
df77eebb1fb7,1120446888588:1000400910055a15,win,2,3,3,mate in 2,0,2,1,1,0,0,1,1,28
4300373e2e35,4020690095304:290012306a00b,win,2,3,3,mate in 2,1,1,1,0,0,0,0,2,27
6a5e841ec1ab,1b000a308d104:a008020910012a19,win,2,3,3,mate in 2,0,2,1,1,0,0,0,2,28
b31e9d46e707,1409002a9080900a:21481042b04a1,win,3,5,5,mate in 3,2,1,1,0,0,0,1,2,28
e9a1ee10be26,e08601c641:21000150e010ac,win,7,13,13,mate in 7,2,5,1,1,0,3,5,2,26
f5d96d85b33c,8120004880dc205:800488120012185a,win,2,3,3,mate in 2,1,1,1,0,0,0,1,1,28
54ab4bf1b046,14000b01920bc:8000a01140a0d441,win,8,15,29,mate in 15,1,7,1,0,0,6,4,4,28
2df595687c52,598a28a0c:80a0000d70a3,win,2,3,3,mate in 2,1,1,1,0,0,0,0,2,26
eb5db9ae53d5,181099011a090:9008101021081529,win,2,3,3,mate in 2,0,2,1,1,0,0,0,2,27
271e9848114a,6990252845:1000408c892ba,win,2,3,3,mate in 2,1,1,1,0,0,0,0,2,28
35f84ac8ada8,10080012029b4281:110891040b05a,win,2,3,3,mate in 2,1,1,1,0,0,0,0,2,28
6ce35ea76193,9830070414061:10010098308b308,win,2,3,3,mate in 2,1,1,1,0,0,0,0,2,28
9c82c098f2b8,92640a4c11:2c080890b08a,win,2,3,3,mate in 2,1,1,1,0,0,0,0,2,26
7ee33c6cba59,10080000a011e542:90181508121d,win,2,3,3,mate in 2,1,1,1,0,0,0,0,2,27
c5f6f4f563be,1206812428047:408001a0293328,win,2,3,3,mate in 2,0,2,1,1,0,0,0,2,28
59d77ea0aa4b,209120012109114:9000800d800d0209,win,2,3,3,mate in 2,0,2,1,1,0,0,0,2,26
b2f2bdd23bec,42040e0493048:204100051204ca05,win,3,5,5,mate in 3,1,2,1,1,0,0,0,3,27
60291a316dc7,1001914949404:1c048400092099,win,3,5,5,mate in 3,2,1,1,0,0,0,0,3,26
452d46586ab9,100918208908a014:80000091031192b,win,2,3,3,mate in 2,1,1,1,0,0,0,0,2,28
d917f3437623,1109908803c01:101008009419809c,win,2,3,3,mate in 2,0,2,1,1,0,0,0,2,27
2031de15f68e,4844088c11682:80400004040ec84d,win,4,7,9,mate in 5,0,4,1,0,0,3,2,2,28
883ffd11c4a5,1009104000b930a0:20b930404059,win,2,3,3,mate in 2,1,1,1,0,0,0,0,2,28
b74c6c6468ec,c825b008d:18025010049352,win,2,3,3,mate in 2,1,1,1,0,0,0,0,2,27
bc97b0c24532,9400291095024:2000d4006850b,win,2,3,3,mate in 2,1,1,1,0,0,0,0,2,26
68ba7679d7da,2a31408d43:2008000c2a32b8,win,2,3,3,mate in 2,1,1,1,0,0,0,0,2,28
aad34a1114e8,801101930088119:1080900091178c0,win,8,15,31,mate in 16,1,7,1,1,0,5,4,4,28
ee26b4678fd2,28100081503385:802c102d8078,win,3,5,5,mate in 3,1,2,1,1,0,0,0,3,28
7efdb0123887,8098000218d9088:8000290988002945,win,2,3,3,mate in 2,1,1,1,0,0,0,0,2,28
89c7d5dc7b3a,3800b0c011228:1000b00aacc3,win,2,3,3,mate in 2,0,2,1,1,0,0,0,2,27
b2df28f7eae6,108081c11cc01:8081011c008103c,win,2,3,3,mate in 2,1,1,1,0,0,0,0,2,26
43f7cd658799,104810259225:9000800480c844c8,win,2,3,3,mate in 2,0,2,1,1,0,0,0,2,26
219854e3b753,1309028012009083:110981894318,win,2,3,3,mate in 2,0,2,1,1,0,0,1,1,28
a40d4e28ca00,200002903a1862:800288280800841d,win,2,3,3,mate in 2,0,2,1,1,0,0,0,2,26
a676746a8830,1008006100519c41:611018902800b8,win,4,7,7,mate in 4,2,2,1,1,0,0,1,3,28
b64649892c22,20002284a0548a:5488500b8821,win,2,3,3,mate in 2,1,1,1,0,0,0,0,2,27
c59f6049691d,900041207b242:200ba028442d,win,2,3,3,mate in 2,1,1,1,0,0,0,0,2,28
b810c73693d2,948911c2b:40014090100ac0d4,win,7,13,33,mate in 17,1,6,1,0,0,5,1,6,28
9de2e50609bf,10080b089d404:900149002bc9,win,6,11,11,mate in 6,0,6,1,1,0,4,4,2,27
20bd69c002fc,10043102a84b8:101081d11943,win,2,3,3,mate in 2,1,1,1,0,0,0,0,2,28
bd80f02760a6,90208b2442045:9040904100099308,win,2,3,3,mate in 2,1,1,1,0,0,0,0,2,28
78feb93449a3,a800880838d08:80000402140c1297,win,2,3,3,mate in 2,0,2,1,1,0,0,0,2,27
ea122ce6d619,7910200bb:9003900000059144,win,2,3,3,mate in 2,1,1,1,0,0,0,0,2,26
791fda996bff,a0108c7083201:8100c2020002c52a,win,3,5,5,mate in 3,2,1,1,0,0,0,0,3,28
c7116e97efc4,1140014811ae0:108000818220a519,win,2,3,3,mate in 2,0,2,1,1,0,0,0,2,27
812a4541602d,951211105c:90024001c443a1,win,2,3,3,mate in 2,1,1,1,0,0,0,0,2,27
db415ee12767,181080908a404b:c000c01840109294,win,3,5,5,mate in 3,1,2,1,1,0,0,0,3,28
d90592f7a0a2,4108c100e0832:1088002000a1918d,win,2,3,3,mate in 2,1,1,1,0,0,0,0,2,27
fd5875e80ba2,4011019123019:100804000dc926,win,2,3,3,mate in 2,1,1,1,0,0,0,1,1,26
bbd45aaf5324,102a000298019281:1829022a082e,win,8,15,35,mate in 18,2,6,1,0,0,5,5,3,28
35c8712f4e6e,200920392285:2001003090449078,win,7,13,19,mate in 10,0,7,0,0,1,6,5,2,27
947e34ba9b23,2485056845:8004800112209728,win,4,7,7,mate in 4,2,2,1,1,0,0,1,3,27
28a39280aba7,10c0092239802:80230c00063d,win,2,3,3,mate in 2,1,1,1,0,0,0,0,2,26
e3775b0b7026,20822417238:2004001d0288443,win,3,5,5,mate in 3,1,2,1,1,0,0,1,2,26
a2d883b4cbe8,982218030b200:9000100812094839,win,2,3,3,mate in 2,0,2,1,1,0,0,0,2,27
649ed59008eb,10080803c808800d:1100810077812,win,4,7,7,mate in 4,2,2,1,1,0,0,2,2,26
4b8085ef7fd3,1008000985099110:8401950050004c09,win,4,7,9,mate in 5,0,4,1,1,0,2,1,3,27
c2ba5e169ac2,20040c0c120cd:400003102ed222,win,8,15,23,mate in 12,2,6,0,0,1,5,5,3,27
ec92ab4510d8,528200030109411:2000053805282128,win,6,11,17,mate in 9,1,5,0,0,1,4,4,2,27
231be70fe219,2144aa041d:400140920011c0a2,win,2,3,3,mate in 2,1,1,1,0,0,0,0,2,26
ffc595559a3d,1008010d80218085:11020118c3128,win,2,3,3,mate in 2,1,1,1,0,0,0,0,2,26
bf74fabafbc7,1008000da02c8085:8004b08010813428,win,2,3,3,mate in 2,1,1,1,0,0,0,0,2,28
c0c87b53f802,504984092708:900880005040d851,win,5,9,9,mate in 5,3,2,1,1,0,0,1,4,28
506245c19c57,401800855011482:80403800ac909,win,2,3,3,mate in 2,0,2,1,1,0,0,0,2,26
25d6377ac4b5,40198000c0d2418:100004119010da05,win,2,3,3,mate in 2,0,2,1,1,0,0,0,2,28
f399b4a90820,1208004050598218:8041920982005041,win,9,17,19,mate in 10,2,7,1,0,0,6,7,2,28
2b995cb54668,4004552004295:1020084459d48,win,2,3,3,mate in 2,1,1,1,0,0,0,0,2,27
8eb389931912,6800c0054c508:80000002810b1057,win,3,5,5,mate in 3,1,2,1,1,0,0,1,2,26
72a2b8159159,18089800cc034:8000400440a1198b,win,2,3,3,mate in 2,0,2,1,1,0,0,0,2,27
b9bba28bc537,18620a60003a:12200200100b9a41,win,6,11,19,mate in 10,1,5,1,0,0,4,2,4,27
94f929809625,c50004112c01e:5100010c900d1101,win,2,3,3,mate in 2,1,1,1,0,0,0,0,2,28
03b50f9329aa,28a00180099a40:80011028302021a9,win,2,3,3,mate in 2,0,2,1,1,0,0,1,1,27
1813427c2eff,441c400c0019408:80080049044840c7,win,5,9,9,mate in 5,0,5,1,1,0,3,1,4,27
061cae3fa3ae,1880c9809a042:8008100300065c0d,win,2,3,3,mate in 2,1,1,1,0,0,0,0,2,28
26451eb97acf,3009700020045005:d5049a14a,win,2,3,3,mate in 2,0,2,1,1,0,0,0,2,27
f5af27a0d2cd,1840a4820b828:2001b40b4483,win,2,3,3,mate in 2,1,1,1,0,0,0,1,1,28
8d7397da93fd,1094020480810a9:400001098121c906,win,2,3,3,mate in 2,1,1,1,0,0,0,0,2,27
834f6cc28ee3,1040120aa3828:20002216018683,win,2,3,3,mate in 2,1,1,1,0,0,0,0,2,26
b27b48101397,1048120aa3828:20002216018693,win,2,3,3,mate in 2,1,1,1,0,0,0,0,2,28
5398f9e8c3cc,3db8918:800ca100052c3,win,2,3,3,mate in 2,1,1,1,0,0,0,1,1,26
9743f58948a1,100800498005440d:19400544a9042,win,2,3,3,mate in 2,1,1,1,0,0,0,0,2,27
4bb01127a22c,1c040e0604128:404020011101b841,win,3,5,9,mate in 5,1,2,0,0,0,2,1,2,26
f403f246d968,900900035000c04a:d00880cb1281,win,2,3,3,mate in 2,1,1,1,0,0,0,1,1,27
8feeb0742603,124982d200b:100810080102d934,win,2,3,3,mate in 2,1,1,1,0,0,0,0,2,28
98f6b63cdf7b,4018c2080205418:800010115c118821,win,2,3,3,mate in 2,1,1,1,0,0,0,0,2,27
56f59ae3d02f,a00ce04b49:10801c101b4a2,win,4,7,9,mate in 5,2,2,1,1,0,0,0,4,28
3d5493ad8c26,581048048c094:800000010197094b,win,8,15,29,mate in 15,5,3,1,0,0,2,3,5,27
0801873bb7b8,9100099609448:9000880900090b25,win,4,7,7,mate in 4,3,1,1,0,0,0,0,4,28
314e968f96ad,51a44111c9:204120080298a610,win,3,5,5,mate in 3,2,1,1,0,0,0,1,2,28
aa387cb546fc,218189cc818:98008482001785,win,10,19,29,mate in 15,3,7,1,0,0,6,4,6,28
034fe8f5d072,20004988098119:9802012701a60,win,4,7,7,mate in 4,3,1,1,0,0,0,0,4,27
1c0a2f902f64,18a080c214429:40084021c2089b00,win,4,7,7,mate in 4,1,3,1,1,0,1,0,4,28
67899dd6b6e8,9d00042105098:5000020990098301,win,2,3,3,mate in 2,1,1,1,0,0,0,0,2,26
5bc10e5dce39,220401340b114:202a00a426b,win,4,7,7,mate in 4,3,1,1,0,0,0,1,3,26
97fc711f1aee,220405340b114:2000202a00a426b,win,4,7,7,mate in 4,3,1,1,0,0,0,1,3,28
cfc040a1c33b,210001068d1c48:2000620007082b5,win,3,5,5,mate in 3,1,2,1,1,0,0,0,3,28
45aaaac61e37,90100b2018341:8000a04901483088,win,2,3,3,mate in 2,0,2,1,1,0,0,0,2,26
5d94b3715016,90100b2818341:8000a0490148308c,win,2,3,3,mate in 2,0,2,1,1,0,0,0,2,28
664fa0cfc218,110490006308d:100000029449c542,win,2,3,3,mate in 2,1,1,1,0,0,0,0,2,27
3166c5348365,18000b0682078:18005900919081,win,2,3,3,mate in 2,1,1,1,0,0,0,0,2,26
66633d3eef2c,6900cc139:100061133446,win,3,5,5,mate in 3,1,2,1,1,0,0,0,3,26
9c1a23eeb41c,114838481814:104800100110a14b,win,2,3,3,mate in 2,1,1,1,0,0,0,0,2,26
ac90c5473b3c,48403a4112805:840300040006949a,win,2,3,3,mate in 2,1,1,1,0,0,0,0,2,28
bb152654fc09,92010a5088512:a100810910113009,win,5,9,9,mate in 5,2,3,1,0,0,2,3,2,28
d5764cf9249a,104212c581c10:c0808081021a069,win,2,3,3,mate in 2,1,1,1,0,0,0,0,2,28
bf1a1d5f4262,108005004439035:10b8118454a,win,2,3,3,mate in 2,0,2,1,1,0,0,1,1,28
1c8540dae314,3019100100188811:8000a818b8013008,win,4,7,7,mate in 4,2,2,1,1,0,0,0,4,27
1e0ac007a7ed,812019a2083008:2018808000918295,win,5,9,19,mate in 10,1,4,1,0,0,3,2,3,27
62423e5e1108,1802890294029:2840014440b6c0,win,3,5,5,mate in 3,1,2,1,1,0,0,1,2,27
91b828e6e5da,9200014918d08:929087291,win,2,3,3,mate in 2,1,1,1,0,0,0,0,2,26
b439d61aa5e1,801c00980898048:c0080880482058a1,win,4,7,7,mate in 4,1,3,1,0,0,2,3,1,27
076f7aa32b20,1a098004000d1818:1a099a00c205,win,2,3,3,mate in 2,1,1,1,0,0,0,0,2,28
d7edab56c6bc,140081122c41a:81001c0193121,win,2,3,3,mate in 2,1,1,1,0,0,0,0,2,26
7948ceb88bac,150080810d01c8:815500d09015,win,2,3,3,mate in 2,0,2,1,1,0,0,0,2,27
e14fa250c3b7,1806840e19220:205201920840c9,win,2,3,3,mate in 2,1,1,1,0,0,0,0,2,28
132d94a810bd,50005130104305:10000434db058,win,2,3,3,mate in 2,0,2,1,1,0,0,0,2,27
6b306362e0f2,1900014c038e4:10000001a101871b,win,2,3,3,mate in 2,1,1,1,0,0,0,0,2,28
3ff0951631ae,100290440478c:800001029b871,win,9,17,21,mate in 11,1,8,0,0,1,7,7,2,26
0ae690dc94c1,4854d1a2c:1050161002085c1,win,2,3,3,mate in 2,0,2,1,1,0,0,0,2,28
29ff2ad4283f,180108011d162:9000100131422419,win,2,3,3,mate in 2,0,2,1,1,0,0,1,1,27
67429caf216d,1111a00119054:11100001114a012b,win,2,3,3,mate in 2,1,1,1,0,0,0,0,2,27
42cc664103ba,1008040704098026:4001008b0263409,win,2,3,3,mate in 2,1,1,1,0,0,0,0,2,27
8f5088a8f421,500201101b9a2:100090058026420d,win,3,5,7,mate in 4,1,2,1,1,0,0,0,3,28
07eb95eae362,21080188001978:800902016218681,win,2,3,3,mate in 2,1,1,1,0,0,0,0,2,27
add017641baf,49802180019034:8020104810680849,win,2,3,3,mate in 2,0,2,1,1,0,0,0,2,26
a390479839b2,49802180019034:8020104810682849,win,2,3,3,mate in 2,0,2,1,1,0,0,0,2,27
aebd6575802b,49802180119034:8020104810682849,win,2,3,3,mate in 2,0,2,1,1,0,0,0,2,28
f75e8bc3ef2e,90040c022b498:9044d4867,win,2,3,3,mate in 2,1,1,1,0,0,0,0,2,28
6f82920c23b4,109018690019102:80008009018e408d,win,11,21,29,mate in 15,4,7,1,0,0,6,6,5,28
d4423073f1c2,3102890031821:1000000308ac808e,win,2,3,3,mate in 2,1,1,1,0,0,0,0,2,26
9d4e7298602c,4040b04076003:b40045008950c,win,3,5,9,mate in 5,1,2,1,1,0,0,1,2,27
102cae47a0a2,108004012098a13:110881c211c8,win,8,15,33,mate in 17,2,6,1,1,0,4,6,2,26
a59b4c529629,1000e80c8160e:880c14007c0c1,win,12,23,31,mate in 16,2,10,1,0,0,9,6,6,28
f0c5c96eb471,1009800520219404:43008904c2069,win,2,3,3,mate in 2,0,2,1,1,0,0,0,2,27
46faf531bd2f,9022803223026:200005300d4349,win,7,13,13,mate in 7,6,1,1,0,0,0,2,5,28
f58105fa84cc,21042814012129:10016138d490,win,2,3,3,mate in 2,1,1,1,0,0,0,0,2,27
ec7ae55d2f4d,20982281000914a:8000010183690225,win,7,13,31,mate in 16,0,7,1,0,0,6,3,4,28
72023238871e,29100890094281:800080210230b03a,win,5,9,9,mate in 5,0,5,1,1,0,3,2,3,27
d1ff86db6097,2822280890618:80089022290a7,win,2,3,3,mate in 2,0,2,1,1,0,0,0,2,27
79524786ddc3,1000118a84493:1880e401b828,win,3,5,7,mate in 4,1,2,1,1,0,0,0,3,27
59332d1ec63a,14801002109aa01:200122490a401148,win,2,3,3,mate in 2,1,1,1,0,0,0,0,2,27
8944ed20cc21,1304234118290:1000048100c23463,win,2,3,3,mate in 2,1,1,1,0,0,0,0,2,28
6cf1ab1e063f,2010081014c11d:10080030012b1c22,win,3,5,5,mate in 3,2,1,1,0,0,0,1,2,27
733336ef37e4,1000007432962:1030810961d,win,3,5,5,mate in 3,1,2,1,1,0,0,0,3,26
8656c515354f,1040007432962:3030810961d,win,3,5,5,mate in 3,1,2,1,1,0,0,0,3,28
0fd7f617ffe1,1009900000154894:8010001d9008900b,win,2,3,3,mate in 2,1,1,1,0,0,0,1,1,27
a5daf9f1f10c,2910001c58285:3920a156a,win,2,3,3,mate in 2,1,1,1,0,0,0,0,2,28
5eb127511763,9009000a000a8981:99019981100a,win,2,3,3,mate in 2,1,1,1,0,0,0,0,2,27
cce56bc2d47c,9009000940044c09:9400b409b084,win,8,15,23,mate in 12,1,7,0,0,1,6,5,3,27
1ab6fb45beab,84901001103100e:184908488941,win,2,3,3,mate in 2,1,1,1,0,0,0,0,2,26
8e9f0684b70e,10090100d001a112:100300921085489,win,3,5,5,mate in 3,1,2,1,1,0,0,0,3,27
ebe2349ac9fb,244c0688147:4000200a847aa8,win,4,7,7,mate in 4,3,1,1,0,0,0,0,4,28
b6f4418babcd,1d008c0681428:100800011405c247,win,2,3,3,mate in 2,1,1,1,0,0,0,0,2,28
d7ade337b780,1100170149814:10004004820962c9,win,3,5,5,mate in 3,1,2,1,1,0,0,0,3,27
24301a18372c,5b3883108:8028800058297,win,2,3,3,mate in 2,1,1,1,0,0,0,0,2,26
a1cc7c1f112e,8018008808d9081:800418051840084c,win,3,5,5,mate in 3,1,2,1,1,0,0,1,2,26
a72a12561c15,10818008d8081809:400858810481c480,win,3,5,5,mate in 3,1,2,1,1,0,0,1,2,28
329f544c9be0,34180c00a415:24000800b03818a8,win,3,5,9,mate in 5,1,2,1,1,0,0,1,2,27
47df69c9bac2,8114040405910c:4818191800c81,win,3,5,5,mate in 3,2,1,1,0,0,0,0,3,26
abca2e2c4ee1,100c000093089482:120e0406030d,win,2,3,3,mate in 2,0,2,1,1,0,0,0,2,26
ece94a110f34,38522e800b:4008420100115a34,win,2,3,3,mate in 2,1,1,1,0,0,0,0,2,28
c38f6af5f808,54986011544:5090000114cc209,win,5,9,13,mate in 7,0,5,1,1,0,3,2,3,28
b98b7f4f9663,2020902c09468:10091002900b0283,win,2,3,3,mate in 2,1,1,1,0,0,0,0,2,27
2c196e0f89c0,1890093986:8008810209128059,win,2,3,3,mate in 2,1,1,1,0,0,0,1,1,27
06500795b604,10282062d20a:10080200d2092061,win,3,5,9,mate in 5,1,2,0,0,0,2,1,2,26
09d27b0409e8,a0014405421e1:4b002b421e,win,3,5,7,mate in 4,1,2,1,1,0,0,0,3,28
6ada48318854,11a088401c702:120880011a081819,win,2,3,3,mate in 2,0,2,1,1,0,0,0,2,28
a0c934b07d6c,900911186094:90090010c001910b,win,2,3,3,mate in 2,1,1,1,0,0,0,1,1,27
cb0af8e493f3,9b10192004809:2082109b790,win,2,3,3,mate in 2,1,1,1,0,0,0,0,2,28
60da3c5bfb93,9130802294061:40415140930e,win,2,3,3,mate in 2,1,1,1,0,0,0,0,2,28
07efb57233f9,1210030483912:300010410111c049,win,2,3,3,mate in 2,1,1,1,0,0,0,0,2,26
0720ffa0b8e4,1210038483912:300010410111c0c9,win,2,3,3,mate in 2,1,1,1,0,0,0,0,2,28
5a46629db088,200040b008701b:a020406489e4,win,3,5,5,mate in 3,2,1,1,0,0,0,0,3,27
369a9f9327bd,602000100a9607:2000046026606068,win,2,3,3,mate in 2,1,1,1,0,0,0,0,2,27
3405c0e8bfcd,1008814980018045:8001100051487908,win,4,7,7,mate in 4,3,1,1,0,0,0,0,4,27
9ad4fa81b251,28820112099880:200102888204329,win,2,3,3,mate in 2,1,1,1,0,0,0,0,2,26
7a47dc5d65f2,210400824522ac:800080a104a09443,win,12,23,33,mate in 17,3,9,1,0,0,8,6,6,28
b11c3ff7ddbd,10a09c840b081:8404032894a48,win,2,3,3,mate in 2,1,1,1,0,0,0,0,2,28
e1eee9d0003e,1c840a001bc00:800000015d484149,win,2,3,3,mate in 2,1,1,1,0,0,0,0,2,27
7886a5f57cc5,244101588818c:400000240175c13,win,3,5,5,mate in 3,2,1,1,0,0,0,1,2,28
2afade7d6730,200008e4113c08:834301028c031,win,2,3,3,mate in 2,1,1,1,0,0,0,0,2,27
0538ae0f8051,3d6008b07:8003c80008035448,win,9,17,31,mate in 16,4,5,1,0,0,4,3,6,28
a5c02df6f166,208800012941a45:8000128988098098,win,2,3,3,mate in 2,0,2,1,1,0,0,0,2,28
17948b60dc84,1099000d1105010:900001192009a109,win,2,3,3,mate in 2,1,1,1,0,0,0,0,2,27
2d8115acee03,145880d0c01a:10120002140b14c1,win,7,13,17,mate in 9,1,6,0,0,0,6,5,2,28
0fe1ee35b925,1e04141439:1a0020002a8b06,win,2,3,3,mate in 2,0,2,1,1,0,0,0,2,26
3ae30608e0b4,100998002a089204:800000099007290b,win,2,3,3,mate in 2,1,1,1,0,0,0,0,2,28
082cfc6eb72b,28808dc484009:8008044300039c42,win,2,3,3,mate in 2,0,2,1,1,0,0,0,2,28
5c65606eba62,4040b14aa9002:40b0084000504ad,win,2,3,3,mate in 2,1,1,1,0,0,0,0,2,28
bef2f2058074,98003c020b018:80005008100b4223,win,5,9,9,mate in 5,2,3,1,0,0,2,1,4,26
e865123fdae1,10098004e008a881:c00070091005500c,win,2,3,3,mate in 2,1,1,1,0,0,0,0,2,28
53fdc51ac24b,10040b6098450:8a01900503209,win,2,3,3,mate in 2,1,1,1,0,0,0,0,2,26
b3e9bbf59eef,928490808a201:2000200b241185c,win,2,3,3,mate in 2,1,1,1,0,0,0,0,2,27
2b78d4790124,1000013c4d068:800580092387,win,4,7,7,mate in 4,3,1,1,0,0,0,0,4,26
0ffaa8fce9b4,170806800bc00:3000000114894189,win,5,9,9,mate in 5,3,2,1,1,0,0,0,5,26
b54c87771786,91200c210540c:8000c00910098251,win,5,9,9,mate in 5,4,1,1,0,0,0,1,4,26
510ef69603e2,10481880d282c:8000882804a094c1,win,3,5,7,mate in 4,1,2,1,1,0,0,0,3,28
067d5c6e76fb,9000103119382:911890882019,win,4,7,7,mate in 4,0,4,1,1,0,2,3,1,26
a266be8b6faf,100860128919c:2110910870823,win,2,3,3,mate in 2,1,1,1,0,0,0,1,1,28
ddc94a0ea4a1,11b0088059812:180000031302032d,win,5,9,9,mate in 5,0,5,1,1,0,3,2,3,28
bc0272f3a372,9845100409245:40020886990498,win,6,11,15,mate in 8,2,4,0,0,1,3,4,2,28
426b982ccafd,121003301d412:1000501140182b09,win,6,11,11,mate in 6,1,5,1,1,0,3,4,2,28
21d91a874274,2000090046905e:802492292a21,win,3,5,5,mate in 3,1,2,1,1,0,0,0,3,27
c5b98d57d390,100800208280e681:100930691068,win,2,3,3,mate in 2,1,1,1,0,0,0,0,2,26
bc6b11c3589a,401008910882309:1008150087019480,win,2,3,3,mate in 2,1,1,1,0,0,0,0,2,27
f49d36eca6d6,8814000c0a05029:c00088811801a880,win,2,3,3,mate in 2,1,1,1,0,0,0,0,2,26
5104d01f22dc,1800803213849:80080021804883b0,win,2,3,3,mate in 2,0,2,1,1,0,0,0,2,26
74e957004f8e,1820803213849:800800218048c3b0,win,2,3,3,mate in 2,0,2,1,1,0,0,0,2,28
61f10281d33f,b8001804212c1:8000000a1a09c80a,win,2,3,3,mate in 2,1,1,1,0,0,0,0,2,26
9cce6e4aced9,b8001814212c1:8000000a1a09c90a,win,2,3,3,mate in 2,1,1,1,0,0,0,0,2,28
320f19f16aaf,18840187011301:800111181018c418,win,3,5,5,mate in 3,2,1,1,0,0,0,0,3,28
d0700649456c,8011a03100880c1:120000880a831a0a,win,2,3,3,mate in 2,1,1,1,0,0,0,0,2,27
73800b089b82,102850081001c508:21443c1037,win,2,3,3,mate in 2,1,1,1,0,0,0,0,2,27
083abdf41102,10081001000d118b:100083162a074,win,2,3,3,mate in 2,0,2,1,1,0,0,1,1,27
a73061df2b05,30382010007039:3001001128398900,win,4,7,9,mate in 5,2,2,1,1,0,0,0,4,28
5ddd2d80e9c1,148000823803e:8002940485ac1,win,2,3,3,mate in 2,1,1,1,0,0,0,0,2,27
f7f764434803,4106c19864:400200882a068b,win,8,15,15,mate in 8,2,6,1,1,0,4,4,4,26
59f7165bcab0,11028800dc01c:8001550303121,win,2,3,3,mate in 2,0,2,1,1,0,0,0,2,26
ffc97782f3a6,14091000d008821a:4000440904115c21,win,2,3,3,mate in 2,0,2,1,1,0,0,0,2,28
4f41f1567149,2000280280d1ca:80000c86b2a21,win,3,5,5,mate in 3,1,2,1,1,0,0,0,3,27
13e54af87abf,6180010008da81:80000060a061206e,win,2,3,3,mate in 2,1,1,1,0,0,0,0,2,27
21c98f36123d,81024182403308:82008080208988c1,win,2,3,3,mate in 2,1,1,1,0,0,0,0,2,26
ac6ad82c89a7,8102418a403308:82008080208988c3,win,2,3,3,mate in 2,1,1,1,0,0,0,0,2,28
315ac1803205,a20230408103a:2000183033ac01,win,2,3,3,mate in 2,1,1,1,0,0,0,0,2,27
1004aabe8515,2d4038402100d:90008500dc522,win,2,3,3,mate in 2,1,1,1,0,0,0,0,2,28
d756c2a128f4,10080021a0a28928:21100a10093093,win,2,3,3,mate in 2,0,2,1,1,0,0,0,2,28
f26f755a0a6a,428001a2463004:820102420001824b,win,3,5,5,mate in 3,2,1,1,0,0,0,0,3,26
6140706add3f,420010a0884db:1080420073b24,win,12,23,35,mate in 18,1,11,0,0,0,11,7,5,28
d90189b0aba4,10401206234d8:400102816098223,win,2,3,3,mate in 2,1,1,1,0,0,0,0,2,28
5c94cdb19320,28100890031e08:1400042004688163,win,2,3,3,mate in 2,0,2,1,1,0,0,0,2,27
b11d941405d2,1248980869404:900090003409208b,win,4,7,7,mate in 4,2,2,1,1,0,0,0,4,28
4c87c2e50c99,1018002c8116c:1280120111018281,win,3,5,7,mate in 4,1,2,1,1,0,0,1,2,26
ce6bb25306c1,10ab00025c88:1001400050a98123,win,2,3,3,mate in 2,1,1,1,0,0,0,0,2,27
b86da6d3d827,10809c02c9808:c1004188142a5,win,2,3,3,mate in 2,1,1,1,0,0,0,0,2,27
ed1bf5c462c0,1008101c54248005:14040080197438,win,2,3,3,mate in 2,1,1,1,0,0,0,0,2,28
6f3a8bac1096,13a02509161:240812a069e,win,2,3,3,mate in 2,1,1,1,0,0,0,0,2,28
e55c4d41855c,182202818d038:80002001d2212a03,win,2,3,3,mate in 2,0,2,1,1,0,0,0,2,28
e1c3ae22df8b,10400d02c8445:80009021044151a8,win,3,5,9,mate in 5,0,3,0,0,0,3,1,2,27
10b5bed794be,1100810594548:8041105209035,win,3,5,5,mate in 3,1,2,1,1,0,0,0,3,26
12dcb1612777,118081c00192a:18000423012b8401,win,2,3,3,mate in 2,1,1,1,0,0,0,0,2,27
b0c6e45ae08c,100800420a0aa20d:11009104159c2,win,3,5,5,mate in 3,1,2,1,1,0,0,0,3,28
3b4b659b72e7,9800194109803:80000c08090b4518,win,9,17,33,mate in 17,2,7,1,0,0,6,3,6,27
35c85b18cfcb,190002901c9086:8004801d01030119,win,2,3,3,mate in 2,1,1,1,0,0,0,0,2,28
1a93c3ba9d10,6000c890880078:88002009709981,win,2,3,3,mate in 2,1,1,1,0,0,0,0,2,27
50cfa574aeba,1540854000501c:50001010909d8081,win,2,3,3,mate in 2,1,1,1,0,0,0,0,2,27
02d1005b9385,10300e10d120c:10880091200e151,win,2,3,3,mate in 2,1,1,1,0,0,0,0,2,28
ef8f4f5183d1,1d0010085508c:900c008cd0088011,win,2,3,3,mate in 2,1,1,1,0,0,0,0,2,27
ca43573a9228,10081260d163:100900014009269c,win,2,3,3,mate in 2,0,2,1,1,0,0,0,2,28
ecb6650ca247,30000d80a8962:50030125540d,win,2,3,3,mate in 2,1,1,1,0,0,0,0,2,28
0b141d52c75f,90008a202b01c:1000900150094283,win,2,3,3,mate in 2,1,1,1,0,0,0,0,2,26
c8ab702de92b,9319008a034:100829311909,win,2,3,3,mate in 2,1,1,1,0,0,0,0,2,26
6b4a8a5a0157,20804994241005:8401042000498468,win,2,3,3,mate in 2,1,1,1,0,0,0,0,2,26
ee17bf21a5ef,1000cb40d9104:300c310101002609,win,2,3,3,mate in 2,0,2,1,1,0,0,0,2,28
a0ab3e1ee191,20d000d43a1:900208230b81c,win,2,3,3,mate in 2,0,2,1,1,0,0,0,2,27
43f56631ab1d,920081014203b:15e009da04,win,9,17,31,mate in 16,1,8,1,0,0,7,5,4,27
f3ef254cf4ba,2198000c089488:1000002190210971,win,2,3,3,mate in 2,0,2,1,1,0,0,1,1,26
de32cba59676,2998000c089488:1000002990210971,win,2,3,3,mate in 2,0,2,1,1,0,0,0,2,28
7d8382efd1bd,18c00106898c0:840000018c812429,win,2,3,3,mate in 2,1,1,1,0,0,0,0,2,26
e80fc2d6e45e,220300010a4343:100002a9260b028,win,2,3,3,mate in 2,1,1,1,0,0,0,0,2,27
99c4ccac6a1f,2840016419861:14001202800a270a,win,2,3,3,mate in 2,1,1,1,0,0,0,1,1,28
8ca8b713d610,100489048078a:1008120102039861,win,4,7,7,mate in 4,3,1,1,0,0,0,1,3,27
866d35e32dbf,1100d108d8418:418049005101185,win,2,3,3,mate in 2,1,1,1,0,0,0,0,2,28
062914524472,20022d820010a5:8009800010ad8a08,win,2,3,3,mate in 2,1,1,1,0,0,0,0,2,27
b981ac066d8c,992009200b410:9000000905094b09,win,3,5,5,mate in 3,2,1,1,0,0,0,0,3,27
fd2f1fec7e91,100800329d168:208020910c02293,win,4,7,7,mate in 4,3,1,1,0,0,0,1,3,28
225ba973e717,108b10010018132:80000008a12c340d,win,8,15,15,mate in 8,2,6,1,1,0,4,3,5,27
a34d002dedac,1028982822003801:800002019829822c,win,3,5,7,mate in 4,1,2,1,1,0,0,0,3,28
9f49513a0edc,1b000046d8049:65b0003534,win,2,3,3,mate in 2,1,1,1,0,0,0,0,2,28
fe18c35b57ee,1002180e810e8:8020800010118617,win,2,3,3,mate in 2,1,1,1,0,0,0,0,2,26
484c585a5ab5,c80078001c007:80010008010e3998,win,2,3,3,mate in 2,1,1,1,0,0,0,1,1,27
3758cf7ccd88,18a191800919:8010008083996a0,win,2,3,3,mate in 2,1,1,1,0,0,0,0,2,28
580ec3e31f82,100d80400001a04b:8000100db04c1404,win,3,5,5,mate in 3,2,1,1,0,0,0,0,3,27
0d415b4c40c3,208020b8044801a:10004120b3245,win,4,7,7,mate in 4,2,2,1,1,0,0,0,4,26
2026a8b242b5,100c880010491039:8000100c88248946,win,2,3,3,mate in 2,1,1,1,0,0,0,0,2,28
a51f01a39be9,1008000202a18713:11009104a18e8,win,2,3,3,mate in 2,1,1,1,0,0,0,0,2,28
03ad508b642e,18101c003403448:40020104818ba3,win,4,7,7,mate in 4,3,1,1,0,0,0,0,4,28
6be6ff0b34ea,1808078a0a808:80005021800150a3,win,2,3,3,mate in 2,1,1,1,0,0,0,0,2,26
701e2a52a8da,900d900a280c:900a08020805d003,win,3,5,5,mate in 3,2,1,1,0,0,0,1,2,27
12dadde29cd0,130095088a028:100800a020235087,win,2,3,3,mate in 2,1,1,1,0,0,0,1,1,27
5ef6064d894b,2804a9801001b:10081000024e9a44,win,2,3,3,mate in 2,1,1,1,0,0,0,0,2,27
24816270ea77,900b012a08292:10a0100900191069,win,2,3,3,mate in 2,0,2,1,1,0,0,1,1,28
7464abf6266d,100a92000203060d:8201040b94089002,win,3,5,5,mate in 3,2,1,1,0,0,0,0,3,28
2d719ae21e0b,90102a10330a1:800090091008c90e,win,2,3,3,mate in 2,1,1,1,0,0,0,0,2,28
3ff705b9e783,9001484051c52:9189aa08d,win,3,5,5,mate in 3,1,2,1,1,0,0,0,3,28
fb0a3369a999,1042086283e00:84008009180181a9,win,5,9,11,mate in 6,1,4,0,0,1,3,3,2,27
f839f115d725,20900065084169:100120219061b400,win,7,13,29,mate in 15,0,7,0,0,0,7,5,2,28
220dc130d4c7,2110080003da84:215a28203b,win,2,3,3,mate in 2,1,1,1,0,0,0,0,2,27
3af99b4d80b6,90a086000da04:c0019a092039,win,2,3,3,mate in 2,1,1,1,0,0,0,0,2,27
3bbdc12c86e8,9a01810049232:20007a01b200d,win,2,3,3,mate in 2,1,1,1,0,0,0,0,2,28
b71a04adcc68,a000344157401:1400c300a821e,win,7,13,17,mate in 9,2,5,0,0,1,4,3,4,28
15da684fc23a,248920086093:240900000c919c08,win,2,3,3,mate in 2,1,1,1,0,0,0,1,1,27
eb2cbd94523d,28808990209084:90011024008d0029,win,2,3,3,mate in 2,0,2,1,1,0,0,0,2,26
b7ee0ac0acc7,510419040e082:808424871445,win,7,13,17,mate in 9,2,5,1,0,0,4,4,3,27
667c9eb5c9cb,82c8001009b089:2082e8824906,win,2,3,3,mate in 2,1,1,1,0,0,0,1,1,28
50252f318c41,4088498086089:800600061849914,win,2,3,3,mate in 2,1,1,1,0,0,0,0,2,27
deb334f94d8e,10018902d80d8:58006100503825,win,2,3,3,mate in 2,1,1,1,0,0,0,0,2,28
dcaad3e89993,10081108820083c1:8100800019493808,win,2,3,3,mate in 2,1,1,1,0,0,0,0,2,26
9feca42ee678,20000443942ad:140238002ad12,win,2,3,3,mate in 2,1,1,1,0,0,0,1,1,28
3275d3407996,10074800d0069:c00090870ca14,win,2,3,3,mate in 2,0,2,1,1,0,0,0,2,27
7a185880c386,9308080c190c2:10800009300e600d,win,2,3,3,mate in 2,1,1,1,0,0,0,0,2,28
131fe26b8631,82100018c0094c8:c2010a90b31,win,2,3,3,mate in 2,1,1,1,0,0,0,0,2,27
53dc1d404dc3,90001000ce847:4812611738,win,2,3,3,mate in 2,1,1,1,0,0,0,0,2,27
b19298f4e6ea,4a11929a401:90808048019ae,win,2,3,3,mate in 2,1,1,1,0,0,0,0,2,28
cadc88f0abae,10c1104009481488:98190818943,win,2,3,3,mate in 2,1,1,1,0,0,0,0,2,28
818da7a736e3,9308000c190c2:10800009300e200d,win,2,3,3,mate in 2,1,1,1,0,0,0,0,2,26
7c8a1909a2bb,1801941184148:8008404090419095,win,2,3,3,mate in 2,1,1,1,0,0,0,0,2,27
27c6003277be,81002019481961:818c900a18098,win,2,3,3,mate in 2,0,2,1,1,0,0,0,2,28
dab5657f5cd1,182a101a89140:82000148824102a9,win,2,3,3,mate in 2,1,1,1,0,0,0,0,2,28
4f8cf0f7713c,51009c0215824:80208024180c801b,win,9,17,25,mate in 13,2,7,1,0,0,6,2,7,28
1cd0e24add11,30400102912b1:400000b04028d4a,win,5,9,9,mate in 5,4,1,1,0,0,0,0,5,26
d778467a89b9,128208a2027808:800000120c188716,win,3,5,5,mate in 3,2,1,1,0,0,0,1,2,28
6a2306d45d56,902015640e202:200404a000b1469,win,2,3,3,mate in 2,1,1,1,0,0,0,0,2,28
118c3b6a36b1,10091000820581c5:200028910c8121a,win,3,5,9,mate in 5,1,2,1,1,0,0,0,3,28
fa0fd257b647,18038100a403c:8028000180359103,win,2,3,3,mate in 2,1,1,1,0,0,0,0,2,27
807f4e36efd7,305c2158c:1000154010258063,win,4,7,9,mate in 5,2,2,1,1,0,0,0,4,27
4e72d119935a,1098010025cb:1000004090d9d014,win,2,3,3,mate in 2,1,1,1,0,0,0,0,2,27
e68d80253dc7,10290029000c02a1:12009221991c,win,3,5,5,mate in 3,1,2,1,1,0,0,1,2,27
01bb671206a7,100489984814c:8888100591891,win,3,5,5,mate in 3,2,1,1,0,0,0,0,3,28
a635060aaba8,12400b4081d80:140810090181a209,win,9,17,17,mate in 9,5,4,1,0,0,3,3,6,27
6a3efac0f7b4,100b008080838215:8080900b100810ca,win,3,5,5,mate in 3,2,1,1,0,0,0,0,3,28
fbbb127ad126,102971032021:402940008028d10a,win,10,19,33,mate in 17,1,9,1,0,0,8,7,3,27
f1d4f7aa431f,10a100998089001:180009020103290a,win,2,3,3,mate in 2,1,1,1,0,0,0,1,1,26
4441cea8af85,10b100998089001:180009020103290e,win,2,3,3,mate in 2,1,1,1,0,0,0,1,1,28
aadb2eaaa318,218029102a8201:1202820158aa,win,3,5,7,mate in 4,1,2,1,1,0,0,0,3,26
343e2e8008b6,100061c49c80a:100a1009000614c5,win,2,3,3,mate in 2,1,1,1,0,0,0,0,2,28
abd481487358,21c00154481c08:818288821c061,win,5,9,9,mate in 5,4,1,1,0,0,0,0,5,28
b260f5000717,20000506886499:1002040379226,win,5,9,13,mate in 7,1,4,0,0,0,4,3,2,28
b6d6c273991e,10080520a0288609:300855017124,win,2,3,3,mate in 2,1,1,1,0,0,0,0,2,28
7514c551e0a5,1008308d80448009:20810040308930c4,win,2,3,3,mate in 2,0,2,1,1,0,0,1,1,28
8058e5834d2b,1008000161602943:150081809d428,win,8,15,19,mate in 10,2,6,0,0,1,5,4,4,28
393a5d5e5145,100940401a01c211:80009209c0481848,win,6,11,11,mate in 6,0,6,1,1,0,4,3,3,28
74b9dab26e9e,404300ca0a843:84201554bc,win,4,7,7,mate in 4,3,1,1,0,0,0,1,3,28
913bb2a70e3c,100c000012299a22:902c8006209d,win,2,3,3,mate in 2,0,2,1,1,0,0,0,2,28
1bdb9a288459,429040890089212:3104310d2d,win,7,13,25,mate in 13,2,5,1,0,0,4,4,3,28
757cd448aabb,38010c00118548:40030016c3035,win,2,3,3,mate in 2,1,1,1,0,0,0,0,2,27
f2aad514839f,20b000012919201:128b000a009e,win,3,5,5,mate in 3,1,2,1,1,0,0,1,2,26
262a2d4b2e55,128116901901:100000102901e698,win,3,5,5,mate in 3,1,2,1,1,0,0,0,3,27
542bc42de5f4,110802090200a0c3:11100314b1308,win,2,3,3,mate in 2,1,1,1,0,0,0,0,2,27
d1a6616214c5,1004d1409814a:800a900280461405,win,7,13,25,mate in 13,1,6,0,0,0,6,5,2,28
3f8a5ec4d21d,418900a82ad:18000005315d12,win,6,11,15,mate in 8,2,4,0,0,0,4,4,2,28
85db73f46b84,20884078552:204070208520d,win,3,5,7,mate in 4,1,2,1,1,0,0,0,3,26
188687f8dd23,290281080087c:28a2a9782,win,2,3,3,mate in 2,1,1,1,0,0,0,0,2,27
60448b1c6e53,1900290192092:800020112102d10d,win,2,3,3,mate in 2,1,1,1,0,0,0,1,1,27
00618665c078,98080c00d4098:401d00909905,win,2,3,3,mate in 2,1,1,1,0,0,0,0,2,26
e4a276139cf4,900b000014083c18:900b8023c023,win,2,3,3,mate in 2,1,1,1,0,0,0,0,2,28
51d466f928de,20970098238:9a00082227043,win,6,11,13,mate in 7,2,4,1,1,0,2,2,4,27
0fae833a1dd0,10028c0495508:108050107208261,win,9,17,31,mate in 16,1,8,0,0,1,7,6,3,27
545927401f7a,104000981e1c8:10954181e11,win,2,3,3,mate in 2,1,1,1,0,0,0,0,2,27
ec0c32efa8ff,100b810882089081:810012031103030a,win,2,3,3,mate in 2,0,2,1,1,0,0,0,2,28
68a58dba13ea,144032481d008:3080d0022c83,win,2,3,3,mate in 2,1,1,1,0,0,0,0,2,26
77df144f8a66,104901009c419100:184901080e59,win,2,3,3,mate in 2,1,1,1,0,0,0,0,2,28
90d9739ef07f,910210248a0c5:100002089025132a,win,2,3,3,mate in 2,0,2,1,1,0,0,1,1,28
2e673a2400ce,d4185489900:9100900818010649,win,2,3,3,mate in 2,1,1,1,0,0,0,0,2,28
594620875559,10a00c2412458:80410910db01,win,12,23,23,mate in 12,2,10,1,0,0,9,10,2,26
3658f018ba61,11200020e1b22:120000093101a40d,win,7,13,31,mate in 16,1,6,0,0,1,5,4,3,27
d184745a4b4b,50200400363228:70b04080d7,win,4,7,7,mate in 4,2,2,1,1,0,0,0,4,27
0cc04ff4eacc,1089828007805:80020010499849a,win,4,7,7,mate in 4,3,1,1,0,0,0,0,4,27
5d7a8966b80e,10191a381428:10080e0004418a51,win,7,13,19,mate in 10,2,5,0,0,1,4,3,4,28
66a1249f9223,104001e078142:501483e0d,win,2,3,3,mate in 2,1,1,1,0,0,0,0,2,26
10c8062969e7,142a91005124:14280000442a840b,win,6,11,15,mate in 8,1,5,0,0,0,5,3,3,27
8cc2e91b31bb,20e8006824b:820a800002281c34,win,2,3,3,mate in 2,0,2,1,1,0,0,0,2,27
24d965c8de1e,18a520a401a02:8a00000190138059,win,2,3,3,mate in 2,1,1,1,0,0,0,0,2,28
1c9e7ddb5384,90203220a8a81:8200a0088801310e,win,2,3,3,mate in 2,0,2,1,1,0,0,0,2,28
036ab242f0c5,18101050113c01:10002008a608c238,win,3,5,5,mate in 3,1,2,1,1,0,0,1,2,27
6c1dda609f40,c942454308:400940000088b0c5,win,2,3,3,mate in 2,1,1,1,0,0,0,0,2,26
eefb33c71cdd,20100990212a03:98022280a9068,win,2,3,3,mate in 2,1,1,1,0,0,0,1,1,27
1865a9477618,200008a584659:8084a1003b806,win,2,3,3,mate in 2,1,1,1,0,0,0,1,1,28
9f4777f84be0,809030003881182:300088908018a09,win,3,5,9,mate in 5,1,2,0,0,0,2,1,2,26
c42be6581b6c,9c08840889104:18605469b,win,2,3,3,mate in 2,0,2,1,1,0,0,0,2,27
41ff8c1b5392,1008b00832c18:80000322893a3,win,2,3,3,mate in 2,0,2,1,1,0,0,0,2,27
34ad55d9e881,10048912c4078:10801050041b185,win,9,17,29,mate in 15,1,8,1,0,0,7,6,3,28
ec0192a25ca0,1144008c189c1:8440880194085408,win,2,3,3,mate in 2,1,1,1,0,0,0,1,1,28
87155df198e8,1028910081011411:281478816a,win,2,3,3,mate in 2,0,2,1,1,0,0,0,2,27
b43ccc8534b4,1100c102d4418:804018510b125,win,2,3,3,mate in 2,0,2,1,1,0,0,0,2,27
9f2a685742eb,1081000891499800:89181008021c9,win,3,5,5,mate in 3,2,1,1,0,0,0,0,3,26
9a247951450f,3004834019618:2003005e6047,win,2,3,3,mate in 2,1,1,1,0,0,0,1,1,28
f8035f1bda26,1b000881039202:8000811300980199,win,2,3,3,mate in 2,1,1,1,0,0,0,0,2,27
9bc2e5854d75,18081192181482:80c218b3d,win,2,3,3,mate in 2,1,1,1,0,0,0,0,2,28
f89e0305adc8,103981291101:1901001210c23c,win,3,5,5,mate in 3,1,2,1,1,0,0,0,3,27
81d09eeb66f3,18a080a0003a90:a000021802998109,win,2,3,3,mate in 2,1,1,1,0,0,0,0,2,27
7da8aa1478e7,5a0282506c:18000050588693,win,9,17,29,mate in 15,1,8,1,0,0,7,2,7,27
8a05216a0ac2,100c00430109101e:110c10568941,win,2,3,3,mate in 2,1,1,1,0,0,0,0,2,28
264c76c40804,12020e028d016:1000101510152229,win,2,3,3,mate in 2,0,2,1,1,0,0,0,2,28
52a9e6e8f2fc,591240110c01c:1000019902d1121,win,3,5,7,mate in 4,1,2,1,1,0,0,0,3,28
521739eb6bd4,1011824311429:20082001910aa112,win,11,21,29,mate in 15,1,10,1,0,0,9,7,4,28
37ec3ce12776,9c00122019312:80003008d00c600d,win,5,9,19,mate in 10,0,5,1,0,0,4,3,2,28
a7b6343d564c,8012100101d301c:100018152900c901,win,2,3,3,mate in 2,1,1,1,0,0,0,0,2,28
7b060b532eb1,1009080920c12818:1040981890c7,win,2,3,3,mate in 2,1,1,1,0,0,0,0,2,28
b21e5e3322d8,1800110129c94:90001010840d210b,win,2,3,3,mate in 2,1,1,1,0,0,0,0,2,27
0a1d9334ea15,2100030482ac49:8460886110b2,win,3,5,5,mate in 3,1,2,1,1,0,0,0,3,28
9f42a1ec322e,108100110219aa0:1001012801482549,win,3,5,5,mate in 3,1,2,1,1,0,0,0,3,27
3284e1cb9f01,1022590081065:20010084227c20a,win,2,3,3,mate in 2,1,1,1,0,0,0,0,2,27
8ca79bd6f008,1950108101d08:1097898291,win,2,3,3,mate in 2,1,1,1,0,0,0,0,2,27
23039fbf6364,18002b308340a:9000120104038b81,win,3,5,5,mate in 3,2,1,1,0,0,0,1,2,28
1e04ec728ed4,10090202828301c1:800090091148920a,win,2,3,3,mate in 2,1,1,1,0,0,0,0,2,28
bde6bcf9fca7,900911988214:10090000a20131c9,win,2,3,3,mate in 2,1,1,1,0,0,0,0,2,27
6717392c6b34,1905940885081:9000400090518c58,win,2,3,3,mate in 2,0,2,1,1,0,0,0,2,28
d7d41be21124,31020d101c104:8000c1030022102b,win,2,3,3,mate in 2,1,1,1,0,0,0,0,2,26
fef0eea4e23b,2009e0487804:300990001003804b,win,2,3,3,mate in 2,1,1,1,0,0,0,1,1,27
ccc971f156a1,40040d0c0cc0a:8000d00c040e10c4,win,3,5,5,mate in 3,2,1,1,0,0,0,0,3,27
ec84613737ac,10c00106034cd:2041ac01ca22,win,4,7,9,mate in 5,2,2,1,1,0,0,1,3,28
81385cfb5ca1,20009b4118418:90019402000a3003,win,2,3,3,mate in 2,1,1,1,0,0,0,1,1,26
fb877c5d0ac5,18010e8908808208:8100016093c83,win,3,5,5,mate in 3,1,2,1,1,0,0,0,3,28
68bad523d9a9,2800815029123:8008000380290c98,win,2,3,3,mate in 2,0,2,1,1,0,0,0,2,26
b71a5eec1998,1d040d2414028:c000020100089ac7,win,2,3,3,mate in 2,1,1,1,0,0,0,0,2,28
09a3d5d2ead2,c004090619522:12c050e204d,win,2,3,3,mate in 2,0,2,1,1,0,0,0,2,28
27d8e4dd339d,10088c5038203:80010102885d88,win,4,7,7,mate in 4,3,1,1,0,0,0,0,4,26
3ddb1065b18e,9120904805e:80008040905a1921,win,3,5,9,mate in 5,1,2,0,0,1,1,0,3,27
ccc5abc01bc1,401100d10208225:10000620860d5408,win,3,5,5,mate in 3,2,1,1,0,0,0,1,2,27
032457d16c12,190020ac110ca:10000a49900a8a01,win,2,3,3,mate in 2,1,1,1,0,0,0,0,2,28
d35a85bc2e7c,49201008912a1:100849224a40e,win,2,3,3,mate in 2,1,1,1,0,0,0,0,2,27
06acd7bd504a,1c011e2007008:c008020810198215,win,2,3,3,mate in 2,1,1,1,0,0,0,0,2,27
e287bfe0ffdc,402004e02d483:1404100d2a3c,win,3,5,5,mate in 3,2,1,1,0,0,0,0,3,28
f05499d421e6,a0108b041910c:48007010e2053,win,2,3,3,mate in 2,1,1,1,0,0,0,0,2,28
7cc6cc98782f,401844084c09224:80000201020505db,win,4,7,7,mate in 4,2,2,1,1,0,0,0,4,28
c37226692270,1014087009538:9100901110510241,win,2,3,3,mate in 2,0,2,1,1,0,0,0,2,28
c64c9aa26869,a0108b001910c:8007010e2053,win,2,3,3,mate in 2,1,1,1,0,0,0,0,2,26
f689476cfc0f,18008001a5338:80080021c22180c3,win,2,3,3,mate in 2,1,1,1,0,0,0,0,2,27
7ea738051446,1838948485:8000980480083838,win,2,3,3,mate in 2,1,1,1,0,0,0,0,2,26
3bde69b03575,9100808191843:10000801d400c49c,win,2,3,3,mate in 2,0,2,1,1,0,0,1,1,27
f4215a2daa79,50090002006a4068:504950019083,win,4,7,7,mate in 4,3,1,1,0,0,0,0,4,26
320ec8177a32,50090002006a4168:504950019093,win,3,5,5,mate in 3,2,1,1,0,0,0,0,3,28
7cec6686db4c,2500870082298:100800028203d107,win,2,3,3,mate in 2,1,1,1,0,0,0,0,2,27
e15eff5ccf62,490010090a89128:8849805110491,win,2,3,3,mate in 2,1,1,1,0,0,0,0,2,28
925cae94725c,2101950194801:100148020882909a,win,2,3,3,mate in 2,0,2,1,1,0,0,0,2,27
4c9807427cae,2800056001d304:128012e202b,win,2,3,3,mate in 2,1,1,1,0,0,0,0,2,26
eef756080e65,9060816281024:100010210005c60b,win,2,3,3,mate in 2,1,1,1,0,0,0,0,2,26
9b4f82d181c4,180c100c60845:80400800880990aa,win,2,3,3,mate in 2,1,1,1,0,0,0,0,2,26
9de8c0995d17,900011442b942:40ae00d440d,win,3,5,5,mate in 3,2,1,1,0,0,0,0,3,28
b84bb761ba6b,208409820d244:800220462d2b,win,7,13,29,mate in 15,2,5,1,0,0,4,5,2,27
48422a20cd74,49040110011ca8:1400104884488151,win,2,3,3,mate in 2,0,2,1,1,0,0,1,1,27
4c3f3f3ce4d7,229141ad41:102211400822122a,win,3,5,7,mate in 4,1,2,1,1,0,0,0,3,28
32d0446fcbfc,c010005808810ac:c802c25ac01,win,2,3,3,mate in 2,1,1,1,0,0,0,0,2,27
6c2d7e3764b0,1009120890142118:20020112209d205,win,2,3,3,mate in 2,1,1,1,0,0,0,0,2,28
b4b5966d4cc6,841902111018108:1000094088601861,win,2,3,3,mate in 2,0,2,1,1,0,0,0,2,26
4fa40e55eb7f,20882b08008903:88080000912b3028,win,3,5,5,mate in 3,2,1,1,0,0,0,1,2,27
e91826251622,10090c8084018c18:4001009189830c1,win,5,9,11,mate in 6,1,4,0,0,1,3,3,2,28
9887dbf2781b,10009b089a054:9088908000441189,win,13,25,27,mate in 14,1,12,1,0,0,11,7,6,28
856fa3b4fa61,2180a391883:8102190028738,win,3,5,5,mate in 3,1,2,1,1,0,0,1,2,28
b8d8d8adaa8c,1009804188801845:800018881049a0a8,win,2,3,3,mate in 2,1,1,1,0,0,0,1,1,28
e78c96150190,99a212a21:100992000008d00e,win,2,3,3,mate in 2,1,1,1,0,0,0,0,2,26
021cc174cc94,2106a004180b8:80000103a5a43,win,2,3,3,mate in 2,1,1,1,0,0,0,0,2,26
16d6e92f623a,2106a00c180b8:280000103a5a43,win,2,3,3,mate in 2,1,1,1,0,0,0,0,2,28
faef317d7a27,4001052905a21:4024002485dc,draw,10,19,38,draw,4,6,0,0,1,5,6,4,26
1ad60f3da73a,100810101a008155:249005d1a08,win,9,17,17,mate in 9,0,9,1,1,0,7,5,4,26
a53991c8e07a,101092902a10a:8100a00080091c15,win,4,7,7,mate in 4,2,2,1,1,0,0,0,4,26
cf6507fd208b,109092902a10a:a100a00080091c15,win,4,7,7,mate in 4,2,2,1,1,0,0,0,4,28
28e4afafdf00,2100914098321:900180028042145a,win,3,5,5,mate in 3,2,1,1,0,0,0,0,3,27
c559720d36bd,104840233461:10002023b048c00a,win,2,3,3,mate in 2,1,1,1,0,0,0,0,2,27
87549b0b6cce,1082000018b3a01:388aa00818a,win,2,3,3,mate in 2,1,1,1,0,0,0,0,2,26
1ee1fc8c2dfa,28900209119188:29902a4833,win,3,5,5,mate in 3,2,1,1,0,0,0,0,3,28
9ff03e6318ae,10411188100d00a:90008004101c2115,win,2,3,3,mate in 2,1,1,1,0,0,0,0,2,26
81fcdb7905de,9104218449086:90008009800b0859,win,2,3,3,mate in 2,1,1,1,0,0,0,1,1,28
606a168673de,1280021a89838:3000108918012183,win,2,3,3,mate in 2,1,1,1,0,0,0,1,1,28
66dc8f19463c,18419b002200b:9000300204199414,win,2,3,3,mate in 2,1,1,1,0,0,0,1,1,28
fcb5b04f32dd,282100018a18129:28223023e82,win,2,3,3,mate in 2,1,1,1,0,0,0,0,2,28
f47bfa2aac73,289221002a8043:80000048b2413228,win,2,3,3,mate in 2,0,2,1,1,0,0,0,2,28
3e508b9d7164,2880089801ca04:80000824402e102b,win,2,3,3,mate in 2,1,1,1,0,0,0,0,2,27
9cff6415ad66,109600c59218:2040240121a00c7,win,2,3,3,mate in 2,0,2,1,1,0,0,0,2,28
86576760feae,140210228b324:12021086101401b,win,2,3,3,mate in 2,1,1,1,0,0,0,0,2,28
3c04530d006f,120116208ba01:22080a0888114098,win,3,5,9,mate in 5,1,2,1,1,0,0,0,3,28
3463c0ae173d,2249400b9202:b000222506059,win,2,3,3,mate in 2,0,2,1,1,0,0,0,2,27
89a0ee53f255,20108054037484:1001002100a0836b,win,5,9,9,mate in 5,1,4,1,1,0,2,3,2,28
d1c64fc4818d,1009000889403908:80009041300980c1,win,2,3,3,mate in 2,1,1,1,0,0,0,0,2,26
21084227f236,3501158192:10808090a8502d,win,2,3,3,mate in 2,1,1,1,0,0,0,0,2,27
af985d9f6985,1000048a8982d:1000100590074482,win,2,3,3,mate in 2,1,1,1,0,0,0,0,2,26
e4353b80776f,1048101800501292:1000c0908b8149,win,11,21,33,mate in 17,2,9,0,0,1,8,6,5,27
f415e7eb9e6b,80100016418b190:c8019814e09,win,2,3,3,mate in 2,1,1,1,0,0,0,0,2,28
945f065b5f93,102c13a18308:90088101800c10a5,win,2,3,3,mate in 2,1,1,1,0,0,0,1,1,28
b4dbaed0bcff,201408800c149c:100800a414a1a021,win,2,3,3,mate in 2,1,1,1,0,0,0,0,2,27
f0f241508f9f,2041021100119a1:100102040624861c,win,3,5,5,mate in 3,2,1,1,0,0,0,0,3,27
bb62f3716db6,902000a099a44:200100dd0044089,win,8,15,33,mate in 17,2,6,0,0,0,6,4,4,26
4d39304bef8c,2860046249224:2000002900b641b,win,3,5,5,mate in 3,2,1,1,0,0,0,0,3,28
35f5ea2883cf,a07423142a:10a130018080e081,win,2,3,3,mate in 2,1,1,1,0,0,0,1,1,28
a26a637ba7b0,490000900b8a11:800080490250504a,win,2,3,3,mate in 2,0,2,1,1,0,0,0,2,26
9f405612d4cd,490002900b8a11:800080490a50504a,win,2,3,3,mate in 2,0,2,1,1,0,0,0,2,28
22ec5ff2574f,18090a48a1c08:1000091811e093,win,2,3,3,mate in 2,1,1,1,0,0,0,1,1,28
1d1a67ad72ed,a01004104c9145:100500a100b100b8,win,2,3,3,mate in 2,1,1,1,0,0,0,0,2,28
988d99aca4ef,1008100459108111:40004908000d580c,win,2,3,3,mate in 2,1,1,1,0,0,0,0,2,26
d5c6498b8c7c,1008100559108111:41004908000d580c,win,2,3,3,mate in 2,1,1,1,0,0,0,0,2,28
2ac80a459fb4,12820203a1038:2010011901a903,win,2,3,3,mate in 2,1,1,1,0,0,0,0,2,26
3ba35ac7a961,12822203a1038:2010091901a903,win,2,3,3,mate in 2,1,1,1,0,0,0,0,2,28
fa5c3193559d,8182691219:800180601080c1e0,win,2,3,3,mate in 2,1,1,1,0,0,0,1,1,26
b6fafbffc0c7,8183691219:800190601080c1e0,win,2,3,3,mate in 2,0,2,1,1,0,0,0,2,28
26ac2ad24988,15000409ab10a:8809990014095,win,2,3,3,mate in 2,1,1,1,0,0,0,0,2,28
1c62a683a811,9820816889300:9200148180014489,win,2,3,3,mate in 2,1,1,1,0,0,0,0,2,28
ee35100bcf6d,16000e808c8c0:4000084110c13609,win,2,3,3,mate in 2,1,1,1,0,0,0,0,2,27
691d71685917,210008800b430d:801210324b032,win,2,3,3,mate in 2,1,1,1,0,0,0,0,2,27
5b1496f0bf6a,90012020b9288:8000800984100c53,win,3,5,5,mate in 3,1,2,1,1,0,0,0,3,26
d07ba670ea51,11001000ea81d:9000800ab0011582,win,2,3,3,mate in 2,1,1,1,0,0,0,0,2,27
8e37c3927517,29010019009c03:8001829002b4128,win,6,11,13,mate in 7,0,6,1,1,0,4,3,3,27
9a430feeda07,40501012102300b:2406840d8584,win,2,3,3,mate in 2,1,1,1,0,0,0,0,2,27
917c7cc0529c,900b004904d8:9008004090129123,win,3,5,5,mate in 3,1,2,1,1,0,0,0,3,27
7d8305ef1f62,20c40044008d51:40000219029522c,win,3,5,5,mate in 3,2,1,1,0,0,0,0,3,27
988427910cb8,1934090d01048:1140001103018391,win,2,3,3,mate in 2,1,1,1,0,0,0,0,2,28
98a75035b664,1801440165438:8012100390018087,win,2,3,3,mate in 2,1,1,1,0,0,0,0,2,28
8e80bbee63a5,100d011d2188:100901003800d815,win,2,3,3,mate in 2,0,2,1,1,0,0,0,2,27
39d4b2a69ae1,4900989418049:91090104100c1904,win,11,21,33,mate in 17,5,6,0,0,0,6,3,8,28
69a7fc9ecefd,9120098449a04:10408049020b004b,win,2,3,3,mate in 2,1,1,1,0,0,0,0,2,28
2f298d69bd0d,90118089000308a:10008101098b8901,win,2,3,3,mate in 2,1,1,1,0,0,0,0,2,27
c91d63bc9d05,1081018098a45:8800824182505018,win,2,3,3,mate in 2,1,1,1,0,0,0,0,2,27
f10976c1a129,2b828286d:8000800d4007d202,win,3,5,5,mate in 3,1,2,1,1,0,0,0,3,28
3a369c727b80,a5402200b9001:40100095400648a,win,3,5,5,mate in 3,2,1,1,0,0,0,0,3,26
7f16ab83f70e,910083c003128:10002c2100298c05,win,2,3,3,mate in 2,1,1,1,0,0,0,0,2,27
ae71e7a7b434,108e02815a08:80001180e80c7,win,2,3,3,mate in 2,1,1,1,0,0,0,0,2,26
04e55ee2e94b,1108e02815a08:a0001180e80c7,win,2,3,3,mate in 2,1,1,1,0,0,0,0,2,28
bddb049a984d,30005d20d8018:10c21200125207,win,3,5,9,mate in 5,2,1,0,0,1,0,1,2,28
e23c97d850ad,1210032003e88:20000a0109498161,win,8,15,17,mate in 9,1,7,1,1,0,5,3,5,27
9a522a945422,281000880de00b:8000802c10221934,win,5,9,9,mate in 5,4,1,1,0,0,0,0,5,28
fe8b03b833f9,208004a80c88043:42020016033688,win,6,11,11,mate in 6,1,5,1,1,0,3,2,4,27
590c929abbb2,3209a0080020a028:1201b2091681,win,2,3,3,mate in 2,1,1,1,0,0,0,0,2,27
ea764e5c8683,805000106a81682:c048805a82d,win,3,5,5,mate in 3,2,1,1,0,0,0,0,3,28
760e95e9aa01,40002960b3c08:8000a004204482c7,win,8,15,17,mate in 9,1,7,1,0,0,6,6,2,28
634591a5691e,1100a05821c64:100000811009638b,win,2,3,3,mate in 2,0,2,1,1,0,0,1,1,28
23ca67375fe0,40021009154e2:403648b1d,win,3,5,5,mate in 3,2,1,1,0,0,0,1,2,27
81c8ce9d6ef6,210218025b101:100100061102403e,win,2,3,3,mate in 2,1,1,1,0,0,0,0,2,26
5727048e3c1e,101800010111c291:1131852081908,win,2,3,3,mate in 2,1,1,1,0,0,0,0,2,27
1cdc832b7dd2,10810008530a9101:812818081429a,win,2,3,3,mate in 2,1,1,1,0,0,0,0,2,28
f9e13d54af0d,1022092a045c8:8600840104019225,win,6,11,15,mate in 8,1,5,0,0,0,5,3,3,28
ea700e626e6a,190012840c9034:40d1013064b,win,2,3,3,mate in 2,1,1,1,0,0,0,1,1,28
362bd5f3920f,108110000ca85801:8a1d00186a8,win,3,5,7,mate in 4,1,2,1,1,0,0,0,3,27
9a42a4b127e3,180218101a298:8000001040b85925,win,2,3,3,mate in 2,0,2,1,1,0,0,0,2,27
c5b9052221bf,1008000920c4858c:914091093841,win,9,17,19,mate in 10,0,9,1,1,0,7,5,4,28
7f2659e2939d,2042a20017843:80000d42a85a8,win,2,3,3,mate in 2,0,2,1,1,0,0,0,2,28
0d3d82746bae,5240026409448:400004590152215,win,10,19,35,mate in 18,1,9,0,0,1,8,3,7,27
e009eae23d52,28940000a4169:108000a89509812,win,7,13,29,mate in 15,1,6,1,0,0,5,2,5,27
73f0f9bc0ef9,1c090401aa21:900001b08151a,win,2,3,3,mate in 2,0,2,1,1,0,0,0,2,26
e83031f6b928,108086610dc02:8240118092319,win,5,9,9,mate in 5,1,4,1,0,0,3,4,1,28
cec34274dd74,a000981b18098:80018132000a0923,win,2,3,3,mate in 2,1,1,1,0,0,0,0,2,28
7c6a042126ab,10000b2186238:8000c01940019103,win,2,3,3,mate in 2,0,2,1,1,0,0,0,2,26
2188d1f6becb,10000b2386238:8000c01940039103,win,2,3,3,mate in 2,0,2,1,1,0,0,0,2,28
a660e2a02e9d,100980409104a00b:8000300920491344,win,2,3,3,mate in 2,1,1,1,0,0,0,0,2,28
7fda3fe5b491,1008014880533018:100901111088943,win,2,3,3,mate in 2,1,1,1,0,0,0,0,2,28
6778a385fac9,1008600057903:101319a809c,win,2,3,3,mate in 2,1,1,1,0,0,0,0,2,27
6c7886ba0c99,900093440a861:80028008909151c,win,6,11,11,mate in 6,2,4,1,0,0,3,3,3,28
ccda0ef3691c,4d048800841508:451449a0c5,win,8,15,17,mate in 9,1,7,1,1,0,5,5,3,27
dbdd8c93aaab,a1020502045a1:1020400b000b980a,win,2,3,3,mate in 2,1,1,1,0,0,0,0,2,27
df81aa9046fe,12000e280d250:81105924a9,win,4,7,9,mate in 5,2,2,1,1,0,0,0,4,26
e6a36117e5a0,12010e280d250:8081105924a9,win,4,7,9,mate in 5,2,2,1,1,0,0,0,4,28
460b4a6cd7ea,1008100100a8c0b8:8001800890013845,win,2,3,3,mate in 2,0,2,1,1,0,0,0,2,26
5accdf798683,8011402048a14a4:140008019801a80b,win,3,5,5,mate in 3,1,2,1,1,0,0,0,3,28
1bff5be8f732,18200920c410c5:10010d019e818,win,3,5,9,mate in 5,1,2,1,1,0,0,0,3,28
d3002e44290e,150910195003:100100104500a53c,win,3,5,5,mate in 3,2,1,1,0,0,0,1,2,27
88c0578fefc1,980810080c383:80000ad80b1848,win,2,3,3,mate in 2,1,1,1,0,0,0,0,2,27
bafdd3613535,210300b1013502:300002306228225,win,2,3,3,mate in 2,0,2,1,1,0,0,0,2,28
9737541bf2af,250b3403051:9050b00000198308,win,2,3,3,mate in 2,1,1,1,0,0,0,0,2,28
6d4b9b54bfc7,54080860b060a:86054084c185,win,2,3,3,mate in 2,1,1,1,0,0,0,0,2,28
271a64f4a417,18020810d1468:1000110910208b05,win,2,3,3,mate in 2,0,2,1,1,0,0,0,2,26
bd97ac0cd156,18020810d1468:1000110912208b05,win,2,3,3,mate in 2,0,2,1,1,0,0,0,2,27
d8f92627250e,2198110c314:188000120914ab,win,2,3,3,mate in 2,1,1,1,0,0,0,0,2,27
fc4990b57733,1008020152091a01:20118080880c09a,win,3,5,5,mate in 3,1,2,1,1,0,0,0,3,26
3c3793bf0d29,4d000980288051:441855582c,win,10,19,29,mate in 15,1,9,1,0,0,8,7,3,27
e699b0f241e0,281030200a10ac:a10b5a413,win,3,5,7,mate in 4,1,2,1,1,0,0,1,2,27
e2c8ca08823d,401000a0813182a:a042104288511,win,2,3,3,mate in 2,0,2,1,1,0,0,0,2,26
d40edbbce9e6,180482050d250:481001d2092009,win,3,5,5,mate in 3,2,1,1,0,0,0,0,3,26
8c7d7a8afe7f,180211828c814:802800188011102b,win,2,3,3,mate in 2,1,1,1,0,0,0,0,2,26
f15722370beb,18000010369162:1000101a0209221d,win,3,5,5,mate in 3,1,2,1,1,0,0,0,3,27
bdc50e0f95e8,1800c140b8644:800010038044702b,win,13,25,35,mate in 18,3,10,1,0,0,9,6,7,28
4f5e3f188202,28000c12845029:412208029a284,win,5,9,13,mate in 7,1,4,1,1,0,2,1,4,26
bf9e82bab61f,12048b0c21092:304010010019a04d,win,2,3,3,mate in 2,1,1,1,0,0,0,0,2,28
49cf3f8a6b45,18005182d2c08:80001c28840090a5,win,2,3,3,mate in 2,1,1,1,0,0,0,0,2,28
dc47c0f4dc7e,120020039c047:20000001a2423638,win,2,3,3,mate in 2,1,1,1,0,0,0,0,2,27
bf522eb5e8ac,34004480ce904:400c000b000310ab,win,2,3,3,mate in 2,1,1,1,0,0,0,0,2,28
1f6b17776708,2900b10101498:90090010840bc003,win,2,3,3,mate in 2,1,1,1,0,0,0,0,2,27
a524c7a72878,99501108009880:10000088d0994019,win,10,19,31,mate in 16,1,9,1,0,0,8,5,5,27
f24460ee6f08,1080013435c02:6430c080349,win,2,3,3,mate in 2,1,1,1,0,0,0,0,2,26
19973e47b48c,1080013435c22:206430c080349,win,2,3,3,mate in 2,1,1,1,0,0,0,0,2,28
fc2ffca94637,20c100810440057:204023b9328,win,3,5,5,mate in 3,1,2,1,1,0,0,1,2,27
5e836f720530,10080a89078a:8060094209871,win,3,5,5,mate in 3,2,1,1,0,0,0,1,2,27
fc0876619437,4c010d3018009:81000104001c5314,win,2,3,3,mate in 2,1,1,1,0,0,0,0,2,26
41a4af9c5a03,130c828882088:3088000190419841,win,2,3,3,mate in 2,1,1,1,0,0,0,1,1,27
36728793bb75,250001108c8099:902c82211a24,win,11,21,23,mate in 12,2,9,1,1,0,7,4,7,27
40cecdf9b108,2c88018038885:d8001002c080700a,win,2,3,3,mate in 2,1,1,1,0,0,0,0,2,28
f2331aef975d,208822908011828:80010000b2a8a281,win,2,3,3,mate in 2,1,1,1,0,0,0,0,2,27
5b04daea4646,100a084ac402b:80208409004194c4,win,5,9,11,mate in 6,1,4,1,0,0,3,3,2,28
bf6354400179,4800110a0856a:6484551095,win,2,3,3,mate in 2,1,1,1,0,0,0,0,2,27
64e26193facd,21121104101c0a:4221a238231,win,2,3,3,mate in 2,0,2,1,1,0,0,0,2,27
51b45df27183,10980010410145b:800001088109ab24,win,12,23,35,mate in 18,2,10,0,0,1,9,7,5,28
a6cb4bbb0b90,19080018898849:8800809981101190,win,2,3,3,mate in 2,1,1,1,0,0,0,0,2,28
2fdfd8afe7d8,18082a481d408:90003001500221c3,win,3,5,7,mate in 4,0,3,1,0,0,2,2,1,28
382e85c713d9,9b0028002a168:a000000930695003,win,2,3,3,mate in 2,0,2,1,1,0,0,0,2,28
43a7df7fc756,1029000a3c83:80c001c25016c,win,2,3,3,mate in 2,1,1,1,0,0,0,0,2,27
addf80864e97,30ca90003c1:10008c002cca80c,win,2,3,3,mate in 2,1,1,1,0,0,0,0,2,27
2c26b401a895,180020121b4601:6180420b03a,win,2,3,3,mate in 2,1,1,1,0,0,0,0,2,26
093524ffe5a7,10c280028046b:2800019c419884,win,5,9,13,mate in 7,2,3,1,0,0,2,3,2,27
604e76954542,22000a9208a301:2212033183a,win,7,13,17,mate in 9,0,7,1,1,0,5,3,4,27
d131b863fbc1,100d0000b001850c:8000940d040c3001,win,2,3,3,mate in 2,0,2,1,1,0,0,0,2,26
397c73cf45d7,100d2000b001850c:8000940d050c3001,win,2,3,3,mate in 2,0,2,1,1,0,0,0,2,28
d528958f5e62,144db584:8041e002405b,win,3,5,5,mate in 3,1,2,1,1,0,0,0,3,26
22090e882402,9c0050280b104:80000008c02d42a9,win,7,13,33,mate in 17,0,7,1,0,0,6,5,2,27
83b1282478dc,9100e00454045:40001160a961a,win,2,3,3,mate in 2,1,1,1,0,0,0,0,2,27
2f2950b12cc7,450003041d982:100020064006207d,win,3,5,5,mate in 3,1,2,1,1,0,0,0,3,28
5bbfc14ce6d4,2811666045:111010009952a,win,2,3,3,mate in 2,1,1,1,0,0,0,0,2,26
9a8caf83a934,9140005429142:10000109900d040d,win,2,3,3,mate in 2,1,1,1,0,0,0,0,2,26
7572ebbcfab8,9940005429142:10000149900d040d,win,2,3,3,mate in 2,1,1,1,0,0,0,0,2,28
b6938aabaea9,620c221c45:100410c5c0aa,win,3,5,7,mate in 4,2,1,0,0,1,0,0,3,26
064e55afc4be,d190992218:801980080240d0c1,win,2,3,3,mate in 2,1,1,1,0,0,0,0,2,28
04dbc5e853c3,10098021810c8101:8000110c1021102e,win,2,3,3,mate in 2,1,1,1,0,0,0,0,2,26
bfb86f54c088,9029410101201029:9028d009c904,win,2,3,3,mate in 2,1,1,1,0,0,0,1,1,28
a49fbf843169,91100825d1048:1010005911008315,win,2,3,3,mate in 2,1,1,1,0,0,0,0,2,28
39a9a613e34a,18408102a812a:8110185011c81,win,8,15,19,mate in 10,1,7,0,0,0,7,5,3,26
339dc07dc87d,3c0d1088230:8400802c051c9,win,2,3,3,mate in 2,1,1,1,0,0,0,0,2,26
a580e1402bd9,1080b421a104a:80a02100841ca11,win,2,3,3,mate in 2,1,1,1,0,0,0,0,2,28
985095ce059c,29a009206b:920004420d694,win,6,11,15,mate in 8,1,5,1,1,0,3,3,3,27
964fa8e613a0,1828882883048:8008100130018383,win,2,3,3,mate in 2,1,1,1,0,0,0,0,2,26
c97896a52ef7,4104110481e09:100000044685c1c4,win,2,3,3,mate in 2,1,1,1,0,0,0,0,2,27
5c4a6545edb6,1000054984c29:1000502180219092,win,2,3,3,mate in 2,1,1,1,0,0,0,0,2,26
491c2f3213cd,11089ac3a:1100a041253c1,win,5,9,9,mate in 5,3,2,1,1,0,0,1,4,27
3158d0af6024,18111082299180:8001820911100239,win,2,3,3,mate in 2,1,1,1,0,0,0,0,2,28
4849b5b6d02a,10a480ac81081:1008100190118a58,win,2,3,3,mate in 2,1,1,1,0,0,0,0,2,27
d8dfe7b919cd,110210c2110b4:182008009008cc49,win,7,13,19,mate in 10,0,7,1,0,0,6,5,2,27
25514b93ba71,c018ea09840:8019020100106a5,win,2,3,3,mate in 2,1,1,1,0,0,0,0,2,26
567d8feb56cb,10885488a291:6080640020115c08,win,2,3,3,mate in 2,0,2,1,1,0,0,1,1,28
5b12bf94032c,1020c028a03a8:20c00030005a407,win,2,3,3,mate in 2,1,1,1,0,0,0,1,1,26
699851e6ffab,2984261c28:20000418898097,win,2,3,3,mate in 2,1,1,1,0,0,0,0,2,26
c7f69277f8ad,28001880095341:40806013708038,win,2,3,3,mate in 2,1,1,1,0,0,0,0,2,27
93b91be689a1,1a0a10089a028:80a80008b0201285,win,2,3,3,mate in 2,0,2,1,1,0,0,0,2,27
2b8c9ab9e0cd,180080289818b:80080001a9043e04,win,2,3,3,mate in 2,1,1,1,0,0,0,0,2,27
a7dfecca6aa4,1449d1009411:10008100044d416c,win,6,11,11,mate in 6,1,5,1,1,0,3,2,4,28
7e59a2d9f514,4099488c000b001:9080000114894588,win,5,9,11,mate in 6,3,2,1,1,0,0,1,4,28
35299bcb7e4d,4d4080b8c1:51000984d400c,win,2,3,3,mate in 2,0,2,1,1,0,0,0,2,26
2466ada6d7ce,2c111001041055:1000002c10788528,win,2,3,3,mate in 2,0,2,1,1,0,0,0,2,27
363b23e15879,9100380026039:9000800832099602,win,2,3,3,mate in 2,0,2,1,1,0,0,0,2,27
89e3f152e93f,20000b020ac05a:b022000a116a1,draw,2,3,37,draw,1,1,0,0,1,0,0,2,27
e754204d051d,148008809b168:1000104152604e01,win,2,3,3,mate in 2,1,1,1,0,0,0,0,2,28
4cbc45e583c4,108000a806298a1:800081001189074a,win,6,11,15,mate in 8,1,5,0,0,1,4,4,2,28
8ae161f41335,208900811d094:108002908e280b,win,2,3,3,mate in 2,1,1,1,0,0,0,0,2,27
c8f97d37308d,c9194114801:c01400048809498,win,2,3,3,mate in 2,1,1,1,0,0,0,0,2,26
09b53f30ad6c,23046b0481084:104480800086a04b,win,2,3,3,mate in 2,1,1,1,0,0,0,0,2,28
ebed074a291f,41a00890012928:100010412148d051,win,2,3,3,mate in 2,1,1,1,0,0,0,0,2,27
f6118ade8a4f,200884d4059404:5002108a049a9,win,2,3,3,mate in 2,1,1,1,0,0,0,1,1,28
3433066109b7,9100910213860:1000202026088719,win,2,3,3,mate in 2,0,2,1,1,0,0,0,2,27
f58c725418c8,40030009401bb:18000c90699044,win,2,3,3,mate in 2,1,1,1,0,0,0,0,2,27
ea0bbb367412,500940011818c001:80009018c0013898,win,7,13,31,mate in 16,2,5,0,0,0,5,5,2,27
31fe452ee46d,108c800d00082805:80011080b0859088,win,2,3,3,mate in 2,0,2,1,1,0,0,0,2,27
306296dd06b4,2081a1011098841:480a50139e,win,3,5,7,mate in 4,1,2,1,1,0,0,0,3,28
c30f0be5b87b,208004014414c19:10001a080a08b240,win,8,15,15,mate in 8,3,5,1,1,0,3,2,6,26
72c36f3a03e9,10090a00c900830c:800100912195811,win,2,3,3,mate in 2,1,1,1,0,0,0,0,2,28
f961c8e2ffe2,60800108116099:8001006080689864,win,6,11,11,mate in 6,2,4,1,0,0,3,2,4,27
b11d9ff710db,110092108d106:10000000922722a9,win,7,13,31,mate in 16,1,6,0,0,1,5,5,2,27
dbc8196a6d71,28801808d1094:800000121812890b,win,2,3,3,mate in 2,1,1,1,0,0,0,0,2,26
8045e0e10651,2d802188611:210000004c130ec,win,2,3,3,mate in 2,0,2,1,1,0,0,1,1,26
4625b23d57f3,1124080590055:1040801912049308,win,3,5,7,mate in 4,1,2,1,1,0,0,0,3,27
db9aa9695bd6,1400450654241:400012218600942c,win,2,3,3,mate in 2,1,1,1,0,0,0,0,2,27
d4084cab8c06,8102401a441458:40088180898a85,win,2,3,3,mate in 2,1,1,1,0,0,0,0,2,28
674363f41348,1012011309894:41015080d2129,win,4,7,7,mate in 4,3,1,1,0,0,0,0,4,27
730ad4a73535,401041554c108:100544040003654,win,2,3,3,mate in 2,1,1,1,0,0,0,0,2,26
ea2959ef9521,100900008095c1c1:8000900950081a1c,win,3,5,5,mate in 3,2,1,1,0,0,0,0,3,28
d77281b075bb,1b000101d103c:10200021a420e481,win,2,3,3,mate in 2,1,1,1,0,0,0,0,2,28
1b308738d2a8,14040b400d8a1:40149492558,win,9,17,31,mate in 16,2,7,1,0,0,6,4,5,28
0b6cec4d2f4b,20880014007d42:10208a60823d,win,4,7,9,mate in 5,1,3,1,1,0,1,1,3,27
bbce07221309,1202020a1145a:4410448a3a1,win,7,13,17,mate in 9,3,4,1,0,0,3,3,4,26
fcac5dc709cb,10080020042114b3:20100a900a8948,win,4,7,7,mate in 4,3,1,1,0,0,0,0,4,26
d091bf4480dd,43100110121892:100000422941a149,win,2,3,3,mate in 2,1,1,1,0,0,0,0,2,27
4d077c79ac09,20c0050040c9450:60c8250630c,win,2,3,3,mate in 2,1,1,1,0,0,0,0,2,27
aa4e477efabb,12220226821c1:2008014911019228,win,3,5,5,mate in 3,1,2,1,1,0,0,1,2,28
ba83cc387f2c,20240c2027a01:20010031049804e,win,3,5,5,mate in 3,2,1,1,0,0,0,0,3,26
8712491a275b,104d100505829:1800080489a4d4,win,2,3,3,mate in 2,1,1,1,0,0,0,0,2,28
967c7056c6f5,100900040814991c:4980991092081,win,9,17,27,mate in 14,2,7,1,0,0,6,3,6,28
3e2d48a6df1f,40808b064208d:a04408089c72,win,4,7,9,mate in 5,2,2,1,1,0,0,0,4,28
a03a49632465,1000040c8d2d4:800880098001242b,win,2,3,3,mate in 2,0,2,1,1,0,0,1,1,26
b061569208c1,1000060c8d2d4:800880498001242b,win,2,3,3,mate in 2,0,2,1,1,0,0,1,1,28
15804c294567,101e0014e908:80088000900a1297,win,2,3,3,mate in 2,0,2,1,1,0,0,0,2,27
15a7e02574a5,2580050c8d001:50000082080328ca,win,2,3,3,mate in 2,1,1,1,0,0,0,0,2,26
e86478838304,3580050c8d001:50000083080328ca,win,2,3,3,mate in 2,1,1,1,0,0,0,0,2,28
85086f194816,a0a00ca02280b:a01000b1009d204,win,7,13,29,mate in 15,1,6,1,0,0,5,2,5,28
eec20091cb04,41102041680538:28005910115045,win,17,33,33,mate in 17,3,14,1,0,0,13,7,10,28
e58dc3e1de4f,118019092300a:9800808028018891,win,2,3,3,mate in 2,1,1,1,0,0,0,0,2,26
e9bfef7e6bf1,190400019a258:80002011b2401105,win,2,3,3,mate in 2,0,2,1,1,0,0,0,2,26
f846905e9681,191400019a258:80002011b3401105,win,2,3,3,mate in 2,0,2,1,1,0,0,0,2,28
e905314b4bb6,2800a4408e051:80401b003162a,win,3,5,5,mate in 3,2,1,1,0,0,0,1,2,27
31b1de44e23a,1008021008189581:990893000a38,win,9,17,33,mate in 17,0,9,1,0,0,8,5,4,27
82099cfa1e2e,2018084c094083:40231022bc28,win,3,5,5,mate in 3,2,1,1,0,0,0,0,3,27
31629509452b,114080e10cd08:1400000191091293,win,2,3,3,mate in 2,1,1,1,0,0,0,0,2,28
5a93fa421e5d,988100c089610:8000120992112809,win,8,15,31,mate in 16,1,7,1,0,0,6,3,5,27
797d62cf2407,29800a804140d:100020061092a892,win,2,3,3,mate in 2,1,1,1,0,0,0,0,2,27
6e1b5c5444b4,40100a8099318:800d01142867,win,3,5,9,mate in 5,0,3,0,0,0,3,2,1,27
5c401b067665,66102e01843:6100000403c6ac,win,2,3,3,mate in 2,1,1,1,0,0,0,0,2,28
b528eda4351e,19000416050d5:19190918528,win,3,5,7,mate in 4,1,2,1,1,0,0,0,3,28
e99977d992ee,2605048b087:200000502354278,win,3,5,5,mate in 3,2,1,1,0,0,0,0,3,28
2441c45b8131,c02007202a043:400c804d520c,win,2,3,3,mate in 2,0,2,1,1,0,0,0,2,26
b58604f53b4d,c12007202a043:4000400c804d520c,win,2,3,3,mate in 2,0,2,1,1,0,0,0,2,28
f7eb2b30df73,400b495aa:841094092815,win,2,3,3,mate in 2,1,1,1,0,0,0,0,2,26
95215f52f367,119000888098881:1910190111e,win,3,5,9,mate in 5,1,2,1,1,0,0,0,3,26
cb373df56239,10029003a6111:104012c401942a,win,2,3,3,mate in 2,1,1,1,0,0,0,1,1,27
b6a40716e4f9,1804400d93288:8040100192048855,win,2,3,3,mate in 2,1,1,1,0,0,0,0,2,28
86917ee8ee92,7492188449:30940004641234,win,5,9,9,mate in 5,4,1,1,0,0,0,1,4,28
2b4a3ffc0368,104504e814b:9100900281017804,win,2,3,3,mate in 2,0,2,1,1,0,0,0,2,28
110988e241ee,2880009209e202:800002280062186d,win,4,7,7,mate in 4,2,2,1,1,0,0,1,3,27
040f8eac926d,15200c6285480:5000008110818a39,win,2,3,3,mate in 2,1,1,1,0,0,0,0,2,28
3ab3cbec2122,180619022a042:8000100242495229,win,2,3,3,mate in 2,0,2,1,1,0,0,0,2,27
0da1d8557476,900006148910e:1100110b10036041,win,5,9,11,mate in 6,3,2,1,1,0,0,1,4,27
2beb0ca3bd47,20904000e281483:4000a098081aa28,win,2,3,3,mate in 2,0,2,1,1,0,0,0,2,28
e8fb65e4d392,1024103049146:8002806b2229,win,8,15,15,mate in 8,2,6,1,0,0,5,5,3,26
10b13027cecd,80100018a0c3628:8a00048188d7,win,2,3,3,mate in 2,1,1,1,0,0,0,0,2,28
66a1865d0cb1,9714030085001:300000094141a148,win,5,9,13,mate in 7,3,2,1,1,0,0,1,4,26
fd4db4eab004,109714030085001:300000094141a14c,win,4,7,9,mate in 5,2,2,1,1,0,0,1,3,28
bfb640f2be1a,80184006400d412:400181198112801,win,2,3,3,mate in 2,0,2,1,1,0,0,0,2,26
2bc00ba62c35,110280410582e:10084001d0298411,win,2,3,3,mate in 2,1,1,1,0,0,0,0,2,27
735425150796,100d000c04448528:40106110291055,win,3,5,5,mate in 3,2,1,1,0,0,0,0,3,28
5f7be1f63236,1c008a500b482:800804015009411d,win,2,3,3,mate in 2,0,2,1,1,0,0,0,2,28
6efd12ae185f,100a000094098311:8001940b0002340a,win,2,3,3,mate in 2,0,2,1,1,0,0,1,1,27
d579fd88312f,208130100c088c1:1001004813091308,win,2,3,3,mate in 2,0,2,1,1,0,0,0,2,26
40ad97cfa58a,108101900108915:10110100910d5088,win,2,3,3,mate in 2,1,1,1,0,0,0,0,2,27
286006d91267,10080002990ac014:8000910c0004190b,win,2,3,3,mate in 2,1,1,1,0,0,0,1,1,26
6c83a31b4df9,20098008c28341:22833018ba,win,9,17,17,mate in 9,1,8,1,1,0,6,5,4,27
5f8f42032f1a,10040a0ac92c4:8820891041202b,win,2,3,3,mate in 2,0,2,1,1,0,0,1,1,28
23a2b9887cad,900409811d801:8000c01940482058,win,3,5,5,mate in 3,2,1,1,0,0,0,1,2,26
06183569eac5,a0080988209045:80a000d90ab8,win,2,3,3,mate in 2,1,1,1,0,0,0,0,2,27
3d18e3bf6053,10828000104d9144:800110838182008b,win,2,3,3,mate in 2,0,2,1,1,0,0,0,2,28
ad1085124df5,18106298869:1024099c01780,win,2,3,3,mate in 2,1,1,1,0,0,0,0,2,28
417b9515b996,9009000330883808:2000b08880038093,win,2,3,3,mate in 2,1,1,1,0,0,0,0,2,28
289a4847ccb7,3800250038a81:9000108180c0704a,win,2,3,3,mate in 2,1,1,1,0,0,0,0,2,27
906fe4bba010,90008058d9422:85858002019d,win,2,3,3,mate in 2,0,2,1,1,0,0,0,2,28
b27be9ddbd7a,104a020a4079:1008420050609382,win,3,5,7,mate in 4,1,2,1,1,0,0,0,3,27
16488caef876,22e201834c:804110627023,win,7,13,29,mate in 15,3,4,0,0,0,4,4,3,26
caffd05159ea,52020302290a2:201005000d290d,win,2,3,3,mate in 2,1,1,1,0,0,0,0,2,26
3bba25d7801c,19000108cd824:1008000dc0212289,win,4,7,9,mate in 5,2,2,1,1,0,0,1,3,27
8962dae55fa9,10081001c8013941:800188081148c038,win,2,3,3,mate in 2,0,2,1,1,0,0,0,2,28
4ec1c3c1a5f2,1910110025914:900000108191a08b,win,2,3,3,mate in 2,1,1,1,0,0,0,0,2,27
43ec43d9d181,13200802ad00e:a000800132012a31,win,3,5,9,mate in 5,1,2,1,1,0,0,0,3,28
632b7a78fed9,10090009119090c4:80009014800d2119,win,5,9,9,mate in 5,3,2,1,1,0,0,0,5,28
56e0e9924ccd,2850392429:102870002000d0d0,win,2,3,3,mate in 2,0,2,1,1,0,0,0,2,26
f57ff7bc39f2,3850392429:102870012000d0d0,win,2,3,3,mate in 2,0,2,1,1,0,0,0,2,28
410baa170ec4,915028408910c:1000800911070643,win,3,5,5,mate in 3,2,1,1,0,0,0,0,3,28
82184414ea14,182639002820a:800a100802691061,win,2,3,3,mate in 2,1,1,1,0,0,0,0,2,28
733219e39c46,1c009c0024183:40080000112db02c,win,2,3,3,mate in 2,1,1,1,0,0,0,0,2,27
e016e4574dc3,2014020004b51a:2002434324065,win,2,3,3,mate in 2,1,1,1,0,0,0,0,2,27
74e96af2e1dc,18a0c88028b020:8000003030d040d9,win,2,3,3,mate in 2,1,1,1,0,0,0,0,2,28
a650d4461a49,881408008905a04:a11c201a099,win,2,3,3,mate in 2,1,1,1,0,0,0,0,2,27
ab72943efa54,502009103818b:20000850a8c3a04,win,3,5,5,mate in 3,2,1,1,0,0,0,0,3,28
d813d12f41ce,2080054011d114:80000020b06420e9,win,3,5,5,mate in 3,2,1,1,0,0,0,0,3,27
437c9b28a931,90240504252c1:40008b0289842a,win,8,15,15,mate in 8,0,8,1,1,0,6,4,4,28
7705df4f81b8,94020e400541a:400000191039a821,win,3,5,5,mate in 3,1,2,1,1,0,0,0,3,28
6747a76cac48,100c1c082aa4:804000207d44b,win,4,7,7,mate in 4,3,1,1,0,0,0,0,4,27
3db53b4eeecb,240008910813228:240024c81d7,win,4,7,7,mate in 4,3,1,1,0,0,0,1,3,27
0eb5da9dab5f,8010000120e91a2:a0588810a0d,win,3,5,5,mate in 3,2,1,1,0,0,0,0,3,26
8d4dd373f535,2120813899082:900081828002430d,win,2,3,3,mate in 2,1,1,1,0,0,0,0,2,28
62dbc3c679d9,208004430619024:2209020c224b,win,4,7,7,mate in 4,1,3,1,0,0,2,1,3,26
43e66c1b9706,28506a9581:844428401407a,win,8,15,21,mate in 11,0,8,0,0,1,7,5,3,28
7e23587d787c,148444100484409:10845039156,win,8,15,31,mate in 16,3,5,0,0,1,4,4,4,27
a243ea35000c,10080002300828ae:30084c03d601,win,3,5,5,mate in 3,2,1,1,0,0,0,0,3,27
5d847c1fab16,10094908da081:8c80092810181c,win,7,13,29,mate in 15,3,4,0,0,1,3,2,5,28
f46eba7f8754,100b0400a4038502:8400900b10083019,win,4,7,7,mate in 4,3,1,1,0,0,0,0,4,28
5e1474b4fd6a,108d046a944:888022908508b,win,2,3,3,mate in 2,1,1,1,0,0,0,0,2,28
ab126e644a3f,102006288b482:c0018011425d,win,7,13,13,mate in 7,2,5,1,1,0,3,2,5,26
adddea00476e,c0020c1305291:110c100c8d2c,win,6,11,11,mate in 6,1,5,1,1,0,3,2,4,28
138a918bde7d,1100902173014:120802109008c20b,win,2,3,3,mate in 2,1,1,1,0,0,0,0,2,27
4b9c0e34e6f3,20140004e81864:100800681010849b,win,2,3,3,mate in 2,1,1,1,0,0,0,0,2,27
4bbb12f38683,20000c08549158:8803082284a25,win,7,13,15,mate in 8,1,6,1,1,0,4,5,2,27
31fe4862f4f7,11802d20d8201:c020d0802580e,win,5,9,9,mate in 5,3,2,1,1,0,0,1,4,28
dc441a79e93f,10009d0148815:c008d0100009500a,win,3,5,5,mate in 3,2,1,1,0,0,0,1,2,26
9e42f08b13d7,10009d1148815:c008d0100009510a,win,3,5,5,mate in 3,2,1,1,0,0,0,1,2,28
143df527c63c,1186000390c5:10c0004011cc010a,win,2,3,3,mate in 2,0,2,1,1,0,0,0,2,26
023905624698,d010105c10d:1018000cc081e02,win,4,7,9,mate in 5,2,2,1,1,0,0,0,4,26
182cdc33d408,909008909a410:8000841924101909,win,2,3,3,mate in 2,0,2,1,1,0,0,0,2,27
c2e8665f1b65,114888005828c:100800051e881c01,win,2,3,3,mate in 2,1,1,1,0,0,0,0,2,27
80da5f7bea23,31840180093c08:1000103014308037,win,3,5,7,mate in 4,1,2,1,1,0,0,0,3,28
6d5c673219a3,1009000058498508:c000d00980005841,win,2,3,3,mate in 2,0,2,1,1,0,0,0,2,26
49f42618e751,108100200849c858:108191b011a1,win,2,3,3,mate in 2,1,1,1,0,0,0,0,2,28
9c4f582c7489,10a01029202a141:100490149520e,win,2,3,3,mate in 2,1,1,1,0,0,0,0,2,28
02195bca517b,10858b0109054:180005084d2c09,win,3,5,5,mate in 3,2,1,1,0,0,0,0,3,28
c8a32ba7e302,104a10218668:90098001804a1003,draw,7,13,38,draw,2,5,0,0,0,5,5,2,26
c8b3d0ef40c7,1029022000809283:1089922b4028,win,3,5,5,mate in 3,2,1,1,0,0,0,1,2,27
f708900c1a15,110059003e014:1002c0024404150b,win,3,5,5,mate in 3,2,1,1,0,0,0,0,3,27
19c274a28c23,200c8c0881a088:880021042c1c25,win,2,3,3,mate in 2,0,2,1,1,0,0,0,2,27
51ed4e2be87a,14a1100100119810:4a014a844a9,win,3,5,5,mate in 3,1,2,1,1,0,0,0,3,27
6603aef41887,2088229e308:228802015101431,win,4,7,9,mate in 5,2,2,1,1,0,0,0,4,27
36344a444059,10482000880ad00c:184870402852,win,2,3,3,mate in 2,1,1,1,0,0,0,0,2,26
da3300403ace,10482000880ad00d:584870402852,win,2,3,3,mate in 2,1,1,1,0,0,0,0,2,28
9167a36b9f13,24900018088a83:22482a5112c,win,3,5,5,mate in 3,1,2,1,1,0,0,0,3,27
b78ba298773d,a08081a841038:202800a8ac7,win,2,3,3,mate in 2,1,1,1,0,0,0,0,2,26
ff7d7ca0449f,51941101941:10140008409c41a,win,2,3,3,mate in 2,0,2,1,1,0,0,0,2,26
99cf8a41cd67,51941101941:10140008409e41a,win,2,3,3,mate in 2,0,2,1,1,0,0,0,2,27
5156c8d989d3,10a001c04423c:d2229bc01,win,3,5,7,mate in 4,1,2,1,1,0,0,0,3,27
35bfbd62eb29,100511004d071:40004c151258c,win,2,3,3,mate in 2,1,1,1,0,0,0,0,2,27
58d31a1af4d8,80d404100885089:40080cc8458844,win,2,3,3,mate in 2,1,1,1,0,0,0,0,2,28
66241c86b98c,9900890084870:800000412041b689,win,3,5,5,mate in 3,2,1,1,0,0,0,1,2,27
dc5808ac43af,900211320c241:1308c4091528,win,2,3,3,mate in 2,0,2,1,1,0,0,0,2,27
480d652557c5,116c5a285:1001144020081578,win,2,3,3,mate in 2,1,1,1,0,0,0,0,2,28
75b2356541a9,100881484112e:800023002bc481,win,5,9,15,mate in 8,0,5,0,0,1,4,2,3,26
7d054ff37f32,100881494112e:800023002bc491,win,7,13,29,mate in 15,0,7,0,0,0,7,5,2,28
a4a126162e62,2081084009b308:8008402181224063,win,2,3,3,mate in 2,1,1,1,0,0,0,0,2,27
3bd023c1569d,4e0002208162b:a0000005c005e844,win,2,3,3,mate in 2,1,1,1,0,0,0,0,2,28
fb707adc8eca,180008262d068:8008020b20092203,win,2,3,3,mate in 2,1,1,1,0,0,0,0,2,26
464c3e2f6798,188000520cc20d:8000021980131832,win,2,3,3,mate in 2,1,1,1,0,0,0,0,2,28
129807f52f00,20020ac009841a:208042016225221,win,5,9,9,mate in 5,3,2,1,1,0,0,0,5,27
c4c7ee296ef7,120a04089048c204:800092024602144a,win,10,19,35,mate in 18,1,9,1,0,0,8,2,8,28
e547e5f47dfc,244b004382881:24882d53a,win,2,3,3,mate in 2,1,1,1,0,0,0,0,2,28
3ef1866a7b12,18184000801b8019:1181958005882,win,2,3,3,mate in 2,0,2,1,1,0,0,0,2,28
84eb8fd4e3f8,1b2208905a:100b100010132605,win,2,3,3,mate in 2,1,1,1,0,0,0,0,2,27
87a0ad290ca6,2443004382881:24802d53a,win,2,3,3,mate in 2,1,1,1,0,0,0,0,2,26
9fca2fa8f689,3903201dc08:1000100901982391,win,2,3,3,mate in 2,1,1,1,0,0,0,0,2,28
3bc6e15541c6,1004814430629:100810210a289842,win,7,13,15,mate in 8,1,6,1,1,0,4,2,5,27
7109ec211cdf,200902001e009c24:30092009229b,win,3,5,5,mate in 3,2,1,1,0,0,0,0,3,28
593e19ae6b8b,120003c24382c:240814098009c401,win,2,3,3,mate in 2,1,1,1,0,0,0,0,2,28
37d4e9b21233,1500195025404:900280024041814b,win,11,21,25,mate in 13,1,10,1,0,0,9,8,3,27
4cc0392f4c46,d004c0060d084:400021108d2069,win,2,3,3,mate in 2,1,1,1,0,0,0,0,2,26
3fb6ab1b5767,5009000886091005:56015000c60a,win,2,3,3,mate in 2,1,1,1,0,0,0,0,2,26
5b404dba3bfd,5002718028289:a0002a55926,win,3,5,9,mate in 5,1,2,1,1,0,0,1,2,28
47da59c81fdb,168008840c2c03:804160012d09c,win,2,3,3,mate in 2,1,1,1,0,0,0,1,1,28
6e6c6f0f6f2c,29020091403548:2906298a31,win,2,3,3,mate in 2,1,1,1,0,0,0,0,2,28
23a32ea9c0f6,9920002518243:2100019908810b8,win,3,5,9,mate in 5,1,2,0,0,0,2,1,2,28
0f913cf1bb5d,108089028413c:800880210a119a01,win,2,3,3,mate in 2,1,1,1,0,0,0,0,2,27
1fe3be97fcdd,89008490048392:100b019b100d,win,2,3,3,mate in 2,1,1,1,0,0,0,0,2,28
1df022aa7cee,9020408419245:80009809920c0808,win,2,3,3,mate in 2,0,2,1,1,0,0,0,2,26
1e5a6a30e014,a00048118d105:a5007289a,win,2,3,3,mate in 2,1,1,1,0,0,0,0,2,26
6f847c5ef4a4,a00148118d105:800a5007289a,win,2,3,3,mate in 2,1,1,1,0,0,0,0,2,28
4b916f73de1e,8910b9c034:8089d000c000108b,win,2,3,3,mate in 2,0,2,1,1,0,0,0,2,28
f1b87c9de721,41b00108092058:90000040b1409905,win,4,7,7,mate in 4,2,2,1,1,0,0,0,4,27
0e878dafc85a,201923111380:902005008e859,win,2,3,3,mate in 2,1,1,1,0,0,0,0,2,27
d8a4c7e99b7c,c98040ce14:90000088d31c9,win,2,3,3,mate in 2,1,1,1,0,0,0,1,1,27
f9a758c9b981,18021802cb005:9008100c12014228,win,3,5,5,mate in 3,1,2,1,1,0,0,0,3,26
c00ff739336e,18021a02cb005:9008100c12014328,win,3,5,5,mate in 3,1,2,1,1,0,0,0,3,28
34f9155a46c0,10040869082d8:9004d1d25,win,3,5,5,mate in 3,2,1,1,0,0,0,0,3,26
cabd10d8ecd9,90040869082d8:409004d1d25,win,3,5,5,mate in 3,2,1,1,0,0,0,0,3,28
30aabfaf0b97,108a04808c29c:20800180a31923,win,7,13,25,mate in 13,1,6,1,0,0,5,5,2,28
f74f153d9d88,1000ec509140a:c04010086c985,win,2,3,3,mate in 2,1,1,1,0,0,0,0,2,28
6188618a7173,200000bc091e04:250224a12b,win,2,3,3,mate in 2,0,2,1,1,0,0,0,2,26
07eca7bf3c77,24803681d21:810011011c2dc,win,2,3,3,mate in 2,1,1,1,0,0,0,0,2,28
852ca317e860,10090800504a5098:108908918943,win,2,3,3,mate in 2,1,1,1,0,0,0,0,2,28
17e3d2953d0f,2a00081104304d:26806ac322,win,3,5,5,mate in 3,1,2,1,1,0,0,1,2,27
972c961617de,21480a000ac904:400000254825102b,win,2,3,3,mate in 2,1,1,1,0,0,0,1,1,27
68d97a9a35ae,98001b81a8003:900030180001391c,win,2,3,3,mate in 2,1,1,1,0,0,0,0,2,28
122c22abe782,190088a60c068:82080a0150091a01,win,2,3,3,mate in 2,1,1,1,0,0,0,0,2,28
7c9442d6250b,409c410d82c:10091000100924d3,win,2,3,3,mate in 2,0,2,1,1,0,0,1,1,28
fc31d554b468,80d000500349041:8189809083c,win,8,15,19,mate in 10,0,8,0,0,0,8,6,2,26
3c0ed3b59682,c10019023b108:1001002e000c40a7,win,2,3,3,mate in 2,1,1,1,0,0,0,0,2,28
92ca88d1cd63,2200b3181b:21001990881a4,win,2,3,3,mate in 2,1,1,1,0,0,0,0,2,26
5feb44caeffd,1c0081989900a:80883c00249a1,win,3,5,5,mate in 3,2,1,1,0,0,0,1,2,28
13e8d3f5e7c2,9100994020225:900082020229940a,win,6,11,11,mate in 6,0,6,1,1,0,4,3,3,27
7b2fe6621a4b,10810000358405c8:200030c100493015,draw,12,23,36,draw,2,10,0,0,0,10,7,5,28
5bda3bee8c0f,101800111448012a:144801119451,win,2,3,3,mate in 2,1,1,1,0,0,0,0,2,26
a7645252fd87,9900910043085:90002080a0898348,win,3,5,5,mate in 3,1,2,1,1,0,0,0,3,27
3391497dbdc2,1801b108a9088:8088008080514853,win,5,9,9,mate in 5,4,1,1,0,0,0,0,5,28
628a0713e6ee,902004069a089:40006912005a60,win,2,3,3,mate in 2,1,1,1,0,0,0,0,2,26
e79e6854a65e,902004869a089:60006912005a60,win,2,3,3,mate in 2,1,1,1,0,0,0,0,2,28
79923f2fb5f8,2000009e00ad48:1020012912b3,win,3,5,5,mate in 3,2,1,1,0,0,0,1,2,26
005279679641,1501980909094:901880005009480b,win,2,3,3,mate in 2,0,2,1,1,0,0,0,2,28
cec8d2f88915,89c08930098000:10003000c08074a9,win,2,3,3,mate in 2,0,2,1,1,0,0,0,2,27
bb349e0ddf6d,18800b304a10c:8a00020108191a11,win,3,5,5,mate in 3,2,1,1,0,0,0,0,3,28
246b3a7a4b75,1009008120a0d218:3028900920e5,win,3,5,5,mate in 3,2,1,1,0,0,0,1,2,28
6ece21ebc690,2080343430e:30841004008b051,win,2,3,3,mate in 2,1,1,1,0,0,0,0,2,26
676d4b759f2a,202b0002800a8129:202926213602,win,2,3,3,mate in 2,1,1,1,0,0,0,0,2,28
d198c3870b6c,2310a93083:1001108085028538,win,2,3,3,mate in 2,1,1,1,0,0,0,1,1,27
e223f7094da3,10802b20a9204:90845294b,win,3,5,5,mate in 3,2,1,1,0,0,0,1,2,26
86103f599aa7,200019066c02b:1004e000915d4,win,3,5,7,mate in 4,2,1,0,0,1,0,0,3,28
eedee2924896,1480041230c23:10005038c00c14c,win,5,9,17,mate in 9,1,4,0,0,0,4,3,2,27
82fecac8b41c,10804003e089210:230881006d09,win,2,3,3,mate in 2,1,1,1,0,0,0,0,2,26
014dc99bb913,1828890888150:80081101030112a9,win,2,3,3,mate in 2,0,2,1,1,0,0,0,2,27
aa7b3a3cfde3,121088d0094a8:8100800130096911,win,2,3,3,mate in 2,0,2,1,1,0,0,0,2,28
b52c151556a2,10080061004b0c19:3100a142090e2,win,2,3,3,mate in 2,1,1,1,0,0,0,0,2,28
face7e201dd7,500801a818c18:808080d000c1385,win,2,3,3,mate in 2,1,1,1,0,0,0,0,2,27
2ccb0c80e94f,2150014003b102:1002002290304839,win,2,3,3,mate in 2,1,1,1,0,0,0,1,1,27
d1fda34a5913,59022983a01:18220805018598,win,4,7,7,mate in 4,0,4,1,1,0,2,2,2,28
c68febb8da6a,805a804d098:9010901010192805,win,2,3,3,mate in 2,1,1,1,0,0,0,0,2,27
50ec24d5f29b,109225036c1:1001121011098918,win,2,3,3,mate in 2,1,1,1,0,0,0,0,2,28
4bb1cb032781,1008004a10c080b8:401000882b5843,win,3,5,5,mate in 3,1,2,1,1,0,0,0,3,27
639ed532fe94,1081508840008309:80001938d5084,win,2,3,3,mate in 2,1,1,1,0,0,0,0,2,27
d639baefae74,100c100864202429:10005100dda44,win,3,5,7,mate in 4,1,2,1,1,0,0,0,3,28
e217900b9853,11008802a8626:8008800510053049,win,8,15,31,mate in 16,3,5,1,0,0,4,3,5,26
1e0ac05e26bf,283028800a2061:b00080023060901a,win,7,13,13,mate in 7,0,7,1,1,0,5,4,3,27
169c65eb0ce2,100a00021d008123:11809800b1c08,win,3,5,5,mate in 3,2,1,1,0,0,0,0,3,26
af880eaf6a38,188009004c0384a:108291a07b0,win,8,15,35,mate in 18,1,7,0,0,0,7,6,2,28
faebf778146e,220881088890a8:80102290232803,win,4,7,9,mate in 5,2,2,1,1,0,0,0,4,26
f635b9541f49,3860017000b028:6000003880394091,win,4,7,9,mate in 5,2,2,1,1,0,0,0,4,28
0e8df886acaf,18a080c809602:80080481820b0889,win,2,3,3,mate in 2,1,1,1,0,0,0,0,2,27
9cd02ca75904,30200822943a1:200c0234002b80a,win,4,7,7,mate in 4,2,2,1,1,0,0,0,4,28
e51732cbe17c,151204100502d:4028000910298112,win,3,5,5,mate in 3,2,1,1,0,0,0,1,2,26
c1b3dfa5e86b,20817048b082:2000000a80834159,win,4,7,7,mate in 4,3,1,1,0,0,0,0,4,26
3f1619f37942,1060e000e9202:840280019601040d,win,2,3,3,mate in 2,1,1,1,0,0,0,0,2,27
941107fff029,100910110211110a:30819088a55,win,9,17,27,mate in 14,1,8,1,0,0,7,5,4,27
dd6a5eaff2b6,10080034040c003d:4140890329502,win,11,21,33,mate in 17,3,8,0,0,0,8,8,3,27
48a1a3315566,a00008034d314:801a000b20ab,win,2,3,3,mate in 2,1,1,1,0,0,0,0,2,26
7a6510b91cc3,1004094839502:90009181014000c9,win,2,3,3,mate in 2,1,1,1,0,0,0,0,2,26
2c3a10a5f686,2042094005c29:409000b002b8082,win,2,3,3,mate in 2,0,2,1,1,0,0,0,2,26
2028f1b267b4,200204260a1605:220020200025a03a,win,2,3,3,mate in 2,1,1,1,0,0,0,0,2,26
58e3e351455c,200206260a1605:220024200025a03a,win,2,3,3,mate in 2,1,1,1,0,0,0,0,2,28
69de049780b0,18100c148b502:81080049100140cd,win,8,15,23,mate in 12,2,6,1,1,0,4,6,2,28
18422fdcd5a2,10080441000d8225:1100814501558,win,2,3,3,mate in 2,1,1,1,0,0,0,0,2,26
a07a0c746928,398008821182c:88000023100e8183,win,2,3,3,mate in 2,1,1,1,0,0,0,0,2,28
5fceb5327b52,208110100c94941:1024853009298,win,7,13,29,mate in 15,1,6,1,0,0,5,4,3,28
17627707ab9a,110284280ca38:9008800198291081,win,5,9,11,mate in 6,0,5,1,0,0,4,3,2,28
da3955e1a6ab,6440e1148b:84008840ec864,win,3,5,5,mate in 3,2,1,1,0,0,0,1,2,28
ed746f030d86,49001100681aa8:8000c898918051,win,2,3,3,mate in 2,1,1,1,0,0,0,0,2,28
7824d72b132c,94004b8059041:2000200940086cac,win,2,3,3,mate in 2,1,1,1,0,0,0,0,2,28
edf94ffc0793,180008160c472:800001010801398d,win,2,3,3,mate in 2,1,1,1,0,0,0,0,2,26
45b2d7fa3563,10c89006c0aa:1082000600c81c45,win,2,3,3,mate in 2,1,1,1,0,0,0,0,2,28
2bd6fc045909,1008100820d89940:81d091006099,win,3,5,7,mate in 4,2,1,0,0,1,0,1,2,28
004bfb28eba1,99c000a21140a:9940e8a25,win,2,3,3,mate in 2,1,1,1,0,0,0,0,2,28
216c8456f0e2,10095208c0102019:400020113209da00,win,3,5,5,mate in 3,2,1,1,0,0,0,1,2,28
0337f176b612,300051a8a8a08:10009202800510a7,win,2,3,3,mate in 2,1,1,1,0,0,0,0,2,28
7e7851a16ec3,2110201224821c:1008001900193023,win,2,3,3,mate in 2,0,2,1,1,0,0,1,1,26
ed610728be11,2100590859428:1004008a080a0897,win,2,3,3,mate in 2,1,1,1,0,0,0,0,2,28
53d26e96a62f,1600082508359:200030171017880,win,2,3,3,mate in 2,1,1,1,0,0,0,0,2,28
e961a3163255,30092808a0ca:300b000210031825,win,4,7,7,mate in 4,2,2,1,1,0,0,0,4,27
bebde963a6cd,19000d021803a:8008003901185101,win,2,3,3,mate in 2,1,1,1,0,0,0,0,2,26
0f5c080969ec,20000068a29d1:64a0040162e,win,2,3,3,mate in 2,0,2,1,1,0,0,0,2,26
394695634432,21001e24b2048:24142421000d203,win,3,5,5,mate in 3,2,1,1,0,0,0,0,3,28
40795c7cbb41,1800aa403c901:c00241014108340a,win,2,3,3,mate in 2,1,1,1,0,0,0,0,2,28
db643e607631,23003b8053:b001882003aa8,win,9,17,19,mate in 10,3,6,0,0,1,5,6,3,27
c3991d7b9ea6,28481a401e008:8001400240821c83,win,2,3,3,mate in 2,1,1,1,0,0,0,0,2,26
7f38e78d28dc,20aa00093281021:20022a2003a30a,win,2,3,3,mate in 2,1,1,1,0,0,0,0,2,28
6ad1f97cf088,3c0008083a20a:8000008b600854a1,win,2,3,3,mate in 2,0,2,1,1,0,0,0,2,27
e20918b396db,18803198002039:138082039d800,win,3,5,5,mate in 3,2,1,1,0,0,0,0,3,28
2decf1589033,1028810882028303:81001021112910a8,win,2,3,3,mate in 2,1,1,1,0,0,0,1,1,28
7c25e5224f08,89000184059c02:48a088a00cd,win,2,3,3,mate in 2,0,2,1,1,0,0,0,2,26
2f2f8e0c1a18,2882bc5824:22082041800829b,win,2,3,3,mate in 2,1,1,1,0,0,0,0,2,28
d1492e98bf81,53001148aa402:8008e2005188d,win,3,5,5,mate in 3,2,1,1,0,0,0,1,2,28
2cb8f4ed3816,9030105059202:940892080d0d,win,2,3,3,mate in 2,1,1,1,0,0,0,0,2,27
7c22f1dd9f83,100c1009c0401045:8001c004100de018,win,3,5,5,mate in 3,1,2,1,1,0,0,0,3,27
e602bb03a519,a4000cd088121:c2a00225c0a,win,2,3,3,mate in 2,1,1,1,0,0,0,0,2,26
0b0321e0870e,100800050065c221:1100890081ccc,win,4,7,7,mate in 4,2,2,1,1,0,0,1,3,26
b1bb2678ba6f,280080904842c9:806822a1b820,win,2,3,3,mate in 2,1,1,1,0,0,0,0,2,27
5f99898b8833,810044424c5a08:1a81188180c5,win,2,3,3,mate in 2,1,1,1,0,0,0,0,2,28
c86b43a7db29,222050a08305c:5001220178a03,win,2,3,3,mate in 2,1,1,1,0,0,0,0,2,28
32c86ded41d9,12280000d2208205:122d000d5028,win,2,3,3,mate in 2,0,2,1,1,0,0,0,2,26
697fa01c3d64,12280000d6208205:122d000d5428,win,2,3,3,mate in 2,0,2,1,1,0,0,0,2,28
63cfbaf37409,19080a08042a6:8020231027b001,win,2,3,3,mate in 2,1,1,1,0,0,0,0,2,27
49dddb31afb2,1091001000d88348:100138113011091,win,2,3,3,mate in 2,1,1,1,0,0,0,1,1,28
ee11d6a26a55,21800044429069:2042390214602,win,3,5,7,mate in 4,1,2,1,1,0,0,0,3,26
20c0ab14e4e4,10015c320c308:4104412000151035,win,8,15,31,mate in 16,2,6,0,0,0,6,2,6,28
d263abedd0e8,98100c9005805:81005009100d8108,win,5,9,9,mate in 5,0,5,1,1,0,3,2,3,26
10a384cfb6f8,2928080c201c9:1280010213009a06,win,2,3,3,mate in 2,1,1,1,0,0,0,0,2,28
b1e6e780887e,23000b083c02c:8001808340003a83,win,2,3,3,mate in 2,1,1,1,0,0,0,0,2,28
2302f1514a14,20410060812929:20a08d28d480,win,2,3,3,mate in 2,1,1,1,0,0,0,0,2,27
bc18bfee46ce,41201040e8b880:c1b0114079,win,2,3,3,mate in 2,1,1,1,0,0,0,0,2,28
9a02a01a786b,100444302d06a:221106d2305,win,3,5,7,mate in 4,1,2,1,1,0,0,0,3,28
24b019f91208,230204060c741:10000002b003382e,win,3,5,7,mate in 4,1,2,1,1,0,0,0,3,28
840a495b9d63,2a108900249064:1001002210cb008b,win,2,3,3,mate in 2,0,2,1,1,0,0,0,2,28
799d5b9b7b8d,10090040c050a249:8040920912095010,win,2,3,3,mate in 2,0,2,1,1,0,0,0,2,28
54ad20edbe41,1020501058b68:8200810092005487,win,7,13,15,mate in 8,6,1,0,0,1,0,0,7,28
28bfad8cea62,1800120c529105:1080900096c5a,win,2,3,3,mate in 2,1,1,1,0,0,0,0,2,28
1abc1555c41b,1a00110d18818:800800c8a00830c1,win,6,11,11,mate in 6,0,6,1,1,0,4,3,3,26
540c42010ab7,14004d20c8a12:812090003518d,win,3,5,5,mate in 3,2,1,1,0,0,0,1,2,28
bb61637903c3,100b40028409c041:140950023c8a,win,2,3,3,mate in 2,1,1,1,0,0,0,0,2,28
c7261ec87ce1,c018002a402340a:20c0918098a21,win,8,15,33,mate in 17,1,7,0,0,1,6,4,4,28
0947d3ffc316,18001208529105:108090009685a,win,2,3,3,mate in 2,1,1,1,0,0,0,0,2,26
5c28f8bf2764,ac011c0086018:c010000a02139203,win,3,5,5,mate in 3,2,1,1,0,0,0,0,3,27
43eb35e9b30a,1910001208308d:1000021900178212,win,2,3,3,mate in 2,1,1,1,0,0,0,0,2,26
c26f478bfbdf,9900d10101141:10100010804da21c,win,2,3,3,mate in 2,0,2,1,1,0,0,0,2,27
1b459e7176a4,7009200031011108:51094008e085,win,2,3,3,mate in 2,1,1,1,0,0,0,0,2,26
b4b9ae1115b9,11040b488850c:4002405004530c3,win,2,3,3,mate in 2,1,1,1,0,0,0,0,2,28
f80d29a4c278,20006834688050:48240000007ca9,win,2,3,3,mate in 2,1,1,1,0,0,0,0,2,26
07b36c6d2503,d005801108119:108105804d1064,win,6,11,11,mate in 6,4,2,1,1,0,0,0,6,27
b9bf2c5e1ba1,40100032a9b02:108002c800404ad,win,2,3,3,mate in 2,1,1,1,0,0,0,0,2,26
b2057bd2092a,30a1011b413:20010030a43ec,win,12,23,33,mate in 17,5,7,1,1,0,5,4,8,28
61524df31993,100c40ac48845:804480019009128a,win,6,11,13,mate in 7,1,5,1,1,0,3,4,2,28
ddfa3abaaa1a,180489028a340:80000121015110b9,win,4,7,7,mate in 4,3,1,1,0,0,0,1,3,27
901be4fb1411,1a054a08c809:a09000810051784,win,5,9,11,mate in 6,0,5,1,1,0,3,3,2,28
68f6747358c5,c902010211c41:1000004c844c802c,win,3,5,5,mate in 3,1,2,1,1,0,0,0,3,26
5a3b0602ab73,180b004a91c10:1800098810e0a9,win,2,3,3,mate in 2,1,1,1,0,0,0,0,2,28
848d9059a95c,4910018250120c:800080481009e051,win,2,3,3,mate in 2,1,1,1,0,0,0,0,2,26
ba4676f434ad,1988108948908:9810001091011095,win,4,7,7,mate in 4,2,2,1,1,0,0,1,3,28
e77a9348a537,109d98009084:10190800009d0819,win,5,9,9,mate in 5,3,2,1,1,0,0,0,5,27
73310fb7082a,20901018c019114:8e0803180e09,win,3,5,7,mate in 4,0,3,1,0,0,2,2,1,28
4ab625de76c6,203400a006841e:2814a839a1,win,8,15,31,mate in 16,1,7,0,0,0,7,4,4,28
e70f47fd943c,1209820880005098:8000100112998207,win,2,3,3,mate in 2,1,1,1,0,0,0,1,1,27
e06b2da9cdb5,219220a008a038:8008001912311205,win,7,13,19,mate in 10,0,7,1,1,0,5,5,2,28
d1e57d00f075,198009a10aa10:98000011200150e9,win,2,3,3,mate in 2,1,1,1,0,0,0,0,2,28
a1da567ea048,300d30409c01:90008040800d606c,win,2,3,3,mate in 2,1,1,1,0,0,0,0,2,27
e284621a25c6,3001b50091808:850008112c313,win,2,3,3,mate in 2,0,2,1,1,0,0,0,2,27
36b51bf792d5,10094880008d8908:4000100d580050a5,win,2,3,3,mate in 2,1,1,1,0,0,0,0,2,28
904e32cd8f3c,3110834018508:10088403810a3003,win,2,3,3,mate in 2,1,1,1,0,0,0,0,2,27
941726d1591c,84d10054459:8090000c848b904,win,2,3,3,mate in 2,1,1,1,0,0,0,0,2,28
07d09c2c1d4b,1009002802053224:10059038c01b,win,8,15,31,mate in 16,1,7,1,0,0,6,5,3,27
a9a28f932b95,100c10018009c904:8000800c1106108b,win,2,3,3,mate in 2,1,1,1,0,0,0,1,1,26
7440efd0dbb5,100c10018009c904:8000800c1906108b,win,2,3,3,mate in 2,1,1,1,0,0,0,1,1,27
852797236041,2c005a001221c:800100025006d183,win,2,3,3,mate in 2,1,1,1,0,0,0,0,2,27
b130aa52c8b5,334401441c028:14000003200a3643,win,2,3,3,mate in 2,1,1,1,0,0,0,0,2,28
b4aa131c41f8,2a00b400b1018:80090000b010e083,win,2,3,3,mate in 2,1,1,1,0,0,0,0,2,26
db91b153605c,2a01b400b1018:a0090000b010e083,win,2,3,3,mate in 2,1,1,1,0,0,0,0,2,28
6b2f01d67b85,900219040b882:400048002b4079,win,2,3,3,mate in 2,1,1,1,0,0,0,0,2,26
a78b1b90cbd5,1080220c228b022:22010a0103430d,win,2,3,3,mate in 2,1,1,1,0,0,0,0,2,28
35dfaf99fc0c,18080520c91a4:42018183620b,win,3,5,5,mate in 3,1,2,1,1,0,0,0,3,28
c33052060ca4,9100905109103:80008010b00b2458,win,2,3,3,mate in 2,1,1,1,0,0,0,0,2,27
b4110b0aafd5,5201cd055:5004055412528,win,3,5,5,mate in 3,1,2,1,1,0,0,0,3,27
e441111438fa,10080a014a00c151:4001504810491a08,win,2,3,3,mate in 2,0,2,1,1,0,0,0,2,28
2cc5b24a5a71,99040040294c1:904000099049002a,win,2,3,3,mate in 2,1,1,1,0,0,0,1,1,26
ce495fec55c9,801420066001486:8010821ea29,win,4,7,7,mate in 4,2,2,1,0,0,1,2,2,26
cf73bcb2cd3d,801620066001486:8010821ea39,win,4,7,7,mate in 4,1,3,1,1,0,1,2,2,28
4afaeb806ab2,100052095821c:c208802083183,win,3,5,9,mate in 5,0,3,0,0,0,3,2,1,26
48dfbdb078b1,8811b40d340:2810200c0892889,win,3,5,5,mate in 3,1,2,1,1,0,0,0,3,28
6ef66ba5867f,150404140906c:10400009900d4301,win,6,11,15,mate in 8,0,6,0,0,0,6,4,2,26
b390a5494ea0,219000d07c8:8000413909835,win,3,5,5,mate in 3,1,2,1,1,0,0,1,2,27
abce76dd5202,1b8081018c018:180011a8013901,win,6,11,13,mate in 7,4,2,1,1,0,0,1,5,26
44a432156b10,10810000b002190e:90810189a091,win,2,3,3,mate in 2,1,1,1,0,0,0,0,2,26
c4e0300db4fd,190928408189:1008013893e40,win,2,3,3,mate in 2,1,1,1,0,0,0,0,2,27
11605b62c481,d00041104c14a:5000510940091005,win,2,3,3,mate in 2,0,2,1,1,0,0,0,2,26
b228b25ae32e,d80041104c14a:50005109c0091005,win,2,3,3,mate in 2,0,2,1,1,0,0,0,2,28
e31983ff9ad0,180409604b40a:80400203004b4245,win,2,3,3,mate in 2,1,1,1,0,0,0,1,1,28
6dc86f9a2071,248114294481:14011000a080b828,win,2,3,3,mate in 2,1,1,1,0,0,0,0,2,26
8286e96dadc6,1800084c5188d:4495008c742,win,2,3,3,mate in 2,1,1,1,0,0,0,0,2,28
83dadab60275,100080443721d:140192088d62,win,7,13,33,mate in 17,2,5,0,0,0,5,4,3,28
eb02adde3cb2,100804050c052a05:80518081008d448,win,3,5,5,mate in 3,2,1,1,0,0,0,0,3,28
8ca70648b6fd,20024882405c48:48042044298225,win,2,3,3,mate in 2,0,2,1,1,0,0,0,2,27
762f10a71dd7,90069044c1502:40004060023a06d,win,2,3,3,mate in 2,1,1,1,0,0,0,0,2,28
50d315f6b7f0,2c000b0096308:8008020b42029803,win,2,3,3,mate in 2,1,1,1,0,0,0,0,2,27
baaf37897cb4,803128282034028:80918889a83,win,2,3,3,mate in 2,1,1,1,0,0,0,0,2,28
37591e217bd5,190007023b008:90000001830843a3,win,2,3,3,mate in 2,1,1,1,0,0,0,0,2,27
cf923026751b,112210071c140:40015013001239,win,2,3,3,mate in 2,1,1,1,0,0,0,0,2,26
a3cf71af50d7,2305438e2:3040008ac61d,win,2,3,3,mate in 2,1,1,1,0,0,0,0,2,27
3ea845a1d34a,1000836058634:900092018008700b,win,2,3,3,mate in 2,0,2,1,1,0,0,1,1,28
4a39b30f4cc3,1c890480c288:88900005a091c01,win,2,3,3,mate in 2,0,2,1,1,0,0,0,2,27
f80ac0c77013,90009680429a1:20412001a9d00c,win,2,3,3,mate in 2,1,1,1,0,0,0,1,1,28
79eb0fd0ea8c,5000ed204c202:80089001000b188d,win,10,19,29,mate in 15,2,8,1,0,0,7,2,8,28
f772c08a8c24,1c008b0091092:c00820014010e849,win,3,5,5,mate in 3,2,1,1,0,0,0,1,2,27
cd193ae99b21,100b000100821923:108a184980d8,win,4,7,9,mate in 5,1,3,1,0,0,2,3,1,27
adea2b2ce147,1181000899015008:8198100888981,win,2,3,3,mate in 2,1,1,1,0,0,0,0,2,26
4df486f9fafa,1181400899015008:8198140888981,win,2,3,3,mate in 2,1,1,1,0,0,0,0,2,28
673f89447997,921004050e04b:10401931091114,win,3,5,5,mate in 3,2,1,1,0,0,0,1,2,28
8b7a31c34d09,9009000119095008:4800d808c0008901,win,2,3,3,mate in 2,1,1,1,0,0,0,0,2,26
fbe74cb569c1,1009901821002059:810001019019d900,win,3,5,7,mate in 4,1,2,1,1,0,0,1,2,28
b68b4f32d4f5,a004808d43019:400003800b89c6,win,2,3,3,mate in 2,1,1,1,0,0,0,0,2,28
7c3a65784083,29e0428069:8a00010297406,win,2,3,3,mate in 2,1,1,1,0,0,0,0,2,26
d381507f37b6,80100800a8203b8:80090381019843,win,8,15,35,mate in 18,2,6,0,0,0,6,3,5,27
e2bb4eb5c92b,1800003cd8908:8001c9900012c5,win,2,3,3,mate in 2,0,2,1,1,0,0,0,2,27
d41d5f4a8978,11006c0489618:1000400110176047,win,2,3,3,mate in 2,0,2,1,1,0,0,1,1,28
fd0e424e3bae,900901908195:90890180900d1008,win,2,3,3,mate in 2,1,1,1,0,0,0,0,2,27
f9465287cc0f,208a000e4006109:a0000208120c9684,win,2,3,3,mate in 2,1,1,1,0,0,0,0,2,27
fa12fc8ad7d5,1002118284e41:4080c088401912c,win,11,21,37,mate in 19,2,9,1,0,0,8,5,6,27
6550629b656d,49120110003681:100000c882c98068,win,2,3,3,mate in 2,1,1,1,0,0,0,0,2,27
aad950f763b0,190008a05aa08:90080a0d10081085,win,3,5,7,mate in 4,1,2,1,1,0,0,0,3,27
28002585364c,102a8020000bc409:8001140b94201022,win,3,5,5,mate in 3,1,2,1,1,0,0,0,3,28
f027bca6c029,102891a18184:10280184000c5829,win,8,15,27,mate in 14,1,7,1,0,0,6,3,5,27
3a35485120eb,11600820c12ac:8200800114618c41,win,8,15,33,mate in 17,3,5,1,1,0,3,2,6,28
e61c36aa20ed,3009000910084191:3000e005b80e,win,2,3,3,mate in 2,0,2,1,1,0,0,0,2,27
655b118d3530,b800814027083:80001403c0098c0c,win,2,3,3,mate in 2,0,2,1,1,0,0,0,2,28
4057705e4186,1019002910288103:90108113303c,win,2,3,3,mate in 2,1,1,1,0,0,0,0,2,28
62215704d7fa,10098000850c8149:8000100910513c14,win,2,3,3,mate in 2,1,1,1,0,0,0,0,2,28
8ea9843c6350,d80488041108a:5108e8855,win,2,3,3,mate in 2,1,1,1,0,0,0,0,2,26
7e62eed980b1,1181950009812:101a0002881b4009,win,2,3,3,mate in 2,0,2,1,1,0,0,0,2,27
53f3f1cf0781,1981950009812:101a0002881b4009,win,2,3,3,mate in 2,0,2,1,1,0,0,0,2,28
bde3c5f0ed4f,10038141d2109:28140121209434,win,2,3,3,mate in 2,1,1,1,0,0,0,0,2,28
262a8037e768,20100c040c4c5a:80020902392a5,win,3,5,5,mate in 3,2,1,1,0,0,0,0,3,28
725d42fba516,184040c049688:1400100990090845,win,3,5,5,mate in 3,2,1,1,0,0,0,0,3,26
51cdf4515c9f,1000ab5088508:9008b00100033003,win,3,5,5,mate in 3,2,1,1,0,0,0,1,2,26
2f5d0e2cff38,100409058449c:1000900100079143,win,3,5,5,mate in 3,2,1,1,0,0,0,1,2,26
0cbf439c6570,1540104981418:140800085101c181,win,6,11,11,mate in 6,2,4,1,0,0,3,2,4,26
0602e6565e9b,a000b0b121109:1000121010098a96,win,2,3,3,mate in 2,1,1,1,0,0,0,0,2,28
e11683f5a66d,308140098489410:1000030807004b4c,win,2,3,3,mate in 2,1,1,1,0,0,0,0,2,28
d94807cd7aaa,104184424c409:430002180191034,win,2,3,3,mate in 2,1,1,1,0,0,0,1,1,26
3a9f6835a18b,100900010618b441:80009408900142b8,win,3,5,5,mate in 3,2,1,1,0,0,0,0,3,28
ea8949342553,1009000294112403:9019200ad018,win,3,5,5,mate in 3,2,1,1,0,0,0,1,2,26
2a6de17cac18,8014889aca0:c08c48884004049,win,2,3,3,mate in 2,1,1,1,0,0,0,0,2,27
7bb16ff8672d,402041029da04:80009021a204202b,win,2,3,3,mate in 2,1,1,1,0,0,0,0,2,27
5b4805981859,130848020703c:b000800130958081,win,2,3,3,mate in 2,0,2,1,1,0,0,0,2,28
4ed87bb796de,91108013b8001:100200339000113a,win,2,3,3,mate in 2,0,2,1,1,0,0,0,2,27
0c3b4e48bec4,9108908890844:108000409042928b,win,2,3,3,mate in 2,1,1,1,0,0,0,0,2,27
ad5006986608,a810802408b481:2910a5426c,win,7,13,35,mate in 18,1,6,0,0,1,5,3,4,28
b0981c39051f,21890269305:803880200219003a,win,2,3,3,mate in 2,1,1,1,0,0,0,0,2,28
05f84be4ebac,1b08000888389:20800001b9013802,win,8,15,29,mate in 15,2,6,0,0,0,6,5,3,26
f0432abebe99,20108480258047:10848020108812a8,win,2,3,3,mate in 2,0,2,1,1,0,0,0,2,26
db3d43cf71d3,120086600b682:600840010089406d,win,2,3,3,mate in 2,0,2,1,1,0,0,1,1,28
c3618d65801c,18011a0323109:801281109c036,win,2,3,3,mate in 2,1,1,1,0,0,0,0,2,28
9ffc9b546142,1081010111099820:10018a808a04189,win,2,3,3,mate in 2,0,2,1,1,0,0,0,2,27
858284669b21,1020a51819902:80018a0a42ad,win,2,3,3,mate in 2,1,1,1,0,0,0,0,2,28
4039919efafd,100c00117487:10000090108e8a58,win,2,3,3,mate in 2,1,1,1,0,0,0,1,1,27
29b66b706f3a,952090200c02c:92008000d0291203,win,3,5,5,mate in 3,2,1,1,0,0,0,0,3,27
13c6527d6d79,4048808002799:80804168cd804,win,2,3,3,mate in 2,1,1,1,0,0,0,0,2,27
f76b1688c043,209800190019460:8000122802280b89,win,2,3,3,mate in 2,1,1,1,0,0,0,0,2,27
3e46dc3993ab,1a1002c10241d:2000001981099922,win,3,5,5,mate in 3,2,1,1,0,0,0,1,2,28
7fe9df939749,100403023912d:2101015c6452,win,2,3,3,mate in 2,1,1,1,0,0,0,0,2,28
ac2dff5e1c2c,8018000512d900c:28082d88004921,win,3,5,5,mate in 3,1,2,1,1,0,0,0,3,28
c5dffa9d8675,a90a100843029:1000000a902b8886,win,3,5,7,mate in 4,0,3,0,0,1,2,2,1,28
3f26dd2a9a38,5009410811a3:100900001033e058,win,2,3,3,mate in 2,1,1,1,0,0,0,0,2,27
3ca38b73d1e4,10022a0217824:102090011806800b,win,2,3,3,mate in 2,0,2,1,1,0,0,0,2,26
bcd6facbbc35,100902800023a309:100b138850a2,win,2,3,3,mate in 2,0,2,1,1,0,0,0,2,28
4693e786dc09,6052e01e88:100012008109c163,win,9,17,27,mate in 14,2,7,1,0,0,6,3,6,28
a9cb92f98f59,100403003912d:210101586452,win,2,3,3,mate in 2,1,1,1,0,0,0,0,2,26
690c65c40e69,300a880b08883:888013100b1038,win,12,23,33,mate in 17,2,10,1,0,0,9,6,6,28
d69aea2543cd,205d8298d:100511003d452,win,2,3,3,mate in 2,1,1,1,0,0,0,1,1,28
9bffd046850a,181a8801881a:18080000129a3281,win,2,3,3,mate in 2,1,1,1,0,0,0,0,2,27
456ee2099f1d,106412621c028:8000802880483645,win,2,3,3,mate in 2,1,1,1,0,0,0,0,2,28
75781b7362ff,48d00b4002b01:800002040b0c948c,win,6,11,15,mate in 8,1,5,0,0,1,4,4,2,28
ca10208f6292,1380135b01:800182001280a49a,win,8,15,19,mate in 10,0,8,0,0,0,8,6,2,27
a55fad542470,200430007214d:100081858d892,win,2,3,3,mate in 2,1,1,1,0,0,0,0,2,27
b61f3d5078da,20021528910a1:142020022ea0a,win,3,5,5,mate in 3,2,1,1,0,0,0,0,3,26
fe93fa3a1a08,289c2a81803:948000801e2ac,win,2,3,3,mate in 2,1,1,1,0,0,0,0,2,28
054e582199ae,18410008040d9401:18419840086c,win,8,15,31,mate in 16,1,7,1,1,0,5,2,6,26
bbdc0f788839,118000181d02291:1015812099148,win,2,3,3,mate in 2,1,1,1,0,0,0,0,2,28
0131d7c35950,1084088102a10a2:8001004180e30d,win,2,3,3,mate in 2,1,1,1,0,0,0,0,2,26
0b01dc005bbd,10004c4419c44:10009441110c4109,win,2,3,3,mate in 2,0,2,1,1,0,0,1,1,27
b324f3337a04,5809d0012814:10092000280cd109,win,3,5,5,mate in 3,2,1,1,0,0,0,1,2,27
32fa4605557a,2c82800289c05:8080402cc03402a,win,3,5,5,mate in 3,1,2,1,1,0,0,2,1,28
0139e32ce913,900008410da54:4091809250b,win,3,5,5,mate in 3,2,1,1,0,0,0,0,3,26
888607878817,1808096030498:280020100889a07,win,2,3,3,mate in 2,1,1,1,0,0,0,0,2,26
e05873721723,10002121a283a:100210010901d301,win,2,3,3,mate in 2,1,1,1,0,0,0,0,2,26
dee35f2af031,d862c3005:c80201001c62a,win,2,3,3,mate in 2,1,1,1,0,0,0,0,2,26
549ce614061d,1008168110080309:1000807839486,win,8,15,17,mate in 9,1,7,1,1,0,5,4,4,27
19af7718ff96,48044106085c1:400020ac04383c,win,8,15,33,mate in 17,3,5,1,1,0,3,5,3,27
71d400f6cf1f,10980c085190c:110010051908c083,win,3,5,9,mate in 5,1,2,1,1,0,0,1,2,28
3c66594b6dc1,10410041c413c:18002d1021b401,win,3,5,7,mate in 4,1,2,1,1,0,0,1,2,27
65da5e686873,91008b5003408:b400a50100098101,win,3,5,5,mate in 3,1,2,1,1,0,0,0,3,27
a87bf7bd23d1,20004884491688:9002112a08161,win,2,3,3,mate in 2,0,2,1,1,0,0,0,2,26
66da80612a2c,81200498092803:8816086d08c,win,5,9,13,mate in 7,3,2,1,1,0,0,1,4,27
f06c6261080c,100800089017400d:800090150008b092,win,2,3,3,mate in 2,1,1,1,0,0,0,0,2,26
61a234db4c64,140904080086069:1000410851609310,win,2,3,3,mate in 2,1,1,1,0,0,0,0,2,27
bda84d9da2f4,200b010291089102:10020092007242d,win,16,31,33,mate in 17,1,15,1,1,0,13,4,12,28
a3ab51bb5104,11004918d0019:1008818900109184,win,4,7,7,mate in 4,2,2,1,1,0,0,0,4,26
eb98e69b1aca,9b14180009144:8000000c314d2809,win,3,5,5,mate in 3,2,1,1,0,0,0,1,2,28
ef283d8b0126,11000920c9524:1000002904210a8b,win,2,3,3,mate in 2,0,2,1,1,0,0,0,2,26
f9a3de20489f,180068003858a:8002000118141875,win,2,3,3,mate in 2,0,2,1,1,0,0,1,1,27
96f076ffd5da,90001980894a4:1000108804a10b09,win,2,3,3,mate in 2,0,2,1,1,0,0,0,2,26
cce6653169e4,90401980894a4:1000108804a50b09,win,2,3,3,mate in 2,0,2,1,1,0,0,0,2,28
16480fab07d7,9060006128528:4000019000d1217,win,2,3,3,mate in 2,1,1,1,0,0,0,0,2,26
275326a94be1,9023046285028:20140910118691,win,2,3,3,mate in 2,1,1,1,0,0,0,1,1,28
2b5a52bb4fb6,108902895128:10080200d8108a91,win,2,3,3,mate in 2,0,2,1,1,0,0,0,2,27
f091c1a8f230,9182980249024:9020800018094a49,win,2,3,3,mate in 2,0,2,1,1,0,0,1,1,28
b108ffd7d303,200900031002c909:a108a1093082,win,3,5,5,mate in 3,2,1,1,0,0,0,1,2,26
c64b6d18e879,248016208d128:4801002208232a03,win,2,3,3,mate in 2,1,1,1,0,0,0,0,2,28
7f191c82eef7,929000d18a500:1108019a0011819,win,8,15,33,mate in 17,2,6,1,1,0,4,1,7,28
7b1015c61f17,520942888518:98080900152c5,win,2,3,3,mate in 2,0,2,1,1,0,0,0,2,28
21cae601a772,19900080898103:8000019911101098,win,2,3,3,mate in 2,1,1,1,0,0,0,0,2,26
d5ce5b4c1ce2,1b60094008450:8400000122413309,win,2,3,3,mate in 2,1,1,1,0,0,0,0,2,26
f6724ad53dcb,1b64094008450:8400000122413b09,win,2,3,3,mate in 2,1,1,1,0,0,0,0,2,28
e776d5bba1d7,829182081209108:90008009180948a1,win,9,17,33,mate in 17,2,7,1,0,0,6,4,5,28
5f4464b421b6,a501380121018:901180085009c003,win,5,9,13,mate in 7,3,2,1,0,0,1,0,5,27
a225ae0c4766,21000810099cc4:9021a0606039,win,3,5,5,mate in 3,1,2,1,1,0,0,1,2,27
36d784254d41,a00109011ca81:1000b028a301a,win,2,3,3,mate in 2,0,2,1,1,0,0,0,2,26
25cd526e9549,a02109011ca81:1100b028a301a,win,2,3,3,mate in 2,0,2,1,1,0,0,0,2,28
fe2ae296da37,288808098b2081:800001a08020993a,win,2,3,3,mate in 2,1,1,1,0,0,0,0,2,28
71bc97312dbd,10200012d543c:100010291600a341,win,2,3,3,mate in 2,0,2,1,1,0,0,0,2,28
48771b98118c,4092010c00cd028:40924112c95,win,6,11,11,mate in 6,4,2,1,1,0,0,1,5,28
40a7f781db3a,200b3062c5:4094489d38,win,8,15,33,mate in 17,1,7,1,1,0,5,5,3,27
9113ec05079e,1020286818b02:8200848100021499,win,2,3,3,mate in 2,0,2,1,1,0,0,0,2,26
a8e383d4814f,1810086498458:8000025111101b03,win,2,3,3,mate in 2,1,1,1,0,0,0,0,2,28
ca9159c0983d,201240340115c2:300024200260a229,win,4,7,9,mate in 5,2,2,1,0,0,1,2,2,28
0685e7072c12,9120026018652:200200998083909,win,6,11,11,mate in 6,1,5,1,1,0,3,2,4,28
ef33c17b09b3,91702c658:80042404d1127,win,3,5,5,mate in 3,1,2,1,1,0,0,0,3,28
c80b84c543b0,210100104b9043:8000802b812001a8,win,9,17,33,mate in 17,2,7,1,1,0,5,6,3,26
c8b70ee7ed33,1a00990898802:880018802800708d,win,3,5,5,mate in 3,2,1,1,0,0,0,0,3,27
9b2166d9c192,60004028e1a21:20102230821808e,win,2,3,3,mate in 2,1,1,1,0,0,0,0,2,27
5ffb4208f6ef,910011025a168:20002008a8485a05,win,7,13,13,mate in 7,1,6,1,1,0,4,3,4,28
7957c10772c8,a0001708450a5:600e800ba20a,win,2,3,3,mate in 2,1,1,1,0,0,0,0,2,28
deec1d45ee88,20902290419022:90000041022a02cd,win,3,5,7,mate in 4,1,2,1,1,0,0,1,2,27
ccd4efc63a61,a1024001889298:a112610965,win,4,7,7,mate in 4,2,2,1,1,0,0,0,4,28
b6524b6aa1d5,102804e044a9:1020008190099144,win,3,5,9,mate in 5,0,3,0,0,1,2,2,1,26
824aaedd0655,1081010124282509:10a09181d2a0,win,2,3,3,mate in 2,1,1,1,0,0,0,1,1,28
f52fc9fba2a4,9880c10229032:80000021881d0c0d,win,10,19,33,mate in 17,2,8,0,0,1,7,8,2,28
1eea7f9cd559,2100090a022d88:a2200299233,win,3,5,5,mate in 3,2,1,1,0,0,0,0,3,27
7d840a801f03,2144094041454:140000024063c02b,win,2,3,3,mate in 2,1,1,1,0,0,0,0,2,27
c3de818db674,8018a00aa011480:800014015400ea09,win,3,5,5,mate in 3,2,1,1,0,0,0,0,3,27
3b66f88882a5,109000a01031c0c:501148c81a3,win,2,3,3,mate in 2,1,1,1,0,0,0,0,2,27
88f343adf8fa,304d60486008:3049000090059045,win,2,3,3,mate in 2,1,1,1,0,0,0,0,2,27
a80a69d43e14,6105011c99:11000906ca164,win,2,3,3,mate in 2,1,1,1,0,0,0,0,2,27
fe510cf04df9,218a080a208a08:a080021800950a1,win,2,3,3,mate in 2,1,1,1,0,0,0,0,2,26
82cb3858d6cb,3800c0028153c:100810039007a003,win,2,3,3,mate in 2,0,2,1,1,0,0,0,2,28
876b74603c58,b900800c51881:90000003900a805e,win,7,13,13,mate in 7,1,6,1,1,0,4,3,4,28
660c093c00cc,2830204049c041:10010009b0203038,win,4,7,9,mate in 5,2,2,1,1,0,0,0,4,26
9e5585c508a3,2892a5c18:80088d2804008123,win,2,3,3,mate in 2,1,1,1,0,0,0,0,2,27
2441bdec07b9,12044c148d018:400011301521c5,win,2,3,3,mate in 2,1,1,1,0,0,0,1,1,28
8b1f45257882,10c99441a040:90c1840000881489,win,9,17,29,mate in 15,1,8,1,0,0,7,5,4,27
9b598976637e,9300181489428:850834012343,win,3,5,7,mate in 4,1,2,1,1,0,0,0,3,28
fb89ffbf2033,201008d009250c:100824202420d023,win,4,7,7,mate in 4,2,2,1,1,0,0,2,2,27
8cc741742472,20002524483c1:12005200000b500e,win,2,3,3,mate in 2,1,1,1,0,0,0,0,2,26
c2df1b5ba6ba,20002526483c1:12005200000b502e,win,2,3,3,mate in 2,1,1,1,0,0,0,0,2,28
9a2f658e7a90,2100150498c44:8044a8402502b,win,2,3,3,mate in 2,0,2,1,1,0,0,1,1,27
5a94bfc5c8ff,90028910cc032:81070023190d,win,2,3,3,mate in 2,1,1,1,0,0,0,0,2,28
3814ed33b2b5,108101800108c919:100101998913080,win,4,7,7,mate in 4,2,2,1,1,0,0,1,3,28
e07c7047ee9d,104088e098118:8008811101101e01,win,2,3,3,mate in 2,0,2,1,1,0,0,0,2,26
2597819da31a,100a80280074004d:401042900b9032,win,2,3,3,mate in 2,1,1,1,0,0,0,0,2,28
a5d215684768,81c0092001d204:80000280c2a820a9,win,3,5,5,mate in 3,1,2,1,1,0,0,0,3,27
a1475207f7f1,10483067a408:8002800780081067,win,2,3,3,mate in 2,1,1,1,0,0,0,0,2,28
bac344f31a36,10821699260:1008322192002109,win,3,5,7,mate in 4,2,1,0,0,1,0,0,3,27
a74ef45e6186,9824800d01058:8050001182098281,win,3,5,5,mate in 3,1,2,1,1,0,0,1,2,26
e47925362d29,4d00190514029:100144004ba56,win,2,3,3,mate in 2,0,2,1,1,0,0,0,2,28
b0ff66450f85,100800014868e043:20003028b0011838,win,2,3,3,mate in 2,1,1,1,0,0,0,0,2,28
85d17d1455fe,1108130119a2:110802010c288609,win,2,3,3,mate in 2,1,1,1,0,0,0,0,2,27
7ccbbc6fd11d,1008912882829:1008120008239282,win,5,9,9,mate in 5,1,4,1,1,0,2,2,3,26
28a253e40fbd,2180290009b204:812009220482b,win,2,3,3,mate in 2,1,1,1,0,0,0,0,2,26
feb3d5c5d998,100a8800010a8951:8000100a9801540e,win,12,23,31,mate in 16,4,8,1,0,0,7,3,9,28
361a91d4baba,3d058881d:40094048008350c2,win,7,13,23,mate in 12,1,6,1,0,0,5,5,2,28
03bf3457126d,1089108100849034:80008008901b208b,win,7,13,27,mate in 14,1,6,1,0,0,5,3,4,28
df018030347e,20a22008008a845:4800e2206130a,win,2,3,3,mate in 2,1,1,1,0,0,0,0,2,27
4125b833a9f4,91002800a509a:9002801910158005,win,2,3,3,mate in 2,1,1,1,0,0,0,0,2,27
57d2eba269c5,108c08009801b009:1108d008c4984,win,2,3,3,mate in 2,1,1,1,0,0,0,1,1,28
37b5b1b169a7,80100201228aa1c:8a01888510a3,win,2,3,3,mate in 2,1,1,1,0,0,0,0,2,28
09390d956879,11180003390d:110800019118c092,win,2,3,3,mate in 2,1,1,1,0,0,0,0,2,27
b8eba08fa339,1009004041038143:100b906850a8,win,8,15,25,mate in 13,1,7,1,0,0,6,3,5,27
1614f8eec7f6,5100095091043:100084054044c50c,win,2,3,3,mate in 2,0,2,1,1,0,0,0,2,27
b413a56d3f9b,409948a10001408:10020001848b8083,win,6,11,13,mate in 7,1,5,1,0,0,4,3,3,26
1ca9d21f5452,2082080105121d:80080020822881e2,win,3,5,9,mate in 5,1,2,1,1,0,0,1,2,26
c0283fd11b81,20c48a555:4910075a2a,win,10,19,35,mate in 18,2,8,1,0,0,7,5,5,27
5bf22f92ec35,1100a6400b50a:1008e001900b4011,win,2,3,3,mate in 2,0,2,1,1,0,0,0,2,28
beaad34b0d70,3e0228417:2a000100d71a8,win,2,3,3,mate in 2,0,2,1,1,0,0,0,2,27
f4f93dedfedc,4a00510098191:b0011000a094300c,win,2,3,3,mate in 2,1,1,1,0,0,0,0,2,27
e75bdd80a026,60a0200860881a:50b01132e1,win,7,13,19,mate in 10,2,5,1,0,0,4,3,4,27
9bb1f6d6cfb0,110889221c0a8:1080820140883a03,win,2,3,3,mate in 2,1,1,1,0,0,0,0,2,28
35b317ac372a,1043014803498:40000012039c027,win,4,7,7,mate in 4,2,2,1,1,0,0,1,3,26
4ed0900504f8,10819029400010a8:8008408090a9c005,win,2,3,3,mate in 2,1,1,1,0,0,0,0,2,27
9a0facd5bbbb,1204091279042:11052048612d,win,2,3,3,mate in 2,1,1,1,0,0,0,0,2,28
6ce256490817,89104291020149:40018900c990a2,win,2,3,3,mate in 2,1,1,1,0,0,0,0,2,28
6a2c6de229e2,1a498b642:100490080348b9,win,4,7,9,mate in 5,2,2,1,1,0,0,0,4,28
4a1f324a8128,90908d0089206:800000509054d89,win,2,3,3,mate in 2,0,2,1,1,0,0,0,2,28
ff45aa566088,1009000880088dc2:90011461122d,win,2,3,3,mate in 2,0,2,1,1,0,0,0,2,27
e965f44a1d35,210510041d8108:802181203435,win,2,3,3,mate in 2,1,1,1,0,0,0,0,2,26
204f08135cd3,210510141d8108:8000802181203435,win,2,3,3,mate in 2,1,1,1,0,0,0,0,2,28
9d59992a5839,1009040091c80128:1049042194c1,win,2,3,3,mate in 2,1,1,1,0,0,0,0,2,26
67a916b9b726,152082200a609:12088001d0095020,win,3,5,5,mate in 3,2,1,1,0,0,0,1,2,26
5af121fca79e,10859a080295:10090a0800959808,win,8,15,27,mate in 14,0,8,1,0,0,7,2,6,28
21e7f09c7ee7,2004188128c430:8108812014111109,win,2,3,3,mate in 2,1,1,1,0,0,0,0,2,27
d089e10aff31,1114814809c12:10000401014b03c9,win,3,5,7,mate in 4,0,3,1,0,0,2,2,1,28
7a212e6372cf,13000a082e818:30000001501914a3,win,2,3,3,mate in 2,1,1,1,0,0,0,0,2,27
fa10fde0b1e9,108008c01383c:80020216060c541,win,4,7,9,mate in 5,2,2,1,1,0,0,0,4,27
df7bc0c59d75,2304090483148:3040810223028203,win,2,3,3,mate in 2,1,1,1,0,0,0,0,2,27
a29cc13a5690,3020082093e24:820080030006815b,win,2,3,3,mate in 2,0,2,1,1,0,0,0,2,28
eedbecb80e9c,21810815103508:110003180298035,win,2,3,3,mate in 2,0,2,1,1,0,0,1,1,28
0668f83c3897,100019c2a4803:90009c080001b428,win,5,9,15,mate in 8,2,3,1,1,0,1,2,3,27
b1c1eff6b4ea,411009024a1448:1008064094018207,win,2,3,3,mate in 2,0,2,1,1,0,0,0,2,27
703c478cc7ed,9800302149281:8000001c800b081e,win,2,3,3,mate in 2,0,2,1,1,0,0,1,1,26
42ec2808458b,9800312149281:8002001c800b081e,win,2,3,3,mate in 2,0,2,1,1,0,0,1,1,28
09bb8f3f804d,2904089200322c:40000210429c4c3,win,6,11,13,mate in 7,2,4,1,0,0,3,4,2,28
695b4c77145a,1100850003e8a:10080001001bc171,win,4,7,7,mate in 4,2,2,1,1,0,0,0,4,27
86c5665dde60,100200070274b:411509d834,win,3,5,9,mate in 5,1,2,1,0,0,1,1,2,27
3f7087b74c72,108000c821842a5:33001259918,win,9,17,21,mate in 11,2,7,0,0,1,6,6,3,28
c00a0b4c987e,1900390060053:800200500079902c,win,2,3,3,mate in 2,0,2,1,1,0,0,0,2,27
6a5b4327cb30,208060007c4043:404000c001b23c,win,2,3,3,mate in 2,1,1,1,0,0,0,0,2,26
f12b543b0557,208089240bc48:1002080a43b7,win,3,5,5,mate in 3,2,1,1,0,0,0,0,3,28
40cf10ff17c8,88108a8990e:18001006900720a1,win,3,5,5,mate in 3,1,2,1,1,0,0,0,3,28
8076995ed1a5,10080011003dc032:10100e5002190d,win,2,3,3,mate in 2,1,1,1,0,0,0,0,2,28
afaa1f0e1142,20880c004b588:2388b4807,win,3,5,5,mate in 3,1,2,1,1,0,0,1,2,26
eb357543f2f6,1820006209d802:2180112231d,win,5,9,9,mate in 5,2,3,1,0,0,2,2,3,26
5ffde37413ae,2018071601288:1000102200826163,win,2,3,3,mate in 2,1,1,1,0,0,0,0,2,26
45c61da604c9,102800010430a449:11028b0091034,win,6,11,19,mate in 10,0,6,1,0,0,5,3,3,26
2d7b48477689,108621820988041:10043417398,win,4,7,9,mate in 5,2,2,1,0,0,1,0,4,28
79a16efc122f,9c0851080500c:d0801008c00d8081,win,2,3,3,mate in 2,1,1,1,0,0,0,0,2,27
4912e46f0f75,850020084a8968:20808580a50087,win,2,3,3,mate in 2,1,1,1,0,0,0,0,2,28
f72db319296b,300940008081409d:b009700cb002,win,13,25,25,mate in 13,4,9,1,0,0,8,6,7,28
464d25b6a4a9,140481000932e:80001c2496051,win,2,3,3,mate in 2,0,2,1,1,0,0,0,2,26
62e0cb1fbcc3,140481100932e:40080001c2496051,win,2,3,3,mate in 2,0,2,1,1,0,0,0,2,28
55be7b93271e,29511050b1:1008508080a98148,win,2,3,3,mate in 2,1,1,1,0,0,0,0,2,27
bd1f3fe8e786,3001484498614:b1216114b,win,3,5,5,mate in 3,2,1,1,0,0,0,0,3,28
29c41aa406e3,1049811110e1:1009009010c88518,win,4,7,7,mate in 4,2,2,1,1,0,0,1,3,27
045663ea1009,a4182587048:40201038018a17,win,2,3,3,mate in 2,1,1,1,0,0,0,0,2,28
ba98de31f8c2,1802010a490cc:8008008980090a31,win,3,5,5,mate in 3,1,2,1,1,0,0,0,3,26
6764241594b8,910404841dc01:9000c0099008206c,win,3,5,5,mate in 3,1,2,1,1,0,0,0,3,28
c115136ed6a6,19080488489045:1804101910150818,win,2,3,3,mate in 2,0,2,1,1,0,0,0,2,28
8b8f96b4d31b,1800002137b01:80002201a004849e,win,2,3,3,mate in 2,1,1,1,0,0,0,0,2,27
d2f423c287dd,290c0a9432:1001180090214909,win,2,3,3,mate in 2,0,2,1,1,0,0,0,2,26
85607adf1d80,20098029c0041089:8000608020a9e024,win,3,5,9,mate in 5,1,2,0,0,1,1,1,2,28
7c750b9e8e40,18244d380c:808384018100451,win,2,3,3,mate in 2,1,1,1,0,0,0,1,1,26
6528512b303d,2910204100912a:1000400b902b4001,win,2,3,3,mate in 2,0,2,1,1,0,0,0,2,26
0ec58655e52d,99020006092c4:800000099209012b,win,3,5,5,mate in 3,2,1,1,0,0,0,0,3,26
2178be81b58d,1880910290838:9808102089009301,win,5,9,9,mate in 5,3,2,1,1,0,0,1,4,27
bdddc13a55d7,900093080e498:b000b00080091903,win,2,3,3,mate in 2,0,2,1,1,0,0,0,2,28
cbbb4c1cb1f4,1200a30089138:8010181332a03,win,4,7,9,mate in 5,2,2,1,1,0,0,0,4,27
d5dfeec38d5d,1800021a99089:b000302190002920,win,2,3,3,mate in 2,1,1,1,0,0,0,0,2,26
99977248ac5a,1800029a99089:b000312190002920,win,2,3,3,mate in 2,1,1,1,0,0,0,0,2,28
2172ca1a7eb0,33291869:100010280042a706,win,3,5,5,mate in 3,2,1,1,0,0,0,0,3,26
ebbea51907b8,100980010218a30c:80001118b1051011,win,2,3,3,mate in 2,0,2,1,1,0,0,0,2,28
3d2ecf46f999,2801014558254:11020382021c0b,win,8,15,33,mate in 17,0,8,0,0,1,7,4,4,28
2308003d9109,180914081a64:10080020aa21a409,win,10,19,37,mate in 19,0,10,0,0,0,10,6,4,27
616583836d71,180808232807a:8000024110c15285,win,8,15,31,mate in 16,1,7,1,1,0,5,6,2,28
5b2c0d547558,110c0024a30d8:1240020110814227,win,4,7,7,mate in 4,2,2,1,1,0,0,1,3,28
995d9d000873,10410450ac203:10900151d1c,win,2,3,3,mate in 2,1,1,1,0,0,0,0,2,26
127f35d7b535,930028008ea08:1000800938831083,win,3,5,5,mate in 3,2,1,1,0,0,0,0,3,27
0e170e86f809,9010083825381:10040096009a81a,win,7,13,13,mate in 7,2,5,1,0,0,4,4,3,28
cd0a3e77f2d1,2d801d802c008:d009000a00091823,win,3,5,5,mate in 3,2,1,1,0,0,0,0,3,28
051e47ad1306,10048044704d8:40001700189027,win,2,3,3,mate in 2,1,1,1,0,0,0,0,2,26
13436c8528e8,90048044704d8:40041700189027,win,2,3,3,mate in 2,1,1,1,0,0,0,0,2,28
3e5442c8b34a,2504318075:80218000904c148a,win,10,19,19,mate in 10,2,8,1,1,0,6,8,2,27
4a3907055cf5,2a00482443309:2041004320038056,win,10,19,29,mate in 15,0,10,1,0,0,9,6,4,28
665f7c16499d,ea10e08a808:801800080a116a3,win,2,3,3,mate in 2,1,1,1,0,0,0,0,2,28
8aca9c8c9e43,16001b2004a09:c000820040a9b0a0,win,3,5,5,mate in 3,2,1,1,0,0,0,0,3,27
70b82194ba09,20920090112851:900000210a6092a8,win,8,15,29,mate in 15,0,8,1,0,0,7,3,5,27
2a3dba16eb3e,1204522408259:480208900d3884,win,9,17,31,mate in 16,2,7,1,0,0,6,3,6,28
818fd0b24543,420407080c858:48c453487,win,3,5,5,mate in 3,2,1,1,0,0,0,0,3,27
956519ef35f4,100008a2898b4:890091434b,win,2,3,3,mate in 2,1,1,1,0,0,0,1,1,26
3eafcf8d8060,34400c104261c:800080030413d103,win,3,5,9,mate in 5,0,3,0,0,0,3,2,1,28
2c3199be696f,181002158a148:118001990011015,win,7,13,13,mate in 7,2,5,1,0,0,4,5,2,26
1fd81298db88,2200180096b03:1000a78029468,win,6,11,13,mate in 7,2,4,1,0,0,3,3,3,27
605bca64c9ec,890301a201b200:8200808801884589,win,2,3,3,mate in 2,1,1,1,0,0,0,0,2,28
d0859ebdf150,9100880293124:100080251046804b,win,3,5,9,mate in 5,0,3,0,0,1,2,2,1,27
8396a7b15276,801880900a88029:800800809c051c84,win,2,3,3,mate in 2,1,1,1,0,0,0,0,2,27
9dcf5e569e7b,8010c4094681820:8008902908018449,win,2,3,3,mate in 2,1,1,1,0,0,0,0,2,28
59f4ad3e0fd9,598800a0899:108800205909702,win,4,7,9,mate in 5,2,2,1,1,0,0,0,4,27
6579c651f445,26c002c0233:2800002253304c,win,2,3,3,mate in 2,1,1,1,0,0,0,1,1,26
06b0c78016e8,15101c1009803:800016296728,win,4,7,7,mate in 4,2,2,1,1,0,0,0,4,27
ff4d6c5d89d6,12002160b2508:1002160120001233,win,10,19,23,mate in 12,3,7,0,0,1,6,7,3,26
b86f49788fe8,91100101411140c:9018b008b51,win,10,19,35,mate in 18,1,9,0,0,1,8,6,4,27
a6b14b0cae77,9004001d48384:10d12091059,win,2,3,3,mate in 2,1,1,1,0,0,0,0,2,26
a477884fde69,9004005d48384:10d12091459,win,2,3,3,mate in 2,1,1,1,0,0,0,0,2,28
a17c39945164,8100c902409068:48920090a90281,win,5,9,13,mate in 7,3,2,1,1,0,0,1,4,27
5e9b029ebc42,10090048082b4203:2001a2112401868,win,2,3,3,mate in 2,1,1,1,0,0,0,0,2,28
8e641a3d8bf5,1141129403c:10900298014b101,win,2,3,3,mate in 2,1,1,1,0,0,0,0,2,27
4f7a6f3f073a,3800150103438:80001002a003c903,win,2,3,3,mate in 2,0,2,1,1,0,0,0,2,26
e14b470b6a60,90010c04d7008:8010c04900108055,win,2,3,3,mate in 2,1,1,1,0,0,0,0,2,26
a3139c1ab33d,100c1044400a4908:80818449057,win,2,3,3,mate in 2,1,1,1,0,0,0,0,2,26
210580c3161d,8010804a001489c:a0015884b103,win,2,3,3,mate in 2,1,1,1,0,0,0,1,1,27
8b2ff1d6d656,2841010009cc09:1010028452011a6,win,2,3,3,mate in 2,1,1,1,0,0,0,0,2,27
4f504c7d4a05,1008031031203031:20110090219430c,win,2,3,3,mate in 2,1,1,1,0,0,0,0,2,28
a5754d80a2c3,984402401b041:10099048452c,win,2,3,3,mate in 2,0,2,1,1,0,0,0,2,26
bdf7a10e19f2,2084119008850e:8001102005331031,win,4,7,7,mate in 4,2,2,1,1,0,0,1,3,28
81e052685b81,1520000459544:40000005520a4a0b,win,2,3,3,mate in 2,1,1,1,0,0,0,0,2,27
f6927f005439,1000c82241169:8200920110098214,win,3,5,5,mate in 3,2,1,1,0,0,0,1,2,26
d33ed9511a1e,9005010429941:4001090919009a,win,4,7,7,mate in 4,2,2,1,1,0,0,0,4,26
7a20ce131cf3,108910870149:10046004898b6,win,3,5,5,mate in 3,2,1,1,0,0,0,0,3,27
a048e5d12362,99101218080c1:900000089409350c,win,8,15,29,mate in 15,2,6,0,0,0,6,5,3,27
6d53a43910ad,1018070015408250:101802195d09,win,4,7,9,mate in 5,2,2,1,1,0,0,0,4,28
57235b8ae6f2,90400648d5408:400508d9000a085,win,2,3,3,mate in 2,1,1,1,0,0,0,0,2,28
02e5b8fde456,1008000484984589:10911851049014,win,2,3,3,mate in 2,0,2,1,1,0,0,0,2,28
91f7ee12e334,201008858410ac:108801a410288501,win,2,3,3,mate in 2,1,1,1,0,0,0,0,2,27
9592b7298234,60916208543:4090000804932ac,win,2,3,3,mate in 2,0,2,1,1,0,0,1,1,28
f046921f9df9,980098010b128:8000003041a94491,win,2,3,3,mate in 2,1,1,1,0,0,0,0,2,27
20c51465b98a,930480c189840:411b0412439,win,2,3,3,mate in 2,1,1,1,0,0,0,0,2,28
6bc33ec9c88f,90801121a1918:1002110a09018283,win,2,3,3,mate in 2,1,1,1,0,0,0,0,2,28
2d57d45169cd,1001a06189448:8840180030a93,win,3,5,5,mate in 3,1,2,1,1,0,0,0,3,26
01883dc85a2b,1001a06989448:8860180030a93,win,3,5,5,mate in 3,1,2,1,1,0,0,1,2,28
c26284e889a6,403880b14c1:9108814c0880a,win,2,3,3,mate in 2,0,2,1,1,0,0,0,2,26
d651730a1d4e,a10cb5504:304c1040400cb,win,4,7,7,mate in 4,3,1,1,0,0,0,0,4,26
f0e0ba2e501e,a10cb5524:304c1040400db,win,3,5,5,mate in 3,2,1,1,0,0,0,0,3,28
af4a65f59144,110485049b020:1008c001800041d9,win,2,3,3,mate in 2,1,1,1,0,0,0,0,2,26
7d4bf6f2058b,b00888002c8a1:34ca9141a,win,2,3,3,mate in 2,1,1,1,0,0,0,1,1,27
3d33d3486c70,186008481a40a:84080089020812c5,win,2,3,3,mate in 2,0,2,1,1,0,0,0,2,27
dafa0477f3d2,1302080289846:20800132412229,win,2,3,3,mate in 2,1,1,1,0,0,0,0,2,26
6639bf3e519b,910485104d101:100400050049245e,win,2,3,3,mate in 2,1,1,1,0,0,0,0,2,28
e5ddbd0f8eea,1008020294491c01:800190490202824a,win,3,5,7,mate in 4,1,2,1,1,0,0,1,2,28
3f1adb41eef9,60000a80329032:1002907010480849,win,2,3,3,mate in 2,1,1,1,0,0,0,0,2,27
a278d4ccb431,1021a1280cc18:20a0001801b1283,win,5,9,9,mate in 5,3,2,1,1,0,0,1,4,28
4457c7bc2527,1985322238:18050010099d03,win,4,7,7,mate in 4,0,4,1,1,0,2,3,1,28
10582acac80e,38200800292321:30a350905a,win,7,13,15,mate in 8,0,7,1,1,0,5,4,3,27
8f50ed4fcacc,1009000a94011c84:80009405000ea00b,win,2,3,3,mate in 2,1,1,1,0,0,0,1,1,28
517ab4b2b113,2072001703540:10000021602ca33,win,2,3,3,mate in 2,1,1,1,0,0,0,0,2,28
a4d34d0eba33,20820083019146:90001121102a0229,win,2,3,3,mate in 2,1,1,1,0,0,0,0,2,27
b4f9da4a411e,1104990451402:900480040408815d,win,2,3,3,mate in 2,0,2,1,1,0,0,0,2,27
f27cea3596bb,b80089001c0c4:80004043404a140b,win,3,5,5,mate in 3,1,2,1,1,0,0,1,2,27
03f2e7127a7e,2080041040a5542:20ad241820d,win,5,9,13,mate in 7,1,4,1,0,0,3,3,2,27
552d5a112a1c,114407440805c:408001801d7501,win,3,5,5,mate in 3,2,1,1,0,0,0,0,3,28
6dda9f6bb968,100982591013:9209820011008348,win,2,3,3,mate in 2,1,1,1,0,0,0,0,2,27
cc8d8d0682b1,2090004900510c3:209026a862c,win,3,5,5,mate in 3,1,2,1,1,0,0,0,3,27
671fb0e6094b,29400140384a4:8420002280ac100b,win,2,3,3,mate in 2,1,1,1,0,0,0,0,2,27
2ce361ae3add,2002020709141a:205210022c321,win,2,3,3,mate in 2,0,2,1,1,0,0,0,2,26
bd4b0c6b9580,4098000912918a0:2005290480c509,win,2,3,3,mate in 2,1,1,1,0,0,0,0,2,28
efd384feb4c4,c0201109140d3:1000c020cb62c,win,3,5,7,mate in 4,2,1,0,0,1,0,0,3,28
7f15dca31ab1,92000190cc01d:30001809a0013902,win,2,3,3,mate in 2,1,1,1,0,0,0,1,1,28
43dd762b8fb8,1840140009109e:10011009d094c001,win,2,3,3,mate in 2,1,1,1,0,0,0,0,2,27
4580b8f82daf,1882111089085:8000018088a50928,win,2,3,3,mate in 2,1,1,1,0,0,0,1,1,26
7f8661f3370d,9304880035809:100040037848a042,win,2,3,3,mate in 2,1,1,1,0,0,0,1,1,28
2da8a0de1042,120802002201409e:30091018b301,win,2,3,3,mate in 2,1,1,1,0,0,0,0,2,26
18c467640c56,1400081a310a7:100091235000c118,win,9,17,29,mate in 15,1,8,1,0,0,7,6,3,28
244938c62e52,20408010e049d:d010784019102,win,2,3,3,mate in 2,1,1,1,0,0,0,0,2,27
2f9871b13370,500900288001c019:8020d00150281a20,win,3,5,5,mate in 3,2,1,1,0,0,0,0,3,27
7dec219d34a2,9a0040a8c53:800089a113ac,win,2,3,3,mate in 2,1,1,1,0,0,0,0,2,28
039334b4ae9e,1009020e8021100b:2009001120e8234,win,2,3,3,mate in 2,1,1,1,0,0,0,1,1,28
8966e787d2e2,100004d887138:80489b0018c81,win,2,3,3,mate in 2,1,1,1,0,0,0,1,1,28
23a87961670e,41802158a090a0:8020484080494849,win,2,3,3,mate in 2,1,1,1,0,0,0,0,2,28
e7e8edef0043,41000906b50a2:100080040404ac5d,win,3,5,5,mate in 3,1,2,1,1,0,0,0,3,28
09b73d56eb08,41900090095130:900000490160a449,win,3,5,5,mate in 3,2,1,1,0,0,0,0,3,27
5b5e35ef457d,108042002218b31:8020810895081448,win,7,13,31,mate in 16,1,6,0,0,1,5,5,2,28
dd427df9b729,20c089658a:20a08024209065,win,2,3,3,mate in 2,1,1,1,0,0,0,0,2,26
813e3d461088,b210101028123:100000aa0093c8c,win,2,3,3,mate in 2,0,2,1,1,0,0,0,2,27
ff225fb1f5ee,9009000114ac0029:94a880019494,win,2,3,3,mate in 2,1,1,1,0,0,0,0,2,28
d4412576d875,1006080791234:2882090204814b,win,2,3,3,mate in 2,0,2,1,1,0,0,0,2,28
09bb0bfd2d25,100081c491924:100015010100c4c9,win,2,3,3,mate in 2,0,2,1,1,0,0,0,2,26
40f333296985,21d000c4201038:100000291819cc01,win,2,3,3,mate in 2,1,1,1,0,0,0,0,2,27
2b72c0aca24b,22c00089a088201:100012240024582c,win,2,3,3,mate in 2,0,2,1,1,0,0,0,2,26
53ce39cafeef,20080888841c98:1800102014298025,win,3,5,5,mate in 3,1,2,1,1,0,0,0,3,26
614bfe4afe23,a0c1b9413:1003180111000b68,win,2,3,3,mate in 2,1,1,1,0,0,0,0,2,28
b8a4f8aa7f90,8182008009d811:8000008903902788,win,4,7,9,mate in 5,0,4,1,0,0,3,3,1,27
debedeb11f77,4412500a08905:40010000c50554a8,win,2,3,3,mate in 2,0,2,1,1,0,0,0,2,27
4e018d525e12,a1010c00c5034:1000400e1032a00b,win,2,3,3,mate in 2,1,1,1,0,0,0,0,2,27
3a75195b9ce0,c0028b0091031:2020140434a50c,win,7,13,27,mate in 14,3,4,1,0,0,3,4,3,27
7822b2f13955,22001922891a8:8a28832e03,win,2,3,3,mate in 2,1,1,1,0,0,0,0,2,28
23f152977227,19800492058302:8000001b011a101d,win,2,3,3,mate in 2,1,1,1,0,0,0,0,2,28
346447944988,590010042c059:9000004490151a06,win,2,3,3,mate in 2,1,1,1,0,0,0,0,2,27
18fcc279ddee,1008016901409118:8101900090390061,win,2,3,3,mate in 2,0,2,1,1,0,0,0,2,28
370dddbb92e3,102806281230c:30001090108d091,win,2,3,3,mate in 2,1,1,1,0,0,0,0,2,26
9688876449ac,210c604820c818:8400011045114e1,win,5,9,9,mate in 5,1,4,1,0,0,3,1,4,28
dbb4e051f6d5,20101100a07838:101100a098198081,win,2,3,3,mate in 2,1,1,1,0,0,0,0,2,27
ee9f1b7274b0,900d100c81011003:28003100e813c,win,2,3,3,mate in 2,1,1,1,0,0,0,0,2,28
1d7ce0f61e61,910102049b412:49143040ed,win,8,15,31,mate in 16,1,7,0,0,0,7,6,2,28
b630188d5456,1080882020b0489:5080d805b02,win,2,3,3,mate in 2,1,1,1,0,0,0,1,1,26
7374337f4237,10a040a189891:80010099105430c,win,2,3,3,mate in 2,1,1,1,0,0,0,0,2,28
2b1b6b147178,1008010c91600229:9240020d91c4,win,2,3,3,mate in 2,1,1,1,0,0,0,0,2,28
429e7db5d0cc,348b42b2:10080004bd4d,win,3,5,5,mate in 3,1,2,1,1,0,0,0,3,26
5416b63e8936,1019108084890109:100811911109490,win,3,5,5,mate in 3,2,1,1,0,0,0,0,3,28
a628c87e956b,2a1801090291028:2a10290e291,win,8,15,27,mate in 14,0,8,1,0,0,7,4,4,28
ce8e6236babd,1028080dd3018:80008015320082c5,win,2,3,3,mate in 2,1,1,1,0,0,0,0,2,28
5eb173d257ca,1ad01052081009:9000000a8013c292,win,2,3,3,mate in 2,1,1,1,0,0,0,0,2,28
5a7364d08977,96040408ce048:40400009b0411885,win,5,9,9,mate in 5,3,2,1,1,0,0,1,4,28
f7f931c3c4ed,3100298c09012:100080c1000309c5,win,2,3,3,mate in 2,1,1,1,0,0,0,0,2,26
8ff3075b4a7f,11088100802ea108:8020102a11005036,win,2,3,3,mate in 2,1,1,1,0,0,0,0,2,28
d9f07918b124,40480c0a2512a:c050d8cc5,win,2,3,3,mate in 2,1,1,1,0,0,0,0,2,28
f8c1f3c817db,20092020804290c2:900930292029,win,11,21,35,mate in 18,2,9,1,0,0,8,2,9,26
9a565fe238e1,18008920193082:1081301018808819,win,7,13,17,mate in 9,1,6,1,1,0,4,5,2,27
807c66ff33bc,452200224011c8:4d810da205,win,7,13,29,mate in 15,2,5,1,1,0,3,3,4,27
4edaf1f93e69,60002024aa245:4d9005188a,win,2,3,3,mate in 2,1,1,1,0,0,0,0,2,26
b49f6b150ea7,50101102093128:1008024810708251,win,2,3,3,mate in 2,1,1,1,0,0,0,1,1,27
156793312275,110200a68284d:3000204130035222,win,2,3,3,mate in 2,0,2,1,1,0,0,1,1,28
ab14c8aced39,101181149210a:10800412012d851,win,2,3,3,mate in 2,1,1,1,0,0,0,1,1,27
819cbe0d3ab2,100801014106c203:1100c1009194c,win,3,5,5,mate in 3,2,1,1,0,0,0,0,3,26
3f9dae8c819e,28500a100b4101:1010121c120902a,win,2,3,3,mate in 2,0,2,1,1,0,0,0,2,27
d1bc3fa20b8f,1812901309022:803800108009011d,win,2,3,3,mate in 2,0,2,1,1,0,0,0,2,26
691dbdde53f0,2080a88009ac01:8080040105a051a8,win,2,3,3,mate in 2,0,2,1,1,0,0,0,2,27
e9ea2aacaf21,8090000d2019241:884908484d08,win,2,3,3,mate in 2,1,1,1,0,0,0,1,1,26
6394eae110aa,3843680e1:184002041741e,win,4,7,7,mate in 4,0,4,1,1,0,2,1,3,27
d14077e1c9af,2901091306018:80100022220293a2,win,3,5,5,mate in 3,2,1,1,0,0,0,0,3,27
4d3cf5481510,209c00150098028:8000020882207a07,win,2,3,3,mate in 2,0,2,1,1,0,0,0,2,27
1b87fd3dfd6c,1080812099e14:840894018c00010b,win,2,3,3,mate in 2,0,2,1,1,0,0,0,2,28
0de23b981577,1001095102b09:801090010009d430,win,2,3,3,mate in 2,1,1,1,0,0,0,0,2,26
893462187a02,290784159:1008506840029022,win,2,3,3,mate in 2,1,1,1,0,0,0,1,1,26
6e6e303f6159,108a22970a1:8001a2a101808308,win,2,3,3,mate in 2,1,1,1,0,0,0,1,1,28
e498de0938d7,94242922e:8008c20080096441,win,2,3,3,mate in 2,0,2,1,1,0,0,1,1,26
afee54b3250f,100094242922e:8008c20090096441,win,2,3,3,mate in 2,0,2,1,1,0,0,0,2,28
f94e30281076,9104002300b341:9154914498,win,9,17,35,mate in 18,2,7,1,0,0,6,4,5,28
6f604b206174,1e2218000e0a8:c000000862291a05,win,2,3,3,mate in 2,1,1,1,0,0,0,0,2,28
fb7b85fd23f8,900403500b114:1900594469,win,2,3,3,mate in 2,1,1,1,0,0,0,1,1,26
d18c7fbc38cb,5800402012b2c:80000009900c9493,win,8,15,31,mate in 16,2,6,0,0,0,6,4,4,27
90a31be937c8,1009810298088003:8000180901035908,win,2,3,3,mate in 2,1,1,1,0,0,0,0,2,26
a065a0ffcde3,140221828c902:9009c00310a9,win,2,3,3,mate in 2,1,1,1,0,0,0,0,2,26
571262f8dac8,9204481413904:80009009300c8059,win,2,3,3,mate in 2,1,1,1,0,0,0,0,2,28
a85b185faf33,100980403089108c:800030898040a143,win,2,3,3,mate in 2,1,1,1,0,0,0,0,2,28
71d5d437b5c1,28802c081ca04:80000081080630ab,win,2,3,3,mate in 2,1,1,1,0,0,0,0,2,26
5b3c2227024b,1008006190284a11:180808c1b0e8,win,2,3,3,mate in 2,1,1,1,0,0,0,0,2,28
6cd57ea69cff,100c040940047809:58041c098426,win,3,5,5,mate in 3,2,1,1,0,0,0,0,3,28
00b61371b254,c2000b018d01a:8000c00c40072885,win,2,3,3,mate in 2,1,1,1,0,0,0,0,2,28
5083e73453a6,9002000e39099:20004b90180962,win,2,3,3,mate in 2,1,1,1,0,0,0,0,2,28
74c5e72d4e41,10402659338:c804981182045,win,2,3,3,mate in 2,0,2,1,1,0,0,1,1,28
399384e60942,110809401cc5:18000c40140ac10a,win,8,15,19,mate in 10,1,7,0,0,1,6,6,2,27
97cffbad572a,aa00e60a5:ce0044801980a,win,2,3,3,mate in 2,1,1,1,0,0,0,0,2,27
1a5920f073c9,28004c244110ac:402420002cec41,win,4,7,7,mate in 4,0,4,1,1,0,2,1,3,28
d6dc0fd374ab,108180009220e202:80001281008b10a9,win,2,3,3,mate in 2,0,2,1,1,0,0,0,2,27
1fb2257c91b0,200030422cd282:100050001011247d,win,2,3,3,mate in 2,0,2,1,1,0,0,0,2,28
56103881dc7b,2090e0104400b8:8080000080ab9047,win,2,3,3,mate in 2,0,2,1,1,0,0,0,2,27
e6e3e6950e99,100b0000441ac122:140b90011c19,win,7,13,31,mate in 16,2,5,1,0,0,4,4,3,28
40847d8eef6a,1046030602c0a:40020010403d261,win,2,3,3,mate in 2,1,1,1,0,0,0,0,2,26
cba0f635a091,c80a7023c:480a014089583,win,2,3,3,mate in 2,0,2,1,1,0,0,1,1,27
4d4e320fe75a,1004810788172:4000118087308d,win,2,3,3,mate in 2,1,1,1,0,0,0,0,2,28
2ab6cbb9adfe,1800100886290b:2080e8018d094,win,2,3,3,mate in 2,1,1,1,0,0,0,0,2,27
9b119d06c2fb,352044208502c:4000000310278a43,win,4,7,9,mate in 5,2,2,1,1,0,0,0,4,28
f8f9fab5f559,28908d000c9001:9001002090a100ac,win,3,5,5,mate in 3,2,1,1,0,0,0,0,3,26
c836b0a9d917,11483240210a1:1080202010a1ac0a,win,2,3,3,mate in 2,1,1,1,0,0,0,0,2,27
168bcdd60094,c0003910b8003:3110c0004198c,win,2,3,3,mate in 2,1,1,1,0,0,0,0,2,26
bf3482d90d6a,10160814911a0:1100900114208459,win,2,3,3,mate in 2,0,2,1,1,0,0,0,2,27
53c47a5e8a70,10989918290:8009880012083909,win,2,3,3,mate in 2,1,1,1,0,0,0,0,2,27
9c5b9c05b3d9,3040c8401d044:80003104e240b,win,2,3,3,mate in 2,1,1,1,0,0,0,0,2,26
37166b88d839,3040cc401d044:80003104e241b,win,2,3,3,mate in 2,1,1,1,0,0,0,0,2,28
5d22514725c7,89000190259062:108804ca448d,win,7,13,17,mate in 9,1,6,0,0,0,6,5,2,28
88adb5c8c390,20088a4ca01c02:80a4020000ac1a9,win,3,5,9,mate in 5,0,3,0,0,0,3,2,1,28
5807b8464c29,10008b4029d24:110811010109220b,win,2,3,3,mate in 2,0,2,1,1,0,0,0,2,28
53fd9349621a,918210881c098:4088d0381921,win,3,5,5,mate in 3,2,1,1,0,0,0,0,3,28
73e40eba1a2a,1056b8223:8001812080003d48,win,3,5,9,mate in 5,1,2,1,0,0,1,2,1,26
aa5e8fb68742,9459c616:9000900403041949,win,3,5,5,mate in 3,1,2,1,1,0,0,0,3,28
cc4f8da81795,1803190005c18:10100049398123,win,2,3,3,mate in 2,1,1,1,0,0,0,0,2,27
b9e1c06458f8,104804420445010d:1100d100a94c2,win,3,5,5,mate in 3,2,1,1,0,0,0,0,3,28
36d55360db33,10082c485c101:8000c401100a148e,win,2,3,3,mate in 2,1,1,1,0,0,0,1,1,27
be30d03f5772,30498008c14a:1009400071413005,win,5,9,9,mate in 5,3,2,1,1,0,0,0,5,27
64e0070e4229,11180600071a8:1000000113a98603,win,8,15,15,mate in 8,3,5,1,0,0,4,6,2,27
2dd5ec423f27,9044c008504c8:818568a125,win,2,3,3,mate in 2,0,2,1,1,0,0,1,1,27
a9f4ad65cd87,80998000018b810:9000000998414149,win,2,3,3,mate in 2,1,1,1,0,0,0,0,2,27
9cd51af7e44c,18122c00058038:1001001112381605,win,2,3,3,mate in 2,1,1,1,0,0,0,0,2,27
d6983c072533,900405001c668:5009046c1885,win,4,7,7,mate in 4,3,1,1,0,0,0,0,4,27
f710bdc69349,8811011b0108098:2010288008813903,win,2,3,3,mate in 2,1,1,1,0,0,0,0,2,28
64f5072e0928,1209008012098c18:800092098c801281,win,6,11,19,mate in 10,1,5,1,1,0,3,4,2,28
25ebb94e916c,11088010120a1013:130a8110a308,win,2,3,3,mate in 2,1,1,1,0,0,0,0,2,26
ca25fb9b365d,11088010320a1013:10130a8110a308,win,2,3,3,mate in 2,1,1,1,0,0,0,0,2,28
8d3165e04856,100980021b081902:1b098003c209,win,3,5,5,mate in 3,2,1,1,0,0,0,1,2,28
d20248576fc8,41840186000b005:40000400161c4638,win,4,7,7,mate in 4,2,2,1,1,0,0,0,4,27
e81e0d877a7b,120803880b908:3000110183014681,win,4,7,7,mate in 4,2,2,1,1,0,0,0,4,27
44563268dbcd,108004094031c42:1010b01488189,win,2,3,3,mate in 2,0,2,1,1,0,0,0,2,26
e8d15303c011,41a00082088a19:a0000241304130c0,win,2,3,3,mate in 2,1,1,1,0,0,0,0,2,26
f7a458ac8916,2028b8280180a:10091000180b8291,win,2,3,3,mate in 2,0,2,1,1,0,0,0,2,27
fd5f4a4fc28a,10201b42c1023:100414040203a60c,win,2,3,3,mate in 2,1,1,1,0,0,0,0,2,28
03ff8d79d86c,288000900419063:8001828082884688,win,3,5,5,mate in 3,2,1,1,0,0,0,0,3,27
254f8bc3fc6f,182101312810b:12081009800d1214,win,2,3,3,mate in 2,1,1,1,0,0,0,0,2,28
ac8ce56c4cb1,490084308dd:10001c49cc422,win,2,3,3,mate in 2,1,1,1,0,0,0,1,1,28
aa61a7c13587,5080188229832:8001006100d260d,win,5,9,9,mate in 5,4,1,1,0,0,0,0,5,28
f4b74382c241,10209160b8602:92009400a0003889,win,3,5,5,mate in 3,2,1,1,0,0,0,0,3,28
74a3b1756e95,3404590b5:210020052a454a,win,2,3,3,mate in 2,1,1,1,0,0,0,0,2,27
c34062749b06,1018000a1001250b:1010055ad054,win,2,3,3,mate in 2,1,1,1,0,0,0,0,2,27
7a651887b087,1068000804c98c4:800001461102070b,win,7,13,35,mate in 18,1,6,1,1,0,4,4,3,28
af922ad590a6,99024008d8808:90200009902010a5,win,2,3,3,mate in 2,1,1,1,0,0,0,0,2,26
06279bd03481,18420b0892028:20014c20dc83,win,3,5,5,mate in 3,2,1,1,0,0,0,1,2,27
bbe666d7943a,128100c810ec:1288000812018613,win,4,7,7,mate in 4,3,1,1,0,0,0,0,4,27
09a3cfc0525e,4004bc0628062:4a0004000d5c0d,win,2,3,3,mate in 2,1,1,1,0,0,0,0,2,28
e3b56deb5316,100804020444862c:402100c100b1043,win,5,9,9,mate in 5,4,1,1,0,0,0,1,4,26
264519b26c7e,118a1104859:1860005809b100,win,2,3,3,mate in 2,0,2,1,1,0,0,0,2,26
d85474831afc,d840514809801:14001008880d049c,win,2,3,3,mate in 2,1,1,1,0,0,0,0,2,28
77d3bab56433,182008540054a9:10031a039a012,win,2,3,3,mate in 2,1,1,1,0,0,0,0,2,28
477de8e3d929,988088200d413:8000100118092b68,win,3,5,5,mate in 3,2,1,1,0,0,0,0,3,28
a9efa0190f75,d840514009801:14001008880d041c,win,3,5,5,mate in 3,2,1,1,0,0,0,0,3,26
8cc5f55dcd42,1002010b13c1c:10001c01ac0880a1,win,3,5,5,mate in 3,1,2,1,1,0,0,0,3,28
78ee7b370339,2000131109850a:28c8325831,win,2,3,3,mate in 2,1,1,1,0,0,0,0,2,27
fda789ba7211,90290d009c009:9000900902901390,win,3,5,9,mate in 5,1,2,1,1,0,0,0,3,28
1c211ea9046d,1005202e2902a:1042100110110ad1,win,2,3,3,mate in 2,0,2,1,1,0,0,0,2,28
94e56fe96562,a09400d0408548:800000a004b052b1,win,2,3,3,mate in 2,1,1,1,0,0,0,0,2,28
c430a25cdee3,108988008909a:890011c912c01,win,2,3,3,mate in 2,1,1,1,0,0,0,0,2,27
3f1b9f7d977a,100800402241a654:80409008d0085109,win,2,3,3,mate in 2,1,1,1,0,0,0,0,2,28
3e14de782a54,81010007089453:200028908810ba8,win,3,5,5,mate in 3,1,2,1,1,0,0,0,3,28
01d4d1fd9c28,118204182982a:1000000398294185,win,2,3,3,mate in 2,1,1,1,0,0,0,1,1,28
136c06508c01,1029804154d2:10004000542c812d,win,8,15,31,mate in 16,4,4,1,0,0,3,3,5,28
bb02a84c669f,288204a04da04:88200002b022202b,win,7,13,13,mate in 7,1,6,1,1,0,4,5,2,28
6263fc71ca3d,cb0041005210a:90000009a108d805,win,4,7,9,mate in 5,1,3,1,0,0,2,2,2,27
aed18fbe3153,988e7006c:80808c210089883,win,3,5,5,mate in 3,2,1,1,0,0,0,0,3,28
30bbeda0d70d,4090000130b8301:840b8440144a,win,3,5,5,mate in 3,1,2,1,1,0,0,0,3,26
dbd185dd6af8,4490000130b8301:844b8440144a,win,2,3,3,mate in 2,0,2,1,1,0,0,0,2,28
573e1da6f1a5,99000821a9302:920002191005001d,win,2,3,3,mate in 2,1,1,1,0,0,0,0,2,28
547b3efdb6c2,1d05048401038:8099039c841,win,7,13,21,mate in 11,2,5,1,0,0,4,2,5,27
e4b658de8f99,700009814190c:1000980701038013,win,2,3,3,mate in 2,1,1,1,0,0,0,0,2,27
e9b9541c3652,9c181c080a201:820002080309518a,win,3,5,9,mate in 5,0,3,0,0,1,2,2,1,28
e4dd8f353cc5,20c004018108959:120c034c3284,win,3,5,9,mate in 5,1,2,1,1,0,0,0,3,28
13de9c6da619,902081c008c4b:1401021932b4,win,12,23,33,mate in 17,3,9,0,0,1,8,9,3,28
1ab549d8cbbf,190c008898072:1000000190725889,win,7,13,33,mate in 17,0,7,1,0,0,6,5,2,28
02d48a076b49,109012810058328:10009001c1285085,win,10,19,31,mate in 16,1,9,1,1,0,7,5,5,28
882f61572204,241d2011a12:1241d0000040c049,win,2,3,3,mate in 2,1,1,1,0,0,0,0,2,26
22a8ccb4cae8,241d2111a12:1241d0000840c049,win,2,3,3,mate in 2,1,1,1,0,0,0,0,2,28
2e2ebc94f39f,2404440478285:800580038088504a,win,2,3,3,mate in 2,0,2,1,1,0,0,0,2,28
6fbf0c9ca90d,1000b021a1941:812005401c61a,win,3,5,5,mate in 3,2,1,1,0,0,0,0,3,27
911f5bf5afa6,411089106004b:8804508499904,win,2,3,3,mate in 2,1,1,1,0,0,0,0,2,27
1172b54495d2,8184009309020b:1000118904809584,win,2,3,3,mate in 2,1,1,1,0,0,0,0,2,28
3bc713cf13e2,2000044807270a:210238d835,win,2,3,3,mate in 2,1,1,1,0,0,0,0,2,27
b3ee441fbc47,11000908513a2:100002852300a80d,win,2,3,3,mate in 2,1,1,1,0,0,0,0,2,27
1b80f298f4b1,8184009109020b:118904809584,win,2,3,3,mate in 2,1,1,1,0,0,0,0,2,26
742068b2e381,1009005090009932:11090959004d,win,3,5,5,mate in 3,2,1,1,0,0,0,0,3,28
dd9b43a03a91,93800101d1188:100000192900a855,win,2,3,3,mate in 2,1,1,1,0,0,0,0,2,28
1e46aba4e7f9,10500244bd011:80009001910025ca,win,2,3,3,mate in 2,1,1,1,0,0,0,0,2,28
856c2c011521,105583945:10048882184ba,win,6,11,11,mate in 6,1,5,1,1,0,3,2,4,27
221d50da8780,1091e501e:108091c10018901,win,2,3,3,mate in 2,1,1,1,0,0,0,0,2,26
dfe107358793,1010c11093502:10820012006806d,win,2,3,3,mate in 2,1,1,1,0,0,0,0,2,26
d83069a994be,1008806182318050:8041120810481229,win,2,3,3,mate in 2,1,1,1,0,0,0,0,2,28
0f6d683d5d05,22102050215019:1008000a000a85a6,win,2,3,3,mate in 2,1,1,1,0,0,0,0,2,26
786c5e7e8bf3,1a080c081908c:8080400128286921,win,10,19,33,mate in 17,1,9,1,0,0,8,5,5,27
a667db0ac523,10810202902910a8:8008908902828203,win,2,3,3,mate in 2,0,2,1,1,0,0,0,2,28
0434d47c2045,1028901090088098:8000002820313c25,win,2,3,3,mate in 2,0,2,1,1,0,0,0,2,27
9ec713bb6114,40209a200a291:2000004009d590c,win,4,7,7,mate in 4,3,1,1,0,0,0,0,4,26
c467624a8646,10080801d8009085:1d0880089480a,win,2,3,3,mate in 2,0,2,1,1,0,0,1,1,26
b4625bb0b052,10080801da009085:1d08800894a0a,win,2,3,3,mate in 2,0,2,1,1,0,0,1,1,28
5e91b2a147c8,11101911020a9:9000801024a19510,win,2,3,3,mate in 2,1,1,1,0,0,0,0,2,27
31b1eecb2d68,20090080120d9214:3209e0806089,win,2,3,3,mate in 2,1,1,1,0,0,0,0,2,28
37061a5546fa,20440484048805c:48020403057301,win,2,3,3,mate in 2,1,1,1,0,0,0,0,2,27
34f90a69ade3,100010b288b22:8140334d9,win,9,17,25,mate in 13,1,8,0,0,1,7,7,2,26
9636f4dc3037,6900010109b402:68c060416d,win,5,9,9,mate in 5,1,4,1,1,0,2,3,2,27
24c05b4114cc,28c20d30c5:c008c04000e0c228,win,3,5,7,mate in 4,2,1,0,0,1,0,0,3,28
088cbcec23e5,3000888234a05:3028cb0aa,win,3,5,7,mate in 4,1,2,1,1,0,0,0,3,26
16730abe0a8c,b18009c08800a:9000840b00031c05,win,2,3,3,mate in 2,0,2,1,1,0,0,0,2,27
5091c91fa788,12c008c019c06:c02000720062119,win,2,3,3,mate in 2,0,2,1,1,0,0,0,2,28
170f16208965,14490c8050c1:1409008050498c08,win,2,3,3,mate in 2,1,1,1,0,0,0,0,2,27
694b85a1f1c9,1050195018092:9000901200121509,win,2,3,3,mate in 2,1,1,1,0,0,0,0,2,26
40d611bbdec3,10501b5018092:9000901200123509,win,2,3,3,mate in 2,1,1,1,0,0,0,0,2,28
8177a3abe771,2283580a1a8:8800082391e11,win,7,13,31,mate in 16,1,6,1,0,0,5,2,5,28
e97e87076c7f,11a380818083:8081800011221538,win,2,3,3,mate in 2,0,2,1,1,0,0,0,2,27
bbc529ba4a66,11e2802a18208:120000811c081ca1,win,2,3,3,mate in 2,1,1,1,0,0,0,0,2,28
51bab9a861e7,102008619a21c:600240131045501,win,3,5,5,mate in 3,2,1,1,0,0,0,0,3,28
92703267b134,200c60040c1c0b:1400100898618064,win,8,15,15,mate in 8,4,4,1,0,0,3,2,6,28
8d7190611c28,4801810345803:800248208a63c,draw,8,15,37,draw,2,6,0,0,0,6,4,4,27
255ea13e25cb,1008250a9403a:408040098002b981,win,7,13,33,mate in 17,1,6,0,0,0,6,4,3,28
b8a55281dcd4,9009010818440909:9805810990c4,win,2,3,3,mate in 2,1,1,1,0,0,0,0,2,28
c122cc942dd4,2110199811082:10810882000a8949,win,2,3,3,mate in 2,0,2,1,1,0,0,0,2,27
ca0db026fe16,31023a9218:11900890410063,win,2,3,3,mate in 2,1,1,1,0,0,0,0,2,26
031cc5e037d8,104004c406b28:801000594d7,win,3,5,7,mate in 4,1,2,1,1,0,0,0,3,26
0295344a09e7,20900089a0c9004:18009a0500010a09,win,8,15,19,mate in 10,1,7,1,0,0,6,5,3,26
cffe91a899ac,2090008ba0c9004:18009a0500012a09,win,6,11,15,mate in 8,1,5,1,0,0,4,3,3,28
29174a6e76e7,90020b2289a00:1000b20900012039,win,2,3,3,mate in 2,0,2,1,1,0,0,0,2,26
ee57c3ff5021,114891005870:1000802000698789,win,2,3,3,mate in 2,1,1,1,0,0,0,1,1,27
19dc9edf0b41,31280c080c298:80000312131c43,win,7,13,31,mate in 16,1,6,1,0,0,5,4,3,28
bc6328d235bc,1008082280e280c2:2108818083a29,win,2,3,3,mate in 2,1,1,1,0,0,0,0,2,28
6c94fcb24489,b00000b291928:200020b2002a293,win,2,3,3,mate in 2,1,1,1,0,0,0,0,2,28
93336eb8da2c,10090148400a8143:4000d00191417008,win,2,3,3,mate in 2,1,1,1,0,0,0,1,1,28
1bc53c13f976,1088140804802b8:8805b08d43,win,2,3,3,mate in 2,0,2,1,1,0,0,0,2,27
7f8d510cb299,b0180088974:180000b61128b,win,3,5,5,mate in 3,2,1,1,0,0,0,1,2,27
f414734bba55,42004a04105503:5410504b8058,win,5,9,9,mate in 5,4,1,1,0,0,0,1,4,27
0c794652e08e,851021000d840c:1000008494a018a1,win,2,3,3,mate in 2,1,1,1,0,0,0,0,2,26
5f3ef68579b8,28024b000b038:8004000242264287,win,3,5,5,mate in 3,2,1,1,0,0,0,0,3,27
4a798747aa18,190129000b052:900000010413468d,win,3,5,5,mate in 3,2,1,1,0,0,0,0,3,27
4f02b0235e18,40904208000cb21:800080090669044c,win,2,3,3,mate in 2,1,1,1,0,0,0,0,2,27
d96daef44c46,1a0a9e0019020:8088400010a860c9,win,2,3,3,mate in 2,1,1,1,0,0,0,0,2,28
7b66df0baa55,9e0002101b180:a0000189c0884409,win,3,5,5,mate in 3,1,2,1,1,0,0,0,3,27
1cba7cfd01c3,10403801ab408:1000901074014013,win,2,3,3,mate in 2,1,1,1,0,0,0,0,2,26
6b6ca154e48b,10080c0902c08688:112409c091841,win,3,5,5,mate in 3,1,2,1,1,0,0,0,3,28
934755b59857,10008041d0d38:804118b009245,win,2,3,3,mate in 2,0,2,1,1,0,0,1,1,27
f3f0ab0bebd3,c120112090321:201000c0064385c,win,3,5,5,mate in 3,2,1,1,0,0,0,0,3,27
017547e82d2a,809002888098234:81112305949,win,11,21,31,mate in 16,3,8,1,0,0,7,6,5,28
f79f12b1f05a,203400102d8411:10021a410702c,win,2,3,3,mate in 2,1,1,1,0,0,0,0,2,26
3ad4e014c6de,8c10808494b:801000094c1b484,win,2,3,3,mate in 2,1,1,1,0,0,0,0,2,27
10d57ae2c4cd,1028042004610452:400100912083229,win,2,3,3,mate in 2,1,1,1,0,0,0,0,2,26
7f41a4197606,1028042004710452:400100912083a29,win,2,3,3,mate in 2,1,1,1,0,0,0,0,2,28
cd1820eb0e91,280800ca09c28:8408040a800b0083,win,2,3,3,mate in 2,0,2,1,1,0,0,0,2,26
8449a438e3ad,104000a0246824d:49014511091102,win,2,3,3,mate in 2,0,2,1,1,0,0,0,2,28
48dec1bf20dc,20800481081b089:920182484a50,win,2,3,3,mate in 2,1,1,1,0,0,0,0,2,26
0d0ed185fdd2,18a10c1110b0:1001040090e08c49,win,2,3,3,mate in 2,1,1,1,0,0,0,0,2,27
c01bf294a26e,18020b0068164:a00020050029300b,win,2,3,3,mate in 2,1,1,1,0,0,0,0,2,26
e4dba841f01d,18020b0868164:a00020050029308b,win,2,3,3,mate in 2,1,1,1,0,0,0,0,2,28
63ac6de8ab2d,1004900c4b843:483002300b408c,win,3,5,5,mate in 3,2,1,1,0,0,0,0,3,28
c5c0a03c6076,1144804809c1a:4480091105900c1,win,5,9,11,mate in 6,1,4,1,1,0,2,3,2,28
cd2e23f23f1f,508004194007051:1150801598508,win,2,3,3,mate in 2,1,1,1,0,0,0,0,2,28
e3d237c142a2,100c30022803d001:80cd00c2c0e,win,2,3,3,mate in 2,1,1,1,0,0,0,0,2,28
35f2b4ba0e08,109000b0c023488:8000d0021898903,win,2,3,3,mate in 2,0,2,1,1,0,0,0,2,28
10ea139cf078,128004408b5c8:80008001b8414a05,win,5,9,9,mate in 5,1,4,1,0,0,3,4,1,28
e1cf8a1584ac,c0110148c001c04:8c011015c059,win,2,3,3,mate in 2,1,1,1,0,0,0,1,1,27
b7b859d60840,28321002128a5:2100028302d702,win,2,3,3,mate in 2,1,1,1,0,0,0,0,2,28
6d240aa1e94d,1046001e0d442:401001140321ad,win,3,5,7,mate in 4,1,2,1,1,0,0,0,3,28
9df1596ca645,10000d490c948:c491000114b1,win,2,3,3,mate in 2,0,2,1,1,0,0,1,1,26
71beb2df89a5,100900009001e063:902940281698,win,4,7,7,mate in 4,1,3,1,0,0,2,2,2,27
3fc46f69c1af,c943c1826:900494000001c459,win,2,3,3,mate in 2,1,1,1,0,0,0,0,2,28
9102be809cf4,210981010209900a:90003008b1002305,win,3,5,5,mate in 3,2,1,1,0,0,0,0,3,28
750b23df168c,20000c1453618:80432402c147,win,3,5,5,mate in 3,2,1,1,0,0,0,0,3,27
ad69b2d9b4c1,1009c04a80411808:80001801580ac043,win,2,3,3,mate in 2,1,1,1,0,0,0,0,2,28
65d83e61d04b,1008109090118291:80118209028a100a,win,3,5,5,mate in 3,1,2,1,1,0,0,0,3,28
0d8e80abac41,910002e00a41d:1000080910091ae2,win,3,5,5,mate in 3,2,1,1,0,0,0,1,2,28
24f52eaf8645,21108811880928:1008012188219083,win,2,3,3,mate in 2,1,1,1,0,0,0,1,1,27
0c57b2366c9b,193009b08a:8008800080924915,win,2,3,3,mate in 2,1,1,1,0,0,0,1,1,26
51770685322d,a00281064e10a:1106010b1465,win,3,5,7,mate in 4,1,2,1,1,0,0,0,3,28
c952091d2ef9,108214000503087:1001921098158,win,2,3,3,mate in 2,0,2,1,1,0,0,0,2,26
972ff1461b7d,21800823007049:108212180298320,win,2,3,3,mate in 2,1,1,1,0,0,0,0,2,27
d81c34283adc,1009c00a80411808:80001001580ac043,win,2,3,3,mate in 2,1,1,1,0,0,0,0,2,26
222f168610cd,28900190289084:900000a803810329,win,4,7,7,mate in 4,3,1,1,0,0,0,0,4,27
61896b802c6b,50098000d4058104:80005009000a541b,win,2,3,3,mate in 2,1,1,1,0,0,0,0,2,28
3d0d0d84db0b,134255c34:40004424c000a0cb,win,3,5,5,mate in 3,2,1,1,0,0,0,1,2,28
c45648d8d1d1,91000ca089c02:100040091007420d,win,2,3,3,mate in 2,1,1,1,0,0,0,0,2,26
22f38e38f99d,1101580551018:80108048108888c5,win,2,3,3,mate in 2,0,2,1,1,0,0,0,2,27
c644a3d004f2,18091008c724:100800004813185b,win,3,5,5,mate in 3,2,1,1,0,0,0,1,2,27
fcc1a625ed41,9088010a94881:8000294c00942e,win,2,3,3,mate in 2,0,2,1,1,0,0,0,2,27
df284606a29a,89840a88101809:81148b8592,win,3,5,5,mate in 3,2,1,1,0,0,0,1,2,28
1cd5ef4b0155,1904090503c88:10400401040d8155,win,3,5,9,mate in 5,1,2,0,0,0,2,1,2,28
3397c755a164,412801422111a2:4038c0ea49,win,3,5,7,mate in 4,1,2,1,1,0,0,0,3,28
a49e0b364d8f,4140840089d802:40000049504420cd,win,2,3,3,mate in 2,1,1,1,0,0,0,0,2,27
fabf0c491dca,11a178a6:4101e0028709,win,3,5,5,mate in 3,1,2,1,1,0,0,0,3,26
f266350bfab4,100008588651e:8083400790e1,win,2,3,3,mate in 2,0,2,1,1,0,0,0,2,28
83ce4f5ab257,90003005489618:c808b009e5,win,9,17,21,mate in 11,2,7,1,1,0,5,5,4,28
89909e00c7d8,90003004489618:c808b008e5,win,10,19,21,mate in 11,1,9,1,1,0,7,8,2,26
2cd4c52738cc,10081000850bc013:10841950103508,win,2,3,3,mate in 2,1,1,1,0,0,0,0,2,28
e43e3f01db14,a800005a054a05:40a800a8b0aa,win,3,5,7,mate in 4,1,2,1,1,0,0,0,3,28
939ad7fd2950,1820884661604:800800070209806b,win,2,3,3,mate in 2,1,1,1,0,0,0,0,2,28
3c65b7fc9b08,1064094c88210:2001009020115c9,win,2,3,3,mate in 2,1,1,1,0,0,0,0,2,26
15c64e468c50,20880019003209c:9001120802889203,win,5,9,9,mate in 5,4,1,1,0,0,0,2,3,27
766ebb8c7cca,990008c08814a:90000c0910011c11,win,2,3,3,mate in 2,0,2,1,1,0,0,0,2,26
ba63424eeeaf,990008c0c814a:90000c0910011c15,win,2,3,3,mate in 2,0,2,1,1,0,0,0,2,28
f37efa1bba24,30004121d4a09:10030822b436,win,6,11,15,mate in 8,1,5,1,1,0,3,2,4,28
f320738bf5b3,1081100108891448:880d020cab1,win,8,15,29,mate in 15,1,7,0,0,0,7,5,3,27
62d2e16ace7e,102211a204a49:120010002041b5b0,win,2,3,3,mate in 2,1,1,1,0,0,0,0,2,28
4da5fbd336ce,1008000198308a11:80219028000910a8,win,2,3,3,mate in 2,1,1,1,0,0,0,1,1,26
0dcd85bbbf2f,100800019a308a11:80219028000930a8,win,2,3,3,mate in 2,1,1,1,0,0,0,1,1,28
a6b483fcc061,108102423141a:20239810a821,win,2,3,3,mate in 2,1,1,1,0,0,0,0,2,26
e10d0c6993aa,180800005498b48:d8088905491,win,5,9,11,mate in 6,1,4,1,0,0,3,3,2,28
1fa9bc047b7d,1180818489068:1008000102a12a87,win,2,3,3,mate in 2,1,1,1,0,0,0,0,2,27
0d152d98f2da,100950005825c:4820092907181,win,7,13,29,mate in 15,0,7,1,1,0,5,4,3,27
daf14257d40e,142044015080548:400010280439293,win,12,23,31,mate in 16,1,11,1,0,0,10,7,5,27
70abc3f6f0ab,108830080122341:3000b2309801a,win,2,3,3,mate in 2,0,2,1,1,0,0,0,2,27
a275b231aafa,24040c0488349:41000313035082,win,2,3,3,mate in 2,0,2,1,1,0,0,0,2,26
f20efe92752c,212201068c244:68207342b,win,2,3,3,mate in 2,1,1,1,0,0,0,0,2,27
967f432a3873,100812040301d211:2000009100e254e,win,2,3,3,mate in 2,1,1,1,0,0,0,0,2,28
f310c5dddd4b,1020042482a8d:20000053007d042,win,2,3,3,mate in 2,1,1,1,0,0,0,0,2,26
cf1ba86dd645,1900980a18146:80080080310832a9,win,2,3,3,mate in 2,0,2,1,1,0,0,0,2,28
0230d56e5d99,9024090609468:1040100903090383,win,3,5,5,mate in 3,1,2,1,1,0,0,0,3,28
60a6bf434713,190080a411c48:90080801d008c211,win,2,3,3,mate in 2,1,1,1,0,0,0,0,2,27
3985446e3a91,1029800083090221:200132910209148,win,6,11,11,mate in 6,1,5,1,1,0,3,2,4,27
5ca574f466c4,108520002044805e:908590813181,win,3,5,5,mate in 3,2,1,1,0,0,0,0,3,28
2b763097c4c8,19080500240d3:3a2a1b228,win,2,3,3,mate in 2,1,1,1,0,0,0,0,2,27
670fc9e43bbb,2090e0004108b01:91a0b149a,win,2,3,3,mate in 2,0,2,1,1,0,0,0,2,27
77df0c12616f,1828200d0007a04:1822382818b,win,2,3,3,mate in 2,1,1,1,0,0,0,0,2,28
9ba2db5ddedc,2001010588395:5000424206544a,win,4,7,7,mate in 4,3,1,1,0,0,0,0,4,27
ee3c8b97d5c1,1809004d340c:9004498108951,win,8,15,29,mate in 15,2,6,1,0,0,5,6,2,27
ec278c97437e,898004020d500c:40289c0808381,win,2,3,3,mate in 2,1,1,1,0,0,0,0,2,26
205c4e61d841,284000828c1688:2284421c065,win,3,5,5,mate in 3,1,2,1,1,0,0,0,3,26
b3bd7035d511,2004902405a2a:80002408ba4d1,win,3,5,5,mate in 3,1,2,1,1,0,0,0,3,27
1e21d8e2f830,94000d408e900:4000050921111419,win,3,5,5,mate in 3,1,2,1,1,0,0,1,2,27
c38a36f9c4f1,9024191011282:800081080248814d,win,2,3,3,mate in 2,1,1,1,0,0,0,0,2,26
cdebb3004d13,29020b481a021:808020820022158e,win,2,3,3,mate in 2,1,1,1,0,0,0,0,2,28
f1e2fa8e9c07,b00629962:800380208009009d,win,2,3,3,mate in 2,0,2,1,1,0,0,0,2,26
2a7498daaf52,90004904c5019:405941118144,win,2,3,3,mate in 2,1,1,1,0,0,0,0,2,26
6cdcf7b0f15b,90004906c5019:405941118164,win,2,3,3,mate in 2,1,1,1,0,0,0,0,2,28
4c9fa20e579b,38187308a:808b808810088105,win,2,3,3,mate in 2,1,1,1,0,0,0,0,2,27
32fc20a7d6c5,91048002890d4:1040000190514829,win,2,3,3,mate in 2,0,2,1,1,0,0,1,1,26
cda438372496,91048002c90d4:1040002190514829,win,2,3,3,mate in 2,0,2,1,1,0,0,1,1,28
de04239da2fa,10000c9407852:8000c10130018189,win,3,5,5,mate in 3,2,1,1,0,0,0,1,2,26
6a393c673a1e,201528910a0003:9008800204209538,win,3,5,5,mate in 3,2,1,1,0,0,0,0,3,27
515115b149b2,1100130129494:100004008509690b,win,2,3,3,mate in 2,1,1,1,0,0,0,0,2,27
2dde73711f86,9009002080385401:20940914018038,win,2,3,3,mate in 2,1,1,1,0,0,0,0,2,26
d741328d63b1,1028046c10b4:102004045080cc49,win,5,9,11,mate in 6,1,4,1,1,0,2,1,4,27
5303ecd22389,24190a082219:90a00a4119d00,win,2,3,3,mate in 2,1,1,1,0,0,0,0,2,27
f9e7e34db512,49001080390391:3000690040906e,win,2,3,3,mate in 2,1,1,1,0,0,0,0,2,28
ab248939286d,10025901e8032:1020101a0021190d,win,2,3,3,mate in 2,1,1,1,0,0,0,0,2,28
4d075f141259,9180380122019:801818099942,win,4,7,9,mate in 5,2,2,1,1,0,0,0,4,26
f9835d9515d3,10090002448a4481:54891001b00a,win,2,3,3,mate in 2,1,1,1,0,0,0,0,2,26
884d122c0989,16081c0802289:8082083609d400,win,2,3,3,mate in 2,1,1,1,0,0,0,0,2,27
2e24f4a3d367,11200b2a8c200:2802081400130a9,win,2,3,3,mate in 2,1,1,1,0,0,0,0,2,26
37c66c1a5c01,90021d0711120:4020c0180108c059,win,2,3,3,mate in 2,1,1,1,0,0,0,0,2,28
a92b09d6e46d,144954005482:140800000049a06d,win,2,3,3,mate in 2,1,1,1,0,0,0,0,2,26
0ceccaf18b6d,30c5004509418:4100003880b4843,win,3,5,9,mate in 5,0,3,0,0,0,3,1,2,28
ccc986ffddbf,110900080084d085:118591092308,win,2,3,3,mate in 2,1,1,1,0,0,0,0,2,27
a2a174bc12f0,19c2084200870:9020000118019589,win,7,13,29,mate in 15,1,6,1,1,0,4,2,5,27
cb80b6c355ac,28541cc01b:9140380231424,win,4,7,9,mate in 5,0,4,1,0,0,3,3,1,28
a3d455ebc63d,104c814498064:1440100500841c89,win,2,3,3,mate in 2,1,1,1,0,0,0,0,2,28
bf53f4f344ea,18911018181a:181100008881c285,win,2,3,3,mate in 2,1,1,1,0,0,0,0,2,27
fb2e4bea0c89,21912300098118:81080008912210a3,win,3,5,7,mate in 4,1,2,1,1,0,0,0,3,28
0838210e7d83,618950c940:40090014291439,win,2,3,3,mate in 2,1,1,1,0,0,0,1,1,27
2422b0e38ce6,900b100094018091:848b008a340a,win,2,3,3,mate in 2,1,1,1,0,0,0,1,1,28
830473761152,1009904808033009:88002801b0488842,win,4,7,7,mate in 4,2,2,1,1,0,0,0,4,28
2b7aff6e05d1,1144890580089:8008801104019c50,win,2,3,3,mate in 2,1,1,1,0,0,0,0,2,26
704a61e7a90a,209020006129512:19900d4a0d,win,2,3,3,mate in 2,1,1,1,0,0,0,0,2,28
970b17fcf0f9,20c000c6981c8:10281921c33,win,7,13,15,mate in 8,1,6,1,1,0,4,4,3,28
ed4bc9ef8055,10008c0b69011:4023000941ae,win,3,5,5,mate in 3,2,1,1,0,0,0,0,3,26
9e672639e653,1081140284021c01:40008811889a08a,win,2,3,3,mate in 2,1,1,1,0,0,0,0,2,27
9645c507f569,20001e1804c019:20820403a1826,win,2,3,3,mate in 2,0,2,1,1,0,0,0,2,26
1ced606a6068,20101e1804c019:a0820403a1826,win,2,3,3,mate in 2,0,2,1,1,0,0,0,2,28
e2163be94b00,3890b10011108:90081000890a8843,win,2,3,3,mate in 2,0,2,1,1,0,0,0,2,27
0cda45af9014,92c008409d900:8000c00968002619,win,2,3,3,mate in 2,1,1,1,0,0,0,0,2,28
6c4b58b2328b,105018226061c:800280024501c123,win,3,5,5,mate in 3,2,1,1,0,0,0,1,2,28
fdb7e2c13b6b,1800109204928e:2000208089b0871,win,8,15,33,mate in 17,0,8,1,0,0,7,6,2,28
07fdcff0e623,18004308ca089:1004100980015906,win,2,3,3,mate in 2,1,1,1,0,0,0,0,2,26
e34a8c5576e6,18104308ca089:1004100981015906,win,2,3,3,mate in 2,1,1,1,0,0,0,0,2,28
bacf4c4996a8,10080020042b8506:100a91047829,win,3,5,5,mate in 3,1,2,1,1,0,0,1,2,27
0e75e0e3b7d0,8580000885190c:1008188d90088081,win,2,3,3,mate in 2,1,1,1,0,0,0,0,2,27
39d36e1714d6,1c4240424182c:10241001d001c403,win,2,3,3,mate in 2,0,2,1,1,0,0,1,1,28
b33129eed4c9,1049001090982049:8000b04920419090,win,8,15,27,mate in 14,0,8,1,0,0,7,5,3,28
dc56d7165e40,1028016008451019:10081138a964,win,2,3,3,mate in 2,1,1,1,0,0,0,0,2,28
cb4bcca8f299,8a91001002c141:9000008a8188128a,win,2,3,3,mate in 2,1,1,1,0,0,0,0,2,27
83a108e3cce2,2880418a8c814:88040022800610ab,win,2,3,3,mate in 2,1,1,1,0,0,0,0,2,28
8a005560b84b,100e200209392:c0000103c30069,win,2,3,3,mate in 2,1,1,1,0,0,0,0,2,26
3d7e942fdb47,12040b200821b:1000900900493844,win,3,5,5,mate in 3,2,1,1,0,0,0,0,3,26
1bcd9afbf4b4,1620b501e:120032009014a201,win,2,3,3,mate in 2,1,1,1,0,0,0,1,1,26
cf6b230003ee,10001620b501e:320032009014a201,win,2,3,3,mate in 2,1,1,1,0,0,0,1,1,28
3a86f5775fba,900900028030843a:9009340b3201,win,3,5,9,mate in 5,1,2,1,1,0,0,0,3,28
8c1db64c6939,28204021618540:2140012900083029,win,2,3,3,mate in 2,1,1,1,0,0,0,0,2,26
59e308b24bff,20030811481c48:108006006308331,win,10,19,19,mate in 10,2,8,1,0,0,7,8,2,27
460793eb705a,105954108418:180400804b7043,win,3,5,9,mate in 5,1,2,1,1,0,0,0,3,27
8afdcdcf7264,104805198568:8049801190403011,win,2,3,3,mate in 2,0,2,1,1,0,0,0,2,28
529ce80fefe0,141810011418058:1008105980183101,win,2,3,3,mate in 2,1,1,1,0,0,0,0,2,27
d67d981329b5,412101188a309:80208422155094,win,2,3,3,mate in 2,1,1,1,0,0,0,1,1,28
53754d1acb27,9240084403c42:40080093809800d,win,3,5,5,mate in 3,2,1,1,0,0,0,0,3,26
1030949d96a8,1028190181088405:281c2159a8,win,2,3,3,mate in 2,1,1,1,0,0,0,0,2,28
c127aefa0fff,7000410e8802a:10001003000718c5,win,3,5,5,mate in 3,2,1,1,0,0,0,0,3,26
a737da5e6c73,208411002184348:41000248c1419011,win,2,3,3,mate in 2,1,1,1,0,0,0,0,2,27
6e4e6fddd029,e8104062c9:404200e2a89120,win,2,3,3,mate in 2,1,1,1,0,0,0,0,2,27
02fb6ee495b5,91008044d9042:800084039002048d,win,2,3,3,mate in 2,0,2,1,1,0,0,0,2,26
50d2149eaedd,10080040046a25c1:401508b100902a,win,5,9,9,mate in 5,1,4,1,1,0,2,3,2,28
2f42f868766a,1188590a301:810884800008149c,win,2,3,3,mate in 2,1,1,1,0,0,0,0,2,26
1aaa3f58c32c,99a0210088a01:880200098a03300a,win,2,3,3,mate in 2,1,1,1,0,0,0,0,2,27
fc3bec87f259,19002b00a9006:90020009004126c9,win,6,11,13,mate in 7,0,6,1,1,0,4,3,3,27
4953a2c5a67f,1820192288604:82080008040130ab,win,2,3,3,mate in 2,1,1,1,0,0,0,0,2,26
2c8ed6d8f1bd,18201922c8604:82081008040130ab,win,2,3,3,mate in 2,1,1,1,0,0,0,0,2,28
f5dce53d1fbd,1009008894018182:150101887409,win,2,3,3,mate in 2,1,1,1,0,0,0,0,2,26
083309f67e4b,1009008a94018182:1501018a7409,win,2,3,3,mate in 2,1,1,1,0,0,0,0,2,28
366101b45a9d,90600160918a0:100018090820c609,win,2,3,3,mate in 2,1,1,1,0,0,0,0,2,26
a12e1d79c1f7,90620160918a0:140018090820c609,win,2,3,3,mate in 2,1,1,1,0,0,0,0,2,28
8bdd01e621dd,10090400260ca224:400120990011c0b,win,4,7,7,mate in 4,3,1,1,0,0,0,0,4,28
7110a9d90375,189208055094:10000004d09a880b,win,2,3,3,mate in 2,1,1,1,0,0,0,1,1,27
d6729adbe70f,1800110d50278:1004128482209085,win,6,11,17,mate in 9,1,5,0,0,1,4,3,3,28
82e028c560cc,140b00008209900a:940b14024601,win,4,7,7,mate in 4,1,3,1,1,0,1,0,4,26
ad4ce5610034,6303211033:610000105a8348,win,2,3,3,mate in 2,1,1,1,0,0,0,0,2,26
2df64a464934,801800088111718:82000e014600c841,win,2,3,3,mate in 2,1,1,1,0,0,0,0,2,27
7492d3b0c51f,94000d8408155:40004901195a0a,win,3,5,5,mate in 3,2,1,1,0,0,0,0,3,28
badf9301c745,1009b00c10092201:a0000201a204911c,win,3,5,7,mate in 4,1,2,1,1,0,0,0,3,28
2b41b1b44ce2,1009002a800050b8:9001503b8043,win,3,5,9,mate in 5,0,3,1,1,0,1,2,1,27
aa222b76593a,110822090d109:a001d00b2092,win,2,3,3,mate in 2,1,1,1,0,0,0,1,1,26
17f2526f583b,150822090d109:8000a001d00b2092,win,2,3,3,mate in 2,1,1,1,0,0,0,1,1,28
b1dc0695eac8,100058232825c:4004a104d1123,win,2,3,3,mate in 2,1,1,1,0,0,0,0,2,28
d4adb1a1eb75,1009100009449852:1499409050d,win,8,15,15,mate in 8,1,7,1,1,0,5,6,2,28
164aea40b57c,88104008242c40e:8c10c810bc1,win,2,3,3,mate in 2,1,1,1,0,0,0,0,2,28
f5921df94eb6,3002080189174:2001030127008b,win,2,3,3,mate in 2,0,2,1,1,0,0,0,2,26
24136f7ab078,21096041b048:2000004093884383,win,3,5,5,mate in 3,1,2,1,1,0,0,0,3,27
a69e67ebf9b5,188000c4417401:9000105810188058,win,2,3,3,mate in 2,1,1,1,0,0,0,0,2,26
dbef274f2f16,900577205:100912003208805a,win,2,3,3,mate in 2,1,1,1,0,0,0,0,2,27
1143807213ea,1009000114039406:100e800c0b89,win,4,7,7,mate in 4,2,2,1,1,0,0,1,3,26
01f430644109,9000291249074:1000900d000b018b,win,2,3,3,mate in 2,0,2,1,1,0,0,0,2,28
bfaefa501e92,10000a00152b7:270066a948,win,3,5,5,mate in 3,1,2,1,1,0,0,1,2,27
b9c105c6bb65,2004088409448e:40800202062b861,win,4,7,7,mate in 4,2,2,1,1,0,0,1,3,27
5c7e1f8798ba,8010a0840290a30:20840210a105509,win,9,17,31,mate in 16,2,7,0,0,1,6,5,4,27
94965c074537,a2142214129:2100088d089e00,win,6,11,11,mate in 6,2,4,1,0,0,3,2,4,26
0dd866bd50ce,1800006010ac303:201808885188c,win,3,5,5,mate in 3,2,1,1,0,0,0,0,3,26
16294a424d08,301820c082d8:1008008018193823,win,3,5,7,mate in 4,1,2,1,1,0,0,0,3,27
39db167cbb24,20181c080a801b:18080020103518a4,win,3,5,9,mate in 5,1,2,1,1,0,0,0,3,28
aa9b1bd7c0a9,110109048701c:90008041001780c3,win,7,13,29,mate in 15,2,5,1,0,0,4,4,3,27
d52b0daa5d6b,1009068104418604:4009008928810c9,win,2,3,3,mate in 2,1,1,1,0,0,0,0,2,28
f849d60063e2,4091020a801b020:c0954284c09,win,3,5,5,mate in 3,1,2,1,1,0,0,0,3,27
904602db558f,180398028d082:8000000218132879,win,2,3,3,mate in 2,1,1,1,0,0,0,0,2,28
7e814e980300,2105694e08:200248e200a161,win,2,3,3,mate in 2,1,1,1,0,0,0,0,2,27
a3a40d6c8234,980207001d007:a000200980282aa8,win,2,3,3,mate in 2,0,2,1,1,0,0,0,2,28
cad46c49ea0a,104c080981438:90009001144180c1,win,7,13,31,mate in 16,0,7,0,0,0,7,5,2,26
735c493bf256,d20018818d011:800c6007290e,win,2,3,3,mate in 2,1,1,1,0,0,0,1,1,28
d45645d93e3b,2492a48e18:100018091811a7,win,3,5,7,mate in 4,1,2,1,1,0,0,0,3,28
5e52a4239c8c,28004093212063:4081280048d30c,win,2,3,3,mate in 2,1,1,1,0,0,0,0,2,28
61cfdb18698a,100c1401a51b:80088000c00e50e4,win,2,3,3,mate in 2,1,1,1,0,0,0,0,2,28
552a9ed9a9f5,1082002398349:80219190058b0,win,2,3,3,mate in 2,1,1,1,0,0,0,1,1,28
a8c660d0bc19,281000944216c1:100000280229e03a,win,7,13,13,mate in 7,1,6,1,1,0,4,3,4,28
005cdd5e7915,380809804882c1:3008b1383a,win,2,3,3,mate in 2,0,2,1,1,0,0,1,1,28
0d49fee5e408,1008803948598:8800019c091a05,win,7,13,23,mate in 12,1,6,1,1,0,4,5,2,28
59ba6371a46e,23000011e490a4:1a70003214b,win,2,3,3,mate in 2,0,2,1,1,0,0,0,2,28
85d7cb2852d9,49004094c11482:900090090808884d,win,2,3,3,mate in 2,1,1,1,0,0,0,0,2,28
97191d3ff38d,100908c090298048:8000900908c018a3,win,3,5,5,mate in 3,2,1,1,0,0,0,0,3,28
f6ffea4e3a83,1800008590d0d:8000085192009252,win,2,3,3,mate in 2,0,2,1,1,0,0,0,2,27
993accd9988a,950012940b011:10002108500949c8,win,2,3,3,mate in 2,1,1,1,0,0,0,0,2,28
843ddcad6717,1820002a0a8a81:8a1a8010301a,win,2,3,3,mate in 2,0,2,1,1,0,0,0,2,26
a10aee2b1b11,22008a8080141e:80089020103a80a1,win,2,3,3,mate in 2,1,1,1,0,0,0,0,2,27
e5f58ed06564,8190428041980c:80000081188606c3,win,2,3,3,mate in 2,1,1,1,0,0,0,0,2,28
fcde64805e5a,c1431c865:d030c00c1618,win,4,7,9,mate in 5,0,4,1,1,0,2,1,3,28
f1e2625162c3,198004a065821:80000059009a30e,win,2,3,3,mate in 2,1,1,1,0,0,0,0,2,28
dd9fdb034a3d,9906050017060:90600009a0688009,win,3,5,5,mate in 3,1,2,1,1,0,0,0,3,28
bbfaea5f793d,2080189088c098:800810200a311a21,win,2,3,3,mate in 2,1,1,1,0,0,0,0,2,27
82883330b048,9104084519280:820912880459,win,2,3,3,mate in 2,1,1,1,0,0,0,0,2,26
cefebb7aa788,9144084519280:820912880c59,win,2,3,3,mate in 2,1,1,1,0,0,0,0,2,28
2ffa71321429,5009e008d005:d000800010952898,win,2,3,3,mate in 2,1,1,1,0,0,0,1,1,27
73570f1279b3,419000b0083144:100020450047801b,win,2,3,3,mate in 2,0,2,1,1,0,0,0,2,27
4184976396e3,1160106809902:800880098090689,win,2,3,3,mate in 2,1,1,1,0,0,0,0,2,26
1f5322834c03,10420d0061836:8000c0050429c409,win,2,3,3,mate in 2,1,1,1,0,0,0,0,2,28
54d2cf1a0afc,9020409811291:909820c890c,win,2,3,3,mate in 2,1,1,1,0,0,0,0,2,26
09717e49a1fa,2010099021420d:90020601ab032,win,2,3,3,mate in 2,0,2,1,1,0,0,0,2,27
0db60dab5009,1009c0108401c841:8000104950581418,win,2,3,3,mate in 2,0,2,1,1,0,0,0,2,28
43c483568f37,20149a852a:1008101881211091,win,2,3,3,mate in 2,0,2,1,1,0,0,0,2,26
c121d2d47d7d,10000884218ed:90091209a212,win,2,3,3,mate in 2,1,1,1,0,0,0,0,2,26
a9ec1cc614f3,10020884218ed:90091229a212,win,2,3,3,mate in 2,1,1,1,0,0,0,0,2,28
e1e3054fced8,1282a21829028:8000800188292983,win,2,3,3,mate in 2,1,1,1,0,0,0,1,1,28
bdea2fbf7ee5,102025868602a:2400122039ac1,win,2,3,3,mate in 2,1,1,1,0,0,0,0,2,28
55408ae62b01,2c40202085419:80080008c5038382,win,3,5,5,mate in 3,2,1,1,0,0,0,0,3,27
7a7e07d8ccf6,10090004410cc14a:8000910990413005,win,2,3,3,mate in 2,1,1,1,0,0,0,1,1,28
a6b9782004da,110080148923d:8034112016542,win,5,9,17,mate in 9,0,5,0,0,1,4,2,3,28
605aa03e2e03,148004c224788:480000298009a823,win,2,3,3,mate in 2,1,1,1,0,0,0,0,2,28
04beea56f22b,11099c001580c:1008480018988093,win,2,3,3,mate in 2,1,1,1,0,0,0,1,1,28
7f7cdabe72cd,41901990001054:10180040005dc209,win,2,3,3,mate in 2,1,1,1,0,0,0,1,1,27
ab2b6f6164db,a01010388d288:800a88032963,win,2,3,3,mate in 2,1,1,1,0,0,0,0,2,28
a04577aac561,12080208b1898:108010039810a003,win,2,3,3,mate in 2,1,1,1,0,0,0,0,2,26
40592e39f607,1008040530002e09:13008060d9184,win,2,3,3,mate in 2,0,2,1,1,0,0,0,2,27
85fba1d0bb1b,910000580d493:50910092b2c,win,3,5,5,mate in 3,2,1,1,0,0,0,1,2,28
6ba52b0fc270,900091808a8218:88208121130a3,win,3,5,9,mate in 5,0,3,0,0,0,3,2,1,27
573b35fc3965,902080e0a01c5:80701059e0a,win,2,3,3,mate in 2,1,1,1,0,0,0,0,2,28
56fda3ee8570,39008140a8608:8608060382011003,win,2,3,3,mate in 2,1,1,1,0,0,0,0,2,27
8195908f7ff1,c3040100bd003:3000400ce044204c,win,2,3,3,mate in 2,0,2,1,1,0,0,0,2,28
6a7d2ae25992,64314840bc:100110840b4b140,win,2,3,3,mate in 2,1,1,1,0,0,0,0,2,28
1b5cc3c5b03e,100498002b047:90009000304d4018,win,2,3,3,mate in 2,0,2,1,1,0,0,0,2,26
9862e65c4598,18491aa8141:1201062004410ae,win,3,5,7,mate in 4,1,2,1,1,0,0,0,3,28
081ead8e98f2,100950408420b041:40002950494528,win,2,3,3,mate in 2,1,1,1,0,0,0,1,1,28
0b4d9af8a108,202021c064d28:14240221b207,win,11,21,35,mate in 18,1,10,1,0,0,9,4,7,28
b95aa1d8126a,1008002182288611:1408144130e8,win,2,3,3,mate in 2,1,1,1,0,0,0,0,2,26
b87ff4431dd3,10280030082b2009:18083010d832,win,3,5,7,mate in 4,1,2,1,1,0,0,0,3,26
3b45b4063aa1,a114101455021:1000e100a854e,win,2,3,3,mate in 2,1,1,1,0,0,0,0,2,28
86c6aedaadaf,9009001200839018:908990184083,win,7,13,27,mate in 14,2,5,1,0,0,4,4,3,26
251fe7a8a516,401005408e863:40050127170c,win,2,3,3,mate in 2,1,1,1,0,0,0,0,2,28
296b8409bbdc,1009020814019602:800094018a0a0849,win,2,3,3,mate in 2,1,1,1,0,0,0,0,2,27
86603e518249,104860007109101:104980d0e1c,win,10,19,31,mate in 16,1,9,0,0,1,8,6,4,27
868bd1a68224,930d62942:100030c00009909d,win,5,9,13,mate in 7,3,2,1,1,0,0,1,4,28
53a9b4a122be,9101138083408:10002c0804118891,win,4,7,9,mate in 5,2,2,1,1,0,0,1,3,26
3d0836e77b41,809101138083408:30002c0804118891,win,4,7,9,mate in 5,2,2,1,1,0,0,1,3,28
709f3b9b0ce5,184c080491168:40002105b08691,win,5,9,9,mate in 5,1,4,1,1,0,2,3,2,28
ef35e0973195,140910801209822:902000609048014d,win,2,3,3,mate in 2,1,1,1,0,0,0,0,2,27
977d7c415a94,100a0001120d3504:100e2102823b,win,2,3,3,mate in 2,1,1,1,0,0,0,0,2,28
ef05af008e1b,12800b9208c09:28088109000931a0,win,7,13,29,mate in 15,1,6,1,0,0,5,4,3,28
7029e275d125,10831185921:10008314821a098,win,5,9,11,mate in 6,3,2,1,1,0,0,0,5,27
5abb0c849858,9189810a218:18000005881d87,win,2,3,3,mate in 2,1,1,1,0,0,0,0,2,27
99298c6b3931,10201d4091458:100050480340c303,win,2,3,3,mate in 2,1,1,1,0,0,0,0,2,28
cf6d01139b43,9010122a86901:206028490182a8,win,2,3,3,mate in 2,1,1,1,0,0,0,1,1,28
e529019c4181,10180800100b1883:101a08908178,win,4,7,7,mate in 4,2,2,1,1,0,0,1,3,26
ef4f2e87568f,10190800100b1883:101b08908178,win,4,7,7,mate in 4,2,2,1,1,0,0,1,3,28
29320a9c38ec,200085c405ca1:402380ab804a,win,2,3,3,mate in 2,1,1,1,0,0,0,0,2,28
17a415f453a6,108998091092:108980000090c90d,win,3,5,5,mate in 3,2,1,1,0,0,0,1,2,27
237d21615b68,980881380904a:90001001800b4391,win,2,3,3,mate in 2,0,2,1,1,0,0,0,2,28
fab92e7ee1f4,182201805900e:1020100782220a21,win,3,5,5,mate in 3,2,1,1,0,0,0,0,3,27
37c0303ec0c8,2004a194409026:8401800000a344c9,win,2,3,3,mate in 2,1,1,1,0,0,0,0,2,28
c155c181281a,900b0000c081d001:908b100a208a,win,6,11,11,mate in 6,5,1,1,0,0,0,0,6,26
a3922bd13dc2,900b0000c081d201:908b100a20aa,win,5,9,9,mate in 5,4,1,1,0,0,0,0,5,28
90902c4ac82d,b00080414852c:13110b1093,win,2,3,3,mate in 2,1,1,1,0,0,0,0,2,26
2f825ee44766,5009c0218080c041:80001088502930a8,win,3,5,7,mate in 4,1,2,1,1,0,0,0,3,28
2598ca41a5b3,2090a010098849:9000004188e210a2,win,2,3,3,mate in 2,1,1,1,0,0,0,0,2,27
1b1005adfff3,210a2009609288:810182090967,win,3,5,7,mate in 4,2,1,0,0,1,0,1,2,28
72f3e38a08ae,c0202102db802:100d2202423d,win,2,3,3,mate in 2,1,1,1,0,0,0,0,2,28
4550642e84ab,2092a122b4:2010000102d94b,win,4,7,7,mate in 4,2,2,1,1,0,0,0,4,26
7d10eda7c541,1040890092c45:100898012c04d008,win,3,5,5,mate in 3,2,1,1,0,0,0,0,3,27
6c7fd2fca391,5120116039102:12000106010c068d,win,3,5,5,mate in 3,2,1,1,0,0,0,0,3,28
c6c0f4832935,1028400c40091805:400010209034c438,win,3,5,5,mate in 3,2,1,1,0,0,0,1,2,27
a954c5a00c11,28990c500c8:12809000020a9207,win,2,3,3,mate in 2,1,1,1,0,0,0,0,2,27
95fb4c3fd80f,20089108480cd:8100060a0b1a12,win,2,3,3,mate in 2,1,1,1,0,0,0,0,2,27
60c627690a12,194081c40b240:9408004180094c09,win,3,5,5,mate in 3,1,2,1,1,0,0,1,2,28
5d23ab13d22e,108000132058847:12108090833a8,win,4,7,7,mate in 4,2,2,1,1,0,0,0,4,28
2fd0a8538cb9,1028820805008309:112092a854a0,win,8,15,33,mate in 17,1,7,1,0,0,6,5,3,27
b2bfbbc862b5,18821002980ca:80000c088c00a35,win,2,3,3,mate in 2,1,1,1,0,0,0,0,2,26
9785e7a455d4,18821022980ca:880000c088c00a35,win,2,3,3,mate in 2,1,1,1,0,0,0,0,2,28
6ed3343bff8a,a002280a300d41:89000c992b8,win,2,3,3,mate in 2,1,1,1,0,0,0,0,2,28
5ecf22ec9ad8,211a0010401a89:180000210a25a064,win,2,3,3,mate in 2,1,1,1,0,0,0,0,2,27
3bbbbf0acd0f,100b118914c8:1048054004428303,win,5,9,17,mate in 9,1,4,1,0,0,3,3,2,28
8efc8e5297f2,1802ba0888208:80280080002330a3,win,2,3,3,mate in 2,1,1,1,0,0,0,0,2,26
3ad3ddda58e0,28058840001589:2005bac036,win,2,3,3,mate in 2,1,1,1,0,0,0,0,2,27
43a4707e3b3a,21c02010099830:80009c0704349,win,10,19,35,mate in 18,2,8,1,0,0,7,5,5,27
c08c1fd182a0,100883195a08:1008010018448157,win,2,3,3,mate in 2,1,1,1,0,0,0,0,2,27
bd539df55a2a,1908005c9941:100c00149900601c,win,5,9,9,mate in 5,3,2,1,0,0,1,1,4,28
75cf2a904bc8,1209020000151099:4101d92088304,win,2,3,3,mate in 2,1,1,1,0,0,0,1,1,27
581b737414a2,1d408d0181028:100800310421c491,win,5,9,9,mate in 5,3,2,1,1,0,0,0,5,28
8a89591a9cab,1b0200114303c:20200111b0298101,win,7,13,13,mate in 7,0,7,1,1,0,5,4,3,28
998f7b288e81,540005144c312:500010458001106d,win,2,3,3,mate in 2,0,2,1,1,0,0,0,2,28
7f9a70abe96f,10090008828b04c1:800090c31040920a,win,2,3,3,mate in 2,1,1,1,0,0,0,0,2,28
a58b160042ab,2000098009d688:8002034302873,win,3,5,7,mate in 4,1,2,1,1,0,0,0,3,27
d90fa910b8f6,41000b8228802a:208026000431a41,win,2,3,3,mate in 2,1,1,1,0,0,0,0,2,26
907fb6cdddf5,41000b8a28802a:208026000433a41,win,2,3,3,mate in 2,1,1,1,0,0,0,0,2,28
972060b70afb,18180020c8288801:d81810107038,win,2,3,3,mate in 2,0,2,1,1,0,0,0,2,27
482a120224bd,90904c888d0:901048009011529,win,3,5,5,mate in 3,2,1,1,0,0,0,0,3,27
0bf38c576a24,98000d0a84608:10001489040190a1,win,2,3,3,mate in 2,1,1,1,0,0,0,0,2,26
1daf6adf4832,180c9b4001488:9008340000c9a041,win,7,13,21,mate in 11,0,7,1,0,0,6,3,4,28
37db7365c1e9,108040909401a45:100011001609c588,win,9,17,19,mate in 10,0,9,1,1,0,7,3,6,28
4024de53dc80,2080001200ba451:102488640122a,win,2,3,3,mate in 2,0,2,1,1,0,0,0,2,26
d44ac0d8d745,5008182989013:8008800c0005638c,win,2,3,3,mate in 2,1,1,1,0,0,0,0,2,28
d7ebcfcba7fa,9100098288952:1000002904017629,win,2,3,3,mate in 2,1,1,1,0,0,0,0,2,28
ae73fabe1442,104024803098119:209010580441a44,draw,8,15,36,draw,3,5,0,0,0,5,2,6,28
f3f219965426,1809048094aa:9042098290805,win,2,3,3,mate in 2,0,2,1,1,0,0,0,2,26
e5a6530d9797,3780215203:500001216a03c,win,2,3,3,mate in 2,1,1,1,0,0,0,0,2,26
e2e074671fbc,23780215203:580001216a03c,win,2,3,3,mate in 2,1,1,1,0,0,0,0,2,28
aa8e74aaab6c,920c000c9a281:80c08009b2001058,win,2,3,3,mate in 2,0,2,1,1,0,0,0,2,28
43936102dce8,10603004e8043:800280409601160c,win,2,3,3,mate in 2,1,1,1,0,0,0,1,1,27
2881dc167e35,140229049e008:20204160221063,win,2,3,3,mate in 2,1,1,1,0,0,0,0,2,26
55611580d492,150229049e008:60204160221063,win,2,3,3,mate in 2,1,1,1,0,0,0,0,2,28
6a9cac7d8975,1081888590a2:808088041048094d,win,2,3,3,mate in 2,1,1,1,0,0,0,0,2,27
ebbda91322bf,1009800001c0814d:118990095082,win,3,5,5,mate in 3,2,1,1,0,0,0,1,2,26
030045625633,580023301c308:80000005801e3017,win,3,5,5,mate in 3,1,2,1,1,0,0,0,3,28
f4d8b80dc3e9,100800400a41a1c5:40128890881a18,win,2,3,3,mate in 2,0,2,1,1,0,0,0,2,28
f1d2d1568f64,100940026001a043:3049104a5098,win,2,3,3,mate in 2,1,1,1,0,0,0,0,2,27
a0735ea36171,982210301a118:82000008b02812e1,win,2,3,3,mate in 2,0,2,1,1,0,0,0,2,28
aa782fd3b2f9,904e090089128:a0000905e104c1,win,9,17,27,mate in 14,3,6,1,0,0,5,4,5,28
a7f86cf230d8,2640261083a:600002080e9245,win,2,3,3,mate in 2,1,1,1,0,0,0,0,2,26
32b84e396664,8124000540e850:2000008160891589,win,3,5,5,mate in 3,1,2,1,1,0,0,0,3,27
e397c44cfd5b,100800400242a1c5:40100c100d520a,win,2,3,3,mate in 2,0,2,1,1,0,0,0,2,26
55216cff4a2c,1081800005310b3:1001010919088948,win,10,19,23,mate in 12,1,9,0,0,1,8,8,2,28
240f51c4123a,8180888190801a:81000103100b11c1,win,6,11,13,mate in 7,1,5,0,0,1,4,3,3,27
5e21bc671436,40800680da908:800600490905095,win,3,5,5,mate in 3,2,1,1,0,0,0,0,3,27
c90ee85a4d83,98040105c9114:8100010985014449,win,8,15,27,mate in 14,1,7,0,0,0,7,3,5,28
dc730ad935ca,10092000009da201:4108d3000109c,win,11,21,35,mate in 18,2,9,1,0,0,8,6,5,26
0ee8d11b4dec,1a8402a40c0c2:840020180893a09,win,2,3,3,mate in 2,1,1,1,0,0,0,0,2,28
922d5c199e66,1810980089053:800000402945690c,win,2,3,3,mate in 2,1,1,1,0,0,0,0,2,27
b6931931060b,189840093903:108840001990c098,win,3,5,5,mate in 3,1,2,1,1,0,0,0,3,28
0404c8e44d02,9800002a81aa1:100010899801a108,win,4,7,7,mate in 4,0,4,1,1,0,2,3,1,26
8e339a6f7abf,1009000806039606:80009003900c4819,win,4,7,7,mate in 4,0,4,1,1,0,2,3,1,28
4fba2195632d,1a40930094402:90085000c400b00d,win,3,5,5,mate in 3,2,1,1,0,0,0,0,3,27
336925b86490,9822800388032:802000018203430d,win,2,3,3,mate in 2,1,1,1,0,0,0,0,2,26
c5053e9c8099,10040905894a4:3104214959,win,2,3,3,mate in 2,1,1,1,0,0,0,1,1,26
55200c4c02d9,900248a08a02a:80920271a05,win,2,3,3,mate in 2,1,1,1,0,0,0,0,2,26
fe47ea58f679,10081000a0b38083:8021802910083038,win,6,11,11,mate in 6,0,6,1,1,0,4,3,3,28
5cb2d4fe7797,10081501c947:10080000401e34b8,win,9,17,29,mate in 15,3,6,1,1,0,4,4,5,28
2fd727d4372b,80100110a12928a:180091c10971,win,8,15,33,mate in 17,1,7,1,0,0,6,2,6,28
5d922c250c55,20800141214c304:40208c1891099,win,2,3,3,mate in 2,1,1,1,0,0,0,0,2,27
b8960671e4fd,290000520bd022:90009029a0202209,win,2,3,3,mate in 2,1,1,1,0,0,0,0,2,28
2781f8c8e64e,39108010a2902:910000039801d009,win,2,3,3,mate in 2,1,1,1,0,0,0,1,1,27
3f2a7b386e3f,881391091c1:3000c0896c1c,win,2,3,3,mate in 2,1,1,1,0,0,0,0,2,28
850f15c8b9a3,102cb0288382:822000286342d,win,3,5,9,mate in 5,0,3,0,0,0,3,2,1,28
57c8389ddac1,19000d81081025:90101015a318,win,2,3,3,mate in 2,1,1,1,0,0,0,0,2,26
6301c5142250,50524c44b:46808491934,win,3,5,5,mate in 3,2,1,1,0,0,0,0,3,27
12c1afec496c,100c0082d0848081:8080900c000a500e,win,2,3,3,mate in 2,1,1,1,0,0,0,0,2,26
bb2b000b782d,100c0082d0858081:8080900c000a510e,win,2,3,3,mate in 2,1,1,1,0,0,0,0,2,28
330d22241534,1580110982812:86903d189,win,2,3,3,mate in 2,1,1,1,0,0,0,0,2,27
454bfe9f1213,10082001108d3108:118ca14080c5,win,9,17,17,mate in 9,1,8,1,1,0,6,6,3,27
8b92f37f1d3b,1108000b89218018:211120100a1923,win,2,3,3,mate in 2,1,1,1,0,0,0,0,2,28
7e8b966b3969,1009806101319040:101018904801b9,win,3,5,5,mate in 3,1,2,1,1,0,0,0,3,28
f317e19a280f,21010211419602:106184220169,win,2,3,3,mate in 2,0,2,1,1,0,0,0,2,26
9734453c9086,1000e114d5802:40404041400281cd,win,2,3,3,mate in 2,1,1,1,0,0,0,0,2,28
38a5df298886,e110c189820:809000802212659,win,5,9,17,mate in 9,0,5,0,0,0,5,3,2,27
8636221b11d0,2980004405bc04:40298028413b,win,8,15,31,mate in 16,2,6,0,0,1,5,6,2,28
6d91fab7c3fc,1500c5408a214:100804010105550b,win,2,3,3,mate in 2,1,1,1,0,0,0,0,2,28
3c6984e5905f,100d0a458241:800980009008780c,win,2,3,3,mate in 2,0,2,1,1,0,0,0,2,26
48fdec8a22ce,190c0881c105:100d0081110c1888,win,2,3,3,mate in 2,1,1,1,0,0,0,0,2,27
6849379425a7,100081088e1c3:114141431a08,win,3,5,5,mate in 3,2,1,1,0,0,0,0,3,26
c372ccf2c546,194400541210d:40800099008dc42,win,8,15,17,mate in 9,2,6,1,0,0,5,5,3,28
034d5542f8e2,22074b8341:800180499020142a,win,2,3,3,mate in 2,1,1,1,0,0,0,0,2,28
9a30753398e8,20a00860116083:a000003090289438,win,2,3,3,mate in 2,1,1,1,0,0,0,0,2,27
1a84fb9d771f,10108d068802d:8108c00101015542,win,4,7,7,mate in 4,3,1,1,0,0,0,1,3,28
4ea76960cb7e,11002da404948:80008041000b9293,win,2,3,3,mate in 2,1,1,1,0,0,0,0,2,28
c97fa58392ea,a002ad0061444:900090000068c12b,win,7,13,31,mate in 16,1,6,1,1,0,4,5,2,28
0a40217fd288,92000900d241c:1000900d6000d201,win,2,3,3,mate in 2,1,1,1,0,0,0,0,2,26
2ad50a971ed5,1024888509218:8880102090cc3,win,3,5,5,mate in 3,1,2,1,1,0,0,1,2,26
0356b91a6b7d,101800109101c811:8001d10940181108,win,5,9,9,mate in 5,3,2,1,1,0,0,1,4,27
a01ca76c81fa,180a94130803:1013001108089498,win,8,15,29,mate in 15,0,8,1,0,0,7,3,5,27
bd54e06463ba,10281002d0018602:4428042a5829,win,2,3,3,mate in 2,0,2,1,1,0,0,1,1,27
0db24b74b8cb,100800c092018381:920900c81078,win,3,5,7,mate in 4,1,2,1,1,0,0,0,3,26
a0db3a99511b,1082231b903:3080200110a4638,win,2,3,3,mate in 2,1,1,1,0,0,0,0,2,28
8676d37b032e,1024002693604:20004011406806b,win,2,3,3,mate in 2,1,1,1,0,0,0,0,2,26
6a6ec5deb9f8,18490c189014:1000040090454c49,win,3,5,5,mate in 3,1,2,1,1,0,0,1,2,26
164908483d13,218c605c05:90019800100d8068,win,2,3,3,mate in 2,1,1,1,0,0,0,0,2,27
70891e981e87,108000989589100:1000115010012859,win,3,5,5,mate in 3,2,1,1,0,0,0,0,3,26
e5cfeaeec527,104028419b006:a00970024419,win,2,3,3,mate in 2,1,1,1,0,0,0,0,2,26
84efbfc6a435,1008014030498918:1809898030c3,win,2,3,3,mate in 2,1,1,1,0,0,0,0,2,28
e85f08a75076,11088008a0a02809:3101110993a0,win,3,5,9,mate in 5,1,2,1,1,0,0,0,3,27
49d99da3ae14,81308830803028:300800014409c581,win,2,3,3,mate in 2,1,1,1,0,0,0,0,2,27
1673f0bf5b80,8100005909b088:5000508900804905,win,2,3,3,mate in 2,1,1,1,0,0,0,1,1,26
befdc9f4a060,1a0007080d112:100010838103208d,win,2,3,3,mate in 2,1,1,1,0,0,0,0,2,27
a164d1f3ce04,10480809c0404849:80019040180990a4,win,3,5,5,mate in 3,0,3,1,1,0,1,0,3,28
28df47b5bf63,94000a920b904:4002d500d4029,win,2,3,3,mate in 2,1,1,1,0,0,0,0,2,28
488d2af96abb,1802c90081126:8008000301378019,win,8,15,15,mate in 8,7,1,1,0,0,0,0,8,27
b6ccebd7e2e4,182012309180c:200031049004a301,win,2,3,3,mate in 2,1,1,1,0,0,0,0,2,26
ca33306eb614,91028803aa801:1208131801103a,win,2,3,3,mate in 2,1,1,1,0,0,0,0,2,28
7ed3093ec22f,30280a401e0c4:8000a0030282160b,win,2,3,3,mate in 2,1,1,1,0,0,0,0,2,28
52cc6c06aca7,4101012300830d:3002240804330c2,win,2,3,3,mate in 2,1,1,1,0,0,0,0,2,27
09200809f9f0,1009820048088298:500992015901,win,3,5,5,mate in 3,2,1,1,0,0,0,0,3,26
9067e77a480e,a88019841012a:8001004a000a9c51,win,2,3,3,mate in 2,1,1,1,0,0,0,0,2,28
0147aaa3806b,1009202a12081007:12012023e238,win,2,3,3,mate in 2,1,1,1,0,0,0,0,2,28
e959ba06c1a1,10004660532a4:416019000cc0b,win,4,7,7,mate in 4,2,2,1,1,0,0,3,1,28
cd2a784f2664,120b11011903:100908000a1a8298,win,2,3,3,mate in 2,1,1,1,0,0,0,0,2,27
80a05ee1795d,290040110d810c:1004102d00601061,win,3,5,5,mate in 3,2,1,1,0,0,0,1,2,26
1d97d5ac02a0,298040110d810c:1004102d80601061,win,3,5,5,mate in 3,2,1,1,0,0,0,1,2,28
253fb284c0c0,2092200424821c:8008000892093421,win,2,3,3,mate in 2,0,2,1,1,0,0,0,2,26
aee7b104fb55,20836d1618:605140089e5,win,7,13,25,mate in 13,2,5,1,0,0,4,3,4,28
bc0763d7d1e8,14800008c0aca03:101494141054c,win,2,3,3,mate in 2,0,2,1,1,0,0,0,2,28
c847d2d9f7d9,108840003100d015:80009088c0882188,win,2,3,3,mate in 2,0,2,1,1,0,0,0,2,26
af317e03d812,10204322c802c:c202980013601,win,2,3,3,mate in 2,1,1,1,0,0,0,0,2,26
fc2bc2a80d9d,18a390010099:9001800008a29922,win,3,5,5,mate in 3,2,1,1,0,0,0,1,2,27
b6f0a5dceb68,108000d19098011:100111108014190c,win,2,3,3,mate in 2,1,1,1,0,0,0,0,2,26
a5251c859bf4,900a0101090d3:2100b00ab0128,win,2,3,3,mate in 2,0,2,1,1,0,0,0,2,26
e378fb7e59ac,191832808b08:1000200089183495,win,2,3,3,mate in 2,1,1,1,0,0,0,0,2,28
1dc6b289a913,28001911810aa:9100a0023c511,win,2,3,3,mate in 2,1,1,1,0,0,0,0,2,27
bb42df406251,10810081009a017:1210125205528,win,2,3,3,mate in 2,0,2,1,1,0,0,0,2,27
0210c67b528a,10090000ac0c8c01:380d1001302c,win,2,3,3,mate in 2,1,1,1,0,0,0,0,2,26
e02876e21ed5,1009188008815801:8000009d44884c8,win,10,19,27,mate in 14,2,8,1,0,0,7,5,5,27
4c4c24c94f87,910048405a502:1000040b100a101d,win,3,5,5,mate in 3,1,2,1,1,0,0,0,3,26
56d83875ba03,910048405a542:1000040b100a121d,win,2,3,3,mate in 2,0,2,1,1,0,0,0,2,28
89a3cc895091,8310831b088:1001900090084833,win,3,5,5,mate in 3,2,1,1,0,0,0,0,3,26
88d2bf242ff1,208029110b01881:8008080a09c23c,win,6,11,15,mate in 8,1,5,1,1,0,3,1,5,28
343f277ad638,21508100e1409:100900038501a106,win,3,5,7,mate in 4,1,2,1,1,0,0,0,3,27
220b511b0b2f,9100018a10aa1:2907483548,win,2,3,3,mate in 2,1,1,1,0,0,0,0,2,27
c9bfd6adb58f,10404920d140c:c8209048082a1,win,3,5,5,mate in 3,1,2,1,1,0,0,0,3,26
0edadd5d058a,100904018918c108:8000d00854011c11,win,2,3,3,mate in 2,0,2,1,1,0,0,0,2,28
748cc8b34a0f,45800501d2c:80100150982d3,win,3,5,5,mate in 3,2,1,1,0,0,0,0,3,27
a31b4fefbda7,180000c08d8215:4019001270ca,win,2,3,3,mate in 2,1,1,1,0,0,0,0,2,26
cf44316706cd,2081060006081d4:400208120c1a29,win,3,5,9,mate in 5,2,1,0,0,1,0,0,3,26
82d0e28db873,4094409c225:1000032643cc8,win,3,5,5,mate in 3,1,2,1,1,0,0,0,3,27
4dd052438fb6,200083898b009:8188280024896,win,2,3,3,mate in 2,1,1,1,0,0,0,1,1,26
54fcb1db9ed9,20003a00d240b:12000164293c4,win,2,3,3,mate in 2,1,1,1,0,0,0,0,2,27
4e52d17867f5,1020692089904:800488010807020b,win,10,19,19,mate in 10,2,8,1,0,0,7,8,2,26
fd5c935a83a7,10090800040cc82b:1409184114d4,win,5,9,11,mate in 6,1,4,1,0,0,3,3,2,28
2e8edb08315f,1109c90929008:10028003000d0497,win,2,3,3,mate in 2,1,1,1,0,0,0,0,2,28
0ad137c76c20,91a400a218a00:a00000990481469,win,3,5,7,mate in 4,1,2,1,1,0,0,0,3,27
94c04990839d,58011820a9202:8000000608150c1d,win,4,7,7,mate in 4,3,1,1,0,0,0,0,4,26
3404f92f1131,40980a110229021:2014088489058a,win,2,3,3,mate in 2,1,1,1,0,0,0,1,1,28
07dfee87ddbe,304c1291026:820080000206e309,win,2,3,3,mate in 2,1,1,1,0,0,0,0,2,26
f0f578bf7a29,420806a08aa41:200008040087548e,win,3,5,5,mate in 3,2,1,1,0,0,0,0,3,28
67f5c650fbee,14100062e8b:1000005c9d164,win,3,5,5,mate in 3,1,2,1,1,0,0,0,3,27
283d609e177f,58004a20292c4:8000020310cd200b,win,3,5,5,mate in 3,2,1,1,0,0,0,1,2,28
c57b9bbbbc99,61405e528:18401c01a1017,win,2,3,3,mate in 2,1,1,1,0,0,0,0,2,27
7c9934feb0d2,2108200120885482:108c901a909,win,3,5,5,mate in 3,2,1,1,0,0,0,0,3,26
bf9bcedf5c1d,2b90298a08:a12000a0230a3,win,2,3,3,mate in 2,1,1,1,0,0,0,0,2,26
a1b471ccc932,28828b80018202:8001002002aa14a9,win,2,3,3,mate in 2,0,2,1,1,0,0,0,2,27
b5befbf1f600,1209021a90020009:8000900102199212,win,2,3,3,mate in 2,1,1,1,0,0,0,0,2,26
20dff8e1a51a,108800094111053:800105090108c508,win,2,3,3,mate in 2,1,1,1,0,0,0,0,2,26
66eebfffdd9c,10098808920030c8:8000320128098a05,win,2,3,3,mate in 2,1,1,1,0,0,0,0,2,28
d93a0c33d581,108110103989028:1001009810012393,win,7,13,31,mate in 16,0,7,1,1,0,5,2,5,28
c7543d062fb9,188918898102:9008800080007c99,win,3,5,5,mate in 3,2,1,1,0,0,0,1,2,27
e97c77e3977f,105c304c9004:900c80008010205b,win,2,3,3,mate in 2,1,1,1,0,0,0,0,2,26
dee229ddf146,305c304c9004:904c80008010205b,win,2,3,3,mate in 2,1,1,1,0,0,0,0,2,28
e131001ff785,108a109c0d8:108804100c03925,win,2,3,3,mate in 2,1,1,1,0,0,0,0,2,27
57a742163b6b,190090a409228:8026090390851,win,2,3,3,mate in 2,1,1,1,0,0,0,0,2,27
cad1acf37638,110a5008818a1:108400009025e00e,win,2,3,3,mate in 2,1,1,1,0,0,0,0,2,27
8d17b3a18e67,10080003002b2921:111281900d00a,win,3,5,5,mate in 3,2,1,1,0,0,0,1,2,26
3067c9c1e5f9,10280003002b2921:311281900d00a,win,3,5,5,mate in 3,2,1,1,0,0,0,1,2,28
dd8234fed60b,8010009a4018688:4088c001a883801,win,2,3,3,mate in 2,0,2,1,1,0,0,1,1,27
9fbe4fa3d7b7,184412d00d108:2800d0492c43,win,2,3,3,mate in 2,1,1,1,0,0,0,1,1,28
642697514628,28180098092089:800002960a0dc20,win,3,5,5,mate in 3,2,1,1,0,0,0,0,3,27
3c1210f6d9da,108180848405c003:840014015080149c,win,2,3,3,mate in 2,1,1,1,0,0,0,0,2,28
9671d06cc8f3,9a80a90003888:98001001280b8103,win,8,15,27,mate in 14,2,6,1,0,0,5,2,6,28
53c72e3c543e,158211028d004:1008000848052929,win,2,3,3,mate in 2,1,1,1,0,0,0,0,2,26
03fed871f87f,20008a1603478:1080122000a8b83,win,6,11,15,mate in 8,0,6,0,0,1,5,4,2,28
f4a89309fc5d,1c00181604149:800801685009b020,win,2,3,3,mate in 2,1,1,1,0,0,0,0,2,27
d3d886f9a4fe,143880a88089002:8008014101430949,win,4,7,9,mate in 5,2,2,1,1,0,0,0,4,28
851bbd175c72,3009868081a9:9040030093e42,win,5,9,11,mate in 6,0,5,1,1,0,3,2,3,28
e5a30da6547d,4a1089026d:a100084469582,win,2,3,3,mate in 2,1,1,1,0,0,0,0,2,27
470ab1de3947,2d00040185099:5001000390038902,win,4,7,7,mate in 4,2,2,1,1,0,0,0,4,26
23bf91282540,1009040112301251:40012088409a528,win,5,9,9,mate in 5,3,2,1,1,0,0,0,5,28
ebde52e01918,102d00009818b008:102d00254835,win,2,3,3,mate in 2,1,1,1,0,0,0,0,2,28
3bbf627b60b5,101c8002100a9128:8000101c80150217,win,5,9,9,mate in 5,1,4,1,0,0,3,2,3,28
abc0e750f26e,12804004608e301:32821201cac,win,5,9,15,mate in 8,1,4,1,1,0,2,1,4,28
f167fa0fa2e9,1008804104621c21:80001428900980ca,win,2,3,3,mate in 2,0,2,1,1,0,0,0,2,28
0ad335553018,418800c802a04a:8000004321c14981,win,2,3,3,mate in 2,1,1,1,0,0,0,0,2,27
189487e500b7,280021905c002b:9000905800219054,win,2,3,3,mate in 2,1,1,1,0,0,0,0,2,28
5524c9c8fd07,40020d02928a1:20280c2804d00c,win,2,3,3,mate in 2,1,1,1,0,0,0,0,2,26
80bfdca8b428,1018110010488069:8000801881115510,win,3,5,7,mate in 4,1,2,1,1,0,0,0,3,26
564f89e7f346,108911818aa:8008800002a3c311,win,3,5,5,mate in 3,2,1,1,0,0,0,1,2,27
d836d902eb16,900000298361a:209240381e1,win,3,5,7,mate in 4,1,2,1,1,0,0,0,3,26
b03fec4dd8f7,3300034018645:20000003000e70ba,win,2,3,3,mate in 2,1,1,1,0,0,0,0,2,28
a6cf90b3b055,419d4494a:c001c00003b095,win,2,3,3,mate in 2,1,1,1,0,0,0,1,1,28
56d5ec18ed34,2409221c14a:9000902040403231,win,2,3,3,mate in 2,0,2,1,1,0,0,0,2,26
c4721ad3de35,10090021202ea101:2110e1101102e,win,3,5,5,mate in 3,2,1,1,0,0,0,0,3,28
044d83c3ed18,9125090189200:1000800922416059,win,7,13,13,mate in 7,3,4,1,0,0,3,2,5,27
90dd279efd43,4024920610a11:92004020c306c,win,2,3,3,mate in 2,1,1,1,0,0,0,0,2,26
3a05e5697e1c,100c110090688061:100002c0106350e,win,3,5,5,mate in 3,1,2,1,1,0,0,0,3,28
6480cc906667,190a900a18030:80280000b0183189,win,2,3,3,mate in 2,0,2,1,1,0,0,0,2,27
23102541c16a,10802009202194b:81080988a2b4,win,2,3,3,mate in 2,1,1,1,0,0,0,0,2,28
908ec1fae6c2,18c30182002b8:20100184119d41,win,2,3,3,mate in 2,1,1,1,0,0,0,0,2,28
d58506674ccb,10900a805d00c:8100a00901082903,win,2,3,3,mate in 2,1,1,1,0,0,0,0,2,26
e00a60b57ad5,9008811203588:10001101a489c021,win,2,3,3,mate in 2,1,1,1,0,0,0,0,2,27
c8536da4e16f,3180280081a18c:11a9381831,win,6,11,15,mate in 8,3,3,1,0,0,2,1,5,28
7338635ea24b,95846804b:c584400095804,win,3,5,5,mate in 3,1,2,1,1,0,0,0,3,26
6b6cad79406a,898001038818c1:b8898018318,win,7,13,27,mate in 14,1,6,1,0,0,5,2,5,28
4bcee21a5fd2,103890005030c201:3880093c3a,draw,8,15,36,draw,5,3,0,0,0,3,2,6,28
7693899b8039,1968d81c8:9000920008401e15,win,3,5,5,mate in 3,2,1,1,0,0,0,0,3,28
f42211fdf9a8,304b0003a052:30038000b0581009,win,2,3,3,mate in 2,1,1,1,0,0,0,0,2,27
84aa755ce4e2,989008d009484:880010091009092b,win,3,5,5,mate in 3,2,1,1,0,0,0,0,3,28
d3affd0eb273,10c8e412b:c8480019cc4,win,2,3,3,mate in 2,1,1,1,0,0,0,0,2,26
02e0bd809127,10080249000c4847:201100012431718,win,2,3,3,mate in 2,0,2,1,1,0,0,0,2,28
228ef2085bc8,21b0291681:904084600e12a,win,7,13,33,mate in 17,1,6,1,0,0,5,3,4,27
b124b86f1688,401458301014c:8341820010449201,win,2,3,3,mate in 2,0,2,1,1,0,0,1,1,27
6bddd8cca6c3,5000200039a231:200251024214ca,win,2,3,3,mate in 2,1,1,1,0,0,0,0,2,27
e82755f3cb71,1522082005c30:1000040154398209,win,2,3,3,mate in 2,1,1,1,0,0,0,0,2,27
21b28da255bc,22c804c12a4:808c808002a08149,win,4,7,7,mate in 4,3,1,1,0,0,0,0,4,27
41796eda0bf8,108180005034a01c:50b1808150a1,win,3,5,9,mate in 5,0,3,0,0,0,3,2,1,28
ed89c60535be,40a002d058328:801200502103c15,win,7,13,17,mate in 9,1,6,1,0,0,5,5,2,28
3d8bf28acdaf,120930000a081809:a09b011a290,win,7,13,17,mate in 9,1,6,0,0,0,6,5,2,27
504eba141857,9300452883008:100000892005c285,win,2,3,3,mate in 2,1,1,1,0,0,0,0,2,26
38a17d3cbc2e,c10081400e628:6404620c1047,win,2,3,3,mate in 2,1,1,1,0,0,0,0,2,27
1ceb620f06c7,1900cd000b044:9008000120cd4089,win,7,13,33,mate in 17,1,6,0,0,0,6,3,4,27
131a88634a62,18108c0098132:8008002311225089,win,5,9,9,mate in 5,4,1,1,0,0,0,1,4,27
f062e91ff46b,1000300c698c2:210c09001603d,win,7,13,31,mate in 16,2,5,1,0,0,4,5,2,27
57ec63d214f9,108409242944a:884082010c090a21,win,2,3,3,mate in 2,0,2,1,1,0,0,0,2,28
c210edf85615,1181105690a:1108100108189095,win,2,3,3,mate in 2,1,1,1,0,0,0,1,1,27
91ea48cd6c98,10108e1588105:a108a01100016058,win,3,5,5,mate in 3,2,1,1,0,0,0,0,3,28
1c228c362514,20001911308434:141124040d1109,win,2,3,3,mate in 2,1,1,1,0,0,0,0,2,27
07452f3d8b5c,904005a09c218:120984041d07,win,7,13,23,mate in 12,1,6,0,0,1,5,3,4,28
10b157d1140c,2004081c419c82:408002080ac206d,win,2,3,3,mate in 2,1,1,1,0,0,0,0,2,28
ecbe3121a3b7,100a08043049800c:300a08063843,win,3,5,5,mate in 3,2,1,1,0,0,0,0,3,26
88b1867d3b72,1b8828808388:3088200013083803,win,2,3,3,mate in 2,0,2,1,1,0,0,0,2,28
e85b3b56ed79,283d021c608:4008420068a10a3,win,2,3,3,mate in 2,1,1,1,0,0,0,0,2,28
93e0aec2265e,100b01098c08b:808001c0211974,win,2,3,3,mate in 2,0,2,1,1,0,0,0,2,28
a6d686b47e69,49120086019a00:1200044910480449,win,2,3,3,mate in 2,1,1,1,0,0,0,0,2,26
f763f1c78379,491a0086019a00:1200044918480449,win,2,3,3,mate in 2,1,1,1,0,0,0,0,2,28
5985e7c8fa85,9104008689a12:10000a09121100e9,win,2,3,3,mate in 2,0,2,1,1,0,0,0,2,28
e92de6513cf0,100d044083c9:4090400100d5c04,win,4,7,9,mate in 5,0,4,0,0,1,3,3,1,26
4133c64ea9e1,1008006400718141:411009100c103c,win,2,3,3,mate in 2,0,2,1,1,0,0,0,2,26
e0df8073c071,3848100101499:2978b8302,win,3,5,5,mate in 3,1,2,1,1,0,0,0,3,27
013fbfadebae,114891011291:1100001104588d48,win,2,3,3,mate in 2,1,1,1,0,0,0,1,1,27
f965870a852c,a040095149244:410001a000b051b,win,2,3,3,mate in 2,1,1,1,0,0,0,0,2,28
a0f3572f665f,2000060111b305:120902e483a,win,2,3,3,mate in 2,1,1,1,0,0,0,0,2,27
a45e685f53fe,102800001009b849:9028c02046a2,win,5,9,9,mate in 5,4,1,1,0,0,0,0,5,26
7fea290ed897,4900490a02a041:a02a0491a0a,win,8,15,23,mate in 12,2,6,1,1,0,4,2,6,26
c01bffee7f0a,c004800381893:241047816c,win,10,19,31,mate in 16,4,6,1,0,0,5,5,5,26
d735c780a4d7,9504050c0102a:508000890009c0c1,win,4,7,7,mate in 4,3,1,1,0,0,0,0,4,26
4f1f1fff21d2,9c100d9009088:8800088900894905,win,2,3,3,mate in 2,1,1,1,0,0,0,1,1,28
acd7a61ff40e,28142044228441:140040089048512a,win,3,5,5,mate in 3,1,2,1,1,0,0,0,3,27
c193ea17d2a8,100a981819018:201100102829a5,win,2,3,3,mate in 2,1,1,1,0,0,0,0,2,26
30a21dc3ceac,1000120656b28:200224012009457,win,3,5,5,mate in 3,1,2,1,1,0,0,0,3,28
5d6e86a999b1,5080109918708:11c900c1895,win,10,19,31,mate in 16,1,9,1,0,0,8,3,7,28
16a97d9547f3,100802088a158209:201980110081994,win,2,3,3,mate in 2,1,1,1,0,0,0,1,1,28
85c0d2775629,89000b80415a08:8c04a8a80c3,win,2,3,3,mate in 2,1,1,1,0,0,0,0,2,28
04e06ba6a647,42804810141945:80000016804b809a,win,2,3,3,mate in 2,0,2,1,1,0,0,0,2,28
3359d7cf94b2,440051001819b:11011100410c5a04,win,2,3,3,mate in 2,1,1,1,0,0,0,1,1,27
5c5c53fe14a8,20810a8881a9:810800b0033e02,win,9,17,23,mate in 12,4,5,1,0,0,4,4,5,27
9a6e1f3870ba,52810080001a039:52015781540,win,2,3,3,mate in 2,1,1,1,0,0,0,0,2,27
c5073d39e20b,300021021e50a:40007001600a1031,win,2,3,3,mate in 2,0,2,1,1,0,0,0,2,26
dbf3db9c703c,10191001800d0098:8000809c10909005,win,3,5,5,mate in 3,2,1,1,0,0,0,1,2,26
127c3931d61a,210c186810489:81020210429a52,win,2,3,3,mate in 2,1,1,1,0,0,0,0,2,28
e9cf694dd3b8,102089700a128:8a50120091601,win,2,3,3,mate in 2,0,2,1,1,0,0,0,2,26
cf06e55d3642,1000132187481:1000120808218a3a,win,2,3,3,mate in 2,0,2,1,1,0,0,0,2,27
92748efc335d,100d1201a2081008:8000a00c1005a205,win,2,3,3,mate in 2,1,1,1,0,0,0,0,2,26
267685c31e99,1000812678254:2320083d2b,win,2,3,3,mate in 2,1,1,1,0,0,0,0,2,28
086f09dfe51b,28026190289010:1000100802c102e9,win,2,3,3,mate in 2,1,1,1,0,0,0,0,2,26
2009ae4fce9d,29026190289010:1000100802c103e9,win,2,3,3,mate in 2,1,1,1,0,0,0,0,2,28
3ace895f9706,1010911012962:11081000880c920d,win,2,3,3,mate in 2,1,1,1,0,0,0,0,2,27
97e67bbf851e,100de005b004:800cc00010284239,win,2,3,3,mate in 2,1,1,1,0,0,0,0,2,27
56554f87152c,109208940b488:8104a34963,win,5,9,11,mate in 6,1,4,1,1,0,2,0,5,28
9247030bdf4d,2110001518c418:1000012180211165,win,2,3,3,mate in 2,1,1,1,0,0,0,0,2,26
46a44fc3fd74,10080020002ae941:110a3900122a,win,7,13,17,mate in 9,2,5,0,0,1,4,4,3,26
550c69fdfdf3,100081ad0922c:a31002909d1,win,2,3,3,mate in 2,0,2,1,1,0,0,0,2,28
d03133c5a199,1008004006588e14:180899015149,win,3,5,5,mate in 3,2,1,1,0,0,0,0,3,28
388670b4a5be,29001090481c18:2904318067,win,2,3,3,mate in 2,0,2,1,1,0,0,0,2,26
6af1d016bcd4,1a20810031823:80801aa28a208,win,2,3,3,mate in 2,0,2,1,1,0,0,0,2,26
8503049b6146,108101910091811:1001010001b401ae,win,2,3,3,mate in 2,1,1,1,0,0,0,1,1,27
a8cfd6fdafdc,102880813005a008:8000102880a850a5,win,2,3,3,mate in 2,1,1,1,0,0,0,0,2,27
4dec9b988066,1880098101812c:8001013000b85091,win,3,5,9,mate in 5,0,3,1,1,0,1,0,3,27
bee6bd691451,110485010b281:1000400180e94078,win,2,3,3,mate in 2,0,2,1,1,0,0,0,2,27
69ed6438f9a4,a00022006b864:204c8048438b,win,2,3,3,mate in 2,1,1,1,0,0,0,0,2,27
fb109128c916,18103010186103:1000400a6026103c,win,3,5,5,mate in 3,2,1,1,0,0,0,0,3,27
8ddd7bab5d5e,41000a000e19a2:200419861804d,win,2,3,3,mate in 2,1,1,1,0,0,0,0,2,27
35e47c115df2,18020002918391:20000999808184c,win,3,5,5,mate in 3,1,2,1,1,0,0,0,3,27
ee20b7adeda1,110a8818c812:8008880051031129,win,2,3,3,mate in 2,1,1,1,0,0,0,0,2,27
8024dd64e8f9,420002128a638:2000840486050107,win,2,3,3,mate in 2,1,1,1,0,0,0,0,2,26
600a08bdf01d,1009041214089094:400100908930c0b,win,9,17,17,mate in 9,2,7,1,0,0,6,5,4,28
26795388c317,2000180894599:800180822902b802,win,2,3,3,mate in 2,1,1,1,0,0,0,0,2,27
510918e35f47,21041b001112a:1001200a005aa051,win,6,11,13,mate in 7,0,6,1,0,0,5,3,3,27
0c59131940da,1058d0079042:100840060058441d,win,8,15,33,mate in 17,0,8,1,0,0,7,3,5,28
fe13be18960a,206224064c02a:20004486031645,win,2,3,3,mate in 2,1,1,1,0,0,0,0,2,28
73af35e309e6,12090008d0089820:522106214609,win,2,3,3,mate in 2,0,2,1,1,0,0,0,2,27
48f5e15f4cc8,91208801b9404:8000801112040a9b,win,2,3,3,mate in 2,1,1,1,0,0,0,0,2,28
e955a6d5fc7d,94024402c8058:1984117425,win,4,7,7,mate in 4,3,1,1,0,0,0,0,4,27
2d467169b178,9020188709810:184812090269,win,2,3,3,mate in 2,1,1,1,0,0,0,0,2,26
b2da647c9992,1009020188709810:185812090269,win,2,3,3,mate in 2,1,1,1,0,0,0,0,2,28
5375b3657d65,11e0006081d08:1c08000918018211,win,2,3,3,mate in 2,0,2,1,1,0,0,1,1,26
258ec623f092,11e0006085d08:1e08000918018211,win,2,3,3,mate in 2,0,2,1,1,0,0,1,1,28
472320783571,1080080220392c3:200234801c86108,win,2,3,3,mate in 2,0,2,1,1,0,0,0,2,28
4879f567a4b2,1208020804114b09:114011208b416,win,2,3,3,mate in 2,1,1,1,0,0,0,1,1,28
45576aa2403a,280008c4d908c:804000c210820c53,win,3,5,7,mate in 4,2,1,0,0,1,0,1,2,28
83a1670b3b0d,20302130019098:9000800088246925,win,3,5,5,mate in 3,2,1,1,0,0,0,0,3,27
f2dd4d3aa9e9,110190814801b:101c000490091a24,win,7,13,35,mate in 18,0,7,0,0,1,6,5,2,27
d6aa62495ecb,100a042004499121:40104a9022045a,win,7,13,31,mate in 16,3,4,1,0,0,3,4,3,28
bf640bf2ca55,95803840a1009:80284085801cc02,win,2,3,3,mate in 2,0,2,1,1,0,0,1,1,28
f75a33e039da,1101308128911:1089009109700a,win,2,3,3,mate in 2,1,1,1,0,0,0,1,1,27
7152a1863995,82100281238041a:80c010c013b21,win,7,13,17,mate in 9,1,6,0,0,1,5,5,2,28
034f87f135fe,9314090048164:1000009214b300b,win,2,3,3,mate in 2,1,1,1,0,0,0,0,2,28
9f85803c302c,304900391129:300900003140a4d0,win,4,7,7,mate in 4,3,1,1,0,0,0,1,3,28
c7d66db4f2d7,2d003d0401408:900104400403c043,win,2,3,3,mate in 2,0,2,1,1,0,0,0,2,26
7473c60a883d,2d003d0401488:900104400403c243,win,2,3,3,mate in 2,1,1,1,0,0,0,0,2,28
78d37b1d46bf,1009000c19044119:80058016009b804,win,3,5,5,mate in 3,1,2,1,1,0,0,0,3,28
9002f1754b26,2298a30040a9:2008810000b8b310,win,6,11,11,mate in 6,1,5,1,0,0,4,4,2,28
f8b1ab023993,4010081a215a8:8100800c100d8007,win,2,3,3,mate in 2,1,1,1,0,0,0,0,2,26
64edaed2f39c,900901421002910a:1029009814900c1,win,7,13,17,mate in 9,1,6,1,1,0,4,3,4,28
66fa748d1fa8,59d0684418:8d000011191e1,win,2,3,3,mate in 2,1,1,1,0,0,0,0,2,28
c3c514ff4f24,100924102001a019:2000900994181c00,win,5,9,15,mate in 8,1,4,0,0,1,3,2,3,26
008c4b1735ba,19d0684418:8d00001119161,win,2,3,3,mate in 2,1,1,1,0,0,0,0,2,26
246a7f9c7376,9001126083688:208810938073,win,3,5,7,mate in 4,1,2,1,1,0,0,1,2,28
879e14c4a770,4a125019c1:480001840b861a,win,2,3,3,mate in 2,1,1,1,0,0,0,0,2,27
55e45e4d9965,184390091228:100300000a628c43,win,2,3,3,mate in 2,1,1,1,0,0,0,0,2,27
dc03072252c6,19021840589081:808192814278,win,9,17,31,mate in 16,1,8,1,0,0,7,5,4,28
b5235411d31e,100002003d1ea:80008001d1102a11,win,3,5,5,mate in 3,2,1,1,0,0,0,0,3,26
0ba6a51140c9,28404190092049:400180284060d026,win,2,3,3,mate in 2,0,2,1,1,0,0,0,2,27
08809c882be3,608d4a0823:8000d0200a085d8,win,2,3,3,mate in 2,0,2,1,1,0,0,1,1,27
5ad694a0551b,903910a090200081:801900999838,win,3,5,5,mate in 3,2,1,1,0,0,0,0,3,28
df958d334eaa,2380469432:100210401431004d,win,2,3,3,mate in 2,0,2,1,1,0,0,0,2,26
38c040ae17c3,101c004c80143041:8000b0103048811c,win,3,5,5,mate in 3,2,1,1,0,0,0,1,2,28
2e5b1ace5ba4,ac1008108c901:c100000a4402149a,win,2,3,3,mate in 2,0,2,1,1,0,0,0,2,27
cdb2ed4d8d09,180008cc098c2:90001c011009040d,win,4,7,7,mate in 4,3,1,1,0,0,0,0,4,26
3a148564dd86,1a2008260302a:a000004b200b8241,win,2,3,3,mate in 2,1,1,1,0,0,0,0,2,27
38bac8e45782,9014020d03183:10009901098c58,win,4,7,7,mate in 4,3,1,1,0,0,0,1,3,28
7d92090eeb97,c08002a8894c8:248c84042b05,win,3,5,9,mate in 5,1,2,1,1,0,0,0,3,28
0c7ad70f6c6b,10018b10b4061:800081014010b31a,win,2,3,3,mate in 2,1,1,1,0,0,0,0,2,28
48d1ee82db3e,20220142128a91:2000022a0a1702a,win,12,23,35,mate in 18,1,11,1,0,0,10,6,6,28
2650cbcf011c,100c0c01d0098041:1100c0c445c0c,win,3,5,7,mate in 4,1,2,1,1,0,0,0,3,28
e57fd986781e,97042b01a:9200082094ae1,win,9,17,37,mate in 19,1,8,0,0,0,8,5,4,27
2529389b0bff,100251904c034:804080080a91989,win,2,3,3,mate in 2,0,2,1,1,0,0,1,1,27
450f7cde08fd,900201122c32a:1020500942093011,win,2,3,3,mate in 2,0,2,1,1,0,0,0,2,28
e2c6f09cc0e3,1009005c20bc:800841181d341,win,2,3,3,mate in 2,1,1,1,0,0,0,0,2,27
9d8bc763d407,500040c08921c8:41901150d015,win,7,13,19,mate in 10,5,2,1,1,0,0,2,5,27
6cd11df43398,900201120c32a:1020500940093011,win,2,3,3,mate in 2,0,2,1,1,0,0,0,2,26
2deddbbee539,15000418131831:20013010ca30e,win,2,3,3,mate in 2,1,1,1,0,0,0,0,2,28
a92c53eb1992,1900200229c30c:8100811981101031,win,2,3,3,mate in 2,0,2,1,1,0,0,0,2,28
0829b30ce636,282298006802a:800c000602291285,win,4,7,7,mate in 4,0,4,1,1,0,2,1,3,27
1557b5ea6185,90100d4814281:848903089508,win,8,15,23,mate in 12,0,8,1,0,0,7,5,3,26
e78e2ee8880a,2010800497542:428532803d,win,3,5,5,mate in 3,2,1,1,0,0,0,0,3,27
1fab5a9f4571,18c2115394:801980810088a00b,win,2,3,3,mate in 2,0,2,1,1,0,0,0,2,28
42fb16fd5c58,400481000bae1:4036c451e,win,2,3,3,mate in 2,1,1,1,0,0,0,1,1,27
0f232656e127,c000900341097:21002411898928,win,3,5,5,mate in 3,1,2,1,1,0,0,0,3,27
a78ec73a7c84,28200080392381:1292100907c,win,3,5,5,mate in 3,1,2,1,1,0,0,1,2,26
b6153c2c4b6a,10098009502040a1:8000502084099c0a,win,14,27,35,mate in 18,3,11,1,0,0,10,7,7,27
17f98e8eb1ae,10080040830a4153:920850519228,win,10,19,35,mate in 18,0,10,1,0,0,9,8,2,28
eb5a58b7d3d2,100811020004838d:80028008910a5802,win,3,5,5,mate in 3,2,1,1,0,0,0,0,3,26
b321933005cf,4800cc8a210a8:1022100ce817,win,3,5,7,mate in 4,1,2,1,1,0,0,1,2,28
589fad2841fe,4860016301448:4000044804c8235,win,5,9,9,mate in 5,4,1,1,0,0,0,0,5,26
0ae1950a2272,a82890894c:20082800802c30b1,win,2,3,3,mate in 2,1,1,1,0,0,0,0,2,27
d7a5d08dc151,10c394549:90028c00098b4,win,8,15,31,mate in 16,3,5,1,0,0,4,3,5,26
5be9a7952708,1004990481c50:804880100811a029,win,2,3,3,mate in 2,1,1,1,0,0,0,0,2,26
856c50b036b7,900d1009a045:9009004081441918,win,2,3,3,mate in 2,1,1,1,0,0,0,0,2,27
91ce871553a5,1100410a390a8:1000800b880c0807,win,2,3,3,mate in 2,1,1,1,0,0,0,0,2,26
e261fea8b887,902980b110c1:900100c01048c03c,win,2,3,3,mate in 2,0,2,1,1,0,0,0,2,28
c348013271cd,11ad0088151:8008c00001125a0a,win,2,3,3,mate in 2,1,1,1,0,0,0,1,1,26
f68e415834cd,180869101140e:900011010086a1a1,win,2,3,3,mate in 2,1,1,1,0,0,0,1,1,28
f00b1d271dfe,20b0284408d400:90084000b02021ac,win,9,17,21,mate in 11,1,8,1,1,0,6,4,5,27
18625cbd7d5b,90408cc28b004:8000902110014c69,win,8,15,29,mate in 15,0,8,1,0,0,7,5,3,28
2cbd02dd4606,1200121084a80b:1800e81a5094,win,2,3,3,mate in 2,1,1,1,0,0,0,0,2,27
2bc742520443,1008058a4894c:204021040174b1,win,8,15,15,mate in 8,1,7,1,1,0,5,6,2,28
1d787cd76310,1904808991019:108800819040a9c0,win,4,7,7,mate in 4,2,2,1,1,0,0,0,4,28
ee29b2786931,2002001285168c:200002485308171,win,4,7,7,mate in 4,3,1,1,0,0,0,0,4,27
8be5e9a896ef,100900c885018045:40940110c81588,win,2,3,3,mate in 2,1,1,1,0,0,0,0,2,28
1d9cc0578ff4,201420980854a0:1008008804a18b09,win,2,3,3,mate in 2,1,1,1,0,0,0,0,2,27
baa3caef5f3d,1c4c184888408:c4480008404150c1,win,2,3,3,mate in 2,1,1,1,0,0,0,0,2,28
4c7d2da23a6c,104880250041902c:80201048902c4441,win,2,3,3,mate in 2,0,2,1,1,0,0,1,1,28
f9c5a3c9daa9,1600884198508:8041171007011,win,2,3,3,mate in 2,1,1,1,0,0,0,0,2,26
da68ece7f672,28100804258039:9000803091181504,win,2,3,3,mate in 2,1,1,1,0,0,0,0,2,27
f94605cdb26e,1906100589090:9008000890a10069,win,3,5,5,mate in 3,1,2,1,1,0,0,0,3,26
3c2fdebdb9b4,3100290310845:1000086108429032,win,2,3,3,mate in 2,1,1,1,0,0,0,0,2,26
a443abd2e820,1c44184888408:c4080008404150c1,win,2,3,3,mate in 2,1,1,1,0,0,0,0,2,26
bb1b73bd3027,208002c1207149:5021101382b2,win,2,3,3,mate in 2,1,1,1,0,0,0,0,2,28
9c4a43f87452,1118895018094:10000411009c3509,win,2,3,3,mate in 2,1,1,1,0,0,0,0,2,28
0a6f1f84bedd,208220388009203:8808320b6818,win,3,5,5,mate in 3,2,1,1,0,0,0,1,2,27
20e619e704e4,1080820a1892029:8001890820d9c0,win,2,3,3,mate in 2,1,1,1,0,0,0,0,2,28
8db365a9961c,108022092083604:1200110801248129,win,3,5,5,mate in 3,2,1,1,0,0,0,0,3,26
1c5d17564dbc,221001242a7408:10422d00181a3,win,4,7,7,mate in 4,3,1,1,0,0,0,0,4,28
fc6905c4a5d2,1085008c004c00d:5001010111091182,win,2,3,3,mate in 2,0,2,1,1,0,0,0,2,26
e25772e3796e,10001b2249428:1000302040016255,win,2,3,3,mate in 2,1,1,1,0,0,0,0,2,26
8d27fa08ce99,18020928c8205:80801289002110a8,win,3,5,5,mate in 3,2,1,1,0,0,0,1,2,26
39dcdcc76c8a,180211080022820b:822190c1964,win,12,23,31,mate in 16,3,9,0,0,1,8,8,4,27
ad08ca9e1cca,c340204b601:1c38493e,win,8,15,27,mate in 14,2,6,0,0,1,5,5,3,27
8ba0d7c17b31,19280064c00d:10000000590b1962,win,3,5,5,mate in 3,1,2,1,1,0,0,0,3,27
268fc619f631,104800400254a311:82009208900810cc,win,3,5,5,mate in 3,1,2,1,1,0,0,1,2,28
548de99450d6,20800cd11e8:8010483008e15,win,2,3,3,mate in 2,1,1,1,0,0,0,0,2,26
634450dff18a,90011084c9844:8000880c9011001b,win,2,3,3,mate in 2,0,2,1,1,0,0,0,2,26
5b284cb6b8fb,1880090805c86:880004010c118259,win,8,15,15,mate in 8,2,6,1,0,0,5,5,3,27
99af390f2b85,1884058402928:28002001a029d041,win,2,3,3,mate in 2,1,1,1,0,0,0,0,2,27
c7e7074598ae,903004288b0a4:8009a103430b,win,4,7,7,mate in 4,3,1,1,0,0,0,0,4,28
cae3e26fd45a,10080002c50b8801:98091800550a,win,2,3,3,mate in 2,1,1,1,0,0,0,0,2,26
5eea6d87f391,1000b90488862:900890200023100d,win,7,13,27,mate in 14,1,6,1,0,0,5,4,3,26
a6b3f9ce9881,28902011c008861:8882c9168c,win,2,3,3,mate in 2,1,1,1,0,0,0,0,2,28
66da9b7dfb73,1149001102919:100009148b9482,win,2,3,3,mate in 2,1,1,1,0,0,0,0,2,27
e5b46434275c,100c112094818401:400040c012c11ac,win,2,3,3,mate in 2,1,1,1,0,0,0,0,2,28
bcac7bdda48a,1c00290291221:d00012014202c00a,win,7,13,19,mate in 10,1,6,0,0,0,6,5,2,26
385c85ecc180,28902004429261:8000020a92280c8a,win,2,3,3,mate in 2,0,2,1,1,0,0,1,1,28
1235bee86f79,2104001458e049:9021e02114b0,win,2,3,3,mate in 2,1,1,1,0,0,0,0,2,28
6e0222c479cf,81100093288229:28100c135d2,win,7,13,17,mate in 9,1,6,0,0,1,5,5,2,28
46353c2ed45d,3904b80018018:80080000504a5143,win,3,5,7,mate in 4,1,2,1,1,0,0,0,3,26
cdf793c5488a,4220ca0882308:200800801204d097,win,2,3,3,mate in 2,1,1,1,0,0,0,1,1,27
4f56787f6725,340922081708:100900001441a863,win,2,3,3,mate in 2,1,1,1,0,0,0,0,2,27
2d8ba94d59bb,10002102b21c3:2002982809e28,win,5,9,9,mate in 5,0,5,1,1,0,3,2,3,27
a6df17af3e16,a0000d414c094:8000c40a000a140b,win,6,11,13,mate in 7,2,4,1,0,0,3,4,2,26
b3c6c5226d65,10200a0aaa541:a003020502be,win,2,3,3,mate in 2,1,1,1,0,0,0,0,2,28
75af9a01bdf2,104802c20009d003:200100892c222c8,win,3,5,7,mate in 4,1,2,1,1,0,0,1,2,28
5f0c5efc7940,1409800584001c01:1408300da03c,win,7,13,19,mate in 10,1,6,1,0,0,5,5,2,27
9ca7d4fda21d,93004908c2009:b00080892001d084,win,2,3,3,mate in 2,0,2,1,1,0,0,0,2,27
b08fe65ec0cf,100812004021990a:200028160866a1,win,2,3,3,mate in 2,0,2,1,1,0,0,0,2,27
1fa197b6f33d,62806240c45:400004408495328,win,2,3,3,mate in 2,1,1,1,0,0,0,0,2,26
3cfbceb0edc0,c12009450841a:1000000c020c3b45,win,3,5,5,mate in 3,2,1,1,0,0,0,0,3,28
4309048d81fc,622460848b:2000d0867864,win,3,5,7,mate in 4,1,2,1,1,0,0,0,3,27
3e367029c981,9010d22c821:8208022a001350a,win,3,5,5,mate in 3,1,2,1,1,0,0,0,3,27
86d43e9c1d2d,10300b510a218:9000900902091521,win,2,3,3,mate in 2,0,2,1,1,0,0,0,2,28
b5abad1f2e22,10008328e3088:208220700018207,win,3,5,5,mate in 3,2,1,1,0,0,0,1,2,26
4ccc3c3becba,100c004500501845:401008180dc098,win,4,7,7,mate in 4,3,1,1,0,0,0,0,4,26
630c6a803e72,100c004540501845:401008180dc0b8,win,4,7,7,mate in 4,3,1,1,0,0,0,0,4,28
a52a567051a7,27020483aa:90208812b2805,win,2,3,3,mate in 2,1,1,1,0,0,0,0,2,27
6a2e56613e23,a0008120d3824:20002270022820b,win,2,3,3,mate in 2,0,2,1,1,0,0,0,2,26
251f653b656a,a0008130d3824:20002270022830b,win,2,3,3,mate in 2,0,2,1,1,0,0,0,2,28
2f31edff44f5,28902090087822:9000000a0022874d,win,5,9,9,mate in 5,1,4,1,1,0,2,2,3,28
d5e86bbd9522,1011032841194:12858111a209,win,7,13,33,mate in 17,2,5,0,0,1,4,3,4,27
ec54a09505fb,100c884590009044:80011008084d2889,win,2,3,3,mate in 2,0,2,1,1,0,0,0,2,28
cd1771226dcc,4900c1002301e:90080000a21dc201,win,2,3,3,mate in 2,1,1,1,0,0,0,0,2,27
57f345200aa5,110884029c223:3328234cc,win,3,5,5,mate in 3,2,1,1,0,0,0,1,2,28
961606a0c0ef,4985465041:4144004009850e,win,2,3,3,mate in 2,1,1,1,0,0,0,0,2,26
4d536ee3e10c,4401469003099:100180909cc904,win,2,3,3,mate in 2,1,1,1,0,0,0,1,1,28
c043a88af84f,9124090059124:10000009024a42cb,win,2,3,3,mate in 2,1,1,1,0,0,0,0,2,28
21578d213d1b,410c908201961:490cd849c,win,9,17,21,mate in 11,1,8,1,0,0,7,5,4,28
90777ec14ba8,21020c04a184b:2040031025c234,win,2,3,3,mate in 2,1,1,1,0,0,0,0,2,28
558155b6158a,280000019b22d:acc224c52,win,3,5,5,mate in 3,2,1,1,0,0,0,0,3,27
2f992f0b6d1e,2914021121140c:10020029040e8123,win,2,3,3,mate in 2,0,2,1,1,0,0,1,1,28
e3c63c905a89,5900d11013028:10002120a02c8905,win,3,5,5,mate in 3,2,1,1,0,0,0,1,2,28
023596f5d6b1,7100813099201:120802070006410e,win,2,3,3,mate in 2,0,2,1,1,0,0,0,2,28
6d2f2fed8cfe,141000119408a03:b4082115158,win,2,3,3,mate in 2,1,1,1,0,0,0,0,2,27
2fac87fba63b,410489882c089:10020006404c1946,win,2,3,3,mate in 2,0,2,1,1,0,0,0,2,28
031ce00c668d,18090c0014200c0c:4001029080990a3,win,2,3,3,mate in 2,0,2,1,1,0,0,1,1,27
ade3e5cf319a,81100b4000c059:8408010db3082,win,2,3,3,mate in 2,1,1,1,0,0,0,0,2,27
7c1d1234adf9,7100812099201:100802070006410e,win,2,3,3,mate in 2,1,1,1,0,0,0,1,1,26
e38d5242d21a,180c09c400c49:80400409008990b2,win,2,3,3,mate in 2,1,1,1,0,0,0,0,2,28
10bb0c9e128e,9c010d0491004:490310c359,win,3,5,5,mate in 3,2,1,1,0,0,0,0,3,27
38e7b6044ee1,3009081010091892:30092890e00d,win,2,3,3,mate in 2,1,1,1,0,0,0,1,1,28
56a0bd4070b5,2200b90412602:80098000200a906d,win,3,5,5,mate in 3,1,2,1,1,0,0,1,2,27
c4bc035950e6,960091089b002:82e006419d,win,2,3,3,mate in 2,1,1,1,0,0,0,0,2,28
dff6812bc980,9248195019000:1000110820882589,win,3,5,5,mate in 3,2,1,1,0,0,0,0,3,26
89a6833e46ff,1008910120039081:1200a9108214a,win,3,5,7,mate in 4,1,2,1,1,0,0,1,2,26
e68c4aac8d85,2138002c003c08:3800042110298023,win,2,3,3,mate in 2,1,1,1,0,0,0,0,2,27
b824cce5a071,10880049001843c:80000118011c5981,win,4,7,7,mate in 4,2,2,1,1,0,0,2,2,27
dc0561f6c852,140010095108438:46002691343,win,2,3,3,mate in 2,1,1,1,0,0,0,0,2,27
47aecf13649b,540004b0112a81:90d000c4905c,win,3,5,7,mate in 4,1,2,1,1,0,0,1,2,28
c1ebbc41bd75,21c0c0c01821a:10010003100e1d05,win,5,9,13,mate in 7,0,5,1,0,0,4,3,2,28
50e57cd4ed3e,16115228036:21041080515541,win,2,3,3,mate in 2,1,1,1,0,0,0,0,2,28
1c741398a023,4a2008000ba381:242b2c0144a,win,2,3,3,mate in 2,1,1,1,0,0,0,0,2,28
9a540481ab8b,649040004095028:26902608645,win,3,5,9,mate in 5,0,3,0,0,1,2,2,1,27
5105eb1b291f,200088044d6c1:7120b202e,win,4,7,7,mate in 4,2,2,1,1,0,0,0,4,26
b8b2d08e127e,2000880c4d6c1:8007120b202e,win,3,5,7,mate in 4,1,2,1,1,0,0,0,3,28
b60772f54342,108020008492899:15813109340,win,2,3,3,mate in 2,1,1,1,0,0,0,0,2,26
3cf481f5946a,20005040790c6:44044200d80519,win,3,5,9,mate in 5,2,1,0,0,1,0,1,2,27
73841dd71b6a,9105ca0189004:8000a0011045205b,win,2,3,3,mate in 2,1,1,1,0,0,0,0,2,28
f3a3029a5dc0,11c20820c140e:80000031c238a21,win,2,3,3,mate in 2,1,1,1,0,0,0,1,1,28
d1f79d4f267f,50904009405020b:830903089584,win,2,3,3,mate in 2,1,1,1,0,0,0,0,2,28
ce2720cc08b7,9922803208508:8400050194091221,win,4,7,9,mate in 5,1,3,1,1,0,1,1,3,28
939d1a5a23cf,1709020181909:100000015981e490,win,2,3,3,mate in 2,1,1,1,0,0,0,0,2,28
2603cc784a85,4000099291868:9012d00048305,win,2,3,3,mate in 2,0,2,1,1,0,0,0,2,26
e0242316a47e,9b010b8008181:900000090119381c,win,5,9,9,mate in 5,4,1,1,0,0,0,1,4,28
c1e462922e4f,1028900b4225:900082002224b01a,win,3,5,5,mate in 3,2,1,1,0,0,0,1,2,27
b5c3c176e2b1,1081000026198c18:328910803381,win,12,23,35,mate in 18,3,9,1,0,0,8,8,4,28
7e82d9e66a4b,10284000d000c518:40001028052910a1,win,3,5,5,mate in 3,1,2,1,1,0,0,0,3,26
3428e70c2f12,990088c01b002:90000c01100a4c19,win,2,3,3,mate in 2,1,1,1,0,0,0,1,1,27
e15822b71491,2800000ce01a43:628920885a8,win,12,23,25,mate in 13,1,11,1,1,0,9,6,6,27
c383b8c3de00,220094904d015:106301b290a,win,2,3,3,mate in 2,1,1,1,0,0,0,1,1,28
5cddf72b677f,502101c019849:4d025c0694,win,10,19,23,mate in 12,0,10,1,1,0,8,8,2,28
d945cc0ce3b4,90c00882b8502:8000802b04003839,win,2,3,3,mate in 2,1,1,1,0,0,0,0,2,28
4c29bac44c89,40001148b80ca:1009140c00041c05,win,2,3,3,mate in 2,1,1,1,0,0,0,0,2,26
72fb0acebb8f,41040c8c418c1:8040c8041009c00e,win,2,3,3,mate in 2,1,1,1,0,0,0,0,2,28
43a2f39a7217,108000b110c0922:100211048023900d,win,2,3,3,mate in 2,1,1,1,0,0,0,0,2,27
a04e621817e4,1086008290213009:30042086c8a6,win,2,3,3,mate in 2,1,1,1,0,0,0,0,2,28
75f451222833,5d8281827:100c98280005c108,win,7,13,33,mate in 17,0,7,0,0,1,6,3,4,28
bf5753f5e3b7,108000489609844:968100d4129,win,7,13,31,mate in 16,1,6,0,0,1,5,3,4,27
e7f82c91fb92,21010b0983081:901080020222823a,win,12,23,31,mate in 16,0,12,1,0,0,11,4,8,27
0af10dfcdc74,21210b0983081:901080020222823a,win,15,29,33,mate in 17,1,14,1,0,0,13,3,12,28
4f45c5e14f3e,2050005088c681:400800290021303a,win,8,15,25,mate in 13,2,6,1,1,0,4,5,3,26
251a3f8b1bca,18141901853:500050001049e188,win,2,3,3,mate in 2,1,1,1,0,0,0,0,2,27
588ae9844e56,1880b0a0814081:808000080038b838,win,2,3,3,mate in 2,1,1,1,0,0,0,0,2,26
9eabe0a80b22,1888b0a0814081:808000080838b838,win,2,3,3,mate in 2,1,1,1,0,0,0,0,2,28
ae26f5f4946d,910131020c038:28281b3a03,win,3,5,5,mate in 3,2,1,1,0,0,0,1,2,27
b41a2a84ce60,9000081453129:8000914910088054,win,11,21,29,mate in 15,1,10,1,0,0,9,9,2,26
957052df3245,480239001884b:80010004002671b4,win,7,13,31,mate in 16,0,7,1,0,0,6,4,3,28
c9c1c4e430e5,29051217a:1000914001029681,win,2,3,3,mate in 2,0,2,1,1,0,0,0,2,26
9402fe958f07,c401012429252:4cc01c488d,win,3,5,7,mate in 4,2,1,0,0,1,0,1,2,28
9301dbfd9c02,208400900c1685:1000102806a0a02a,win,4,7,7,mate in 4,2,2,1,1,0,0,0,4,26
578c3c603196,40980098001d804:80000400748824c9,win,2,3,3,mate in 2,0,2,1,1,0,0,0,2,27
2bc708f2620e,9301040194118:10100009b200b205,win,2,3,3,mate in 2,1,1,1,0,0,0,0,2,27
65c93260f7cb,212001a0804cb:1200000300471b04,win,2,3,3,mate in 2,1,1,1,0,0,0,0,2,26
93470525dc3c,100803415002c301:150080349106a,win,5,9,9,mate in 5,4,1,1,0,0,0,1,4,28
0f3025232bfa,100881218008c188:8021100851211821,win,2,3,3,mate in 2,0,2,1,1,0,0,0,2,27
b11d220c6d21,2090001822090c5:8040826800490238,win,2,3,3,mate in 2,1,1,1,0,0,0,0,2,27
b4d1d6bd7e56,a9000128b4209:9080428ac0009082,win,2,3,3,mate in 2,0,2,1,1,0,0,0,2,28
c272a3b4ec0f,6580ac0015081:50000004180e884e,win,3,5,9,mate in 5,0,3,0,0,0,3,2,1,28
2ab5281bf2f2,110408481845c:8840910487083,win,2,3,3,mate in 2,0,2,1,1,0,0,1,1,27
45492919bd71,205000118492458:10001a0402049b05,win,2,3,3,mate in 2,1,1,1,0,0,0,1,1,28
c4031b997fb2,104986482045:904182001001d608,win,4,7,7,mate in 4,2,2,1,1,0,0,0,4,27
baaeb806d429,3000097090305:1008140b0002940a,win,10,19,31,mate in 16,2,8,0,0,1,7,8,2,26
8d078d07690d,98468808814c0:802000810461a039,win,2,3,3,mate in 2,1,1,1,0,0,0,0,2,28
a2637600ab89,281028106600d:2000200432889382,win,8,15,33,mate in 17,0,8,1,0,0,7,5,3,27
94ba877ab4f6,141038aa312:81018000805110e9,win,5,9,9,mate in 5,0,5,1,1,0,3,4,1,28
af99300d3997,9118190299010:10200038019003a9,win,2,3,3,mate in 2,1,1,1,0,0,0,0,2,28
762c7e4d39d8,200110901c1509:1000142c0520a034,win,2,3,3,mate in 2,1,1,1,0,0,0,0,2,27
029a11767d7d,1409080188088025:20142814211c08,win,2,3,3,mate in 2,1,1,1,0,0,0,0,2,26
a2f897aeae58,10c08279462:100810601148090d,win,2,3,3,mate in 2,0,2,1,1,0,0,0,2,28
54b356ce5146,142085000b84a:8000183094785,win,9,17,27,mate in 14,3,6,1,0,0,5,6,3,27
d3bd3f0c59ea,18900194012421:800100182038d01a,win,2,3,3,mate in 2,1,1,1,0,0,0,0,2,27
917a70c8389b,980009044145e:8000000d2009e2a1,win,7,13,31,mate in 16,2,5,1,0,0,4,5,2,28
c6543ede091d,10098080008aa219:80100bb2011086,win,7,13,23,mate in 12,0,7,1,0,0,6,3,4,28
36be828336dc,206020a0284053:100494041b628,win,3,5,5,mate in 3,2,1,1,0,0,0,0,3,27
355a87f9f765,a401004139c04:10040a400c611b,win,12,23,37,mate in 19,2,10,1,0,0,9,4,8,27
ee214d6cbbf0,10832109090a201:1000010823085598,win,2,3,3,mate in 2,1,1,1,0,0,0,0,2,28
1ab8c6b7dd4b,100800908091109a:90100a100e8a05,win,3,5,7,mate in 4,1,2,1,1,0,0,0,3,27
16cbc0ea323c,22520042a8023:1200002a1013588,win,2,3,3,mate in 2,1,1,1,0,0,0,0,2,26
07b22a1fb927,4001590070312:800183000318900d,win,2,3,3,mate in 2,1,1,1,0,0,0,0,2,27
9c56e89fa304,1009010c00818983:9003910e300c,win,3,5,9,mate in 5,1,2,1,1,0,0,1,2,28
3e6705cdb437,110111812980c:1000000c800d2493,win,2,3,3,mate in 2,1,1,1,0,0,0,1,1,26
4e8ca8c62f97,110131812980c:1004000c800d2493,win,2,3,3,mate in 2,1,1,1,0,0,0,1,1,28
b4908e4ad09c,2100809224904e:80088029008902b1,win,2,3,3,mate in 2,0,2,1,1,0,0,0,2,28
135c14cce62b,100c00414901d801:1100c104c21cc,win,3,5,5,mate in 3,2,1,1,0,0,0,1,2,28
3724dc74c5f4,900084380e381:8001b009187a,win,3,5,5,mate in 3,2,1,1,0,0,0,1,2,28
5939ca1afc99,20890081028d024:1000022082902699,win,4,7,9,mate in 5,1,3,1,0,0,2,2,2,27
fe845bc1e963,2498254815:59001400890aa,win,2,3,3,mate in 2,1,1,1,0,0,0,0,2,26
a736f5baeee0,100920100c018859:140930583484,win,5,9,11,mate in 6,0,5,1,1,0,3,2,3,28
b192579bff81,1891190108418:9810100009211921,win,2,3,3,mate in 2,1,1,1,0,0,0,1,1,27
f641143b5310,199281121a:20102004118e1c1,win,2,3,3,mate in 2,1,1,1,0,0,0,1,1,27
15622b3d9dfc,10028130aa305:a3003202110aa,win,6,11,11,mate in 6,5,1,1,0,0,0,1,5,28
2fc43f993e3d,100c800c8205c008:8001100110881aa5,win,2,3,3,mate in 2,0,2,1,1,0,0,0,2,27
94aea985989a,b800912081d04:13028903820b,win,3,5,7,mate in 4,1,2,1,1,0,0,0,3,28
a1096dbffefe,2101c10084c4a:80002843690b4,win,4,7,7,mate in 4,3,1,1,0,0,0,1,3,27
d619d4d6af55,20984010486849:80400028c9219120,win,11,21,33,mate in 17,2,9,1,0,0,8,3,8,28
ff2d7a5dbb8a,209008049813108:4a092208ca81,win,3,5,9,mate in 5,0,3,0,0,1,2,2,1,27
a7c3bd77a824,170d01098205:1005000016045d48,win,2,3,3,mate in 2,1,1,1,0,0,0,1,1,28
4eebaef19082,2902e2583:800a800d0081902c,win,3,5,9,mate in 5,1,2,1,1,0,0,0,3,27
4bbcbda459ad,6e3044800e:c3000002a3461,win,2,3,3,mate in 2,1,1,1,0,0,0,0,2,26
e9d240282a9c,6eb044800e:2c3000002a3461,win,2,3,3,mate in 2,1,1,1,0,0,0,0,2,28
b59165561cb4,1008800108b088a5:1898900d1418,win,4,7,7,mate in 4,3,1,1,0,0,0,1,3,28
63d767d31f9f,b05012c0c3:9080900280a01038,win,9,17,27,mate in 14,1,8,1,0,0,7,7,2,26
5202a1b5eb5e,200017404508d:8040e800ba402,win,4,7,7,mate in 4,2,2,1,1,0,0,0,4,26
0dc02ef86ae2,908005e41c108:400070901081e41,win,6,11,13,mate in 7,1,5,1,1,0,3,2,4,28
2ad940a6a427,21040584241089:810a810898424,win,5,9,11,mate in 6,1,4,1,1,0,2,2,3,26
862cc8e9b3ad,8091801808c300c:8080a08838018881,win,7,13,31,mate in 16,3,4,0,0,1,3,2,5,28
c9d758142781,100115a108451:10020001615b2c,win,2,3,3,mate in 2,0,2,1,1,0,0,0,2,27
e12f0c0debe8,4170093000d008:10080040404b2943,win,2,3,3,mate in 2,0,2,1,1,0,0,0,2,27
6633ad28c7e3,1009016100a09441:1008954901ac,win,8,15,27,mate in 14,0,8,1,0,0,7,3,5,28
106516dd21ee,20a100831003098:10000202028a8347,win,8,15,37,mate in 19,1,7,0,0,1,6,5,3,27
0654761e98f2,61a6007448:400060000718237,win,5,9,17,mate in 9,0,5,0,0,1,4,3,2,27
83965bdaa2f6,241a2c110a1:130001108a358,win,4,7,9,mate in 5,2,2,1,1,0,0,0,4,26
1a16158d048c,1019100494108011:80008419000d140c,win,2,3,3,mate in 2,1,1,1,0,0,0,0,2,26
725847cd9b21,101d100494108011:84008419000d140c,win,2,3,3,mate in 2,1,1,1,0,0,0,0,2,28
2c564c5e73f7,89104190402069:104000880889d890,win,2,3,3,mate in 2,1,1,1,0,0,0,0,2,28
6f4f05fead3d,41850880003530:8008004105698049,win,2,3,3,mate in 2,1,1,1,0,0,0,0,2,27
ae9acb256949,91000e005b041:1000a009100a480e,win,2,3,3,mate in 2,1,1,1,0,0,0,0,2,26
e5810ea6e7dd,91000e045b041:1000e009100a480e,win,2,3,3,mate in 2,1,1,1,0,0,0,0,2,28
4040f1851042,910086400e508:c40190091817,win,2,3,3,mate in 2,1,1,1,0,0,0,0,2,27
9848306212eb,c4080120c9091:920cc080430c,win,2,3,3,mate in 2,1,1,1,0,0,0,0,2,26
0a40392abd6d,100c4080120c9091:200920cc080430c,win,2,3,3,mate in 2,1,1,1,0,0,0,0,2,28
9080eb346a9b,2010149110c508:1100052004251035,win,2,3,3,mate in 2,1,1,1,0,0,0,0,2,27
4183379b06d6,c180010041834c:c4a09c3091,win,2,3,3,mate in 2,1,1,1,0,0,0,0,2,27
bfcdb2b5bd97,14091040d148c:14001400d090c051,win,2,3,3,mate in 2,0,2,1,1,0,0,0,2,28
d025d09340b1,14000250a150e:40000103c021e021,win,3,5,5,mate in 3,1,2,1,1,0,0,0,3,26
7862b9c41bb5,16000250a150e:40000103d021e021,win,3,5,5,mate in 3,1,2,1,1,0,0,0,3,28
6a28cd0a87ef,92001d204c205:3000100820093d48,win,2,3,3,mate in 2,0,2,1,1,0,0,1,1,28
493a4f5b52e4,1800a13289422:1008120180032b09,win,3,5,9,mate in 5,0,3,1,0,0,2,2,1,28
f9fee4d78d70,1009a80018112081:80001009a0089c18,win,2,3,3,mate in 2,1,1,1,0,0,0,0,2,26
668539bcf441,1009a80018912081:80001009a0089c38,win,2,3,3,mate in 2,1,1,1,0,0,0,0,2,28
0cb57cc66085,20080148534a8:8010070002c907,win,2,3,3,mate in 2,0,2,1,1,0,0,0,2,26
f7e34cbc7477,20080168534a8:8010070002cb07,win,2,3,3,mate in 2,0,2,1,1,0,0,0,2,28
a4c1f071bb70,9000b3502c009:1400350080093502,win,2,3,3,mate in 2,1,1,1,0,0,0,0,2,28
2d37d64658da,180a088a0a828:88200801300d1085,win,3,5,5,mate in 3,2,1,1,0,0,0,0,3,27
39efac420bc2,160046020b601:300410211405402c,win,2,3,3,mate in 2,1,1,1,0,0,0,0,2,27
fc32df4b3b2f,1099c8111098:501840001088e805,win,2,3,3,mate in 2,1,1,1,0,0,0,1,1,28
b649e3efe598,900093502c009:1000350080093502,win,2,3,3,mate in 2,1,1,1,0,0,0,0,2,26
91eeafc2d5f7,100800893041c281:1720042883058,win,8,15,31,mate in 16,0,8,1,0,0,7,2,6,28
285cf0f19668,21011100318aa:100000a240b8c015,win,2,3,3,mate in 2,1,1,1,0,0,0,0,2,27
31f686c19611,8180011820a928:90001080c0895081,win,2,3,3,mate in 2,1,1,1,0,0,0,0,2,26
eae232a0aa56,1100720921203:222101205609c,win,2,3,3,mate in 2,0,2,1,1,0,0,0,2,27
e6dd86eb95a1,9600784b8:90187a47,win,3,5,5,mate in 3,2,1,1,0,0,0,1,2,26
d7d4e314cb66,38080090809845:1038087800b8,win,2,3,3,mate in 2,0,2,1,1,0,0,0,2,26
92852e3ce974,10080022d0228c01:40054080c08502a,win,2,3,3,mate in 2,1,1,1,0,0,0,0,2,26
6407c885263a,100c10108008cc12:2800e5016100d,win,3,5,9,mate in 5,1,2,1,1,0,0,0,3,27
41f04c331425,2009001830308213:10320102097828,win,3,5,9,mate in 5,0,3,0,0,0,3,2,1,28
ffcda1ded363,82690cc0c9:94400c33906,win,2,3,3,mate in 2,1,1,1,0,0,0,1,1,28
42dd35a057aa,10007100dc114:100e10080092108b,win,7,13,15,mate in 8,2,5,1,0,0,4,3,4,27
77497a267097,29000100d1958:9001000381028287,win,4,7,7,mate in 4,3,1,1,0,0,0,0,4,27
621deaa4581a,100800065018205a:30182047d005,win,2,3,3,mate in 2,1,1,1,0,0,0,0,2,27
8b90e6185def,e1008504809041:460006d05ac,win,8,15,21,mate in 11,2,6,1,0,0,5,4,4,27
7b2051bad1a0,118980c010019180:40110981c84049,win,2,3,3,mate in 2,1,1,1,0,0,0,0,2,28
b247f2bba192,19804981008058:8000011010597901,win,8,15,23,mate in 12,3,5,1,0,0,4,3,5,27
223b20fe2021,a092254219:8080d000408090a6,win,2,3,3,mate in 2,0,2,1,1,0,0,1,1,26
0955f35c2ebc,40104098420103a:80088022101ba401,win,2,3,3,mate in 2,1,1,1,0,0,0,0,2,27
0fd51adcc5ab,c008c048a01a2:8004201125940d,win,2,3,3,mate in 2,1,1,1,0,0,0,0,2,27
3e40224dccd8,29000e208b084:800440061006421b,win,2,3,3,mate in 2,1,1,1,0,0,0,0,2,27
9403709bb782,1008010a0041825d:1050911a7102,win,4,7,7,mate in 4,2,2,1,1,0,0,1,3,28
b536af07ee48,10480200c009c019:8200d04812401240,win,2,3,3,mate in 2,1,1,1,0,0,0,1,1,26
68103bd7cb6c,42138052cc8:100118000460d027,win,3,5,7,mate in 4,1,2,1,1,0,0,0,3,28
d5d16ebfaffe,10400083c9498:102d94010825,win,9,17,19,mate in 10,0,9,1,1,0,7,7,2,26
926a38dd717b,10080809084830c2:10c09083890d,win,2,3,3,mate in 2,1,1,1,0,0,0,0,2,27
1eb4504f7a98,490009409d201:900004042006249e,win,9,17,33,mate in 17,1,8,1,0,0,7,5,4,27
5b9bc0d10cd6,9840010a0d582:800000298509202d,win,3,5,5,mate in 3,2,1,1,0,0,0,0,3,28
63ae8902266d,204c000c02c9024:8000022422016349,win,3,5,9,mate in 5,0,3,0,0,0,3,2,1,27
2ccc18bad8a9,9000296039304:1200120d000c240b,win,2,3,3,mate in 2,0,2,1,1,0,0,0,2,28
b6509c13bf63,1001925108035:1825008009350a,win,8,15,33,mate in 17,2,6,1,1,0,4,5,3,27
02e3aeb61db4,1009025830e8:1028027010210215,win,2,3,3,mate in 2,1,1,1,0,0,0,0,2,27
2983883c279f,9814009821942:8100088980498089,win,3,5,5,mate in 3,1,2,1,1,0,0,0,3,28
f2a4cd3b3230,101d20019b42:10002000101c649d,win,2,3,3,mate in 2,0,2,1,1,0,0,0,2,28
80f98be03433,181888388101a:20802110013c381,win,2,3,3,mate in 2,1,1,1,0,0,0,0,2,28
52b7b0eba951,10901010028d403:40845052b2c,win,8,15,33,mate in 17,1,7,0,0,1,6,4,4,27
990e0c80ff5c,2120002515788:1200000290028877,win,3,5,9,mate in 5,0,3,0,0,1,2,2,1,28
05ab1e2bbee2,40108b04a3818:8801601148147,win,2,3,3,mate in 2,1,1,1,0,0,0,0,2,28
4defe5416a83,100920111a093:80128001b0821508,win,2,3,3,mate in 2,1,1,1,0,0,0,1,1,27
f25b7b3e5484,28102912089880:1001808080a14239,win,2,3,3,mate in 2,0,2,1,1,0,0,0,2,27
4cd66b59b67d,1a0008808081a31:12081b2a18a,win,2,3,3,mate in 2,1,1,1,0,0,0,0,2,27
9572c8d191bc,c0113289930:80801088c016609,win,2,3,3,mate in 2,1,1,1,0,0,0,0,2,28
db2835d93b87,50000816215a3:45040de05c,win,2,3,3,mate in 2,1,1,1,0,0,0,0,2,28
9807ba1dd696,33000c204a30c:3000020730035003,win,2,3,3,mate in 2,0,2,1,1,0,0,0,2,28
689c71f71f94,80310019080a308:80a082b18a3,win,7,13,19,mate in 10,2,5,0,0,0,5,5,2,27
005e25f0ecd3,81008a80099106:8000138a228a9,win,2,3,3,mate in 2,1,1,1,0,0,0,1,1,27
bd1333e062a8,50094100810b4801:810090095000b10a,win,2,3,3,mate in 2,1,1,1,0,0,0,0,2,28
78c6d8b953d8,40020062a8643:8008820c8005102c,win,2,3,3,mate in 2,0,2,1,1,0,0,0,2,26
b9d113ed30aa,1b01004199018:20100001b1042525,win,8,15,33,mate in 17,3,5,1,0,0,4,4,4,27
af1ce68cc97b,c001010639432:10104c041c084d,win,2,3,3,mate in 2,0,2,1,1,0,0,0,2,28
a85cbdd36bd2,190b405858:10240d0198301,win,3,5,5,mate in 3,2,1,1,0,0,0,0,3,26
50301e2d612e,900218008ea11:20420842611068,win,3,5,5,mate in 3,1,2,1,1,0,0,0,3,26
09d504524f6a,18011d204940c:8400460004194213,win,2,3,3,mate in 2,1,1,1,0,0,0,0,2,28
5412c6f59444,9114011403403:10000009c409c14c,win,2,3,3,mate in 2,1,1,1,0,0,0,0,2,27
3e89916ba9d9,2880aa8091009:900810011002ac12,win,2,3,3,mate in 2,1,1,1,0,0,0,0,2,26
dfbd50c3a129,2881aa8091009:900810011012ac12,win,2,3,3,mate in 2,1,1,1,0,0,0,0,2,28
f267e433c6b0,1018101047089402:4081017431d,win,3,5,5,mate in 3,1,2,1,1,0,0,1,2,28
5759c5cd0f82,4400073093201:5008130c0004410c,win,2,3,3,mate in 2,1,1,1,0,0,0,1,1,26
7403f9c63837,20902408809c201:8000c00952401848,win,3,5,5,mate in 3,2,1,1,0,0,0,0,3,26
e04bc3291f16,2090a408809c201:8000c0095240184a,win,3,5,5,mate in 3,2,1,1,0,0,0,0,3,28
b22775c87b85,2908c9080c048:80000042004e3496,win,3,5,5,mate in 3,2,1,1,0,0,0,1,2,27
801684849ca2,100800010195a098:1101c10081907,win,4,7,9,mate in 5,2,2,1,1,0,0,0,4,26
11c6cc9af483,40230822b000b:8200800410149234,win,3,5,5,mate in 3,2,1,1,0,0,0,0,3,26
bc3641bb9b0a,40230822b008b:8200800410149274,win,2,3,3,mate in 2,1,1,1,0,0,0,0,2,28
614e8993bf7b,90411080280818b:80804990c1a14,win,2,3,3,mate in 2,1,1,1,0,0,0,0,2,28
7e819b311acb,1902881028364:90000005102d300b,win,2,3,3,mate in 2,0,2,1,1,0,0,0,2,28
f280c18d3178,1c002080329811:1c090d052e,win,8,15,35,mate in 18,2,6,1,0,0,5,5,3,27
9f0f13d9bf26,183230315024:102240004806281b,win,2,3,3,mate in 2,1,1,1,0,0,0,0,2,28
c753acc99683,180100031001708c:5804c8068903,win,2,3,3,mate in 2,1,1,1,0,0,0,1,1,27
392e33f49070,106088c81c188:8098113081e01,win,2,3,3,mate in 2,0,2,1,1,0,0,0,2,28
44844606eca9,1120292085064:100080010443861b,win,2,3,3,mate in 2,0,2,1,1,0,0,0,2,27
5484a45c6068,2400190014479:104024402b386,win,4,7,7,mate in 4,2,2,1,1,0,0,1,3,27
6e875721492a,28040104aa819:80000002a22112e6,win,3,5,5,mate in 3,1,2,1,1,0,0,0,3,27
24c861d7d006,20990019008100e:9000020a02138311,win,2,3,3,mate in 2,0,2,1,1,0,0,0,2,27
8d0fe00fea87,1850b802010a8:200020150bc503,win,2,3,3,mate in 2,1,1,1,0,0,0,0,2,27
2fc76a83c8a9,180888080b11a:80002101212940a5,win,3,5,7,mate in 4,1,2,1,1,0,0,1,2,27
add36eae70e1,10080069902100a8:61100002489a45,win,9,17,33,mate in 17,1,8,0,0,1,7,4,5,27
5845ecbb1a87,11000c240970c:4411c214863,win,2,3,3,mate in 2,1,1,1,0,0,0,0,2,27
132227c06d33,501d0111500c:10090100580c8911,win,2,3,3,mate in 2,1,1,1,0,0,0,1,1,27
e9242c707512,1048800910099003:80011040a0c029c8,win,2,3,3,mate in 2,1,1,1,0,0,0,1,1,27
10c8510090c5,91040900d11c1:9000800900428c1e,win,2,3,3,mate in 2,1,1,1,0,0,0,0,2,28
58c8f469d1de,81304021c0d208:89920925c1,win,5,9,9,mate in 5,3,2,1,1,0,0,2,3,28
eaca894e6dae,1810080a059105:1000081090180a5a,win,2,3,3,mate in 2,1,1,1,0,0,0,0,2,26
3fe758df554b,100991601815:10090040000dc1e8,win,3,5,5,mate in 3,2,1,1,0,0,0,0,3,27
e904ec320571,10820084401e443:4102210a1b2c,win,8,15,17,mate in 9,3,5,1,1,0,3,2,6,28
96a9aea2a498,201d19051094:280508002018a909,win,2,3,3,mate in 2,1,1,1,0,0,0,0,2,28
a3b2236f5f55,238027000d404:100080008c46284b,win,2,3,3,mate in 2,1,1,1,0,0,0,0,2,27
b60de91be885,2004628029a818:8244217e3,win,4,7,7,mate in 4,3,1,1,0,0,0,0,4,28
3a62a4da29b5,181480302c01b:100020390491344,win,2,3,3,mate in 2,0,2,1,1,0,0,1,1,28
ca291fd46aed,1c003516b2:1a0002100ae04d,win,2,3,3,mate in 2,1,1,1,0,0,0,0,2,28
a977944e325b,110080448bc48:1008040152814283,win,2,3,3,mate in 2,1,1,1,0,0,0,0,2,27
e6e4a4b40af6,289088800da002:9000002110a210ad,win,2,3,3,mate in 2,0,2,1,1,0,0,0,2,27
09b100cd8e99,1280068057808:3808100d90088005,win,5,9,13,mate in 7,3,2,1,1,0,0,1,4,27
d4e8632f3af8,105002405e164:2000200503001e8b,win,2,3,3,mate in 2,1,1,1,0,0,0,0,2,28
52ee7606d2b9,6010010151d081:1006090a0217c,win,2,3,3,mate in 2,1,1,1,0,0,0,0,2,27
89c5094e81d6,9011000410121c3:49813880d808,win,2,3,3,mate in 2,1,1,1,0,0,0,0,2,27
aa69bc8bceee,2000092224484b:80020884bb224,win,2,3,3,mate in 2,1,1,1,0,0,0,0,2,27
35ef696bb40e,1800021468844d:1000145800125132,win,7,13,31,mate in 16,3,4,0,0,0,4,4,3,28
41fa7c03a8d6,8410001a0899082:8400864296d,win,5,9,9,mate in 5,1,4,1,1,0,2,3,2,27
4d3e0fde3fc6,10090405e028c001:40030081405342c,win,2,3,3,mate in 2,1,1,1,0,0,0,0,2,28
7ea04ee141f8,1009100884838111:80911118348a,win,2,3,3,mate in 2,1,1,1,0,0,0,0,2,28
0e8f03a3278c,100802001603a601:200300b2008182a,win,6,11,13,mate in 7,1,5,1,0,0,4,4,2,26
619d574945ff,41040296404611:40000416003b0e2,win,4,7,7,mate in 4,2,2,1,1,0,0,0,4,28
1675161543ba,9100904089261:100004209061258c,win,2,3,3,mate in 2,1,1,1,0,0,0,1,1,27
73f279a456eb,8010040108290be:8805885d0841,win,2,3,3,mate in 2,1,1,1,0,0,0,0,2,28
494d67f6a8b4,191820092982:10820011910d019,win,2,3,3,mate in 2,1,1,1,0,0,0,1,1,27
e1b121e3b54a,190004306c301:900001059009100e,win,2,3,3,mate in 2,1,1,1,0,0,0,0,2,26
2a8c611342e3,190004326c301:900001059009102e,win,2,3,3,mate in 2,1,1,1,0,0,0,0,2,28
e7554196cf8a,9104c04549014:9004800190090469,win,2,3,3,mate in 2,0,2,1,1,0,0,0,2,28
732a43a798ca,4910008108b18c:804910414c71,win,13,25,35,mate in 18,0,13,1,0,0,12,3,10,28
c6381ec01b24,1008000210582946:184808829099,win,3,5,5,mate in 3,1,2,1,1,0,0,0,3,26
63cfc9a7b073,1c02141a0b008:80002080b00141a5,win,2,3,3,mate in 2,1,1,1,0,0,0,0,2,26
24ee24023e2a,1081801040b88091:801010a19001502a,win,2,3,3,mate in 2,1,1,1,0,0,0,0,2,28
4ace3adcbc02,10400c604bd04:60042010803421b,win,8,15,17,mate in 9,1,7,1,0,0,6,6,2,28
a0b39c95b608,910042041dc41:10008009900c20bc,win,3,5,5,mate in 3,2,1,1,0,0,0,1,2,28
edf2f02cfae8,108110230000d241:8090a328ba,win,2,3,3,mate in 2,0,2,1,1,0,0,0,2,27
6353bd9703f8,180049101182e:200129042c8501,win,2,3,3,mate in 2,1,1,1,0,0,0,0,2,26
f9c26492a8ec,180809099c005:8008101d00043098,win,2,3,3,mate in 2,1,1,1,0,0,0,0,2,26
70544ff056c4,310810628258:80022210831a3,win,2,3,3,mate in 2,1,1,1,0,0,0,0,2,26
2fbcfdb4c537,10173a05c:48016810081123,win,3,5,5,mate in 3,1,2,1,1,0,0,0,3,26
9b5bf43fa95c,12810286018b:1080000c10499254,win,2,3,3,mate in 2,1,1,1,0,0,0,0,2,27
e1a624c9f98d,2a208860030a8:2080002308a8603,win,3,5,9,mate in 5,0,3,0,0,0,3,2,1,26
ab55feb0ffb9,10080008920a9504:8000960005014a0b,win,2,3,3,mate in 2,0,2,1,1,0,0,0,2,27
2a7c4c7d90a7,180998011834:18090004008ca489,win,4,7,7,mate in 4,3,1,1,0,0,0,1,3,27
a8d4af39d25b,1800194648068:8008142c00091405,win,6,11,15,mate in 8,1,5,0,0,1,4,4,2,26
3bcd21bbb755,38002824150c8:80004281408a8203,win,2,3,3,mate in 2,1,1,1,0,0,0,0,2,26
49441945e2b1,188401005bd008:8401001a84002453,win,2,3,3,mate in 2,1,1,1,0,0,0,0,2,28
ca3bbe4185f5,201a419e84:800080aa017b,win,3,5,5,mate in 3,2,1,1,0,0,0,1,2,26
f49d900a15b3,9b008840b2081:900204033000d40a,win,2,3,3,mate in 2,1,1,1,0,0,0,0,2,28
adc5d3568d7d,2822a81408618:80000000123b1163,win,3,5,5,mate in 3,2,1,1,0,0,0,0,3,28
6c6f14ec857e,1209005080509244:4092091209001b,win,3,5,5,mate in 3,2,1,1,0,0,0,0,3,28
637aa9928de2,141d1654201:192200200916e,win,2,3,3,mate in 2,1,1,1,0,0,0,0,2,28
42c4546f814d,20a100000689468:1000024a32022203,win,2,3,3,mate in 2,1,1,1,0,0,0,0,2,26
fb582a44cdc0,990094400b242:400b00b44b9,win,2,3,3,mate in 2,1,1,1,0,0,0,0,2,28
649fdff66211,109082091490029:9000910908209940,win,3,5,5,mate in 3,2,1,1,0,0,0,0,3,28
1304d109def9,500129801920a:a0502160855,win,9,17,31,mate in 16,1,8,1,0,0,7,6,3,26
bf46020cb9cc,4901c881041089:1080100510c98144,win,3,5,5,mate in 3,2,1,1,0,0,0,1,2,28
ff5ca2604dee,90090004300c9482:90098403205d,win,3,5,5,mate in 3,0,3,1,1,0,1,0,3,28
203c874fa101,19009082901a42:82090809c09d,win,3,5,5,mate in 3,2,1,1,0,0,0,0,3,28
0ef1b24c9704,2c150841a07:20002824bc4c8,win,5,9,13,mate in 7,2,3,0,0,0,3,3,2,28
a7d0af23ae08,10090002941a9102:8002940900010e19,win,2,3,3,mate in 2,1,1,1,0,0,0,1,1,28
f258d56a9ada,10248060be044:20800034044162b,win,2,3,3,mate in 2,1,1,1,0,0,0,0,2,28
9e71755b9f80,29605186c:204200822a613,win,2,3,3,mate in 2,1,1,1,0,0,0,0,2,26
3707e0ed275b,9802102099904:9000120890204239,win,2,3,3,mate in 2,0,2,1,1,0,0,0,2,27
49f17210b8d0,88b10c20449:1808104008099882,win,3,5,5,mate in 3,2,1,1,0,0,0,0,3,26
3601f46cfb89,88b12c20449:1808104008099a82,win,2,3,3,mate in 2,1,1,1,0,0,0,0,2,28
a9b8f17725d2,1008002180a58328:20128c12081095,win,2,3,3,mate in 2,0,2,1,1,0,0,0,2,28
63a0c762fa6a,4a4a03c94:8000a080500dc029,win,10,19,23,mate in 12,1,9,1,1,0,7,7,3,27
6fad3f1b1842,100c8221020802a9:8200100c90259104,win,3,5,5,mate in 3,1,2,1,1,0,0,0,3,28
b87f42edac6c,3008c01239184:801123108c002b,win,6,11,11,mate in 6,1,5,1,1,0,3,3,3,28
bdd746105033,1d80210015c08:90000001cc0a8013,win,12,23,35,mate in 18,3,9,1,0,0,8,7,5,26
b47060e534c2,308020a90095004:81010342834b,win,2,3,3,mate in 2,1,1,1,0,0,0,0,2,27
2cbde806f74b,281002180089468:400068816a10281,win,2,3,3,mate in 2,1,1,1,0,0,0,0,2,27
d8995cf5ea6e,10081042a01190c1:8000a019104a201a,win,2,3,3,mate in 2,1,1,1,0,0,0,1,1,28
ffc998e48924,91004082391a2:1000880b900c080d,win,2,3,3,mate in 2,0,2,1,1,0,0,0,2,28
7445ad6589a6,98402a0185032:840000090403a50d,win,2,3,3,mate in 2,1,1,1,0,0,0,0,2,28
8bb844cb0299,24804191ec:100010111b40a11,win,2,3,3,mate in 2,1,1,1,0,0,0,0,2,26
bc65824837c1,104030412c611:400001080c911ea,win,6,11,17,mate in 9,1,5,1,1,0,3,4,2,27
ece7d7df5cee,3200c6081c184:80103010e301b,win,2,3,3,mate in 2,1,1,1,0,0,0,0,2,28
b588dd29a3ff,2c092881d00c:30081000d4082c81,win,3,5,9,mate in 5,1,2,1,1,0,0,0,3,28
63abbeca8307,18000492dd088:8000590190002925,win,2,3,3,mate in 2,1,1,1,0,0,0,0,2,28
2c09495b695c,241088100c1518:1008002400a1a0e5,win,3,5,9,mate in 5,1,2,1,1,0,0,0,3,27
8afdf5cdc2fd,1009910480009504:84000409150d0209,win,2,3,3,mate in 2,1,1,1,0,0,0,0,2,27
18370b7fbb50,20d084c08089004:20112456a49,win,7,13,17,mate in 9,0,7,1,1,0,5,4,3,27
8f4b364f1452,1008000900014e1b:11000308cb1c4,win,2,3,3,mate in 2,0,2,1,1,0,0,0,2,27
a75f3e7959c3,104c014c1642:24006001600c12d,win,3,5,5,mate in 3,2,1,1,0,0,0,0,3,27
d3b7028fbe64,20804011c041807:10001a0882098708,win,2,3,3,mate in 2,1,1,1,0,0,0,0,2,27
a0df3e87740a,108010080309235:9000900813080d08,win,4,7,9,mate in 5,2,2,1,1,0,0,0,4,26
9c0d4250d38e,5080001a2803219:12508050985c0,win,8,15,33,mate in 17,2,6,1,1,0,4,4,4,28
8830af32f62a,2181018047118:18000006001b8887,win,9,17,33,mate in 17,0,9,1,0,0,8,3,6,27
ce7398fa0d5f,1221160083c08:201000080691c291,win,3,5,7,mate in 4,1,2,1,1,0,0,0,3,27
296475b9c20b,148a10039c2:1148300010c8800d,win,2,3,3,mate in 2,1,1,1,0,0,0,0,2,27
a89409c8cba1,10008142e15a2:40004858081a20d,win,2,3,3,mate in 2,1,1,1,0,0,0,0,2,28
a4d0cc4fde8f,5009d400c061:5000040021193518,win,2,3,3,mate in 2,1,1,1,0,0,0,0,2,27
961788f48b22,23052b8441:101488040193a,win,5,9,9,mate in 5,3,2,1,1,0,0,0,5,26
68127598c145,164002c08d088:80809d0012c03,win,2,3,3,mate in 2,1,1,1,0,0,0,0,2,26
30d2749604eb,99142800b00c1:8000008911c0911a,win,6,11,19,mate in 10,4,2,1,1,0,0,0,6,28
3d4ce7d37f71,192280020c285:80080005920d1038,win,2,3,3,mate in 2,1,1,1,0,0,0,0,2,27
9fe9dcbf721f,9140282409a28:8049140b04c3,win,2,3,3,mate in 2,0,2,1,1,0,0,0,2,28
dae2d127ec1a,6120ecb084:8020a080d0014069,win,2,3,3,mate in 2,1,1,1,0,0,0,0,2,28
8214dc13a8b8,209934141c8:9201d10040089201,win,2,3,3,mate in 2,0,2,1,1,0,0,0,2,28
373cdea4a58d,20104904291830:1001003090508649,win,2,3,3,mate in 2,0,2,1,1,0,0,0,2,27
90d6b4380d0b,9b00800a1a081:90000021b0181438,win,3,5,5,mate in 3,1,2,1,1,0,0,0,3,27
89096c65c054,9900850205238:90000021809984c1,win,7,13,29,mate in 15,1,6,1,0,0,5,3,4,28
7b8563427ee7,9001080509c4c:10001009100942b1,win,4,7,7,mate in 4,3,1,1,0,0,0,1,3,26
437cde9de70a,1109100005089314:8000850992010449,win,2,3,3,mate in 2,0,2,1,1,0,0,0,2,28
a3ac990e69fe,30860006201b002:200003081108430d,win,2,3,3,mate in 2,1,1,1,0,0,0,0,2,26
59d4eb7f64b0,900004860b170:c02980094889,win,4,7,7,mate in 4,3,1,1,0,0,0,0,4,26
34fe04359195,2d000d4048508:9000000600035097,win,3,5,5,mate in 3,1,2,1,1,0,0,0,3,26
ee598108f38e,180818009168a:6001e828871,win,2,3,3,mate in 2,1,1,1,0,0,0,0,2,27
2c4cefcf01ee,1810888009a261:8000103090549e,win,2,3,3,mate in 2,0,2,1,1,0,0,0,2,28
81e56d45680e,200415144e109:10013002a00b1046,win,2,3,3,mate in 2,0,2,1,1,0,0,0,2,28
abb944b26e8f,819004a013a005:80000093108c109a,win,2,3,3,mate in 2,1,1,1,0,0,0,0,2,28
ca49d2775dae,2000090309608d:9022090209362,win,3,5,5,mate in 3,2,1,1,0,0,0,0,3,27
02fef67864ef,100c00090c01284b:11406300e9404,win,9,17,31,mate in 16,0,9,1,1,0,7,5,4,28
b3447237d012,120b15061604:100101040209c14b,win,3,5,5,mate in 3,2,1,1,0,0,0,0,3,28
6b503aa3e63e,2088140c44a51:100020a13a0ae,win,4,7,7,mate in 4,2,2,1,1,0,0,0,4,28
cea56cfab5c8,10295008a928:82000a1315095,win,2,3,3,mate in 2,1,1,1,0,0,0,0,2,27
a8a57ee32762,20000184599015:800980280020056a,win,2,3,3,mate in 2,1,1,1,0,0,0,0,2,26
7ef9a05c55d5,20010184599015:800980280120056a,win,2,3,3,mate in 2,1,1,1,0,0,0,0,2,28
663d92062853,11c080d409128:1008010190090cc3,win,3,5,5,mate in 3,1,2,1,1,0,0,1,2,28
eb43361c1e1b,2404012649468:400002c00b6a07,win,3,5,5,mate in 3,1,2,1,1,0,0,0,3,28
5c57d572c455,14000282d5c14:8294400a1e9,win,5,9,11,mate in 6,0,5,1,1,0,3,2,3,28
7fb755a8bb60,8050408c024502a:400048050c098c05,win,9,17,35,mate in 18,4,5,1,0,0,4,5,4,28
6c8948c1ee7a,1c0c201c3c0:40c20011d81019,win,2,3,3,mate in 2,1,1,1,0,0,0,0,2,27
24379f4bf042,1e3006010d102:c00000018303221d,win,3,5,7,mate in 4,1,2,1,1,0,0,0,3,28
d54ce214fbf7,100990242024100b:b900be034,win,2,3,3,mate in 2,1,1,1,0,0,0,0,2,28
49217117a484,44000225ad20a:20016d0052055,win,2,3,3,mate in 2,1,1,1,0,0,0,0,2,28
50ce80d850fb,1000350198258:500800067427,win,2,3,3,mate in 2,1,1,1,0,0,0,0,2,26
48b3f06b81e1,5584489c42:145014001015001d,win,2,3,3,mate in 2,0,2,1,1,0,0,0,2,28
3a7d6119d1a7,48118101c014c:8018000481809a91,win,3,5,7,mate in 4,1,2,1,1,0,0,1,2,27
ab92e3d1d77d,118000a105d18:8000201540d8225,win,2,3,3,mate in 2,1,1,1,0,0,0,0,2,27
0ddb28901548,100448541811e:4000511001e5441,win,2,3,3,mate in 2,0,2,1,1,0,0,0,2,28
21a3835e5c05,28010009049057:8000802c90290928,win,2,3,3,mate in 2,1,1,1,0,0,0,0,2,27
ef57322c81a8,b620b540a:20a32009000ab01,win,2,3,3,mate in 2,1,1,1,0,0,0,1,1,28
7a90cfebfd5f,28100018091e18:10000c280520a161,win,2,3,3,mate in 2,0,2,1,1,0,0,0,2,27
96c44a3728c3,18008d08481c3:8000400509095c0c,win,9,17,27,mate in 14,1,8,1,0,0,7,4,5,28
ba0d828cf4ac,86510e0808c:10011000880d1861,win,3,5,7,mate in 4,1,2,1,1,0,0,0,3,26
34d14867533e,2009104008e018a8:100020893009a043,win,5,9,9,mate in 5,4,1,1,0,0,0,0,5,28
7d831190f776,90a0194018488:4080a885a45,win,2,3,3,mate in 2,1,1,1,0,0,0,0,2,26
41f4cd07441f,90a0194418488:40004080a885a45,win,2,3,3,mate in 2,1,1,1,0,0,0,0,2,28
70cb9d773208,a100013188381:1801b8003101a,win,2,3,3,mate in 2,0,2,1,1,0,0,0,2,26
30bc563c660c,1008004028719050:40380890082829,win,2,3,3,mate in 2,1,1,1,0,0,0,0,2,26
ed05a95873bb,1028041104090213:110289030942c,win,2,3,3,mate in 2,0,2,1,1,0,0,0,2,27
47a05f7a122c,200c288a003c48:8001200142b8223,win,8,15,21,mate in 11,1,7,0,0,0,7,3,5,28
e5b1d6c63ccb,8299001013d:88098000082898c2,win,4,7,7,mate in 4,2,2,1,1,0,0,1,3,27
1b116e4eae1e,10095014000d8108:10951105095,win,2,3,3,mate in 2,1,1,1,0,0,0,0,2,26
799cca40357f,108304d00448045:1045010031093108,win,2,3,3,mate in 2,0,2,1,1,0,0,0,2,28
8991e8cd430f,418000111091189:1151804128416,win,3,5,5,mate in 3,2,1,1,0,0,0,0,3,27
a180fd626105,1800240e0b84a:a1881342b1,win,2,3,3,mate in 2,1,1,1,0,0,0,0,2,28
7081c2a3ec7c,91002440e9412:240191011608d,win,3,5,9,mate in 5,0,3,0,0,0,3,2,1,28
0268e72f5b4b,81104a104aa00a:800a8081808118c1,win,2,3,3,mate in 2,1,1,1,0,0,0,0,2,28
04bc926e9081,108000d90092045:100191004104d508,win,2,3,3,mate in 2,0,2,1,1,0,0,0,2,27
41f1de2c28e3,10810148a001c109:8308111c830c0,win,3,5,5,mate in 3,2,1,1,0,0,0,0,3,28
f7a86518984f,9000170804a89:100030088a09b020,win,2,3,3,mate in 2,1,1,1,0,0,0,0,2,26
5ed68e5516fc,10080888172a4:80808a010228880b,win,2,3,3,mate in 2,1,1,1,0,0,0,0,2,27
f19965d10ad0,1190708022809:1800000015059706,win,2,3,3,mate in 2,0,2,1,1,0,0,0,2,27
f60ebe6e14b7,1011821012913:10020015818d08c,win,2,3,3,mate in 2,1,1,1,0,0,0,0,2,27
d16b35bc1d6d,49a198099:10801a8000845a04,win,2,3,3,mate in 2,1,1,1,0,0,0,0,2,26
f98bfaf80a7e,1016102d08328:90912910d5,win,2,3,3,mate in 2,0,2,1,1,0,0,1,1,28
aa0e1445780c,100a02008a091118:980a10128a03,win,2,3,3,mate in 2,1,1,1,0,0,0,0,2,26
f40f630bb906,4950014a88501:8400008c810510ac,win,2,3,3,mate in 2,1,1,1,0,0,0,0,2,28
c1aab8f5d506,4105d013d:540070012290c2,win,3,5,5,mate in 3,2,1,1,0,0,0,1,2,27
d17ed8bfdd27,28100210093c48:100004280422c2a3,win,2,3,3,mate in 2,1,1,1,0,0,0,0,2,27
5a1b5bdb37c3,190a10035c08:1008400149088133,win,2,3,3,mate in 2,1,1,1,0,0,0,0,2,27
2228a08a8dd2,1905190015408:9000440046508251,win,2,3,3,mate in 2,0,2,1,1,0,0,0,2,27
d0426f61203c,b010090098415:1b0112192a,win,2,3,3,mate in 2,1,1,1,0,0,0,0,2,26
c533df0863d8,9810494092c01:1c090904911c,win,3,5,9,mate in 5,1,2,1,1,0,0,0,3,28
fb251e7b3c9e,14a491c1b:100150001020c3e4,win,2,3,3,mate in 2,1,1,1,0,0,0,0,2,28
bcba11a581ad,10811005000a301a:8008a9085c085,win,2,3,3,mate in 2,1,1,1,0,0,0,0,2,27
ba4c1b57a5d2,241a301144a:8000a1000448a321,win,3,5,5,mate in 3,2,1,1,0,0,0,0,3,26
1481cbffc2e3,106108202944a:10000954194211,win,6,11,17,mate in 9,0,6,1,0,0,5,4,2,26
0eeff8a716f4,5099000140b1041:1000050b8140850a,win,2,3,3,mate in 2,1,1,1,0,0,0,0,2,28
6b7b17d913d2,110800388b1a:80002950314a5,win,2,3,3,mate in 2,1,1,1,0,0,0,0,2,27
0adde985dcd1,518809e160:8011800012501a19,win,5,9,9,mate in 5,3,2,1,1,0,0,1,4,27
0af1bb9eaafc,1008808980418143:80011040508a7088,win,2,3,3,mate in 2,1,1,1,0,0,0,0,2,28
7072d4ff7a69,18020600dc215:802040098032302a,win,2,3,3,mate in 2,1,1,1,0,0,0,0,2,28
3642f50d3568,4128083018a041:2000105108415c18,win,2,3,3,mate in 2,1,1,1,0,0,0,0,2,27
e06a99288670,128c1228c00a:10280020008612a5,win,2,3,3,mate in 2,1,1,1,0,0,0,0,2,26
507c0fbf082a,128c16090819:1488040008849684,win,2,3,3,mate in 2,1,1,1,0,0,0,0,2,28
03991fdf0e68,20208912084b8:80002028a1b43,win,3,5,9,mate in 5,0,3,0,0,0,3,2,1,26
9509ef230f1f,1b0069008a01a:8004001121171105,win,2,3,3,mate in 2,1,1,1,0,0,0,0,2,28
48c3c9fe3be7,2a00088018a891:a0322023112a,win,2,3,3,mate in 2,0,2,1,1,0,0,0,2,27
5a79ea5c059e,1900215026528:204121c0299003,win,2,3,3,mate in 2,1,1,1,0,0,0,0,2,28
4d89d29b15cc,1008010a4004380d:3000b10bc102,win,2,3,3,mate in 2,1,1,1,0,0,0,0,2,26
873dfd37ee88,91a012128b:81200000cda074,win,3,5,5,mate in 3,1,2,1,1,0,0,0,3,27
b0294ad5bcc8,2100008019274c:210420d8b3,win,2,3,3,mate in 2,0,2,1,1,0,0,0,2,26
6ef2f63e135a,28008810a11c88:108010208c08c025,win,3,5,5,mate in 3,2,1,1,0,0,0,0,3,26
84d7390df72d,144930499100:90018100850024c9,win,2,3,3,mate in 2,0,2,1,1,0,0,0,2,27
61b629309c65,100b8108008c8181:10039103580e,win,2,3,3,mate in 2,1,1,1,0,0,0,0,2,28
181090bbe2c4,11800e101a01b:c103180a5904,win,2,3,3,mate in 2,1,1,1,0,0,0,0,2,28
3b1da61ba54f,510006204b504:100002059403420b,win,3,5,5,mate in 3,2,1,1,0,0,0,0,3,27
80b03ecb3460,10080010c013809b:12500a10087904,win,2,3,3,mate in 2,1,1,1,0,0,0,0,2,28
93a7036b9ee3,1009000020794249:5059d000b030,win,2,3,3,mate in 2,1,1,1,0,0,0,0,2,28
3bc170633070,161b05941:400141001049a0b8,win,2,3,3,mate in 2,1,1,1,0,0,0,0,2,27
cc6e147c75a1,5571789:121412088876,win,3,5,5,mate in 3,2,1,1,0,0,0,0,3,28
454b8c460d8d,2800042a41ba4:41068103c40b,win,3,5,5,mate in 3,1,2,1,1,0,0,0,3,28
4db372ed2b35,104401c41c928:80008009808834d1,win,2,3,3,mate in 2,1,1,1,0,0,0,0,2,28
b3e4ca620bd2,104012c198c14:408201c80043189,win,3,5,5,mate in 3,2,1,1,0,0,0,0,3,28
fa673a6c39e5,18990898045:1089104001403188,win,2,3,3,mate in 2,0,2,1,1,0,0,0,2,26
6ffeb02ddb0f,b10084104c098:3100b3907,win,2,3,3,mate in 2,1,1,1,0,0,0,0,2,26
0d9e32b0c426,901118009310a:1010b00831108811,win,2,3,3,mate in 2,1,1,1,0,0,0,0,2,27
ccacea89af26,2101000580b588:100002980294825,win,2,3,3,mate in 2,1,1,1,0,0,0,0,2,26
0bd07b9fddee,2101002580b588:108002980294825,win,2,3,3,mate in 2,1,1,1,0,0,0,0,2,28
43ab8aae0fc5,183801281a148:80002001a12012b5,win,9,17,33,mate in 17,1,8,1,0,0,7,1,8,28
80740202aab3,20100882341a05:100008301808a03a,win,3,5,5,mate in 3,2,1,1,0,0,0,0,3,26
1366b4ca88e0,10400c42435a8:40440051009c017,win,4,7,7,mate in 4,2,2,1,1,0,0,1,3,28
d1e24a9b9c21,10008408e250b:82003b001d094,win,2,3,3,mate in 2,1,1,1,0,0,0,0,2,27
8982cac1fd00,2881240105102a:1000100990288515,win,2,3,3,mate in 2,1,1,1,0,0,0,0,2,27
0ff5fb63cd74,4504649654:104410005009602b,win,4,7,7,mate in 4,3,1,1,0,0,0,0,4,28
a921c38c7cfe,20400208430914e:10021402450e31,win,2,3,3,mate in 2,1,1,1,0,0,0,0,2,28
73be032ea980,19060092899000:200801904100699,win,3,5,5,mate in 3,2,1,1,0,0,0,0,3,26
bbb32d82db23,29c00800a5409:9808000a1c018812,win,2,3,3,mate in 2,1,1,1,0,0,0,0,2,27
0a093436d7d8,294020e08420d:4004200d0079c02,win,5,9,13,mate in 7,0,5,1,1,0,3,2,3,28
5815105f5d63,1018080904010c0d:401141018189032,win,8,15,35,mate in 18,1,7,1,0,0,6,5,3,27
45ddf84f31c6,2881048001a30c:81000029212c1031,win,2,3,3,mate in 2,1,1,1,0,0,0,0,2,27
9e141ab7222f,912083558a:804000d418a035,win,3,5,5,mate in 3,1,2,1,1,0,0,0,3,28
3c6b104086e7,108002259812d:201119003e52,win,2,3,3,mate in 2,1,1,1,0,0,0,1,1,28
6a3a0cf8973a,24002499875:804080209420078a,win,2,3,3,mate in 2,1,1,1,0,0,0,0,2,28
9c33afe01d5e,200c0110592c5:41800382ca010a,win,2,3,3,mate in 2,1,1,1,0,0,0,0,2,28
b5b3cf7d162c,18120814058b8:11ca18745,win,2,3,3,mate in 2,1,1,1,0,0,0,0,2,28
837742a9e760,6401e148b:20000b401e254,win,5,9,9,mate in 5,3,2,1,1,0,0,2,3,26
556c891d0c71,140980108c018041:8000140910181c18,win,4,7,7,mate in 4,3,1,1,0,0,0,0,4,26
d1fb086b15de,10080014c1029162:1108105c481d,win,4,7,9,mate in 5,0,4,0,0,1,3,3,1,28
8461aeeb0c91,90090004801511c1:90095008cc1c,win,10,19,31,mate in 16,3,7,1,0,0,6,3,7,28
ba443c351d65,1809000d9080b001:9880080d4a8c,win,2,3,3,mate in 2,1,1,1,0,0,0,0,2,28
b607fd5985f5,104100c4298d2:80018099642d,win,3,5,5,mate in 3,2,1,1,0,0,0,1,2,28
9ddd2bbeca9a,141c108a053:41600032415308,win,2,3,3,mate in 2,1,1,1,0,0,0,0,2,27
db9f398641cb,100910000702814a:840990491601,win,7,13,27,mate in 14,0,7,1,0,0,6,4,3,26
c06625a9e74e,110023288d402:1000020185032389,win,2,3,3,mate in 2,1,1,1,0,0,0,1,1,27
951db4f9dd98,108100810002d1a4:8000900290a1220b,win,2,3,3,mate in 2,1,1,1,0,0,0,0,2,27
1c5f8dc354ca,10080028a0138029:2000301110283412,win,3,5,9,mate in 5,0,3,0,0,0,3,2,1,26
5709b4d92f5f,1008002aa0138029:2020301110283412,win,3,5,9,mate in 5,0,3,0,0,0,3,2,1,28
0a75a751a025,31048104e5002:100c00072001a04d,win,2,3,3,mate in 2,0,2,1,1,0,0,0,2,27
3db82a06da82,20683c3684:8009c0280c878,win,5,9,11,mate in 6,0,5,1,1,0,3,3,2,28
2abf2b17e6b8,2008ba00e8088:89000418813807,win,2,3,3,mate in 2,1,1,1,0,0,0,0,2,27
829cb5119ea5,1800bd110801a:90085000000b5981,win,3,5,5,mate in 3,1,2,1,1,0,0,0,3,28
207584abacbb,20803c800c0ca:c0c004d30c11,win,2,3,3,mate in 2,1,1,1,0,0,0,0,2,27
cd87b266dc60,801808990088428:800808000aa11a83,win,2,3,3,mate in 2,1,1,1,0,0,0,1,1,27
d6a22739452b,1340084059508:3400000d30082007,win,2,3,3,mate in 2,0,2,1,1,0,0,0,2,26
e8dd1bca6809,1008004350488059:43d00880037002,win,2,3,3,mate in 2,0,2,1,1,0,0,0,2,28
39ec540e2b63,10080102420ac20d:c200d20891001102,win,2,3,3,mate in 2,0,2,1,1,0,0,0,2,28
093aa19dd78b,15001130a5084:120003804081830b,win,2,3,3,mate in 2,1,1,1,0,0,0,1,1,27
340dfad01d6b,10a00a3481848:a1011801a305,win,2,3,3,mate in 2,1,1,1,0,0,0,0,2,26
296da5f29fbc,160182441d404:20080001d0182259,win,2,3,3,mate in 2,1,1,1,0,0,0,0,2,28
548f2abe1dad,20199c014c01:988002018b01a,win,2,3,3,mate in 2,1,1,1,0,0,0,0,2,26
922faf762436,10a900c93088:2089200030224063,win,3,5,7,mate in 4,1,2,1,1,0,0,0,3,27
4dbfc4787222,50090002800b8043:8002d00950405008,win,2,3,3,mate in 2,0,2,1,1,0,0,0,2,26
95aaee85c7b0,10300950c9424:100102902210b0b,win,2,3,3,mate in 2,0,2,1,1,0,0,0,2,28
7d33eb06102d,2180089a009c04:9000182100290329,win,2,3,3,mate in 2,1,1,1,0,0,0,0,2,27
f2174d9b5237,10080040344b4408:154094000b043,win,3,5,5,mate in 3,2,1,1,0,0,0,0,3,26
957f08c928e8,100c00105080b2c1:108c005d411c,win,3,5,5,mate in 3,1,2,1,1,0,0,0,3,28
8d10f0cc16b3,180b02138a9:9008b00805888500,win,3,5,5,mate in 3,1,2,1,1,0,0,0,3,28
66375497ac72,900009160d462:100014900092b0d,win,3,5,5,mate in 3,2,1,1,0,0,0,0,3,28
18d225530c8d,182080340805e:8008014180191301,win,2,3,3,mate in 2,0,2,1,1,0,0,0,2,26
6d9d7a7f17c6,188800a011c013:80000019180e380c,win,5,9,9,mate in 5,3,2,1,1,0,0,1,4,27
e4af31cf37d9,b820091011908:8200110b020a8203,win,2,3,3,mate in 2,0,2,1,1,0,0,0,2,27
f033685a64a2,100408225c071:4000013448368c,win,9,17,35,mate in 18,1,8,0,0,0,8,5,4,27
6eeddfed3e24,1304050423902:100048032801c049,win,2,3,3,mate in 2,1,1,1,0,0,0,0,2,26
2038eecf3bfc,c000453087c08:10003808a8048305,win,2,3,3,mate in 2,1,1,1,0,0,0,0,2,28
fee846fd3372,180010074085129:100030808181ac90,win,2,3,3,mate in 2,1,1,1,0,0,0,1,1,28
50fadb642189,89080808098851:800808190c07288,win,3,5,7,mate in 4,1,2,1,1,0,0,0,3,27
4375c87ed2de,100b00281003a101:1003a02810ae,win,2,3,3,mate in 2,1,1,1,0,0,0,0,2,26
76f68b1eb805,100810508149d008:1810910102953,win,2,3,3,mate in 2,1,1,1,0,0,0,0,2,28
f1df9e2f912d,9160105609220:400006892090549,win,2,3,3,mate in 2,1,1,1,0,0,0,0,2,28
bb0b66bb4093,1048144004411c11:40100095008e1c8,win,4,7,9,mate in 5,2,2,1,1,0,0,0,4,28
cdf52d4ae57d,1008900301221039:8001013890198102,win,5,9,19,mate in 10,0,5,0,0,1,4,2,3,28
578c1a7012ce,1008020090d11885:20010d80208825a,win,3,5,5,mate in 3,2,1,1,0,0,0,1,2,28
a3db7c1943c2,13000a884a10d:2000090911091c82,win,8,15,29,mate in 15,1,7,0,0,0,7,4,4,28
fe8aee287ff4,1188160a8a0a:80e00898035a0,win,2,3,3,mate in 2,1,1,1,0,0,0,0,2,28
f9088c36e806,208902d2039:800156210d204,win,4,7,7,mate in 4,2,2,1,1,0,0,0,4,26
21b186adb71a,180012810e928:80002830812110d1,win,2,3,3,mate in 2,1,1,1,0,0,0,0,2,27
b3f33e531dbe,2912090212138:90200002018a9883,win,9,17,31,mate in 16,0,9,1,0,0,8,3,6,28
8ea768c9c6ab,209902190419040:90200208022802b9,win,2,3,3,mate in 2,1,1,1,0,0,0,0,2,28
bed890aa8e0a,100a110001094189:100000a90a29862,win,3,5,5,mate in 3,1,2,1,1,0,0,1,2,27
505a56850eef,1004ad000b308:c001214b4043,win,2,3,3,mate in 2,1,1,1,0,0,0,1,1,26
e96086002dc4,2100480013844d:21906851b2,win,3,5,5,mate in 3,2,1,1,0,0,0,0,3,27
41223633c9ec,1304880039442:a0003304c200d,win,3,5,7,mate in 4,0,3,1,1,0,1,0,3,26
cfda033a672e,90100440b8883:448901807508,win,2,3,3,mate in 2,1,1,1,0,0,0,0,2,26
678cfc65b2ff,89800013059204:8000028d80880189,win,2,3,3,mate in 2,0,2,1,1,0,0,0,2,26
8b75d0abe148,2980b0808420d:100c000490079822,win,3,5,7,mate in 4,0,3,1,1,0,1,0,3,28
7bbdee63c5ae,100c10009091c041:801c080c189c,win,2,3,3,mate in 2,1,1,1,0,0,0,0,2,26
2dc89cc378a0,1900a94819102:90000081000a0e9d,win,2,3,3,mate in 2,1,1,1,0,0,0,0,2,28
27c205055dfa,100280190c16a:28009110291091,win,2,3,3,mate in 2,1,1,1,0,0,0,0,2,26
c33bb723ea6e,180280190c16a:28009190291091,win,2,3,3,mate in 2,1,1,1,0,0,0,0,2,28
9fb8442ff2f2,100810021090490e:808a90ab091,win,2,3,3,mate in 2,1,1,1,0,0,0,0,2,27
16f61e24870f,1a0620063a408:80000409a4081263,win,2,3,3,mate in 2,1,1,1,0,0,0,0,2,28
0946b09f53c8,305080412a03c:80007110d1503,win,6,11,11,mate in 6,1,5,1,1,0,3,4,2,28
530c6520bcdc,20000a0266940b:21420d4084264,win,3,5,5,mate in 3,1,2,1,1,0,0,1,2,28
629f4bc062f2,12008a0495c04:80010c84a1cb,win,3,5,5,mate in 3,2,1,1,0,0,0,0,3,27
0f46228d60c9,418040505819101:10018901c0c9c,win,2,3,3,mate in 2,1,1,1,0,0,0,0,2,28
25160c1ddd39,10189041d842:10080000083a20b9,win,9,17,37,mate in 19,2,7,0,0,1,6,4,5,26
b1a50d5e6be0,200115124c185:180828093103a,win,2,3,3,mate in 2,1,1,1,0,0,0,0,2,28
decb7eee81e4,2d8126c032:12801020009350d,win,2,3,3,mate in 2,1,1,1,0,0,0,0,2,28
8baf895d9b46,902000300d8e4:94009271b,win,3,5,5,mate in 3,2,1,1,0,0,0,0,3,26
d84f48147d43,1009000096028a03:140b0089148c,win,11,21,37,mate in 19,1,10,1,0,0,9,5,6,26
ccd01c89bdb4,9800818015e01:1000120182a881a8,win,2,3,3,mate in 2,1,1,1,0,0,0,0,2,27
05f48ceadf59,100050903a056:1000100504c5929,win,2,3,3,mate in 2,1,1,1,0,0,0,0,2,27
215bc2f63021,10080c08448284a8:400500218295803,win,5,9,9,mate in 5,4,1,1,0,0,0,0,5,28
17162198a4fa,20808b8407408:8a002400a89c3,win,2,3,3,mate in 2,1,1,1,0,0,0,0,2,27
dead24ebafe8,2008111c281c02:81000220013a039,win,2,3,3,mate in 2,1,1,1,0,0,0,0,2,26
b47ffbb4ce5d,2108111c281c02:81000220013a03d,win,2,3,3,mate in 2,0,2,1,1,0,0,0,2,28
379af5201e8c,1c4031540c018:80000010c0133543,win,2,3,3,mate in 2,1,1,1,0,0,0,0,2,28
8b857eb45714,c101011103300a:200020c020c881c1,win,2,3,3,mate in 2,1,1,1,0,0,0,0,2,26
69bdfb28ed6c,41c00181013188:8100014860c8c041,win,8,15,31,mate in 16,0,8,1,0,0,7,6,2,27
aa4a1de8bbcb,904803600b0c2:40022090089460d,win,3,5,5,mate in 3,2,1,1,0,0,0,0,3,28
24d22ac5b715,9c000c004d2c4:c0000009008b250b,win,2,3,3,mate in 2,1,1,1,0,0,0,0,2,28
58bd31e6a201,2142810291618:100800020402c1e7,win,3,5,7,mate in 4,1,2,1,1,0,0,0,3,28
55cf8c8a8eb6,861286482b:210200029b6c4,win,4,7,7,mate in 4,2,2,1,1,0,0,1,3,28
631678798ad0,11009214020e9:8216010299510,win,2,3,3,mate in 2,1,1,1,0,0,0,0,2,27
db5ea1460530,19100036081509:120022190011a290,win,2,3,3,mate in 2,1,1,1,0,0,0,0,2,28
8a41a418a065,100981848004190c:4180919898081,win,3,5,5,mate in 3,2,1,1,0,0,0,0,3,28
e9a75f5d0bf9,108c1018092b:1008001001e490d4,win,2,3,3,mate in 2,1,1,1,0,0,0,0,2,27
bf4020c41bd9,1040095681518:40811690001c061,win,2,3,3,mate in 2,0,2,1,1,0,0,0,2,28
1f1b9027cd64,10440c061922c:1000120116804cc1,win,7,13,27,mate in 14,0,7,0,0,1,6,5,2,28
acc830a39b08,1100904096928:1008440051209407,win,2,3,3,mate in 2,0,2,1,1,0,0,0,2,27
7064fd40a41c,4188008800cc881:c00044104490141c,win,2,3,3,mate in 2,0,2,1,1,0,0,0,2,27
e7611ee2b2b0,20800008549a843:8000a2083200170c,win,2,3,3,mate in 2,1,1,1,0,0,0,0,2,28
35a655e05ff0,106210e420d:40046000c201b102,win,3,5,5,mate in 3,1,2,1,1,0,0,0,3,26
a7184cf91593,20106210e420d:40046200c201b102,win,3,5,5,mate in 3,1,2,1,1,0,0,0,3,28
cae9e421be6d,29400d82007801:1220502d822c,win,3,5,9,mate in 5,0,3,1,0,0,2,2,1,28
f6398e230741,480060309a10a:80000300b0061a15,win,2,3,3,mate in 2,1,1,1,0,0,0,0,2,27
9e8f048dc4a8,8098820b415:90000418d49a8,win,2,3,3,mate in 2,1,1,1,0,0,0,0,2,27
b269f43e0a8c,48020dc04c409:80080c0c002a1826,win,3,5,5,mate in 3,2,1,1,0,0,0,1,2,28
9489ccd5ee23,1a0611801e048:80808a0681aa1,win,2,3,3,mate in 2,1,1,1,0,0,0,0,2,28
43a916f823e3,4200418098607:c0964047828,win,9,17,25,mate in 13,1,8,1,1,0,6,4,5,27
1efad1e4f1cf,1006883419228:28130110280155,win,2,3,3,mate in 2,0,2,1,1,0,0,0,2,28
a1efacd65457,290088000a92c4:22192a1402b,win,5,9,9,mate in 5,1,4,1,0,0,3,3,2,27
62ddb395b326,288044b8089208:8000202802642865,win,3,5,5,mate in 3,1,2,1,1,0,0,2,1,28
c53ba9e70b1b,1080880181a93:100010013a03a508,win,2,3,3,mate in 2,1,1,1,0,0,0,0,2,27
61a22ebb1132,c490cc11c10:c0000901018a0e9,win,2,3,3,mate in 2,1,1,1,0,0,0,0,2,28
735693e75d78,81020b0003013a:2008002b89e81,win,2,3,3,mate in 2,0,2,1,1,0,0,0,2,27
89c8cfeb4a51,9b0082080308a:b0000081900b8111,win,2,3,3,mate in 2,1,1,1,0,0,0,0,2,27
039054674bb8,100900051140d101:41048800d205c,win,3,5,5,mate in 3,1,2,1,1,0,0,0,3,26
6be767e6052e,49002080497028:4974208545,win,3,5,5,mate in 3,1,2,1,1,0,0,1,2,27
88b382728bc2,245120890e2:1041100000550a1d,win,7,13,31,mate in 16,1,6,1,1,0,4,4,3,27
1989ff883467,1880880138c12:8008001319081129,win,2,3,3,mate in 2,0,2,1,1,0,0,0,2,27
d99edd5d6036,100c040484050493:4801088109a900c,win,3,5,7,mate in 4,1,2,1,1,0,0,0,3,28
274a87922a31,1820c0083188c:800000018a1cc213,win,2,3,3,mate in 2,1,1,1,0,0,0,0,2,27
8530c718838c,10280008044a11c3:142290208c3c,win,10,19,23,mate in 12,4,6,0,0,1,5,5,5,28
e6018a380b0b,100a2000300bc801:180ac800311a,win,2,3,3,mate in 2,1,1,1,0,0,0,0,2,26
1f5e5fccc235,100aa000300bc801:580ac800311a,win,2,3,3,mate in 2,1,1,1,0,0,0,0,2,28
247fcc93f02d,2100219800822d:1000100064297c02,win,2,3,3,mate in 2,1,1,1,0,0,0,0,2,27
ccdeadbbb1ef,1009801082b0b020:8000108910094299,win,4,7,7,mate in 4,3,1,1,0,0,0,0,4,28
91f6d631989e,10880c010019451:110881c801ac,win,3,5,7,mate in 4,1,2,1,1,0,0,0,3,26
73d08e3f64ce,920890a801805:1000b00da698,win,2,3,3,mate in 2,1,1,1,0,0,0,0,2,27
b9865f81b822,1928190802841:9200204022419288,win,3,5,5,mate in 3,2,1,1,0,0,0,0,3,27
9f12806808e2,9a04340425081:a0000008b009a84a,win,2,3,3,mate in 2,0,2,1,1,0,0,0,2,28
acfe466704bb,9020902211962:120011001908828d,win,8,15,31,mate in 16,2,6,0,0,0,6,3,5,28
41b10d8fe6fd,9102b88028068:9800880010293803,win,3,5,5,mate in 3,1,2,1,1,0,0,0,3,28
fb78beeefe2c,c1300020c043c:1000042c15209301,win,2,3,3,mate in 2,1,1,1,0,0,0,0,2,27
f2ddf8c32edb,500980002108a189:7009d0115810,win,2,3,3,mate in 2,1,1,1,0,0,0,0,2,28
cb6ee59fce74,2818095888049:80801003000315b2,win,2,3,3,mate in 2,1,1,1,0,0,0,0,2,28
03d825e59c9f,160d90090a01:100508000e04940e,win,2,3,3,mate in 2,0,2,1,1,0,0,0,2,27
c14d6a78bd78,9088400899422:4291c24088d,win,2,3,3,mate in 2,1,1,1,0,0,0,0,2,27
bf4aa15abbe2,1089900000018147:8000008990d81098,win,2,3,3,mate in 2,1,1,1,0,0,0,0,2,27
bbc3096b224a,21c02080093920:820096920c089,win,2,3,3,mate in 2,1,1,1,0,0,0,0,2,27
dd520a3cbde3,98000d320b202:80002009200949a9,win,5,9,9,mate in 5,4,1,1,0,0,0,0,5,28
ddd9447907ab,98006b808a00a:9000180900071c05,win,2,3,3,mate in 2,1,1,1,0,0,0,0,2,28
c4c818e5c36d,1d204c331:2042561344c,win,5,9,9,mate in 5,4,1,1,0,0,0,3,2,27
285b3504c138,2000b61101123:40005010900be018,win,2,3,3,mate in 2,1,1,1,0,0,0,0,2,27
b4bb32a40771,8114000703810d:4000181108456c2,win,2,3,3,mate in 2,1,1,1,0,0,0,0,2,28
5d0741fc9457,970002100d142:1000004950492019,win,2,3,3,mate in 2,0,2,1,1,0,0,0,2,26
c9bd3dde6310,9058801609061:100010019489058a,win,2,3,3,mate in 2,0,2,1,1,0,0,0,2,28
6652bcad2acc,9100100ed80c8:8000806890005c25,win,2,3,3,mate in 2,1,1,1,0,0,0,0,2,28
62db108cd551,20090a01340c3:10000244c8b618,win,10,19,21,mate in 11,1,9,0,0,1,8,7,3,27
2b4cd4fbce43,9040504011c26:4040008184c80d9,win,8,15,17,mate in 9,2,6,1,0,0,5,5,3,27
00534cffaab7,100a120920018388:102131a3813,win,2,3,3,mate in 2,1,1,1,0,0,0,0,2,28
6758114762ba,1404342209228:80009000904b4043,win,2,3,3,mate in 2,0,2,1,1,0,0,0,2,26
abf3d6cd3144,3009180068048009:200d11097904,win,8,15,27,mate in 14,2,6,1,0,0,5,6,2,27
112a79a23a8b,2802a888090a8:80000880302b2903,win,2,3,3,mate in 2,1,1,1,0,0,0,0,2,27
6a188c83daca,24501c1011013:10180120412e508,win,2,3,3,mate in 2,1,1,1,0,0,0,0,2,27
ac3ae85e3a89,192011240108b:1080008081898354,win,2,3,3,mate in 2,0,2,1,1,0,0,0,2,27
7c989faad0d6,1042910491582:8100004b4807d,win,2,3,3,mate in 2,1,1,1,0,0,0,0,2,28
d1a536e306e4,9100008b51129:1000082991088894,win,2,3,3,mate in 2,1,1,1,0,0,0,0,2,28
ee082d586f6f,1084302b3428:1080040a84848087,win,3,5,5,mate in 3,1,2,1,1,0,0,0,3,28
8f1bcbe9242d,4810408b394:89010c01854409,win,2,3,3,mate in 2,1,1,1,0,0,0,0,2,27
eeee434520de,1800411830594:1838414980b,win,2,3,3,mate in 2,1,1,1,0,0,0,0,2,27
4f325e4182bd,1009800070191005:800010198004e058,win,2,3,3,mate in 2,1,1,1,0,0,0,0,2,26
7550adff2635,209a00090018055:8000120922183608,win,3,5,5,mate in 3,1,2,1,1,0,0,0,3,27
b52986aadfed,10a2208299202:80099206082d,win,2,3,3,mate in 2,1,1,1,0,0,0,0,2,26
9738a1f05dc3,46020a0a920a1:2020800d4004d01c,win,2,3,3,mate in 2,1,1,1,0,0,0,0,2,28
baf6d4703ade,d10443d288:100850982c53,win,2,3,3,mate in 2,1,1,1,0,0,0,0,2,28
e8c9b65b0416,11914040d8908:1000000999101495,win,2,3,3,mate in 2,1,1,1,0,0,0,0,2,28
7a66919bb8d3,9000184949188:148818090c15,win,2,3,3,mate in 2,1,1,1,0,0,0,0,2,26
e0b7ded079e7,1301114341038:301004242001a605,win,5,9,9,mate in 5,3,2,1,1,0,0,0,5,28
3653867ac6f5,90100980d0a09:100080d03809194,win,2,3,3,mate in 2,0,2,1,1,0,0,0,2,27
2173faf91880,420003240d400b:12440504234c4,win,2,3,3,mate in 2,1,1,1,0,0,0,0,2,27
a4ae94f88247,980c914019140:80c0040081c82489,win,3,5,5,mate in 3,2,1,1,0,0,0,0,3,28
7cfd672bc9e4,9521190501081:100000084289ca58,win,2,3,3,mate in 2,1,1,1,0,0,0,0,2,28
e7e50c2f63a5,10a8801901a5:9008801010a0981a,win,4,7,7,mate in 4,3,1,1,0,0,0,0,4,27
a168b04d7c72,41404001420cb81:14c814147c,win,13,25,33,mate in 17,3,10,0,0,1,9,6,7,28
4544485df53d,100880078005c006:80071008100a10a9,win,7,13,15,mate in 8,3,4,0,0,1,3,3,4,27
56fdf891dae0,1100894883482:900080032007800d,win,2,3,3,mate in 2,1,1,1,0,0,0,0,2,26
10828020a7f7,22420240ba128:a000800280601c53,win,7,13,33,mate in 17,1,6,0,0,1,5,2,5,28
cb0802ba5744,109c0096000a0c1:8040014081c95108,win,2,3,3,mate in 2,0,2,1,1,0,0,0,2,28
e815aa480bc6,b90080100b128:80000103902b4803,win,3,5,9,mate in 5,1,2,1,1,0,0,0,3,27
48ab7dd77d81,c091c001481d000:10008009c8082c89,win,3,5,5,mate in 3,2,1,1,0,0,0,0,3,28
e929dc6f854f,1000c060e9c04:820482038001020b,win,3,5,5,mate in 3,1,2,1,1,0,0,1,2,26
79ec829130cb,20c00c8009401d:80080020406690e2,win,2,3,3,mate in 2,1,1,1,0,0,0,0,2,27
47c3a7e17137,10004104cbc18:41001201140e7,win,5,9,9,mate in 5,3,2,1,1,0,0,0,5,26
ad24122120b5,10044104cbc18:41001241140e7,win,4,7,7,mate in 4,2,2,1,1,0,0,0,4,28
a1a1b05a2b37,1009020892821888:8000908308098207,win,2,3,3,mate in 2,1,1,1,0,0,0,0,2,28
83f67a22128c,8190c8690a:88008490390c1,win,2,3,3,mate in 2,1,1,1,0,0,0,0,2,26
165d73069074,4820054018649:42004005820c5024,win,2,3,3,mate in 2,0,2,1,1,0,0,0,2,26
dd3c365202af,10004152d1e02:10001021820281ad,win,2,3,3,mate in 2,1,1,1,0,0,0,0,2,28
0ff28315478d,9031892089880:808101910739,win,2,3,3,mate in 2,1,1,1,0,0,0,0,2,28
ec50a4d14230,1106d002080c9:10280000114d1924,win,6,11,13,mate in 7,1,5,1,1,0,3,2,4,27
79b2a7cba0df,500518818aa01:804082040245105c,win,3,5,9,mate in 5,2,1,0,0,1,0,1,2,28
c84368014be7,10880008029b828:8001010901104195,win,3,5,5,mate in 3,1,2,1,1,0,0,0,3,26
a9db6706ed97,100b001a04018498:1401109a1943,win,7,13,29,mate in 15,2,5,1,0,0,4,4,3,28
959aeb7294ad,948207200122a:2000200908296941,win,4,7,7,mate in 4,3,1,1,0,0,0,0,4,28
2e8f759d2f35,9500890094340:c200820143009019,win,2,3,3,mate in 2,1,1,1,0,0,0,0,2,27
6f2c83e05dae,1480118289825:8009000c201664a,win,3,5,7,mate in 4,1,2,1,1,0,0,0,3,28
cafc9d0b93b9,809082052039022:4209082c4a0d,win,2,3,3,mate in 2,1,1,1,0,0,0,0,2,28
9f7040f647ca,14dc4e15:42046200b1ca,win,3,5,7,mate in 4,1,2,1,1,0,0,0,3,28
b07337273fc0,35020a0209038:20000b500b6003,win,2,3,3,mate in 2,0,2,1,1,0,0,0,2,26
c51d43e7d8b1,19082880a0902a:201011181908d1,win,2,3,3,mate in 2,0,2,1,1,0,0,0,2,28
739a69c8ae8e,1008800100094999:1100894409646,win,2,3,3,mate in 2,0,2,1,1,0,0,1,1,27
eb6e82bc1e65,182000630a689:200002191011972,win,3,5,5,mate in 3,2,1,1,0,0,0,0,3,28
cbc89ded2aeb,1980140888a03:10004008984151c8,win,2,3,3,mate in 2,1,1,1,0,0,0,0,2,27
c0cceb751057,45000012629522:45810d025d,win,2,3,3,mate in 2,1,1,1,0,0,0,0,2,28
b7f1e51b07be,3640060246068:60000003044b8407,win,2,3,3,mate in 2,1,1,1,0,0,0,0,2,28
6f18ffbc35b5,81040886098d08:608028100843285,win,3,5,5,mate in 3,2,1,1,0,0,0,0,3,28
9c9b480262a0,38002209320c1:20919040961a,win,4,7,9,mate in 5,0,4,1,0,0,3,3,1,27
59cf7d388f0a,108c030c8d2:8401003093329,win,6,11,15,mate in 8,2,4,0,0,1,3,4,2,27
4d7704c028b4,590041009418c:10004089c084b201,win,3,5,9,mate in 5,1,2,1,1,0,0,1,2,27
c55e2bb28e76,60b17080418:608010000039383,win,2,3,3,mate in 2,1,1,1,0,0,0,0,2,26
e04d8adc2ebd,1008022020e10383:1048130a306c,win,2,3,3,mate in 2,1,1,1,0,0,0,0,2,28
bde5f1338783,1000d112118a8:80120824c8345,win,2,3,3,mate in 2,0,2,1,1,0,0,0,2,27
99304492efd1,100800c382058206:120810ca14c9,win,2,3,3,mate in 2,1,1,1,0,0,0,0,2,28
77324e9f02b6,c00013021382b:1000e880e8314,win,8,15,19,mate in 10,1,7,0,0,0,7,6,2,28
72b19986321f,19108a0a13028:802800a111088381,win,2,3,3,mate in 2,1,1,1,0,0,0,0,2,28
8128709ab2af,1008050180288503:2110281505102c,win,5,9,11,mate in 6,1,4,1,0,0,3,3,2,27
f4ba72ca8e4d,100800c382018206:120810ca10c9,win,2,3,3,mate in 2,1,1,1,0,0,0,0,2,26
089da44e79fb,2042008648b448:1000102870304231,win,8,15,17,mate in 9,1,7,1,1,0,5,6,2,28
47e3230db4fa,100ba01020109003:100b900b2418,win,2,3,3,mate in 2,0,2,1,1,0,0,0,2,26
6abac051ee4a,184188e188802:800a020300032619,win,2,3,3,mate in 2,1,1,1,0,0,0,0,2,28
ebe3b6c8f2aa,1008000c4044807a:d000900a5185,win,5,9,9,mate in 5,1,4,1,0,0,3,4,1,26
613fa6ae91cc,901018420bc201:2819090319a,win,3,5,5,mate in 3,2,1,1,0,0,0,0,3,28
fd69bfbbb8e8,532000688208b:400048530059604,win,10,19,29,mate in 15,4,6,0,0,1,5,6,4,28
160a97e61aa0,9004000d91c18:80008098c00a0c5,win,2,3,3,mate in 2,1,1,1,0,0,0,0,2,26
d1298455e1a9,8508a010089098:588b50825,win,3,5,5,mate in 3,1,2,1,1,0,0,0,3,26
ee96758f0c50,90849a00250c1:8000808018c9a80a,win,2,3,3,mate in 2,1,1,1,0,0,0,1,1,28
8d0f7950a971,1400903201968:300c809c605,win,3,5,7,mate in 4,0,3,0,0,1,2,2,1,26
f79d59144916,1008131c8b044:80009108c001418b,win,2,3,3,mate in 2,1,1,1,0,0,0,0,2,28
44cd8f54c0ee,19000880c0984c:40095001d0291,win,6,11,17,mate in 9,2,4,1,0,0,3,2,4,26
8c18d206da51,9400184092708:20086240d851,win,7,13,19,mate in 10,1,6,1,0,0,5,4,3,26
e1d4fa3a771f,124002219b410:3008120914004309,win,2,3,3,mate in 2,1,1,1,0,0,0,0,2,27
a24e756486bc,600010922992a:1082e808d0085,win,2,3,3,mate in 2,1,1,1,0,0,0,0,2,28
8ebcb5fba374,300280105183c:1000103882a8103,win,3,5,5,mate in 3,2,1,1,0,0,0,0,3,26
ffdb28c82461,10080001d300c281:1d10800491148,win,2,3,3,mate in 2,1,1,1,0,0,0,0,2,26
693b5a22e5c1,20908118811881:908108208060a068,win,4,7,7,mate in 4,3,1,1,0,0,0,0,4,27
6f60b64f7b30,10428984c8068:28184104211c05,win,2,3,3,mate in 2,1,1,1,0,0,0,0,2,28
24c7e8153a38,2000098309a380:8008822010605069,win,3,5,5,mate in 3,2,1,1,0,0,0,0,3,27
a51d84d0a661,1018411041009901:90018081818409c,win,2,3,3,mate in 2,1,1,1,0,0,0,0,2,27
40564ac33de8,14200020007c219:14005481dc6,win,3,5,5,mate in 3,1,2,1,1,0,0,0,3,27
5c050fb40b0f,120990082658:9000006159925,win,2,3,3,mate in 2,0,2,1,1,0,0,0,2,27
6ff70ee8e59d,1501081948091:11001055001510c,win,2,3,3,mate in 2,1,1,1,0,0,0,0,2,26
66b05fe9aced,901084101c132:8100c02190381009,win,4,7,7,mate in 4,3,1,1,0,0,0,0,4,27
17b9cb6ee151,d020891033001:2005220c830e,win,2,3,3,mate in 2,1,1,1,0,0,0,0,2,26
bed6faa31076,92c1028005c10:80000099419a049,win,2,3,3,mate in 2,1,1,1,0,0,0,1,1,27
0e6e5829d22b,9088880089c60:8000802118e14089,win,8,15,31,mate in 16,0,8,0,0,0,8,6,2,27
9dfbcc908dd8,8180088034807a:804000c100c91185,win,2,3,3,mate in 2,1,1,1,0,0,0,1,1,28
2a52d4a02936,1009000c12440509:124105099244,win,2,3,3,mate in 2,1,1,1,0,0,0,0,2,26
85a6ac163c5c,1800194800d490:1408006992a09,win,2,3,3,mate in 2,1,1,1,0,0,0,0,2,27
f98585909ae8,1028893081308:208900100c188c3,draw,6,11,37,draw,1,5,0,0,0,5,2,4,27
096107a9ba0e,60110510a3101:10040062094409e,win,3,5,5,mate in 3,1,2,1,1,0,0,0,3,27
5107adabfa81,108110400d018861:48190c83588,win,3,5,5,mate in 3,1,2,1,1,0,0,0,3,28
4c37de5f316d,9820d00109105:92001000920d0218,win,4,7,7,mate in 4,3,1,1,0,0,0,1,3,26
b98a0ec9bf58,28180035a94:8000c004528c800b,win,2,3,3,mate in 2,1,1,1,0,0,0,0,2,27
dc10e6befed1,100800224200826b:1008902a7504,win,2,3,3,mate in 2,1,1,1,0,0,0,0,2,26
e436e3d5bcfd,100800224300826b:9008902a7504,win,2,3,3,mate in 2,1,1,1,0,0,0,0,2,28
2430693238be,20500074098488:8042888a07821,win,2,3,3,mate in 2,1,1,1,0,0,0,0,2,27
259bcdf17b09,2804080a019245:8020942a0c2a,win,7,13,19,mate in 10,1,6,0,0,1,5,5,2,26
4432d5fea50a,68002060298215:14049024070e8,win,3,5,5,mate in 3,1,2,1,0,0,1,1,2,28
af4b95d64aa6,401008080029a1e:840304c505c1,win,2,3,3,mate in 2,1,1,1,0,0,0,0,2,27
d45de8686a8b,209500188409045:8a4852094a08,win,6,11,11,mate in 6,0,6,1,1,0,4,3,3,28
8e9eb91346ee,4a120093018301:200004a084a584a,win,6,11,13,mate in 7,1,5,1,0,0,4,4,2,28
7b2eb8b97f4b,9940011431062:1400010984288509,win,2,3,3,mate in 2,1,1,1,0,0,0,0,2,28
1abf0c4b3a47,2051001081d304:11000020432420ab,win,2,3,3,mate in 2,1,1,1,0,0,0,0,2,27
5d76d35322fc,318001009b904:100000032806423b,win,2,3,3,mate in 2,0,2,1,1,0,0,0,2,27
8fad3cd7d55a,10108a3882308:10822811001d083,win,2,3,3,mate in 2,0,2,1,1,0,0,1,1,27
5e9fac772f34,c020d22811801:10013000100ca28c,win,4,7,7,mate in 4,3,1,1,0,0,0,0,4,26
2863c26cfffc,c020d2a811801:30013000100ca28c,win,4,7,7,mate in 4,3,1,1,0,0,0,0,4,28
92e6c0bca1c8,200419cc1c808:18001802000a14c7,win,2,3,3,mate in 2,1,1,1,0,0,0,0,2,28
b8df38484a2e,1009002281099182:10091062087d,win,7,13,33,mate in 17,3,4,0,0,1,3,5,2,28
eda5651b7d30,581608108086c0:1400805086581018,win,5,9,13,mate in 7,0,5,1,0,0,4,3,2,28
926187fc3a00,8a10006802b003:1000008a90894888,win,2,3,3,mate in 2,0,2,1,1,0,0,0,2,26
9ee904a7f1e0,910488006404d:100000071049bc02,win,2,3,3,mate in 2,1,1,1,0,0,0,0,2,27
94b961672d5a,801944090429140:904008030c010c83,win,2,3,3,mate in 2,1,1,1,0,0,0,0,2,28
925541128832,10800482070803c:211091087141,win,3,5,5,mate in 3,1,2,1,1,0,0,0,3,26
b6504c7fa205,110800482070803c:311091087141,win,2,3,3,mate in 2,0,2,1,1,0,0,0,2,28
25b76eb841d1,100212461146c:102010009000eb83,win,3,5,5,mate in 3,1,2,1,1,0,0,1,2,28
c8df89be1e9a,108810a002619180:8000804891880269,win,2,3,3,mate in 2,1,1,1,0,0,0,0,2,28
084900349902,2310421001a548:1400042104621033,win,2,3,3,mate in 2,0,2,1,1,0,0,0,2,28
077d589e50c0,380388010083a:80180003082b9081,win,2,3,3,mate in 2,0,2,1,1,0,0,0,2,27
f6ff056eccc2,100a0a2056128:10141a09295,win,5,9,9,mate in 5,0,5,1,1,0,3,2,3,26
da804939acbc,100d0000901c401c:8000900d41019141,win,5,9,11,mate in 6,1,4,1,1,0,2,1,4,27
fb86b9de1d47,818080802905a8:12915909015,win,4,7,7,mate in 4,2,2,1,1,0,0,0,4,27
46faa6f10200,10c00420203a209:10c814c1146,win,9,17,35,mate in 18,3,6,1,0,0,5,4,5,26
4582a02e139b,1104308c21058:104000009019ca83,win,3,5,7,mate in 4,1,2,1,1,0,0,0,3,27
9a15f423f623,9800315031484:8000110c800c890b,win,2,3,3,mate in 2,0,2,1,1,0,0,0,2,28
c1b5b2f1484c,2002189240161c:20880204038c063,win,8,15,33,mate in 17,0,8,1,0,0,7,5,3,28
c313136a74b7,5415219885:10840080d40578,win,4,7,7,mate in 4,3,1,1,0,0,0,1,3,28
cb6f68198e33,24210c89213:820080088a0209c8,win,2,3,3,mate in 2,1,1,1,0,0,0,0,2,26
181902c57f1b,2542626061:200200200d930e,win,2,3,3,mate in 2,1,1,1,0,0,0,0,2,26
5f3686b7b841,18221b020a048:8000300002011aa7,win,2,3,3,mate in 2,1,1,1,0,0,0,0,2,26
19635f856b62,4184092085908:1800000408478247,win,2,3,3,mate in 2,0,2,1,1,0,0,0,2,27
f84a4afc59ae,120017005121c:20c82c8e0c1,win,3,5,5,mate in 3,2,1,1,0,0,0,1,2,27
17b6820a6cc3,6091308551:800090100249522c,win,2,3,3,mate in 2,1,1,1,0,0,0,0,2,27
adecbfefc87c,18c18d741:908081021283e,win,5,9,15,mate in 8,1,4,1,0,0,3,3,2,28
43d171f410ea,109004998109011:8040811001494948,win,2,3,3,mate in 2,1,1,1,0,0,0,0,2,28
fef6c8586f0a,100d000100928217:101c900d18c8,win,3,5,5,mate in 3,2,1,1,0,0,0,0,3,28
5dd229ea9061,49980c89052:488000214130689,win,2,3,3,mate in 2,1,1,1,0,0,0,0,2,28
4ddddfb74da0,190860088500e:9088000990078081,win,2,3,3,mate in 2,1,1,1,0,0,0,0,2,27
5d6e4c4a57aa,5080418201a2c:18001001044d8541,win,8,15,33,mate in 17,1,7,0,0,0,7,5,3,27
c01e8a881caf,20402084231110b:204026000ec234,win,2,3,3,mate in 2,1,1,1,0,0,0,0,2,28
75817c5ba0a2,20500266421602:400200609020e069,win,2,3,3,mate in 2,1,1,1,0,0,0,0,2,28
08e3c0fb252a,200880c030947:8000382889698,win,2,3,3,mate in 2,1,1,1,0,0,0,0,2,27
2bd1c2240c5c,9009005004d19080:40940990080459,win,2,3,3,mate in 2,1,1,1,0,0,0,0,2,28
05cc928e777a,191d21458:8001918000018383,win,12,23,25,mate in 13,3,9,1,0,0,8,8,4,26
80c82b572540,10891000004410c7:c91099c818,win,2,3,3,mate in 2,1,1,1,0,0,0,0,2,27
f77c74cc7050,10090020400da019:d009902050a4,win,2,3,3,mate in 2,0,2,1,1,0,0,0,2,26
e9f511c424c5,1000001c3953a:10001061902840c5,win,2,3,3,mate in 2,0,2,1,1,0,0,0,2,28
34bd2aead78a,1884940411848:804000009b08c311,win,2,3,3,mate in 2,0,2,1,1,0,0,0,2,27
3ba982f15785,100900018609a00c:360c30041601,win,2,3,3,mate in 2,1,1,1,0,0,0,0,2,26
d0eab1da6164,161252a843:80028000800d12bc,win,2,3,3,mate in 2,0,2,1,1,0,0,0,2,28
ac7f03ac2073,5800084138341:800000470044141e,win,3,5,5,mate in 3,2,1,1,0,0,0,0,3,26
3293a40c63e9,161052a843:80028000800d129c,win,2,3,3,mate in 2,0,2,1,1,0,0,0,2,26
37c184a74361,38c13808045:800041804d3388,win,2,3,3,mate in 2,1,1,1,0,0,0,0,2,27
b29f498bf350,14413c4021038:210201039cc03,win,2,3,3,mate in 2,1,1,1,0,0,0,1,1,28
4543bf4d9a27,209100082691201:2002691000a06a,win,2,3,3,mate in 2,1,1,1,0,0,0,0,2,26
b0fbd0b36529,5100829073082:8871088890d,win,2,3,3,mate in 2,1,1,1,0,0,0,1,1,28
d33ee9cb5340,2120088008a788:8002134211871,win,3,5,7,mate in 4,1,2,1,1,0,0,0,3,27
3d9b81b6a91f,118991031888:900a80020888a103,win,2,3,3,mate in 2,1,1,1,0,0,0,0,2,28
d55c7f387877,90090020400d412c:9009b020b091,win,2,3,3,mate in 2,1,1,1,0,0,0,0,2,28
8dd665034a8e,805900518029004:10000800804d294b,win,5,9,9,mate in 5,3,2,1,0,0,1,2,3,27
13006bd0ecbf,140010a0109201b:8005080569944,win,2,3,3,mate in 2,1,1,1,0,0,0,0,2,27
f8f79de8b0a1,198000da049804:80000019001b421b,win,2,3,3,mate in 2,1,1,1,0,0,0,0,2,28
7d2948eadd3f,10000d5205868:809080b8703,win,3,5,5,mate in 3,1,2,1,1,0,0,1,2,26
f8721001679f,10400d5205868:8809080b8703,win,3,5,5,mate in 3,1,2,1,1,0,0,1,2,28
caa5b1163085,1008894402dc0:414089d239,win,10,19,23,mate in 12,2,8,1,1,0,6,5,5,27
5b3353293e01,48420814a1162:900010441424840d,win,8,15,33,mate in 17,2,6,0,0,0,6,6,2,28
802544d0a0cb,100508c501c2a:80009003100382d1,win,2,3,3,mate in 2,0,2,1,1,0,0,1,1,28
55939b26da5c,10081048a004401d:14cbb4c2,win,3,5,5,mate in 3,1,2,1,1,0,0,0,3,27
95bdf24519a5,89808c80169004:800400110089059b,win,3,5,5,mate in 3,2,1,1,0,0,0,0,3,28
60dd5d5811fb,100a100c1201e201:4002404e185e,win,4,7,9,mate in 5,1,3,1,0,0,2,2,2,28
0c869e123237,99000c030b034:900000193009440b,win,3,5,5,mate in 3,2,1,1,0,0,0,0,3,28
dec4a928aba3,1860014c094c2:840000818303030d,win,3,5,7,mate in 4,1,2,1,1,0,0,0,3,28
96cee87345db,a450084049704:400000a410b488b,win,2,3,3,mate in 2,1,1,1,0,0,0,0,2,28
b806b7b66b10,10081900a808c104:8000a0085100380b,win,2,3,3,mate in 2,1,1,1,0,0,0,0,2,26
bec7881f76cc,10083012010b2091:301093010990a,win,2,3,3,mate in 2,1,1,1,0,0,0,0,2,28
244bb51bec7c,2202980212309:90002270a9422,win,2,3,3,mate in 2,1,1,1,0,0,0,0,2,27
ab46ff5e5d54,45006ca30a:1a008b1011065,win,2,3,3,mate in 2,1,1,1,0,0,0,0,2,27
834e6e8c592b,140030019008e81:40a644316c,win,2,3,3,mate in 2,1,1,1,0,0,0,1,1,27
7c08d01d5e78,1008350214a3:100804028228ab08,win,4,7,9,mate in 5,2,2,1,1,0,0,0,4,27
a19d6517a358,19a01160086001:a00000089015903c,win,2,3,3,mate in 2,1,1,1,0,0,0,0,2,27
0ca4142fd2e9,9240054419142:1000100920886689,win,10,19,31,mate in 16,3,7,1,0,0,6,4,6,28
b076792a648e,c0080c001b4c2:c04ce410d,win,2,3,3,mate in 2,0,2,1,1,0,0,0,2,26
04cb9625701e,c0180c001b4c2:c05ce410d,win,2,3,3,mate in 2,0,2,1,1,0,0,0,2,28
75330d9657c4,4908082828692:90800404140c104d,win,8,15,33,mate in 17,2,6,0,0,0,6,5,3,28
ee1f75afd5cc,110006e0131a4:c019100ce0b,win,10,19,35,mate in 18,2,8,1,0,0,7,5,5,28
027da045e995,894c881908a:804001101e4915,win,2,3,3,mate in 2,1,1,1,0,0,0,1,1,28
aad4261e11ef,490047010c103:900000108505341c,win,2,3,3,mate in 2,1,1,1,0,0,0,0,2,27
b80d2b3137d0,d8c000e009484:8400020d800d0a09,win,2,3,3,mate in 2,0,2,1,1,0,0,0,2,28
9e7414bacc9e,1800308c29154:900218009009088b,win,2,3,3,mate in 2,0,2,1,1,0,0,0,2,28
5c536696c774,1034980484129:4800000381bac2,win,2,3,3,mate in 2,1,1,1,0,0,0,0,2,28
35ef5fe61efc,94000a68034c4:a000a0094009c209,win,5,9,9,mate in 5,0,5,1,1,0,3,4,1,28
c38edb162b64,1808010495c06:100010418c8080c9,win,4,7,7,mate in 4,3,1,1,0,0,0,0,4,26
13ec8581a399,292c0104090a4:1000000682860a4b,win,5,9,9,mate in 5,0,5,1,1,0,3,4,1,27
9084b065a184,9020194409823:428023906d8,win,9,17,29,mate in 15,1,8,1,0,0,7,6,3,28
0ea5fcbf747a,1020894119294:408140103084549,win,2,3,3,mate in 2,1,1,1,0,0,0,0,2,28
bd358d10cc2a,14000a88095a8:50145296801,win,2,3,3,mate in 2,0,2,1,1,0,0,0,2,26
f42480da60ee,130010a28c701:80a083001383c,win,7,13,17,mate in 9,2,5,1,0,0,4,4,3,28
70b425671384,100810010006650e:1000e908990c1,win,2,3,3,mate in 2,1,1,1,0,0,0,0,2,27
e50cdf4b7cc6,30000d3099a04:120092030006410b,win,2,3,3,mate in 2,0,2,1,1,0,0,0,2,28
d3751b828f14,3804894019402:80000403004e014d,win,2,3,3,mate in 2,1,1,1,0,0,0,1,1,26
d8eb9ab66989,1902d8002a024:90080002102d108b,win,2,3,3,mate in 2,1,1,1,0,0,0,1,1,27
dae4addededa,9901910015208:90104000c0188053,win,2,3,3,mate in 2,1,1,1,0,0,0,0,2,26
cf7c07f2a27a,924188082940c:100334192093,win,2,3,3,mate in 2,1,1,1,0,0,0,1,1,28
64fc97ee8c12,210420940c1924:89090921c409,win,3,5,9,mate in 5,0,3,0,0,0,3,2,1,28
5dd438d28e79,100c85440060804c:80401008950c1520,win,3,5,9,mate in 5,1,2,1,1,0,0,0,3,28
4c348b7b1895,a00c8040882a09:42200e20d4a2,win,3,5,5,mate in 3,1,2,1,1,0,0,0,3,27
d1f4fface051,9900400229886:80200029900d0029,win,2,3,3,mate in 2,0,2,1,1,0,0,1,1,26
01d907b8aaf2,100981080030e118:8020102191091025,win,2,3,3,mate in 2,0,2,1,1,0,0,1,1,28
7d327820ddb5,408009d022193:80158400849c0c,win,2,3,3,mate in 2,1,1,1,0,0,0,0,2,28
812dfe233f9c,100808013801409c:3008c00eb803,win,2,3,3,mate in 2,1,1,1,0,0,0,1,1,27
545cce8667b3,1108c10000098138:1038d1305005,win,2,3,3,mate in 2,1,1,1,0,0,0,0,2,27
48a02b820dce,1900411018694:8000060186143109,win,2,3,3,mate in 2,1,1,1,0,0,0,0,2,27
8a502647ebb3,2230201001b038:90008002a0324483,win,2,3,3,mate in 2,1,1,1,0,0,0,1,1,27
fd6c02c9e641,128110800183241:100000301161c138,win,2,3,3,mate in 2,0,2,1,1,0,0,0,2,27
dc03e21ee4e3,160005180b10a:80089a00b4091,win,2,3,3,mate in 2,0,2,1,1,0,0,0,2,26
fa1b237391e9,20112901250403:90002940a912c,win,2,3,3,mate in 2,1,1,1,0,0,0,1,1,27
1ae4fa7e4e40,29040890081e01:210c23a13a,win,4,7,7,mate in 4,0,4,1,1,0,2,1,3,27
50a3797027fe,108002903510d:82009c008a892,win,2,3,3,mate in 2,1,1,1,0,0,0,1,1,26
17560407e3a9,9a10120018d40:8000000899183219,win,7,13,31,mate in 16,2,5,1,0,0,4,4,3,27
cc5afe3e7145,3402190099404:1006442640ab,win,2,3,3,mate in 2,1,1,1,0,0,0,1,1,27
d7619c9ed099,20900c800a1c0c:808201c24c033,win,2,3,3,mate in 2,1,1,1,0,0,0,0,2,27
fe083362bc07,5002008329862:200015100d201d,win,2,3,3,mate in 2,1,1,1,0,0,0,0,2,26
5fee24c362dd,5002008729862:201015100d201d,win,2,3,3,mate in 2,1,1,1,0,0,0,0,2,28
be077377efa5,9042180309641:90009018140900b8,win,2,3,3,mate in 2,0,2,1,1,0,0,0,2,28
51454c4917b9,186030800ab408:a64314037,win,3,5,7,mate in 4,1,2,1,1,0,0,0,3,28
7cb8fbfb8f87,2c40a015a0c:200080010cca0c3,win,2,3,3,mate in 2,1,1,1,0,0,0,0,2,26
ff59ff7ff3c1,11808900da111:101801150910180c,win,4,7,9,mate in 5,2,2,1,1,0,0,0,4,28
a0b0883f29eb,5080524b984:100080438084479,win,2,3,3,mate in 2,1,1,1,0,0,0,0,2,28
a3edb40fbd14,6890e26089:2001200160099066,win,3,5,5,mate in 3,2,1,1,0,0,0,0,3,28
c0f0e15d6960,18482040304829:4020001889089154,win,2,3,3,mate in 2,1,1,1,0,0,0,1,1,27
26bb7c13851f,a2002d100c9028:8008808280a30087,win,2,3,3,mate in 2,0,2,1,1,0,0,1,1,28
e0b6743cec2a,998080080b098:8000009198194c01,win,2,3,3,mate in 2,1,1,1,0,0,0,0,2,27
be2f06fedbac,3200230c0a02a:20400041002b1ac1,win,2,3,3,mate in 2,0,2,1,1,0,0,0,2,27
5e846ddd3509,80902291cd0:1005018d0c229,win,3,5,7,mate in 4,1,2,1,1,0,0,0,3,27
d093eeca0a1b,1020192801b21:82808080080184d8,win,5,9,9,mate in 5,0,5,1,1,0,3,4,1,26
1cc20040879a,1008104105209061:8904d258c,win,2,3,3,mate in 2,0,2,1,1,0,0,0,2,26
82d361db6507,10080000094ac08d:8000980890001952,win,4,7,7,mate in 4,2,2,1,1,0,0,1,3,26
20e8c7e90ed8,10080000285a809d:1300b10017842,win,4,7,7,mate in 4,2,2,1,1,0,0,1,3,28
bd6d49fe4c9e,110017049b800:10080048828043c9,win,3,5,5,mate in 3,1,2,1,1,0,0,0,3,27
2ea756a169ca,801094011009924:1100100148614449,win,3,5,9,mate in 5,1,2,0,0,0,2,1,2,27
7e032123a636,200b000008839098:208b30086807,win,2,3,3,mate in 2,1,1,1,0,0,0,1,1,27
77deb1c15fe2,91000800d7c08:1000040956008325,win,2,3,3,mate in 2,1,1,1,0,0,0,0,2,27
c002a2135a85,5002010a94498:8100d00049925,win,2,3,3,mate in 2,0,2,1,1,0,0,0,2,26
28bbfef1f744,1089904c10008048:8000008180cd1285,win,7,13,31,mate in 16,0,7,1,0,0,6,4,3,27
c75f93e84939,1008801920808071:100090593c8a,win,2,3,3,mate in 2,0,2,1,1,0,0,0,2,27
349d8a814f4f,90c0890290083:800080210c809c2c,win,2,3,3,mate in 2,0,2,1,1,0,0,0,2,27
544141dbabb8,10880011104a924:8020012ca0291009,win,2,3,3,mate in 2,1,1,1,0,0,0,0,2,27
a8ddaa13c0c4,41468d225:5000e2042cc8,win,2,3,3,mate in 2,1,1,1,0,0,0,0,2,26
94674227562f,1009020900014e18:10009628b1a1,win,2,3,3,mate in 2,0,2,1,1,0,0,0,2,27
55067565c423,4848185884181:88000c4005b42c,win,2,3,3,mate in 2,1,1,1,0,0,0,0,2,28
d8c66e003d41,1006002639628:1020900195080143,win,3,5,5,mate in 3,1,2,1,1,0,0,0,3,28
3a98a842d3e5,80109001d089404:9000900180012989,win,3,5,9,mate in 5,0,3,0,0,0,3,2,1,26
6d7792ca0674,11800d08c8828:4004400d08215085,win,4,7,9,mate in 5,0,4,1,1,0,2,1,3,27
728cbcb8c67d,1009164004444604:400000952093069,win,2,3,3,mate in 2,1,1,1,0,0,0,0,2,28
cc9ff90b6491,123893a24:10800882081db,win,3,5,5,mate in 3,1,2,1,1,0,0,0,3,26
34e8d3ff2825,4419481b044:100010800046449b,win,2,3,3,mate in 2,1,1,1,0,0,0,0,2,26
06f1e6bb9ffe,9015180121103:8002800a01498058,win,2,3,3,mate in 2,1,1,1,0,0,0,0,2,26
825083c72e71,190401008c86a:900000018ae11281,win,2,3,3,mate in 2,1,1,1,0,0,0,0,2,27
2be19fd24dd2,209801190001138:8010020803398281,win,2,3,3,mate in 2,1,1,1,0,0,0,1,1,27
7aad5dc61074,209028e001b800:90000000112847a9,win,2,3,3,mate in 2,1,1,1,0,0,0,0,2,27
02be2bb427b9,29107b8018:9008905080001063,win,2,3,3,mate in 2,0,2,1,1,0,0,0,2,26
46a7ea59fae4,9000418348833:1000180b000b150c,win,2,3,3,mate in 2,1,1,1,0,0,0,0,2,28
5258587aeb7f,401006314415022:4400c022855d,win,2,3,3,mate in 2,1,1,1,0,0,0,0,2,28
19f4359393a1,1016403740128:128000900099255,win,2,3,3,mate in 2,1,1,1,0,0,0,0,2,28
d4b768e6f156,200281065d205:80288002800a246a,win,8,15,19,mate in 10,1,7,0,0,1,6,6,2,28
9867f7093232,896900cc90:8490080993109,win,2,3,3,mate in 2,1,1,1,0,0,0,0,2,27
dfd8d11cce23,1900095499280:9300034102000549,win,2,3,3,mate in 2,1,1,1,0,0,0,0,2,28
b14766210a32,1008110999008203:80018a0002091968,win,2,3,3,mate in 2,1,1,1,0,0,0,0,2,28
53dba79f16aa,10c0882909688:800111d090951,win,2,3,3,mate in 2,1,1,1,0,0,0,0,2,28
3a8102d1c4d2,181098140810c1:10000000c0d0c61e,win,2,3,3,mate in 2,0,2,1,1,0,0,0,2,27
9cfd4fa58dfb,1081100171e2:10004000c0828e1d,win,3,5,5,mate in 3,2,1,1,0,0,0,1,2,27
a90a47ee5263,108005b20b410:510184014b29,win,7,13,27,mate in 14,0,7,1,0,0,6,4,3,27
cd129febffba,100aa2081aa18:11823a10e3,win,3,5,5,mate in 3,2,1,1,0,0,0,0,3,28
f84a4ba4ad76,210c881e15:90088802181e8,win,2,3,3,mate in 2,1,1,1,0,0,0,0,2,26
56318954548e,10098008094081e8:180190195a11,win,2,3,3,mate in 2,1,1,1,0,0,0,0,2,28
6a2c6e4a17db,9900900121815:100000029909850a,win,5,9,17,mate in 9,1,4,0,0,0,4,3,2,26
5e29481ab02d,2000a91018009e:8100008e35861,win,2,3,3,mate in 2,1,1,1,0,0,0,0,2,27
98b1bada7a0f,10048411a5051:111445852e,win,3,5,5,mate in 3,2,1,1,0,0,0,1,2,27
db560ace8b56,21101810085498:100800a100b18027,win,3,5,7,mate in 4,1,2,1,1,0,0,1,2,27
50eb8ba5930b,41003d00bc202:800b800c0204108d,win,11,21,31,mate in 16,3,8,1,0,0,7,8,3,28
c820984eb323,1d9004800c9008:9000001910110817,win,2,3,3,mate in 2,0,2,1,1,0,0,0,2,26
a6adda6e04d2,a15225066:2512040098519,win,3,5,9,mate in 5,1,2,1,1,0,0,1,2,27
cf8ddd5b6d8e,5000060506420b:2005040508d54,win,3,5,7,mate in 4,1,2,1,1,0,0,0,3,26
441a8909c751,10801c0152a18:400042140a08d005,win,2,3,3,mate in 2,1,1,1,0,0,0,0,2,26
4a51ac1ac68d,10809c0152a18:401042140a08d005,win,2,3,3,mate in 2,1,1,1,0,0,0,0,2,28
81801216cbd5,c3189010d04:821800006309231,win,2,3,3,mate in 2,1,1,1,0,0,0,0,2,27
26b3541e3936,a1009000919418:181029142840a1,win,3,5,5,mate in 3,2,1,1,0,0,0,0,3,27
e562526fc234,2010089089408d:840a041209562,win,3,5,7,mate in 4,1,2,1,1,0,0,0,3,27
06d06b79bcc5,980600048c232:80000009e0312149,win,2,3,3,mate in 2,0,2,1,1,0,0,1,1,27
f0a2ad01f4e6,10080021d0288206:d00a00435069,win,2,3,3,mate in 2,0,2,1,1,0,0,0,2,27
6511c8604724,54000e441a408:8045100c50c5,win,2,3,3,mate in 2,1,1,1,0,0,0,0,2,26
4a7afadc8baa,906008648a418:400005910111263,win,3,5,5,mate in 3,1,2,1,1,0,0,0,3,28
d7180d9e90d6,1321802888218:2180081b0113081,win,3,5,7,mate in 4,0,3,1,0,0,2,2,1,27
f716121d8b2e,2800188480c99:1004210839346,win,3,5,5,mate in 3,2,1,1,0,0,0,0,3,27
c595822707c7,a185101e18:21800000a1c1e1,win,2,3,3,mate in 2,1,1,1,0,0,0,1,1,26
a48bd0bde8dd,12822b8392:11a030811101029,win,8,15,27,mate in 14,0,8,1,0,0,7,6,2,28
96881c4ce7a4,801980890081098:900800010815c807,win,2,3,3,mate in 2,1,1,1,0,0,0,0,2,27
560e23c73f70,20001884d30c5:1001108230828c0a,win,9,17,29,mate in 15,2,7,1,0,0,6,5,4,28
b634c61eb206,98000030b9211:9000120b9000050a,win,2,3,3,mate in 2,0,2,1,1,0,0,0,2,26
2d74e94dee9e,151089028c032:4108001141111909,win,2,3,3,mate in 2,1,1,1,0,0,0,0,2,28
45fc01e69716,2000002d4b84c:100618034293,win,3,5,5,mate in 3,1,2,1,1,0,0,0,3,26
a07c9559b21d,20042096015604:8401c00140208069,win,2,3,3,mate in 2,1,1,1,0,0,0,0,2,26
bfe25a1dc145,29809828498:88000092185b03,win,2,3,3,mate in 2,0,2,1,1,0,0,0,2,27
242e0899484e,10104941d8016:10c040b01021509,win,2,3,3,mate in 2,1,1,1,0,0,0,0,2,28
bdf7460866cd,100800090409e281:130003240145e,win,2,3,3,mate in 2,0,2,1,1,0,0,1,1,27
407ef0fbcb51,4500382b491:2003458436a,win,3,5,9,mate in 5,1,2,1,1,0,0,0,3,28
f9d129fc04e8,a501200034498:10000408d4189103,win,2,3,3,mate in 2,1,1,1,0,0,0,0,2,27
98876182ab3e,10498001000da018:80001048b04012c5,win,2,3,3,mate in 2,0,2,1,1,0,0,0,2,27
7028af18115f,130012102d08c:4010690052903,win,2,3,3,mate in 2,1,1,1,0,0,0,0,2,26
e95b0cf5f17e,9101818b26:800000905074d9,win,2,3,3,mate in 2,1,1,1,0,0,0,0,2,27
ad838a0051ce,1800090c92843:90001081081094b8,win,8,15,31,mate in 16,2,6,1,0,0,5,4,4,27
162ca4f294b7,c1096a80b:1008109080085194,win,2,3,3,mate in 2,1,1,1,0,0,0,1,1,26
50f8cf170250,218300042496041:2583010931a,win,2,3,3,mate in 2,1,1,1,0,0,0,0,2,28
72aa16d2a89f,9280019841988:884008d2009a005,win,9,17,17,mate in 9,5,4,1,0,0,3,5,4,28
0e6b8884d39e,10900881080740a:1101c5098185,win,2,3,3,mate in 2,1,1,1,0,0,0,0,2,27
ccb2a7d3a7a8,100894080bd08:880000ac4942c1,win,2,3,3,mate in 2,0,2,1,1,0,0,0,2,27
c938e15e5f2b,10400841c2c34:8400802108219089,win,3,5,5,mate in 3,1,2,1,1,0,0,0,3,26
e376e16102a0,100900001c4ac408:1c4900013843,win,3,5,5,mate in 3,2,1,1,0,0,0,0,3,26
120238cc2cbe,11083103d806:1100880088082369,win,2,3,3,mate in 2,1,1,1,0,0,0,0,2,28
72a70f3d6dd8,9040080030e9a:8000808b06889101,win,2,3,3,mate in 2,1,1,1,0,0,0,0,2,27
a8c490a26be3,100880054004c187:40055008908b1008,win,4,7,7,mate in 4,3,1,1,0,0,0,0,4,28
6ddbb192b572,1100094803e06:100004010a2981a9,win,5,9,9,mate in 5,3,2,1,1,0,0,2,3,27
fb787956eeef,9800013059504:1004130d8008020b,win,2,3,3,mate in 2,1,1,1,0,0,0,0,2,27
45f1ea243121,20800100859a445:20912005b3a,win,2,3,3,mate in 2,1,1,1,0,0,0,0,2,28
010342bf0c46,20120912018648:2010460046c1025,win,2,3,3,mate in 2,1,1,1,0,0,0,0,2,27
a62658b28b4c,900200c494059:c190030bc20,win,2,3,3,mate in 2,1,1,1,0,0,0,0,2,26
9c9ccece9e03,900208c494059:c590030bc20,win,2,3,3,mate in 2,1,1,1,0,0,0,0,2,28
7352cb097a21,2190090110499:9800800209029902,win,4,7,7,mate in 4,2,2,1,1,0,0,0,4,26
330e8a348409,21000041a83598:200020313011c023,win,2,3,3,mate in 2,0,2,1,1,0,0,0,2,28
81266967cb59,1009084508049041:800090089049090c,win,2,3,3,mate in 2,1,1,1,0,0,0,1,1,26
7e91106aebf2,1890004180b381:4218b2194018,win,11,21,33,mate in 17,0,11,1,0,0,10,6,5,28
0cf5090665ad,9980008094619:c0004409d4009880,win,3,5,5,mate in 3,1,2,1,1,0,0,0,3,28
603150bbb33a,111083101142a:100804210428a181,win,2,3,3,mate in 2,0,2,1,1,0,0,0,2,26
1e7b6aeacef5,20118004d0921c:10000020912145e1,win,3,5,5,mate in 3,2,1,1,0,0,0,0,3,28
05fd35f0eb5d,3802c4004902a:4003902b4085,win,2,3,3,mate in 2,0,2,1,1,0,0,0,2,26
aa94c6070d42,3802c4084902a:5003902b4085,win,2,3,3,mate in 2,0,2,1,1,0,0,0,2,28
6c42cc9917a0,200a810c000d0b:800002012a392a4,win,3,5,5,mate in 3,1,2,1,1,0,0,0,3,27
8062e73db08b,2001128389831:1028028203270a,win,2,3,3,mate in 2,1,1,1,0,0,0,0,2,28
6f707b506aa6,41940880098841:9000004154405498,win,3,5,5,mate in 3,2,1,1,0,0,0,1,2,27
05e295ad8537,104910104045409:9001000491018344,win,3,5,9,mate in 5,0,3,0,0,0,3,2,1,26
fcd301bcced2,104910106045409:9001040491018344,win,3,5,9,mate in 5,0,3,0,0,1,2,2,1,28
60fe5ee568ba,3009a20082085008:800050097001a201,win,2,3,3,mate in 2,1,1,1,0,0,0,0,2,26
ac5ae7228bd9,b8089a908a:a8080090212871,win,8,15,31,mate in 16,1,7,1,0,0,6,4,4,28
bd7285e40c53,404204822ba41:4a645442e,win,4,7,7,mate in 4,2,2,1,1,0,0,1,3,28
9654a499e280,19100890851488:1000849504188015,win,3,5,9,mate in 5,0,3,0,0,0,3,2,1,28
5311367063c8,3004002c1748c:1083900a8263,win,5,9,11,mate in 6,2,3,1,0,0,2,3,2,28
230840efcf98,1009140580001c09:800080081c4d8054,win,8,15,29,mate in 15,0,8,1,0,0,7,6,2,27
2f0118bae797,108a0408805a00b:8800090821481944,win,2,3,3,mate in 2,1,1,1,0,0,0,0,2,28
b1d8bf75aa7e,1008120983006038:200803010399301,win,4,7,7,mate in 4,3,1,1,0,0,0,0,4,28
bf790a763b29,9004388021c41:900098081049800a,win,2,3,3,mate in 2,0,2,1,1,0,0,0,2,26
acd2548e64d6,218802890d808:8000002d00a2193,win,2,3,3,mate in 2,1,1,1,0,0,0,1,1,26
f57c41432042,9200235485009:109c003a552,win,2,3,3,mate in 2,1,1,1,0,0,0,0,2,28
43d6a63b4882,188008401c80d1:401192015a2c,win,7,13,15,mate in 8,0,7,1,1,0,5,5,2,27
751b3e3ba092,5108570009081:9000c000808d620c,win,3,5,5,mate in 3,2,1,1,0,0,0,1,2,27
e364bfa5d975,c000836001728:1104090d2845,win,6,11,15,mate in 8,1,5,0,0,1,4,4,2,26
d176c9f7ee2f,50900008489a092:2000a50921001509,win,2,3,3,mate in 2,1,1,1,0,0,0,0,2,28
f6eccde65260,90010b8149034:100809002b288b,win,2,3,3,mate in 2,1,1,1,0,0,0,0,2,28
9ef59117193a,9822800602069:80202001b2099200,win,2,3,3,mate in 2,0,2,1,1,0,0,0,2,26
e82b42e582d2,18920080194089:900000193200b310,win,3,5,5,mate in 3,1,2,1,1,0,0,0,3,27
c66726eb6e99,1100d50298062:9000c0028006520d,win,9,17,33,mate in 17,2,7,0,0,1,6,5,4,28
e764447bf006,10803023a021a01:20010090189a18a,win,5,9,11,mate in 6,2,3,1,0,0,2,1,4,28
9d2fbc26fcd3,1208024c2941a:81409101922c1,win,5,9,9,mate in 5,0,5,1,1,0,3,2,3,28
e909aec2e174,90002d6028203:2540900095418,win,4,7,7,mate in 4,3,1,1,0,0,0,0,4,26
4373981778b0,90002d6028243:254090009541c,win,3,5,5,mate in 3,2,1,1,0,0,0,0,3,28
2cf21625a005,101081828e034:801a1051989,win,2,3,3,mate in 2,1,1,1,0,0,0,1,1,26
5d0255554664,801004860c0948a:80881880b6841,win,2,3,3,mate in 2,0,2,1,1,0,0,1,1,28
f33a5cdfb7d1,58000d0a04489:1000502500059824,win,7,13,33,mate in 17,1,6,0,0,0,6,4,3,26
30363f4d394a,720990093010:500980006200c309,win,3,5,5,mate in 3,2,1,1,0,0,0,0,3,27
ce8cbec77bf2,81e0014000b403:a0000080a08341ac,win,2,3,3,mate in 2,1,1,1,0,0,0,0,2,27
c6f1bb2a24a0,228e438861:800286000120170e,win,2,3,3,mate in 2,1,1,1,0,0,0,0,2,28
9c1998022666,4100010c221c27:1046904d8148,win,3,5,5,mate in 3,1,2,1,1,0,0,1,2,28
792fefa1d37b,1814881450d040:9080801080882499,win,3,5,7,mate in 4,1,2,1,1,0,0,0,3,28
99470062f44c,b002808209338:208803800b4843,win,2,3,3,mate in 2,1,1,1,0,0,0,0,2,28
c8ebc5e80f91,283814808c38:80000a8393087,win,2,3,3,mate in 2,0,2,1,1,0,0,0,2,28
37ea681dfc76,91000100c7a81:18000809ca01802c,win,2,3,3,mate in 2,1,1,1,0,0,0,0,2,27
e639c2642d8f,18004311090252:100011882529109,win,2,3,3,mate in 2,1,1,1,0,0,0,0,2,27
b328a664de95,198004219d108:1800001198002e91,win,2,3,3,mate in 2,1,1,1,0,0,0,0,2,28
bee5ba3d8599,9808091299400:80000129048003a9,win,2,3,3,mate in 2,1,1,1,0,0,0,0,2,26
a88aadf5bd15,6009000154084421:102070282021b008,win,3,5,5,mate in 3,1,2,1,1,0,0,1,2,27
9fa48e52d4a9,6090009008d181:900000680061207c,win,3,5,5,mate in 3,2,1,1,0,0,0,0,3,27
6862bfc60efb,10083802020834a1:280000083c038a0a,win,2,3,3,mate in 2,1,1,1,0,0,0,0,2,28
fa305b48fb8d,915809a249:89000804905c94,win,7,13,25,mate in 13,1,6,1,1,0,4,4,3,28
ea060e5672f1,52304a2099002:10800090106234d,win,2,3,3,mate in 2,1,1,1,0,0,0,0,2,28
0d257c7e91f0,dc0018363:14000242c748c,win,2,3,3,mate in 2,0,2,1,1,0,0,1,1,27
7db206821e75,24802180208549:8401044404451026,win,2,3,3,mate in 2,1,1,1,0,0,0,0,2,27
6ec668849e2f,8100211128b118:1208180888148a1,win,2,3,3,mate in 2,1,1,1,0,0,0,0,2,28
9b89d72ce407,2900206220e041:a00990091328,win,2,3,3,mate in 2,1,1,1,0,0,0,0,2,26
be6a098dd84c,2902206220e041:a0099009132c,win,2,3,3,mate in 2,1,1,1,0,0,0,0,2,28
7dcbaed41134,208000152209292:152280009602d,win,2,3,3,mate in 2,1,1,1,0,0,0,0,2,27
6caaffaf075b,26042004a48411:4000006001340ee,win,2,3,3,mate in 2,1,1,1,0,0,0,0,2,26
6e221df9540d,2604200ca48411:4000006001348ee,win,2,3,3,mate in 2,1,1,1,0,0,0,0,2,28
4ec5ad6f37b8,104018443440e:840880084008b0c1,win,2,3,3,mate in 2,1,1,1,0,0,0,0,2,26
b055535e3972,1029802900019802:80001000922a42a9,win,2,3,3,mate in 2,0,2,1,1,0,0,0,2,27
3e2bc675c6e6,100900402202e942:120990491219,win,3,5,5,mate in 3,2,1,1,0,0,0,0,3,28
43d93501d89e,81200008404152d:881208328892,win,7,13,21,mate in 11,0,7,0,0,1,6,5,2,26
913e96d64e72,20306080213051:100080007140c12e,win,7,13,29,mate in 15,1,6,1,1,0,4,5,2,27
31b39d659741,100a800d3603:100680041602c02c,win,2,3,3,mate in 2,1,1,1,0,0,0,0,2,27
e861052e85e0,3000c3c09d001:8480340062c0e,win,2,3,3,mate in 2,1,1,1,0,0,0,0,2,28
170af83d9419,45414151522:41100010160c05d,win,2,3,3,mate in 2,1,1,1,0,0,0,0,2,28
d150794cc683,2480080aa82a09:808a48004d0a6,win,2,3,3,mate in 2,1,1,1,0,0,0,0,2,28
d864b4867fdc,19000820d216c:40026114609601,win,2,3,3,mate in 2,1,1,1,0,0,0,0,2,28
1cd05677e18a,112009605880c:88409000856c1,win,2,3,3,mate in 2,1,1,1,0,0,0,0,2,26
7fdb47e490ce,909890c8908:908000404813495,win,2,3,3,mate in 2,1,1,1,0,0,0,0,2,27
98b54bd75a46,1029002181481091:10011081021896c,win,2,3,3,mate in 2,1,1,1,0,0,0,0,2,28
bde273565a48,100de0058207:9005c00010087848,win,2,3,3,mate in 2,0,2,1,1,0,0,0,2,28
acbb0a30d54e,109200890097002:8000d10161008149,win,3,5,5,mate in 3,1,2,1,1,0,0,0,3,27
b9e607785b36,20090200800bc618:200b72003823,win,3,5,5,mate in 3,1,2,1,1,0,0,0,3,28
01e6f540033e,304d800180c5:10098000304c301a,win,2,3,3,mate in 2,1,1,1,0,0,0,0,2,27
1d0d879069ea,1009834097028:984001c0908491,win,3,5,5,mate in 3,1,2,1,1,0,0,0,3,28
23eb124f7bad,28880921aa201:9000120a0880189a,win,2,3,3,mate in 2,0,2,1,1,0,0,0,2,28
43c4f82e993a,1089a0991028:100920101060a0d1,win,3,5,5,mate in 3,1,2,1,1,0,0,0,3,27
5255631ea6eb,200d802d4007:540226002b128,win,2,3,3,mate in 2,1,1,1,0,0,0,1,1,27
b0098b7a6428,40d0000801d1418:8000841d1400c005,win,2,3,3,mate in 2,0,2,1,1,0,0,0,2,26
e6f02fb25341,40d0000801d1418:8000841d1400c205,win,2,3,3,mate in 2,0,2,1,1,0,0,0,2,27
7e4f8f7e6528,40d0000821d1418:8000841d1400c205,win,2,3,3,mate in 2,0,2,1,1,0,0,0,2,28
4d948f0105a2,901024112d028:801980092313,win,5,9,11,mate in 6,3,2,1,1,0,0,0,5,26
a6d387261c2c,901026112d028:2801980092313,win,4,7,7,mate in 4,3,1,1,0,0,0,1,3,28
19dcd73d900c,3006150098a04:28066506b,win,2,3,3,mate in 2,1,1,1,0,0,0,0,2,26
14b323baf9ba,2081620b1a8:10009020800b4e03,win,8,15,17,mate in 9,1,7,1,0,0,6,6,2,27
9580afd8afe0,1006980610a64:88608a000a089009,win,3,5,5,mate in 3,1,2,1,1,0,0,0,3,28
500a712add1f,100049109852a:9008910904041005,win,2,3,3,mate in 2,0,2,1,1,0,0,0,2,26
09630ad4ee9c,211011e010d002:8010a02010212039,win,2,3,3,mate in 2,0,2,1,1,0,0,0,2,26
6247cd8cf943,a8136085c2:a8100080893229,win,4,7,9,mate in 5,0,4,1,1,0,2,1,3,28
6552e08c5f56,1802112ad8008:80201088800052a5,win,2,3,3,mate in 2,1,1,1,0,0,0,0,2,26
b5d84cb81cf1,1822112ad8008:80281088800052a5,win,2,3,3,mate in 2,1,1,1,0,0,0,0,2,28
06a65f9b31b6,494145502a:4020822a83c5,win,2,3,3,mate in 2,1,1,1,0,0,0,0,2,27
7d01405bc92b,a01025082da:8201800088031921,win,6,11,15,mate in 8,2,4,0,0,1,3,4,2,26
6444cd5d8403,1409540014028062:4000004940495609,win,2,3,3,mate in 2,1,1,1,0,0,0,0,2,28
2c9f0c7d1b81,30492010d070:1000051c92589,win,2,3,3,mate in 2,1,1,1,0,0,0,0,2,27
552567267bbb,2a988411851:9000002a8c3ac,win,4,7,7,mate in 4,3,1,1,0,0,0,0,4,28
438f133317e2,500d1000d00080c1:404d004d500c,win,2,3,3,mate in 2,0,2,1,1,0,0,0,2,26
a01f2beb8353,500d1000d08080c1:404d004d501c,win,2,3,3,mate in 2,0,2,1,1,0,0,0,2,28
e708f1b321eb,20980084051c16:35183082a9,win,11,21,35,mate in 18,3,8,1,0,0,7,6,5,28
0e79b623e843,18820190529005:900010580209025a,win,2,3,3,mate in 2,1,1,1,0,0,0,0,2,28
2ffd1f6d52c4,4180410224920c:9000102090490461,win,6,11,15,mate in 8,1,5,1,0,0,4,3,3,26
0d465fd5a124,109000401103989:2119a00dc014,win,2,3,3,mate in 2,1,1,1,0,0,0,1,1,27
11d4d0ac0eb4,c0ec11689:1a00110cc946,win,2,3,3,mate in 2,1,1,1,0,0,0,0,2,28
02fb722901d1,100908285841800c:205005002c5861,win,2,3,3,mate in 2,1,1,1,0,0,0,0,2,28
35f24ecaa2fc,1d287924:80d2800058489,win,6,11,15,mate in 8,1,5,1,1,0,3,3,3,26
0f2d2a6f0a55,18041026c0145:240020494019628,win,2,3,3,mate in 2,1,1,1,0,0,0,0,2,27
f0e968451b3a,908c181009908:110818c900c3,win,3,5,5,mate in 3,1,2,1,1,0,0,1,2,26
fca80ff33edf,128492091838:1800080109848385,win,2,3,3,mate in 2,1,1,1,0,0,0,0,2,28
85f2f605f254,80580049401c089:80000801088c3c46,win,2,3,3,mate in 2,1,1,1,0,0,0,0,2,28
8a4fbcc7c8aa,10080008940b2291:116030200d50a,win,2,3,3,mate in 2,0,2,1,1,0,0,0,2,28
9d1ed8705eca,108020102107419:111891098302,win,4,7,7,mate in 4,3,1,1,0,0,0,1,3,26
44b6e12945c1,8100811084d034:1020102401232183,win,3,5,5,mate in 3,2,1,1,0,0,0,0,3,27
0c343b8a94f9,41c0018001b01c:8000004068484ce1,win,2,3,3,mate in 2,0,2,1,1,0,0,1,1,27
0d2d7621e543,1008046012058065:12088468168a,win,5,9,9,mate in 5,3,2,1,1,0,0,1,4,28
397456c084a5,10081002020ae10d:205020d11051202,win,2,3,3,mate in 2,0,2,1,1,0,0,0,2,28
a3778d47a4e8,9184080894059:40897840b880,win,2,3,3,mate in 2,1,1,1,0,0,0,0,2,28
a5171102afe2,1049080180018944:9048194c100b,win,2,3,3,mate in 2,1,1,1,0,0,0,0,2,27
02de0967d309,490200001816a9:106912618050,win,3,5,5,mate in 3,2,1,1,0,0,0,0,3,26
807a861da8bd,10908b49291:1000100091090d2e,win,3,5,5,mate in 3,1,2,1,1,0,0,1,2,28
3a3b30d7e988,1048004608458c08:11009100a50c7,win,2,3,3,mate in 2,1,1,1,0,0,0,0,2,28
837ffc853a2e,c1040e002d041:5000400c104c200e,win,2,3,3,mate in 2,1,1,1,0,0,0,1,1,26
7b210d03f38a,2000b1981018a0:1080005a98519,win,2,3,3,mate in 2,1,1,1,0,0,0,0,2,27
c71e04521420,10090820082ac028:20d009d0011803,win,4,7,9,mate in 5,2,2,1,1,0,0,0,4,27
4569e2d7c9c8,1085000098198051:109d00c4188c,win,2,3,3,mate in 2,0,2,1,1,0,0,0,2,28
40e0eb8cafdf,1009004850498061:804090018030541a,win,3,5,9,mate in 5,0,3,0,0,0,3,2,1,28
8a8d3dab5f44,100a020808808199:1082920a5e02,win,2,3,3,mate in 2,0,2,1,1,0,0,1,1,27
67f0118202cd,214eb1588:29006981008063,win,2,3,3,mate in 2,1,1,1,0,0,0,0,2,28
473851968d1c,280a0028a05a01:a0000291209a0a8,win,2,3,3,mate in 2,1,1,1,0,0,0,0,2,27
57f6fde6ae37,10180118b9402:810098404098d,win,2,3,3,mate in 2,1,1,1,0,0,0,0,2,26
b6196f9729eb,1011982184051:811880000101930c,win,2,3,3,mate in 2,1,1,1,0,0,0,0,2,26
c7ff9aeca90f,30090000108919a8:3909a920a001,win,2,3,3,mate in 2,1,1,1,0,0,0,0,2,28
ea91e7ac6d33,c24084c0d8401:4000804b000792c,win,2,3,3,mate in 2,1,1,1,0,0,0,0,2,28
59473481e83e,a8401d401c018:9001101a001a1403,win,2,3,3,mate in 2,0,2,1,1,0,0,0,2,28
80a8eefce0cf,90060a040308d:800900a9c072,win,3,5,5,mate in 3,2,1,1,0,0,0,1,2,26
3044c801befd,20012580294c01:140005504913c,win,2,3,3,mate in 2,0,2,1,1,0,0,0,2,27
d85142ab0269,100990202108a038:11990315901,win,2,3,3,mate in 2,0,2,1,1,0,0,0,2,28
2acbb767388a,102404220d863:21bc432608,win,2,3,3,mate in 2,1,1,1,0,0,0,0,2,28
e34d08f6d0ad,100900084c015618:1c01100889e5,win,2,3,3,mate in 2,1,1,1,0,0,0,0,2,28
b22b5fe0cc33,28000b015813c:90003102010a3203,win,2,3,3,mate in 2,0,2,1,1,0,0,0,2,28
a6357a36c662,180900034010901a:5818980b4801,win,7,13,23,mate in 12,1,6,1,0,0,5,3,4,27
fe9cd9808106,4188019808500a:9000504040c188c1,win,2,3,3,mate in 2,1,1,1,0,0,0,0,2,27
200de358cbf4,109011b00c241:9000804919b8,win,3,5,5,mate in 3,2,1,1,0,0,0,0,3,26
20e84852252d,b0c081404940c:4008003880b2813,win,3,5,5,mate in 3,2,1,1,0,0,0,1,2,28
d14cace4641b,2801890311a01:a030a0a803a,win,4,7,7,mate in 4,3,1,1,0,0,0,0,4,26
384076dc84f4,1108800080a802b9:8080118813009540,win,2,3,3,mate in 2,1,1,1,0,0,0,0,2,28
5919fc740707,1080b82181118:808120018038a03,win,2,3,3,mate in 2,1,1,1,0,0,0,0,2,26
6d356567d6a0,1880b82181118:1808120018038a03,win,2,3,3,mate in 2,1,1,1,0,0,0,0,2,28
22615f3a1ba6,7a01298058:80000805255a3,win,2,3,3,mate in 2,1,1,1,0,0,0,0,2,26
cbb3017a74b6,31c00c9434:100050001431480b,win,2,3,3,mate in 2,0,2,1,1,0,0,0,2,26
943377e5b999,31c04c9434:100050001431484b,win,2,3,3,mate in 2,0,2,1,1,0,0,0,2,28
5df5558ee249,9803082149034:80100009002b4a0b,win,2,3,3,mate in 2,1,1,1,0,0,0,0,2,28
cbf25c13c178,409c00040603862:4098609c609,win,9,17,29,mate in 15,1,8,1,0,0,7,6,3,28
7d4f46eea61b,109692e12:108483000d169,win,2,3,3,mate in 2,1,1,1,0,0,0,0,2,27
a9fbe4b152d4,10401280d40ac:402444a0bc01,win,2,3,3,mate in 2,1,1,1,0,0,0,0,2,26
431d2f2abf73,1000042583d54:40011501c2ab,win,3,5,7,mate in 4,1,2,1,1,0,0,0,3,28
d70692f34355,100019588928c:400048c08050d61,win,2,3,3,mate in 2,1,1,1,0,0,0,0,2,28
f7b6b13b723e,1208440c8b086:80848001b0054049,win,5,9,15,mate in 8,0,5,0,0,0,5,3,2,28
80f4dd170d35,2882090801220b:80010020822cd824,win,2,3,3,mate in 2,0,2,1,1,0,0,1,1,27
1d7e19027e7c,190c00283148a:108000019048e261,win,2,3,3,mate in 2,0,2,1,1,0,0,0,2,28
215d43a33c2c,2040613060a00c:1040300840095061,win,2,3,3,mate in 2,1,1,1,0,0,0,0,2,26
954158463ca6,1084860c0403029:800081080929c940,win,2,3,3,mate in 2,1,1,1,0,0,0,0,2,28
7a5a97cbcae2,d800400629146:80000029810d00b9,win,4,7,7,mate in 4,2,2,1,1,0,0,0,4,28
2dce13d4a902,1000843219722:201100e689d,win,2,3,3,mate in 2,1,1,1,0,0,0,0,2,28
a7e40f8b277d,10800069003109a:60109011cc105,win,2,3,3,mate in 2,1,1,1,0,0,0,0,2,27
d46334d9bb18,18029e00d9008:9008500410206125,win,2,3,3,mate in 2,0,2,1,1,0,0,0,2,28
8cbbb9712a7d,1188008908598:1080000191091a03,win,5,9,9,mate in 5,3,2,1,1,0,0,2,3,26
c1b16328f5c8,19001a1a48401:b0002000100931ac,win,2,3,3,mate in 2,0,2,1,1,0,0,0,2,27
c2105f571098,1029020016221428:102b80098383,win,2,3,3,mate in 2,1,1,1,0,0,0,0,2,28
9e81bd367c0a,102501204922c:2401001005920d1,win,7,13,17,mate in 9,3,4,1,0,0,3,1,6,26
34ee72b7ba59,20904104408643:1040002093211128,win,7,13,23,mate in 12,0,7,0,0,1,6,5,2,26
1fc63d781d5b,a00d28080d881:800008585a205a,win,2,3,3,mate in 2,1,1,1,0,0,0,1,1,28
9e9c3b7a5964,11811881a901:a001a800a1001098,win,2,3,3,mate in 2,1,1,1,0,0,0,0,2,26
432a1f25f0c2,20992083831:2090020206183c8,win,2,3,3,mate in 2,1,1,1,0,0,0,0,2,27
1292a01d61f9,2010212029a881:100128009c00143c,win,2,3,3,mate in 2,0,2,1,1,0,0,0,2,27
9020068a6da6,388100a0c918:18000000380930e5,win,3,5,7,mate in 4,1,2,1,1,0,0,0,3,27
350f5eef9fd7,3804180403a81:804022022203c04a,win,2,3,3,mate in 2,1,1,1,0,0,0,0,2,27
b9da2fdf85e7,10090201004492c3:800090489289400c,win,2,3,3,mate in 2,0,2,1,1,0,0,0,2,28
3dc0083e5c8a,2140024248147:6914b3428,win,3,5,5,mate in 3,1,2,1,1,0,0,1,2,27
1584b194b958,20091804095418:804210930a921,win,2,3,3,mate in 2,1,1,1,0,0,0,0,2,27
792c2b1cddf5,1228200078207:20005b28830a8,win,2,3,3,mate in 2,0,2,1,1,0,0,0,2,27
3bb11ebd6e4e,1903092280109:9000030101119230,win,2,3,3,mate in 2,1,1,1,0,0,0,0,2,26
acd7f7224327,9903092280109:9000030901119230,win,2,3,3,mate in 2,1,1,1,0,0,0,0,2,28
ed119c8ece60,11088008005a8291:800011029101314a,win,2,3,3,mate in 2,1,1,1,0,0,0,0,2,28
fd887f2d25e0,29008030291c10:10290880a0e9,win,2,3,3,mate in 2,1,1,1,0,0,0,0,2,26
1db4663d84ea,100c8c044d808:400001188920c7,win,2,3,3,mate in 2,1,1,1,0,0,0,0,2,26
f9b4fedf96da,9dc819102:9188000084c99,win,2,3,3,mate in 2,1,1,1,0,0,0,0,2,26
80e01e15bf4e,9dc839102:9188001084c99,win,2,3,3,mate in 2,1,1,1,0,0,0,0,2,28
a804421d77d1,90001d2819284:c08c200c6119,win,2,3,3,mate in 2,1,1,1,0,0,0,0,2,28
ec3a2dd47c3e,10810800100b9c12:800094838c800089,win,2,3,3,mate in 2,1,1,1,0,0,0,0,2,28
c49c49423b91,1042092a811a8:2800890405a605,win,3,5,5,mate in 3,1,2,1,1,0,0,1,2,28
5a4b1287308b,1009080084018b05:80012091b081408,win,2,3,3,mate in 2,0,2,1,1,0,0,0,2,26
c505eee6b71e,10090c0084018b05:a0012091b081408,win,2,3,3,mate in 2,0,2,1,1,0,0,0,2,28
b20692039951,9180800289036:100000219c110c89,win,2,3,3,mate in 2,1,1,1,0,0,0,0,2,27
0c363a2dc44a,4110011101c928:40a05434d5,win,2,3,3,mate in 2,1,1,1,0,0,0,0,2,27
7f6c053d7f63,20808198238128:8001002220883893,win,7,13,31,mate in 16,1,6,0,0,0,6,5,2,28
cb8668d564ea,5810101831902:10008848804809d,win,2,3,3,mate in 2,1,1,1,0,0,0,0,2,26
5f963c0037a2,a004490a29062:8000802a004c448d,win,3,5,7,mate in 4,1,2,1,1,0,0,0,3,28
93bdb598b822,100406448d228:2180252547,win,2,3,3,mate in 2,1,1,1,0,0,0,0,2,26
cf3d821db695,10040644ad228:20002180252547,win,2,3,3,mate in 2,1,1,1,0,0,0,0,2,28
58da54715635,2409ae8c1:18009b001121a,win,3,5,5,mate in 3,2,1,1,0,0,0,1,2,26
195e69f66904,100800002521d611:90389018212c,win,2,3,3,mate in 2,1,1,1,0,0,0,0,2,28
b3ac81ee66cb,118a3104053:18a2000008b328,win,2,3,3,mate in 2,1,1,1,0,0,0,0,2,26
e4ebe683dc4f,1110032009398:1000200101436863,win,6,11,11,mate in 6,1,5,1,1,0,3,4,2,27
d2b28f5e07d9,12b5422d:110850040b0d2,win,3,5,5,mate in 3,1,2,1,1,0,0,0,3,26
201f6ae94981,22101c111808d:1000a300a7912,win,2,3,3,mate in 2,1,1,1,0,0,0,1,1,28
7d56324696f9,122800010082828b:122812291824,win,2,3,3,mate in 2,0,2,1,1,0,0,0,2,26
c4d55ee595fc,c0918008809c002:9000840954001c09,win,2,3,3,mate in 2,0,2,1,1,0,0,0,2,27
22f498995f70,1814090689284:800000010307416b,win,3,5,5,mate in 3,2,1,1,0,0,0,0,3,28
92649bbe5233,140900118499800:18010940c1004149,win,7,13,29,mate in 15,0,7,0,0,0,7,3,4,27
adfa5c9afdce,2910409400806a:1040002900691605,win,2,3,3,mate in 2,1,1,1,0,0,0,0,2,27
f88055e798bc,9120100c110cc:100000489a08ea01,win,6,11,11,mate in 6,4,2,1,1,0,0,0,6,27
346cf69a8976,18009a00b8282:8080008010c4384d,win,2,3,3,mate in 2,1,1,1,0,0,0,0,2,27
4173fce9390c,2a002c0885904:300010003803a08b,win,2,3,3,mate in 2,1,1,1,0,0,0,0,2,27
2e2c39332b84,1920b2008830a:b008200092033011,win,2,3,3,mate in 2,0,2,1,1,0,0,0,2,28
6c7d6920b95f,1d0404048981a:4040000b900340e1,win,3,5,9,mate in 5,1,2,1,0,0,1,1,2,28
510b8906b1cd,1082108da902:105250214ad,win,4,7,7,mate in 4,2,2,1,1,0,0,0,4,27
76efde659d9e,50048100c1855:1000100581d18188,win,2,3,3,mate in 2,0,2,1,1,0,0,0,2,27
1b286b4390cc,1881903c901:18840024088308a,win,2,3,3,mate in 2,1,1,1,0,0,0,0,2,26
18513e2d56b7,2880089081a1c0:8000202021681439,win,6,11,11,mate in 6,1,5,1,1,0,3,3,3,27
c30b809999c9,900900209080a168:900901391891,win,2,3,3,mate in 2,1,1,1,0,0,0,0,2,28
d215288cea2a,9000430c310c4:2000200b000ca80b,win,2,3,3,mate in 2,1,1,1,0,0,0,0,2,26
a445098eacb3,1009000c6014c029:301190093454,win,4,7,7,mate in 4,3,1,1,0,0,0,0,4,28
e8864c7b82d9,1942089049428:8000000d14290907,win,2,3,3,mate in 2,1,1,1,0,0,0,1,1,28
f21a05330a29,1004010cc84ba:2d00315945,win,2,3,3,mate in 2,0,2,1,1,0,0,0,2,28
2502778b942d,1000a224432c4:10003201100b800b,win,8,15,29,mate in 15,1,7,1,0,0,6,6,2,26
9e05d600e225,990110222c601:800004089419103a,win,13,25,31,mate in 16,1,12,1,1,0,10,8,5,28
ee35f19e21a5,1004890581c14:9008900104018069,win,2,3,3,mate in 2,0,2,1,1,0,0,0,2,26
0f518ec6b72e,2102008601838c:200002100385c71,win,3,5,7,mate in 4,1,2,1,1,0,0,0,3,27
2aea4fc5ed1d,1902988019202:80080000522848ad,win,2,3,3,mate in 2,0,2,1,1,0,0,0,2,27
f683aecdffe3,1404011415506:10001103c0228069,win,3,5,9,mate in 5,1,2,1,1,0,0,0,3,27
6f49f8fd89d5,a08001063e042:106b08081a29,win,3,5,7,mate in 4,1,2,1,1,0,0,0,3,27
c5da1ee13e78,90090012008a900a:2908990110091,win,10,19,27,mate in 14,0,10,1,0,0,9,6,4,26
d32d924de7af,100940050800c41c:1808501d3841,win,8,15,27,mate in 14,1,7,1,0,0,6,4,4,27
51718d9a1f1f,9942864014009:940000019028bc20,win,2,3,3,mate in 2,1,1,1,0,0,0,0,2,28
62026f016cd4,59019c483:100190184404103c,win,9,17,31,mate in 16,2,7,1,0,0,6,4,5,27
30b3634717ab,110090953001c:10000110900899c3,win,2,3,3,mate in 2,0,2,1,1,0,0,0,2,27
ac47ca8ffd64,80100c0864014ca:400a0108a1aa21,win,3,5,5,mate in 3,2,1,1,0,0,0,0,3,28
2147c6da027c,1108900a0011901c:80010111910a2103,win,5,9,19,mate in 10,2,3,1,1,0,1,2,3,28
99709b6b923e,204300220019641:6051606202e,win,2,3,3,mate in 2,1,1,1,0,0,0,0,2,27
ae02e2ce5ae3,1820c030c0898:8008080188119305,win,3,5,7,mate in 4,1,2,1,1,0,0,0,3,27
d817f0bccb2b,2450254162a:211003000216155,win,2,3,3,mate in 2,1,1,1,0,0,0,0,2,28
6df416a9bb89,12a0402083a21:2001001b805840e,win,7,13,29,mate in 15,2,5,1,0,0,4,4,3,27
ca5d19810295,104810100474801c:10006c50085461,win,2,3,3,mate in 2,1,1,1,0,0,0,1,1,28
3012f37c07e4,90204248d0c08:24898a00a285,win,2,3,3,mate in 2,0,2,1,1,0,0,0,2,27
8f1cc1fd57b1,90204248d1c08:24898a00a285,win,2,3,3,mate in 2,1,1,1,0,0,0,1,1,28
df220ebdf094,30199011500a:10084002600aa091,win,2,3,3,mate in 2,1,1,1,0,0,0,0,2,26
217ff3c9f570,14050008018d062:16071602518,win,2,3,3,mate in 2,1,1,1,0,0,0,0,2,27
5529aa275939,5000108c79044:800088069008088b,win,2,3,3,mate in 2,1,1,1,0,0,0,1,1,26
8f5f473f461b,a0481808c8584:8081800a0403300b,win,2,3,3,mate in 2,1,1,1,0,0,0,0,2,28
03f5c54eaeac,10048a209c2a0:8a20110c03449,win,2,3,3,mate in 2,1,1,1,0,0,0,0,2,27
357841ec4543,14090c011691:1409000010188968,win,2,3,3,mate in 2,0,2,1,1,0,0,1,1,26
a886aec265a1,90298022d224:902800005009244b,win,2,3,3,mate in 2,0,2,1,1,0,0,0,2,28
b5d76bcf9c89,114008c09122c:882110a08cc1,win,2,3,3,mate in 2,1,1,1,0,0,0,0,2,26
7215b26a1c79,14030001cb818:102005602140a5,win,3,5,5,mate in 3,2,1,1,0,0,0,1,2,26
75e1cbd0e3f6,18004080059946:1011909580019,win,2,3,3,mate in 2,0,2,1,1,0,0,0,2,26
71aa395e6aad,18004080259946:1011909580039,win,2,3,3,mate in 2,0,2,1,1,0,0,0,2,28
0bc009d0142b,900828c091c02:2080910928299,win,8,15,33,mate in 17,3,5,0,0,1,4,6,2,27
7f506bb5890f,40001b142a1c8:80009004400d5807,win,2,3,3,mate in 2,1,1,1,0,0,0,0,2,28
a7ad560f7f60,220018460a163:2001002230035e08,win,5,9,9,mate in 5,0,5,1,1,0,3,4,1,28
7a18b046241c,10090868804082a8:8020900118291841,win,4,7,7,mate in 4,3,1,1,0,0,0,0,4,28
b6f107476cd3,1081080800c0a149:3081b8091880,win,3,5,5,mate in 3,2,1,1,0,0,0,1,2,26
aebaae1669e4,1081080840c0a149:3081b8095880,win,2,3,3,mate in 2,1,1,1,0,0,0,1,1,28
7d2a59590622,1009200450284805:18092805b028,win,2,3,3,mate in 2,1,1,1,0,0,0,0,2,26
809ee9edb1bd,1009202450284805:418092805b028,win,2,3,3,mate in 2,1,1,1,0,0,0,0,2,28
cca98ba2b135,1008400150314051:404110680048902c,win,2,3,3,mate in 2,0,2,1,1,0,0,1,1,27
537fa0482b4b,c1882340ab:8801c80040c09844,win,9,17,21,mate in 11,3,6,1,0,0,5,6,3,28
53679a910ca0,90110189009844:1000009010990199,win,3,5,5,mate in 3,1,2,1,1,0,0,0,3,26
4759625eec22,120001060d16c:10001101a1092601,win,2,3,3,mate in 2,0,2,1,1,0,0,0,2,26
892fe13c3630,2009100394018414:240c200e310b,win,2,3,3,mate in 2,1,1,1,0,0,0,0,2,28
daed90fe2bb5,1008000d0880c09c:11880900d3a01,win,2,3,3,mate in 2,1,1,1,0,0,0,0,2,27
c6f91149caad,1a000a001ea12:a0000001424014ed,win,2,3,3,mate in 2,0,2,1,1,0,0,1,1,27
8c5c41c8650f,340a20b4d8:80008101c4b27,win,2,3,3,mate in 2,1,1,1,0,0,0,0,2,28
4e044ae84083,1088440041c8215:40010891413548,win,3,5,5,mate in 3,2,1,1,0,0,0,0,3,28
76440c182469,9901900059042:10000042905a001d,win,2,3,3,mate in 2,0,2,1,1,0,0,0,2,26
26123ba4780e,10099089000a9024:8000002490a5009b,win,2,3,3,mate in 2,0,2,1,1,0,0,0,2,28
2164c4caa11c,19801090938041:8000004b0048709a,win,7,13,33,mate in 17,1,6,0,0,1,5,5,2,28
294805143b59,1009000388028911:800298085009500a,win,2,3,3,mate in 2,1,1,1,0,0,0,0,2,27
7f77b7653749,901800500259220:b208b800985,win,2,3,3,mate in 2,1,1,1,0,0,0,0,2,27
47ade003d615,126000440d42c:400004122092343,win,2,3,3,mate in 2,1,1,1,0,0,0,0,2,26
c9435943aa6f,10081048004922a1:20002219220984a,win,4,7,7,mate in 4,0,4,1,1,0,2,2,2,27
2ce66a2640c2,1100910a14a24:10080220420cb089,win,2,3,3,mate in 2,1,1,1,0,0,0,0,2,27
d8c6aa0b5a78,1009200110084859:1048a8c1b0a0,win,2,3,3,mate in 2,1,1,1,0,0,0,0,2,27
4a1759d76149,91800880850c9:80097281aa04,win,2,3,3,mate in 2,1,1,1,0,0,0,0,2,27
e4eb0ebfe569,1902c10189302:102800018027003d,win,3,5,5,mate in 3,1,2,1,1,0,0,1,2,28
624a7422f440,1908080816924:900008013802908b,win,2,3,3,mate in 2,1,1,1,0,0,0,1,1,27
37c2886cb469,9002008329852:10091109212d,win,2,3,3,mate in 2,1,1,1,0,0,0,0,2,26
b1396bfb3dbf,9002008729852:10091109232d,win,2,3,3,mate in 2,1,1,1,0,0,0,0,2,28
f02f45bc87c6,12a015001b048:40aa684a25,win,5,9,11,mate in 6,2,3,1,1,0,1,2,3,27
4c9b110b0bb1,184281120150a:90081101840980a1,win,2,3,3,mate in 2,1,1,1,0,0,0,0,2,27
6a46dcc93480,101800085810510c:5814810d8811,win,2,3,3,mate in 2,1,1,1,0,0,0,0,2,27
27fd31d9774f,2001a8180c30c:3008300021a1093,win,2,3,3,mate in 2,1,1,1,0,0,0,0,2,27
5ac8ee565ea2,180502001a110a21:20018250024941c,win,2,3,3,mate in 2,1,1,1,0,0,0,0,2,28
1c233218be62,100800001e119868:901881080795,win,2,3,3,mate in 2,1,1,1,0,0,0,0,2,28
d496cd4478f8,100048608b61a:2401700540e5,win,4,7,7,mate in 4,3,1,1,0,0,0,1,3,28
a528b09c3800,21850312208128:100102085031643,win,5,9,11,mate in 6,3,2,1,1,0,0,2,3,28
b5ba6ca71785,400290033b009:90016000c4136,win,2,3,3,mate in 2,1,1,1,0,0,0,0,2,26
470f355b603b,400298033b009:90016100c4136,win,2,3,3,mate in 2,1,1,1,0,0,0,0,2,28
e7b111ad0109,104100b80070023:b01041108950c,win,4,7,7,mate in 4,2,2,1,1,0,0,1,3,27
2398bd889390,2190e1e848:10091048080a10a3,win,2,3,3,mate in 2,0,2,1,1,0,0,0,2,28
201eb5fb835b,142c0d218501:15080100900c182c,win,3,5,5,mate in 3,1,2,1,1,0,0,1,2,28
ff760175e761,1009102c20809085:8000a001902d2828,win,2,3,3,mate in 2,0,2,1,1,0,0,0,2,28
4445ec557ff2,9002c30203821:203001014d814c,win,2,3,3,mate in 2,1,1,1,0,0,0,1,1,27
cdcc3cff4cf2,100904180022901a:102194190c21,win,2,3,3,mate in 2,1,1,1,0,0,0,1,1,26
d172fd80b608,100984180022901a:20102194190c21,win,2,3,3,mate in 2,1,1,1,0,0,0,1,1,28
03ba9cb5e23f,400440270145a:4002003804aa25,win,14,27,35,mate in 18,3,11,1,0,0,10,7,7,26
641daa836481,10249005b8108:8008801282001253,win,2,3,3,mate in 2,1,1,1,0,0,0,0,2,26
4780a88971c2,10080014020c830b:920890923094,win,2,3,3,mate in 2,1,1,1,0,0,0,0,2,27
2f71523777a9,42000b40aa502:2000050c0104103d,win,2,3,3,mate in 2,1,1,1,0,0,0,0,2,26
fcba51fd6fc1,1822820295031:82204001d200a308,win,2,3,3,mate in 2,1,1,1,0,0,0,0,2,28
8c4e63d44a95,4091000082912a1:c291404ac0c,win,2,3,3,mate in 2,1,1,1,0,0,0,0,2,27
45c4fd1ac864,58c042411a5:100c10001188c458,win,7,13,13,mate in 7,1,6,1,1,0,4,3,4,28
4b424db02c65,18041804484c6:8040000420396039,win,2,3,3,mate in 2,1,1,1,0,0,0,1,1,27
1521a01c12b4,341124080090229:10913509550,win,2,3,3,mate in 2,1,1,1,0,0,0,0,2,28
abcc1ff2301d,18080809c9344:80800001120340bb,win,3,5,5,mate in 3,1,2,1,1,0,0,0,3,28
83d5b01b6ce3,1008052814080cc1:400108009a19328,win,2,3,3,mate in 2,1,1,1,0,0,0,0,2,28
77ada8180ada,24d00342a5:20100022acb00a,win,3,5,5,mate in 3,1,2,1,1,0,0,0,3,26
7a5c0be4f4cd,24200300d5a24:2000003ca22a00b,win,2,3,3,mate in 2,0,2,1,1,0,0,0,2,28
0b30bb1527d2,1048049813109:68012408cc90,win,2,3,3,mate in 2,1,1,1,0,0,0,0,2,26
9b4ca1c2bdbc,249804801d9:48801002919a24,win,2,3,3,mate in 2,0,2,1,1,0,0,0,2,27
001ac7272fe8,530250d212:80118000c0032069,win,6,11,11,mate in 6,1,5,1,1,0,3,2,4,26
894b5438e830,a8108a8e18:812028a2011a3,win,2,3,3,mate in 2,0,2,1,1,0,0,0,2,27
e4f55aa89f50,920009069d040:2000406960002129,win,2,3,3,mate in 2,1,1,1,0,0,0,0,2,26
19ea3a96ee2b,18811020d5448:100010009810aa95,win,2,3,3,mate in 2,0,2,1,1,0,0,0,2,28
848745fe0826,920206140d024:200001090029214b,win,3,5,5,mate in 3,2,1,1,0,0,0,0,3,26
e1984dd153b2,20020130d9824:2038022270b,win,2,3,3,mate in 2,0,2,1,1,0,0,0,2,26
c2f1d2af9c9a,11108b8022948:8a00101199017,win,10,19,33,mate in 17,1,9,0,0,1,8,5,5,28
f26670467c55,20c10c41000d049:1000020802cd2294,win,2,3,3,mate in 2,1,1,1,0,0,0,1,1,28
85621eb77a81,2298208287a:8000030239785,win,4,7,7,mate in 4,3,1,1,0,0,0,0,4,28
2cc07d02d892,1008084600485c09:1008d80780c6,win,3,5,5,mate in 3,2,1,1,0,0,0,0,3,28
0b7490010e86,91008e0085094:100020051015a809,win,2,3,3,mate in 2,0,2,1,1,0,0,0,2,26
26c8bed76da2,382000ac211c8:800cb80098a03,win,2,3,3,mate in 2,1,1,1,0,0,0,0,2,28
bde13fdcc18b,104990412000101a:800000189059a841,win,7,13,31,mate in 16,0,7,1,0,0,6,4,3,27
c2b9909f8cc3,1028802510009054:11018803d00a9,win,2,3,3,mate in 2,1,1,1,0,0,0,0,2,27
92e91542da04,1008000083214385:100950489078,win,2,3,3,mate in 2,1,1,1,0,0,0,0,2,26
b5c704ab5987,96001e0081908:a00090081003e013,win,2,3,3,mate in 2,1,1,1,0,0,0,0,2,27
b7c2ddbd7b3a,1b0880101a029:121b4a81580,win,2,3,3,mate in 2,1,1,1,0,0,0,0,2,27
f709526ba70b,910090802268a:10000800102dd825,win,2,3,3,mate in 2,1,1,1,0,0,0,0,2,27
f5a1c6fbdf61,900900000869a128:9049b0001853,win,5,9,9,mate in 5,0,5,1,1,0,3,2,3,28
bdad2eeb927a,38098881a003:90098002300a1888,win,2,3,3,mate in 2,1,1,1,0,0,0,0,2,27
55e478b52f32,2088388812904:8010000100ed09b,win,2,3,3,mate in 2,1,1,1,0,0,0,0,2,27
50f0a654be59,9900c90008059:80040001034d1384,win,8,15,27,mate in 14,1,7,1,0,0,6,2,6,27
e717ffdfd81f,a0910010204344c:10000a081809ca21,win,5,9,11,mate in 6,1,4,1,1,0,2,3,2,28
5cad3bea7fac,8100114509881c:800498008905581,win,4,7,7,mate in 4,0,4,1,1,0,2,1,3,28
6e2b32932f53,1409820804024609:800014039209b002,win,2,3,3,mate in 2,0,2,1,1,0,0,0,2,28
b8128646afdf,91d0085014481:8400800958089908,win,5,9,15,mate in 8,1,4,0,0,1,3,3,2,28
a203e163cc03,21100d90081c04:1008002004a582a9,win,4,7,7,mate in 4,3,1,1,0,0,0,0,4,27
773627d0a0c7,102a85280c320:8208800181291089,win,3,5,5,mate in 3,1,2,1,1,0,0,0,3,28
21c46ab4b564,50010802d9805:8080d1a104238,win,8,15,29,mate in 15,1,7,0,0,0,7,6,2,27
f4546ced170d,1920b04295:1140804009b02a,win,2,3,3,mate in 2,0,2,1,1,0,0,0,2,26
c0af06a51ef0,c90351921:900090000908809e,win,3,5,5,mate in 3,2,1,1,0,0,0,0,3,26
2f892c41ef11,1c90351921:900091000908809e,win,3,5,5,mate in 3,2,1,1,0,0,0,0,3,28
bb0ac6ff521d,99119014148:101100000d0ba91,win,4,7,7,mate in 4,3,1,1,0,0,0,0,4,27
8d49dcd4b379,900080c889c42:9481900100b9,win,2,3,3,mate in 2,0,2,1,1,0,0,0,2,26
ffa45390a9ca,1008020812288332:820091108110300d,win,2,3,3,mate in 2,0,2,1,1,0,0,0,2,28
3760ad4e3765,28500900484161:100205325920c,win,2,3,3,mate in 2,1,1,1,0,0,0,0,2,27
d31f69cc6600,1808004a98518:121910050e5,win,9,17,21,mate in 11,1,8,0,0,1,7,7,2,26
6aa7ef6f4f00,3402030013c24:7c026c00b,win,2,3,3,mate in 2,0,2,1,1,0,0,0,2,26
15e7b4e16ab2,9826007200129:8020000980499650,win,2,3,3,mate in 2,1,1,1,0,0,0,0,2,28
52365d007e81,28010930008349:201022083293022,win,2,3,3,mate in 2,1,1,1,0,0,0,0,2,27
687f2f590996,98808084011895:400141811988508,win,2,3,3,mate in 2,1,1,1,0,0,0,0,2,28
bf7eed2c50ae,1060a9611000d:180011000e9692,win,2,3,3,mate in 2,1,1,1,0,0,0,0,2,28
eddc61dd3462,10425a020150c:1000b000140da821,win,2,3,3,mate in 2,1,1,1,0,0,0,0,2,27
deed8f75d552,1002019813c06:c81042881a9,win,3,5,5,mate in 3,1,2,1,1,0,0,0,3,26
88931d13d70d,2840329b302:2880028008640ad,win,2,3,3,mate in 2,1,1,1,0,0,0,0,2,28
c1ec59150850,1800c8004a934:800c002121291089,win,2,3,3,mate in 2,1,1,1,0,0,0,0,2,27
4f569c7085c6,28520012087022:1000002a4027820d,win,2,3,3,mate in 2,0,2,1,1,0,0,0,2,27
eca8ad890765,100c100080419252:8000801c101e000d,win,2,3,3,mate in 2,0,2,1,1,0,0,0,2,26
7c8a41f38ed6,1000cd2908211:40291000d508c,win,11,21,33,mate in 17,3,8,1,0,0,7,9,2,26
2df9d8e778fb,200b204b4089:90040d100b942,win,2,3,3,mate in 2,0,2,1,1,0,0,0,2,27
3869347ba176,1d0008b084148:495041ba01,win,2,3,3,mate in 2,1,1,1,0,0,0,0,2,26
04e8fbb91f30,2014e88079:1021149100111480,win,2,3,3,mate in 2,0,2,1,1,0,0,0,2,26
91ccb5a9406c,1100a1052c311:920082018209104a,win,2,3,3,mate in 2,0,2,1,1,0,0,0,2,28
5131efec27a4,2c890881158:100810002a40aa85,win,2,3,3,mate in 2,0,2,1,1,0,0,0,2,27
f4e647b2ec3b,1220170081e01:8008a05e15c,win,3,5,5,mate in 3,2,1,1,0,0,0,1,2,27
dfdea1fa6f38,148408842b01a:18401001700148c1,win,4,7,7,mate in 4,2,2,1,1,0,0,0,4,28
465f84aba3c3,9141980030038:9000802014389403,win,3,5,7,mate in 4,0,3,0,0,1,2,2,1,27
c83142b87a16,2006a911e1:1028100890008e18,win,2,3,3,mate in 2,0,2,1,1,0,0,1,1,26
af2104d9c8e2,c0800d0099091:8000c00c0804490e,win,2,3,3,mate in 2,1,1,1,0,0,0,0,2,26
7d4fddc31484,a008390018483:10008098e192c,win,4,7,7,mate in 4,3,1,1,0,0,0,0,4,27
e9940a4b91d8,1410000900d10ac:100011c101c08141,win,2,3,3,mate in 2,0,2,1,1,0,0,0,2,26
5a4d9e3f715a,100108c2c182c:400051091c491,win,11,21,33,mate in 17,2,9,1,0,0,8,8,3,26
ad3db9ec5dfc,14006810e2052:201114011d10d,win,2,3,3,mate in 2,1,1,1,0,0,0,0,2,27
e35e39cdc28d,80110098221802a:12080a0018081a41,win,2,3,3,mate in 2,1,1,1,0,0,0,0,2,26
8c9924fb939c,80110098223802a:12080a0018085a41,win,2,3,3,mate in 2,1,1,1,0,0,0,0,2,28
59db3a02a5b4,91002840894c4:8000800d1007400b,win,4,7,7,mate in 4,1,3,1,0,0,2,3,1,26
b7ad773696d9,700101084834c:1007005310b3,win,2,3,3,mate in 2,1,1,1,0,0,0,0,2,27
557d5567259c,301080109d0a4:10000233026210b,win,2,3,3,mate in 2,1,1,1,0,0,0,0,2,27
848d66a3180c,2916242619:d30042009d024,win,4,7,7,mate in 4,2,2,1,1,0,0,1,3,28
ec30be32a7df,d118013013801:1000020d008c03ac,win,2,3,3,mate in 2,1,1,1,0,0,0,0,2,28
e56848d95a55,6180613981:1018009988078,win,3,5,5,mate in 3,1,2,1,1,0,0,0,3,26
bee68c73b31c,200a500a3144a:10002140cc2b5,win,2,3,3,mate in 2,1,1,1,0,0,0,0,2,28
c8a29abe671d,102830a080da:1028000088093c21,win,11,21,31,mate in 16,2,9,1,0,0,8,4,7,26
fb6ce30062ba,18001812d08b80:8000908089081459,win,2,3,3,mate in 2,1,1,1,0,0,0,0,2,28
88cbe0f910b4,850989b003:d88088004498c,win,2,3,3,mate in 2,1,1,1,0,0,0,1,1,27
4ebd600b442c,10291089000a8082:8000802090a5102d,win,2,3,3,mate in 2,1,1,1,0,0,0,0,2,27
a7b57dcdbd59,28102210050923:1000080d882a900c,win,2,3,3,mate in 2,1,1,1,0,0,0,0,2,27
8faa01cf51ad,181008804b1501:5101510c05a,win,2,3,3,mate in 2,1,1,1,0,0,0,0,2,26
eeead2020a32,18100a804b1501:5111510c05a,win,2,3,3,mate in 2,1,1,1,0,0,0,0,2,28
bd3146bbcba2,508800088498161:8000050907001e0a,win,2,3,3,mate in 2,1,1,1,0,0,0,0,2,28
80a055d363a9,1800914084e90:800814008811b109,win,2,3,3,mate in 2,1,1,1,0,0,0,0,2,27
da38e9b7563f,1081102140013c08:408814a8c0a5,win,2,3,3,mate in 2,1,1,1,0,0,0,0,2,27
ed82ea910e5d,18511058198:1100100048907825,win,10,19,19,mate in 10,0,10,1,1,0,8,7,3,27
2788734951d3,3940880009528:84080003142b0003,win,2,3,3,mate in 2,0,2,1,1,0,0,0,2,26
b4eb1444db35,3942880009528:94080003142b0003,win,2,3,3,mate in 2,0,2,1,1,0,0,0,2,28
4ceb8c5da948,3a00b0010504a:80100010a20ba211,win,2,3,3,mate in 2,0,2,1,1,0,0,0,2,27
891ba9f680a4,1081090900a900d:1000810901912192,win,2,3,3,mate in 2,1,1,1,0,0,0,1,1,28
df1519e5420c,2100012440c51c:2468002d3061,win,2,3,3,mate in 2,1,1,1,0,0,0,0,2,27
8c40a21074f9,20910090185091:900100290121a128,win,3,5,5,mate in 3,2,1,1,0,0,0,0,3,27
7c06405d7ee8,1130011299900:9100802982000229,win,2,3,3,mate in 2,1,1,1,0,0,0,0,2,26
12373584f4c6,28883108210901:880100089018903c,win,3,5,9,mate in 5,1,2,1,1,0,0,0,3,27
e806e26dff87,180204c181929:c0004c018021c490,win,2,3,3,mate in 2,0,2,1,1,0,0,1,1,28
682a809d7b05,1880008a1c251:80000061c24018ac,win,3,5,5,mate in 3,1,2,1,0,0,1,2,1,27
0751046fd081,48280a2018066:8000000500ae3289,win,5,9,9,mate in 5,3,2,1,1,0,0,0,5,27
ad375f87105f,102a0422c615:288400900910ea,win,2,3,3,mate in 2,1,1,1,0,0,0,0,2,28
51fbd6b1998b,c8000920a5023:1200120e4024820c,win,3,5,5,mate in 3,1,2,1,1,0,0,0,3,27
346474ea6aad,18068002410a7:8020008580c98048,win,2,3,3,mate in 2,0,2,1,1,0,0,0,2,26
6bc463db4e94,240006098018861:a0006683788,win,3,5,5,mate in 3,2,1,1,0,0,0,0,3,27
12bd41ef63c6,10080011c405c412:401140a101a100d,win,3,5,9,mate in 5,1,2,1,1,0,0,1,2,28
3f83f7d4cd38,4860096009412:8400001408140a8d,win,2,3,3,mate in 2,1,1,1,0,0,0,0,2,26
ca85d8d3daa8,100180830909e:1818180110090821,win,2,3,3,mate in 2,0,2,1,1,0,0,1,1,26
410dcd10d780,10580c4850c3:400c0210928c1c,win,5,9,9,mate in 5,3,2,1,1,0,0,1,4,28
98b017daa215,104480089282039:80001046014d906,win,2,3,3,mate in 2,1,1,1,0,0,0,0,2,28
01db6f21e323,100380830909e:1818180110090a21,win,2,3,3,mate in 2,0,2,1,1,0,0,1,1,28
ea96737bd855,1009402882002839:90015029d700,win,3,5,5,mate in 3,2,1,1,0,0,0,1,2,28
3ded0943243d,100990a190008032:8000000a00ab5189,win,3,5,5,mate in 3,2,1,1,0,0,0,0,3,28
89fab49cbc05,1009402882002039:90015029d600,win,4,7,7,mate in 4,3,1,1,0,0,0,1,3,26
f6cf6eb7e4df,109800881019026:90001121102c0189,win,2,3,3,mate in 2,1,1,1,0,0,0,0,2,27
0088cb956abb,10000e00b4788:a0031080b823,win,2,3,3,mate in 2,1,1,1,0,0,0,0,2,26
288dd1116fe1,28001162b1c02:8001120a8000c2a9,win,3,5,5,mate in 3,2,1,1,0,0,0,1,2,28
316ef227ba09,49080114858c08:100010c8084810c7,win,2,3,3,mate in 2,1,1,1,0,0,0,0,2,28
a21eeb7a5602,108818a80028025:800100010189158a,win,2,3,3,mate in 2,1,1,1,0,0,0,0,2,26
6081f4b028ac,2140182189d08:40100021d030293,win,2,3,3,mate in 2,1,1,1,0,0,0,0,2,28
79693e3cef17,2010800c82284d:2022306094a2,win,4,7,7,mate in 4,0,4,1,1,0,2,1,3,26
5888136dbefa,92040084199908:401009300820497,win,2,3,3,mate in 2,1,1,1,0,0,0,0,2,28
410ea8df5ebb,280209011b019:80000013012a41a2,win,2,3,3,mate in 2,1,1,1,0,0,0,0,2,26
4a15a343698e,2040067002368:620062d407,win,2,3,3,mate in 2,1,1,1,0,0,0,1,1,26
7568afa7ce70,181889088104a:8088000301038381,win,2,3,3,mate in 2,1,1,1,0,0,0,0,2,26
1470e0b6cee0,1810808021b243:10200038109840b8,win,2,3,3,mate in 2,0,2,1,1,0,0,1,1,28
6b5297460bd0,1000059d0c311:8000c011820118cc,win,3,5,5,mate in 3,2,1,1,0,0,0,0,3,28
12bb884362dd,10494001144a0058:4400144a40015403,win,2,3,3,mate in 2,1,1,1,0,0,0,0,2,28
ce201711580b,108900800423056:80400142b1088109,win,2,3,3,mate in 2,1,1,1,0,0,0,0,2,27
a0f1c3183d17,110800008858845a:911a11025901,win,2,3,3,mate in 2,0,2,1,1,0,0,0,2,28
4b3616debb38,910194a10100a:4a00100bca11,win,2,3,3,mate in 2,1,1,1,0,0,0,0,2,26
a916cfa542b3,1009910125c1:100900002818da18,win,2,3,3,mate in 2,1,1,1,0,0,0,0,2,27
4cb14b4ed4d6,10000b60a8e18:2000300340017183,win,2,3,3,mate in 2,1,1,1,0,0,0,0,2,28
9b4cff9d792c,109000046085605:43090101a14a,win,6,11,11,mate in 6,4,2,1,1,0,0,1,5,26
31193db3a9ea,10209c2049a01:120810041009600e,win,8,15,23,mate in 12,1,7,0,0,0,7,5,3,26
07a09eade393,1b20802108311:92000011b0093808,win,7,13,15,mate in 8,5,2,1,1,0,0,2,5,27
23b98bbe23a9,2118090021403c:100800209818b901,win,2,3,3,mate in 2,1,1,1,0,0,0,0,2,27
72e0c979c503,10000b40a8e18:300340017183,win,2,3,3,mate in 2,1,1,1,0,0,0,0,2,26
e9a82d850622,540910192601:100900104600d05a,win,2,3,3,mate in 2,0,2,1,1,0,0,0,2,27
bc5bf75846c8,801981800092818:182001b8109181,win,2,3,3,mate in 2,1,1,1,0,0,0,1,1,27
1efc2e07ee02,10a022a802649:2000041804bd882,win,7,13,29,mate in 15,0,7,1,0,0,6,5,2,28
721bab0ce2fa,1009102a01420119:2014110399062,win,2,3,3,mate in 2,1,1,1,0,0,0,0,2,28
4216d243ddbd,100800339028c102:22110801131039,win,2,3,3,mate in 2,1,1,1,0,0,0,0,2,28
41af4b5bafa6,92080a12430a4:20808009008b810b,win,2,3,3,mate in 2,1,1,1,0,0,0,0,2,28
9c2a73a97fce,3004c18080a14a:810030047104b1,win,2,3,3,mate in 2,0,2,1,1,0,0,1,1,28
e17cdee115e8,108150d80058001:900180001508152c,win,2,3,3,mate in 2,0,2,1,1,0,0,0,2,27
db6fa6745979,5810215874:81001045a848b,win,3,5,5,mate in 3,1,2,1,1,0,0,0,3,27
88216e84b047,1900918881128:10080080c041e8c1,win,3,5,5,mate in 3,2,1,1,0,0,0,1,2,27
546f11e5d611,1008009885098094:18015001090150b,win,2,3,3,mate in 2,1,1,1,0,0,0,0,2,28
34888f58189c,109050808250d:8507da52,win,2,3,3,mate in 2,1,1,1,0,0,0,0,2,27
d713bffb9277,4108c980c0809:8008880004839486,win,2,3,3,mate in 2,0,2,1,1,0,0,0,2,27
90aac23cdf37,100980000a388238:8000102991011903,win,2,3,3,mate in 2,1,1,1,0,0,0,0,2,28
3ba360e4749c,100c001010119918:10100c094c20c5,win,10,19,25,mate in 13,5,5,0,0,1,4,6,4,27
104824afbed8,c01910b2b01:401800a2c00d40a,win,2,3,3,mate in 2,0,2,1,1,0,0,0,2,28
dca7a8ef5c3c,190030008c90e:90000000d4071491,win,2,3,3,mate in 2,1,1,1,0,0,0,1,1,27
2c7f7b2048a4,8904091c219:180208aa083880,win,7,13,31,mate in 16,1,6,0,0,0,6,4,3,26
1d4f7f1e76d2,1800b980dc:18004198441c21,win,3,5,5,mate in 3,1,2,1,1,0,0,0,3,27
7338932a30b1,91002435a8108:410990015253,win,2,3,3,mate in 2,1,1,1,0,0,0,0,2,28
3709b1559009,b5000e000c109:4000a00b110b3002,win,3,5,5,mate in 3,2,1,1,0,0,0,1,2,27
0b1441d2d5d1,20811008041a159:9101820913081200,win,2,3,3,mate in 2,0,2,1,1,0,0,0,2,28
b6a7600e59d9,1b00a800ac201:800802013201310a,win,3,5,7,mate in 4,0,3,1,0,0,2,2,1,26
7cc551e767c4,961214820b001:1000008b109492c,win,3,5,5,mate in 3,2,1,1,0,0,0,0,3,28
85654de1e334,2100190480bc82:1800201039403d,win,2,3,3,mate in 2,0,2,1,1,0,0,0,2,28
30c8f994af3f,19043020205418:94459a861,win,8,15,15,mate in 8,1,7,1,1,0,5,6,2,27
1c79eb0d6241,109090880d80a:9000002114b21c1,win,3,5,5,mate in 3,1,2,1,1,0,0,0,3,27
2e7e83926215,1081108980110a8:1021882101288901,win,2,3,3,mate in 2,1,1,1,0,0,0,0,2,27
81c8ceb4d4b2,20004a4147064:40402022a861b,win,2,3,3,mate in 2,1,1,1,0,0,0,1,1,27
57c3e3849b62,180028c80019a82:811001b8c010d,win,3,5,5,mate in 3,1,2,1,1,0,0,0,3,28
45159029e2b0,108801a0294b4:100380912a4b,win,2,3,3,mate in 2,1,1,1,0,0,0,0,2,28
e326294b7b40,1002081a1b228:200089080849c3,win,2,3,3,mate in 2,1,1,1,0,0,0,0,2,26
6a22beb693e3,1002083a1b228:200089080a49c3,win,2,3,3,mate in 2,1,1,1,0,0,0,0,2,28
4c0334105a3c,900b804010489408:400140b84032043,win,2,3,3,mate in 2,1,1,1,0,0,0,0,2,28
c326fa43b3b6,9110921581001:100020101005295e,win,2,3,3,mate in 2,0,2,1,1,0,0,0,2,27
73b12b0e8d88,10ac900d00a8:880000ca29c07,win,2,3,3,mate in 2,0,2,1,1,0,0,0,2,27
63f606fcfd26,18081c0249681:900012041289402c,win,3,5,5,mate in 3,1,2,1,1,0,0,0,3,28
b146db5ee505,1d401500105081:1008580da81c,win,3,5,5,mate in 3,1,2,1,1,0,0,0,3,27
a3dcac12dd91,3806309541:1000119090a3c,win,3,5,5,mate in 3,1,2,1,1,0,0,1,2,26
70233de4fa3b,3806709541:11000119090a3c,win,3,5,5,mate in 3,1,2,1,1,0,0,0,3,28
3f5d46c98a23,9120000509352:80499209400d,win,3,5,5,mate in 3,2,1,1,0,0,0,0,3,26
076204b5add0,2804206490d020:400008880292499,win,5,9,9,mate in 5,3,2,1,1,0,0,1,4,26
aaf61f1d4308,2824206490d020:4000088802924d9,win,5,9,9,mate in 5,3,2,1,1,0,0,1,4,28
2f9db22fbbb0,100da004a8c1:200920001889120c,win,2,3,3,mate in 2,0,2,1,1,0,0,0,2,26
fae606ca13bc,10140851c8508:8100801500411055,win,3,5,5,mate in 3,2,1,1,0,0,0,1,2,26
d3ff891ea5c0,10140851c8528:81008015004110d5,win,2,3,3,mate in 2,1,1,1,0,0,0,1,1,28
1fe6814971bb,10098808008090b2:108198490949,win,2,3,3,mate in 2,1,1,1,0,0,0,0,2,27
7f01711b888a,28c0094103468:84000002082a8b13,win,3,5,7,mate in 4,1,2,1,1,0,0,0,3,28
70270562665b,1010b90115208:10081010010a8153,win,2,3,3,mate in 2,1,1,1,0,0,0,0,2,26
593f98b49c85,1d00d004d4008:d0480040d0009045,win,2,3,3,mate in 2,0,2,1,1,0,0,0,2,27
e19f3a9f5d25,9004140b25841:5088104980ba,win,2,3,3,mate in 2,1,1,1,0,0,0,1,1,28
3367d5d8f8d2,180082109d00e:90081101d0002901,win,2,3,3,mate in 2,0,2,1,1,0,0,0,2,26
863b2a48eb52,180082909d00e:91081101d0002901,win,2,3,3,mate in 2,0,2,1,1,0,0,0,2,28
7a0c157cf985,204110192014231:800182040104954c,win,3,5,7,mate in 4,1,2,1,1,0,0,0,3,28
dcb9f01ae5e4,1108902580088009:8020010811251124,win,3,5,9,mate in 5,0,3,0,0,0,3,1,2,26
047b4a0950e8,182080261252a:2080041a108d241,win,3,5,5,mate in 3,2,1,1,0,0,0,0,3,28
d502314bcbbf,100938403c88:1009004006098351,win,6,11,11,mate in 6,2,4,1,1,0,2,1,5,27
99fd05c45bce,100900091030c061:40005000e4093418,win,3,5,5,mate in 3,1,2,1,1,0,0,1,2,27
0708819d9caa,180428c400a821:40103039541a,win,2,3,3,mate in 2,1,1,1,0,0,0,0,2,27
23b4ac368bf7,1902b9002a001:900800002029502e,win,2,3,3,mate in 2,1,1,1,0,0,0,0,2,26
685903492e52,9014184149041:10004081149051c,win,2,3,3,mate in 2,0,2,1,1,0,0,0,2,26
0665748eabd6,90141a4149041:10004081149251c,win,2,3,3,mate in 2,0,2,1,1,0,0,0,2,28
0db8aa825dd2,a08180004892c4:6093a1012b,win,2,3,3,mate in 2,1,1,1,0,0,0,0,2,27
2d2aa875b82e,182080820ec09:80000c01960912a0,win,2,3,3,mate in 2,1,1,1,0,0,0,0,2,27
0d6a9bc45daa,100809182990a:1008910b000920a1,win,2,3,3,mate in 2,1,1,1,0,0,0,0,2,27
9f5158f28c0a,10011005e9688:8002804280010877,win,2,3,3,mate in 2,0,2,1,1,0,0,1,1,28
9fdcdd34bb36,6042000039c049:8060c34013b0,win,2,3,3,mate in 2,1,1,1,0,0,0,0,2,27
42b299096dd5,190010a2090cc:100000a090d10a31,win,2,3,3,mate in 2,1,1,1,0,0,0,0,2,27
6b0efefa8beb,41001184099a10:400844003500549,win,2,3,3,mate in 2,1,1,1,0,0,0,0,2,26
fbd6908967a9,280007006d0045:500681012903a,win,3,5,5,mate in 3,2,1,1,0,0,0,1,2,27
43a13d2091ec,188828880a1821:980010121030811a,win,3,5,5,mate in 3,2,1,1,0,0,0,0,3,28
e5d0176ab19d,28c00ca089244:8000020614064c0b,win,3,5,5,mate in 3,1,2,1,1,0,0,0,3,28
c0492a9f4f85,40910009908c10a:8100850904011c41,win,2,3,3,mate in 2,0,2,1,1,0,0,0,2,28
24dce00c9f06,1009010b4903c:1010900984090681,win,2,3,3,mate in 2,1,1,1,0,0,0,0,2,28
4e934677b676,20900113008b011:208833143a8,win,2,3,3,mate in 2,1,1,1,0,0,0,0,2,27
463cbabc8ccf,10ac800318a1:8088800210ac800e,win,2,3,3,mate in 2,1,1,1,0,0,0,0,2,27
fa2d35c6bd25,209601892089001:a000820160116218,win,2,3,3,mate in 2,0,2,1,1,0,0,1,1,28
065e355c214a,100c80050004a891:800110189019140c,win,3,5,5,mate in 3,2,1,1,0,0,0,1,2,27
ea7907435ec3,986001780810c:1400110980091681,win,2,3,3,mate in 2,0,2,1,1,0,0,0,2,28
8899aeadbaf4,1100890487902:100081410901804d,win,3,5,5,mate in 3,2,1,1,0,0,0,0,3,26
5b98bc9813f8,1300890487902:100081412901804d,win,3,5,5,mate in 3,2,1,1,0,0,0,0,3,28
a188928cd837,20b4008390e:810009383c281,win,2,3,3,mate in 2,0,2,1,1,0,0,0,2,27
25ef37882e1a,1108114180401809:8000880819098160,win,2,3,3,mate in 2,0,2,1,1,0,0,0,2,26
c5e20dd16117,100800128a019614:9808101a08cb,win,2,3,3,mate in 2,1,1,1,0,0,0,1,1,28
8dcd22a96871,18010872095002:50108112a319,win,2,3,3,mate in 2,0,2,1,1,0,0,0,2,27
72067b2f5abc,8900002543850c:2089408870c3,win,2,3,3,mate in 2,1,1,1,0,0,0,0,2,28
38df79acb773,9b6138029:1141200283616,win,2,3,3,mate in 2,1,1,1,0,0,0,1,1,28
75f60975033e,40002a26823a1:2008c1086904e,win,8,15,17,mate in 9,4,4,1,0,0,3,2,6,28
489bea4741e2,10080002c801c189:d008111a1816,win,3,5,9,mate in 5,2,1,0,0,1,0,0,3,27
01739c6e35d2,8510c69813:40850881901cc,win,2,3,3,mate in 2,0,2,1,1,0,0,0,2,28
445888e4600f,2100088504a158:8002100394427,win,2,3,3,mate in 2,0,2,1,1,0,0,0,2,26
458b9ead530b,199241284d:490040009892b2,win,2,3,3,mate in 2,1,1,1,0,0,0,0,2,28
36876e32c4ba,1048000084479c02:19049100801cd,win,8,15,35,mate in 18,1,7,1,0,0,6,4,4,28
b366bd0ad038,1900008141116a:119003a8691,win,2,3,3,mate in 2,1,1,1,0,0,0,0,2,27
ec51314a06a8,2004680661a41:4088210801a0ae,win,8,15,15,mate in 8,2,6,1,1,0,4,6,2,28
fecaf907ca6c,2049084003c904:400800218928102b,win,2,3,3,mate in 2,1,1,1,0,0,0,1,1,27
e1b70944bcc2,13000b4099202:100082030202248d,win,2,3,3,mate in 2,1,1,1,0,0,0,0,2,26
1de39e311b9a,13400b4099202:1000820302022c8d,win,2,3,3,mate in 2,1,1,1,0,0,0,0,2,28
05daf48061c4,1148044c1d808:14080009900826c1,win,2,3,3,mate in 2,1,1,1,0,0,0,0,2,28
01b19d2f08e4,84100000b051914:9450040c24b,win,2,3,3,mate in 2,1,1,1,0,0,0,0,2,26
7f7f8393aa08,48390902c03:118100c03909c,win,2,3,3,mate in 2,1,1,1,0,0,0,0,2,27
345a799126d8,1840004e08169:8008002990095480,win,8,15,19,mate in 10,1,7,0,0,1,6,6,2,26
1049629d0cb3,1020014c1831c:491031054c1,win,2,3,3,mate in 2,1,1,1,0,0,0,1,1,26
7a49f22d3fe3,8114a18000b028:800034b14c91,win,2,3,3,mate in 2,1,1,1,0,0,0,0,2,27
37d0da58ea8c,4000082c52a45:2a046800d098,win,4,7,7,mate in 4,3,1,1,0,0,0,0,4,26
1f5834321985,900000143a1c34:c940884a08b,win,3,5,5,mate in 3,2,1,1,0,0,0,0,3,28
ec8a7a68378d,1810890092c05:840804012500d188,win,3,5,5,mate in 3,2,1,1,0,0,0,1,2,27
3e675aeaf0c1,c0000034313e2:14c000ce41d,win,2,3,3,mate in 2,1,1,1,0,0,0,0,2,28
c2675e9c9585,4a0272368:800b0208d017,win,4,7,7,mate in 4,3,1,1,0,0,0,1,3,26
0c1a78b5bd7a,14000c2a8b848:210c0147b3,win,2,3,3,mate in 2,1,1,1,0,0,0,0,2,28
7d64608a45b4,160882a00318a:20080201c089ca01,win,3,5,7,mate in 4,1,2,1,1,0,0,0,3,28
edd96cb7fe76,c4150014c58:100010000d649125,win,2,3,3,mate in 2,1,1,1,0,0,0,0,2,27
365684ef1162,1048cac01a00c:4088801008c1c83,win,2,3,3,mate in 2,1,1,1,0,0,0,0,2,28
245cc17181d2,9100081089c0c1:4091c2503218,win,2,3,3,mate in 2,1,1,1,0,0,0,0,2,27
ef6ba01ecd77,12001b10111822:900000d0a851d,win,2,3,3,mate in 2,1,1,1,0,0,0,0,2,27
f1fa9837026d,2004291c409824:1401980080290449,win,4,7,7,mate in 4,1,3,1,0,0,2,1,3,28
2a1110f84cea,4100080c99443:1008800c100600bc,win,2,3,3,mate in 2,0,2,1,1,0,0,0,2,26
f390767c7401,208000ba8489002:24012032a4d,win,2,3,3,mate in 2,1,1,1,0,0,0,0,2,26
3288ff67cedf,91030304c9028:1004200d00312055,win,3,5,5,mate in 3,2,1,1,0,0,0,1,2,28
62af6d48aa5f,10090202430c3005:100d1003c31a,win,2,3,3,mate in 2,1,1,1,0,0,0,0,2,28
a7605240c893,9886080409862:804000091829410d,win,3,5,5,mate in 3,2,1,1,0,0,0,0,3,28
128c6021eae9,208008081d3c18:100810249020c0a5,win,2,3,3,mate in 2,0,2,1,1,0,0,0,2,28
1e56a7a7e8c3,28dac19081:8028d00000284a68,win,2,3,3,mate in 2,1,1,1,0,0,0,0,2,28
c4051775c532,1009000cc2098304:d00110065c0b,win,4,7,7,mate in 4,0,4,1,1,0,2,1,3,28
3ef308d9f9c5,20c02140489308:8008024883214061,win,2,3,3,mate in 2,1,1,1,0,0,0,0,2,27
28c3459806cd,1009108401829144:4b104d009b,win,17,33,35,mate in 18,4,13,1,0,0,12,7,10,28
7577bfaad8dc,8739662:41005102802899,win,2,3,3,mate in 2,1,1,1,0,0,0,0,2,26
7a2d93d91c6f,180000145984d2:1400141882003229,win,2,3,3,mate in 2,1,1,1,0,0,0,0,2,28
f34ba37de98e,1000c8321132a:41021104ca0c5,win,3,5,5,mate in 3,1,2,1,1,0,0,1,2,28
e49b0a390a1c,20b000a04819404:281120e028b,win,3,5,5,mate in 3,2,1,1,0,0,0,0,3,26
6c8aecbc15be,1008007015109510:50100880692069,win,2,3,3,mate in 2,1,1,1,0,0,0,0,2,28
ac05b3cf2d7a,100a0506045d8:8000090199b025,win,4,7,7,mate in 4,3,1,1,0,0,0,0,4,28
f735ff94861e,208000a8000e153:4200638b1288,win,2,3,3,mate in 2,1,1,1,0,0,0,0,2,27
3c8b2d716007,100006819d294:800288900802d0b,win,2,3,3,mate in 2,0,2,1,1,0,0,0,2,28
65574769659f,1140106519284:1000008490840d59,win,3,5,7,mate in 4,1,2,1,1,0,0,0,3,28
fc999d7ae37a,10010ce01d212:1000100310162c0d,win,3,5,5,mate in 3,1,2,1,1,0,0,0,3,28
5a5c8e8315d2,90144800598c1:104008919c8010c,win,2,3,3,mate in 2,0,2,1,1,0,0,0,2,28
639bfeb09c28,8220008829b811:8008a308241aa,win,2,3,3,mate in 2,1,1,1,0,0,0,1,1,28
dc41c2b224aa,9144400013461:2009b44c800c,win,4,7,9,mate in 5,2,2,1,1,0,0,0,4,26
d9967c6cc691,18820808009a019:10831901386,win,3,5,5,mate in 3,1,2,1,1,0,0,0,3,26
e732e025de9c,18818984099002:8401041001900599,win,2,3,3,mate in 2,0,2,1,1,0,0,0,2,28
509138d50259,903a801729:110010031e8d4,win,2,3,3,mate in 2,1,1,1,0,0,0,0,2,28
123e89838429,90401120ab504:20e04054a2b,win,3,5,7,mate in 4,1,2,1,1,0,0,0,3,28
7f11f6342184,110028500c29a:8401181b1d01,win,2,3,3,mate in 2,1,1,1,0,0,0,0,2,27
dc7e8e4ea873,100908018029c00a:5028780038a1,win,4,7,7,mate in 4,2,2,1,1,0,0,0,4,27
a4d82393041b,970483402b:30420003494d4,win,3,5,5,mate in 3,2,1,1,0,0,0,0,3,28
72607851687d,818080d0188032:8000501900a15089,win,2,3,3,mate in 2,1,1,1,0,0,0,1,1,27
df5cdabfa282,10084030840a8039:4020140a50305402,win,2,3,3,mate in 2,0,2,1,1,0,0,1,1,28
c122290d8d69,3000008c93c58:8008b8002c2a3,win,2,3,3,mate in 2,1,1,1,0,0,0,1,1,28
862bc88f209a,801040914809206:8888088090c89,win,2,3,3,mate in 2,0,2,1,1,0,0,0,2,26
a87251427de2,100c104180428518:1000e100d5047,win,2,3,3,mate in 2,0,2,1,1,0,0,0,2,28
5b242f5db9c6,409000000b811ad:4091501ae12,win,4,7,7,mate in 4,2,2,1,1,0,0,0,4,28
7cdba53f4c2e,100c0200c21a1018:901c1004c286,win,3,5,5,mate in 3,2,1,1,0,0,0,0,3,26
5de1644f5b93,9029002100089320:920892216049,win,2,3,3,mate in 2,0,2,1,1,0,0,1,1,27
8d6515f891c0,990084000892e:90004001900950d1,win,2,3,3,mate in 2,1,1,1,0,0,0,0,2,27
6f3b74e784c3,5824bb448:1120214044317,win,2,3,3,mate in 2,1,1,1,0,0,0,0,2,28
3019f3b461d4,809020112099224:8200880c88042c09,win,2,3,3,mate in 2,0,2,1,1,0,0,0,2,28
7a7eb7a3b846,b41021808900d:4100080941074902,win,8,15,17,mate in 9,2,6,0,0,1,5,4,4,28
6e0e36cda180,211001881850d:6852e18a2,win,7,13,29,mate in 15,1,6,1,0,0,5,4,3,27
d6f30c949dfd,9220000119392:80008089a2882009,win,2,3,3,mate in 2,0,2,1,1,0,0,0,2,26
f06967eb5a8d,1008184108409098:41008810990845,win,3,5,5,mate in 3,2,1,1,0,0,0,0,3,26
6e03aa85c9d8,1228032420d5:8001030999328,win,3,5,5,mate in 3,2,1,1,0,0,0,0,3,28
c038679b5cf5,90002018488968:19081b05091,win,3,5,5,mate in 3,1,2,1,1,0,0,0,3,26
cfdce11f0cde,90802018488968:20019081b05091,win,3,5,5,mate in 3,1,2,1,1,0,0,0,3,28
a7063292485f,1800148a2c814:80000012801900eb,win,2,3,3,mate in 2,1,1,1,0,0,0,1,1,26
42140b34721c,704021509810a:1000910580061425,win,3,5,5,mate in 3,2,1,1,0,0,0,1,2,28
da12b7b8a7ce,9404128085c01:2008d141a168,win,11,21,35,mate in 18,1,10,1,0,0,9,8,3,27
d69b584205b8,103c1404103a:1408040080b88485,win,2,3,3,mate in 2,1,1,1,0,0,0,0,2,27
c98ec018b4a5,541040b8852:80008000954150d,win,2,3,3,mate in 2,1,1,1,0,0,0,0,2,26
dbc679ff787a,80120003380a328:2080188188011883,win,9,17,33,mate in 17,0,9,1,0,0,8,5,4,28
306d8210f2d4,41006800690618:28020117009161,win,8,15,33,mate in 17,0,8,0,0,1,7,4,4,27
434e8266919c,9000756081214:1000500800174c0b,win,2,3,3,mate in 2,1,1,1,0,0,0,0,2,28
610ea5d0a720,13109e0058018:1010001411187105,win,5,9,11,mate in 6,3,2,1,1,0,0,1,4,28
b0c0e02a6649,10090800400dc08c:800900998003821,win,3,5,5,mate in 3,2,1,1,0,0,0,0,3,26
49360ca7252c,1010841c89542:81008041900140ad,win,2,3,3,mate in 2,0,2,1,1,0,0,1,1,28
47d626f9ac46,594640d49:1001180808099234,win,2,3,3,mate in 2,1,1,1,0,0,0,0,2,28
597a1b04a56a,4030054087429:1100d03258304,win,7,13,13,mate in 7,0,7,1,1,0,5,4,3,28
9a3738e9887c,3400890819488:4034c0a4903,win,6,11,15,mate in 8,1,5,0,0,1,4,4,2,26
051ac52be75f,100808040c140971:80010281028968c,win,3,5,5,mate in 3,2,1,1,0,0,0,0,3,28
d79e9c1fa89e,90001b4918502:8000a018010a3099,win,2,3,3,mate in 2,1,1,1,0,0,0,0,2,28
e029509633bc,41000001251927:1047104280d8,win,7,13,13,mate in 7,2,5,1,0,0,4,3,4,26
88e842de410a,25a022b01c:19000500d4823,win,2,3,3,mate in 2,1,1,1,0,0,0,0,2,26
2ff1d5a3119f,1040a4c045a05:14005001900b840a,win,8,15,29,mate in 15,1,7,1,0,0,6,4,4,28
be7e19361d40,19c009909a:1009900218124805,win,2,3,3,mate in 2,1,1,1,0,0,0,0,2,27
90ae20d572e3,1040414c1c602:4004041400610cd,win,2,3,3,mate in 2,1,1,1,0,0,0,0,2,26
f5158a7d25df,400106112a90a:8410c000c5095,win,2,3,3,mate in 2,1,1,1,0,0,0,0,2,26
014fe402c4b8,18055c488061:444800257c0c,win,3,5,5,mate in 3,2,1,1,0,0,0,1,2,28
37fa6bafeb09,410004112d7001:10801490040816c,win,2,3,3,mate in 2,1,1,1,0,0,0,0,2,26
7266cf7d6fee,110c090d4101c:108800090009e0c3,win,2,3,3,mate in 2,1,1,1,0,0,0,1,1,28
10a031834936,1c20982030608:820000004888c8c7,win,2,3,3,mate in 2,0,2,1,1,0,0,0,2,27
869bde8d2b23,1008010029004aaa:1001a08d208b100,win,3,5,5,mate in 3,2,1,1,0,0,0,0,3,27
4c4a2952dc8a,100912990229:900a0806290d2,win,2,3,3,mate in 2,1,1,1,0,0,0,0,2,27
835f1ca48832,19004d028b008:9008000920054035,win,2,3,3,mate in 2,1,1,1,0,0,0,0,2,26
37dccb98632b,19004d038b008:9008000920054037,win,2,3,3,mate in 2,1,1,1,0,0,0,0,2,28
24a14edec044,204081e0c1a21:10001a070023040e,win,2,3,3,mate in 2,0,2,1,1,0,0,0,2,28
92302c4f426e,41101000cc983:110100065903100c,win,2,3,3,mate in 2,1,1,1,0,0,0,0,2,27
d76c5e90c3be,311099802040d:8802050d9b02,win,2,3,3,mate in 2,1,1,1,0,0,0,0,2,28
6db715bf2de4,1800c02423261:81003900d800e,win,3,5,5,mate in 3,1,2,1,1,0,0,0,3,26
ca123caaa455,3074001419304:100000386060c4b,win,5,9,9,mate in 5,0,5,1,1,0,3,3,2,28
cf7ccf5f8462,1d22180489020:8200004052214249,win,2,3,3,mate in 2,1,1,1,0,0,0,0,2,26
6c71940008a5,9116994001041:1060040001698528,win,2,3,3,mate in 2,1,1,1,0,0,0,0,2,28
5aabe9ceae8b,819000a02035181:a1119180a1a,win,5,9,9,mate in 5,3,2,1,0,0,1,3,2,28
c373fc51f73d,9320010256061:20000492248960c,win,2,3,3,mate in 2,1,1,1,0,0,0,0,2,28
db670338cd8e,4100514809231:10010400812d058c,win,2,3,3,mate in 2,1,1,1,0,0,0,0,2,27
80e6647ba38c,150998010500a:c0008000508b8091,win,2,3,3,mate in 2,1,1,1,0,0,0,0,2,26
797a88cd71eb,100d6010d085:890080108d2118,win,2,3,3,mate in 2,0,2,1,1,0,0,0,2,26
7e750cfef5d3,1820178008a003:180082817181c,win,2,3,3,mate in 2,1,1,1,0,0,0,0,2,27
ecf70642ed61,90000983891088:982900010a351,win,9,17,29,mate in 15,1,8,1,0,0,7,1,8,27
ac50145fbb99,1088a2618a5:280223108a30a,win,2,3,3,mate in 2,1,1,1,0,0,0,0,2,28
8989161a0725,3004805411468:480403002a2303,win,3,5,7,mate in 4,1,2,1,1,0,0,0,3,26
206c3f58d0ca,8608128800300b:10008410968994,win,2,3,3,mate in 2,1,1,1,0,0,0,1,1,27
f270d2d09f79,90028e000503a:40011439ac05,win,2,3,3,mate in 2,1,1,1,0,0,0,0,2,27
99887937f22c,140b1000b4818001:848b000a348a,win,2,3,3,mate in 2,1,1,1,0,0,0,0,2,28
01bc0f9eb89d,20812991008190:8108100000293c29,win,2,3,3,mate in 2,0,2,1,1,0,0,0,2,27
b7a72d45d21e,20100014099d90:10080c280a204229,win,4,7,7,mate in 4,2,2,1,1,0,0,1,3,27
9c93a83de4f4,1108404040184948:401011181140b011,win,2,3,3,mate in 2,1,1,1,0,0,0,0,2,27
fcf38e50bd1d,108800a00892892:8000019091129109,win,2,3,3,mate in 2,1,1,1,0,0,0,1,1,27
bc134713cc8e,1c2004204a324:2000001a101505b,win,4,7,7,mate in 4,2,2,1,1,0,0,1,3,26
a293a2e24018,100c800418089a02:1808c106412d,win,5,9,9,mate in 5,0,5,1,1,0,3,4,1,27
65a94a3f291d,99808c00089084:101190952019,win,2,3,3,mate in 2,0,2,1,1,0,0,0,2,26
a6d48a4fba37,99808c00089084:101190952059,win,2,3,3,mate in 2,0,2,1,1,0,0,0,2,27
6b4f4f47da67,300b001b0001801a:b000b01a3821,win,2,3,3,mate in 2,0,2,1,1,0,0,0,2,28
3b8324e14f9a,2821082001350a:2000042095a880a1,win,2,3,3,mate in 2,1,1,1,0,0,0,0,2,27
38f99b751d65,42110a110818140:1000040006201eb9,win,3,5,5,mate in 3,2,1,1,0,0,0,1,2,27
d1345854f6d3,2010010214429d:2410abb022,win,7,13,17,mate in 9,1,6,0,0,1,5,5,2,26
45c04539f379,190010052c162:80000012d0091099,win,6,11,13,mate in 7,1,5,0,0,1,4,4,2,26
beda90f50926,2048006002d289:4000002308212d62,win,4,7,7,mate in 4,3,1,1,0,0,0,0,4,27
164ab7da9dcc,184090880c498:84000880840b3803,win,2,3,3,mate in 2,1,1,1,0,0,0,0,2,27
9885bddafbfc,108100003480d144:1081010524b9,win,5,9,9,mate in 5,3,2,1,1,0,0,0,5,26
38f63d9ccac1,30092400100dc108:100965103415,win,2,3,3,mate in 2,1,1,1,0,0,0,0,2,28
845540c39777,19c0088002c43:980000413441d008,win,2,3,3,mate in 2,1,1,1,0,0,0,0,2,27
fed8a6605685,100c0262818e8:200110d1a615,win,10,19,31,mate in 16,1,9,1,0,0,8,4,6,28
ec42c625acc7,41100104899150:1010045010506489,win,5,9,9,mate in 5,1,4,1,0,0,3,4,1,27
0a146a29bedb,20800501054805a:5002080a0b1a05,win,4,7,7,mate in 4,3,1,1,0,0,0,0,4,27
eb945f26e701,90580a04907:80018000590590a8,win,2,3,3,mate in 2,1,1,1,0,0,0,1,1,27
1b1605bef392,11001428250ca:80428218058a05,win,7,13,15,mate in 8,2,5,1,0,0,4,2,5,27
e3f2bb9062b3,411090320a301:1080204100d103c,win,4,7,9,mate in 5,2,2,1,1,0,0,0,4,26
91f459558962,1a008ba08401a:20842014011ba01,win,2,3,3,mate in 2,1,1,1,0,0,0,0,2,28
598b135eba52,2824208401e003:4008602e14ac,win,2,3,3,mate in 2,1,1,1,0,0,0,0,2,27
962920f3794f,1804060e0c0d0:8040003180112921,win,2,3,3,mate in 2,1,1,1,0,0,0,0,2,26
2ee8f3865214,10c081c838809:c00100380081792,win,2,3,3,mate in 2,1,1,1,0,0,0,0,2,28
63b204e2b598,49840086019402:840000491048024d,win,2,3,3,mate in 2,0,2,1,1,0,0,0,2,26
7780d993d3a5,49840286019402:84000049104a024d,win,2,3,3,mate in 2,0,2,1,1,0,0,0,2,28
55b66e767574,49080922009a01:2000224098492058,win,2,3,3,mate in 2,1,1,1,0,0,0,0,2,27
070ec7374392,42102099008b048:8142006214623,win,12,23,35,mate in 18,4,8,1,0,0,7,4,8,28
c4e7271400d2,428001005a9a01:800002528a01405a,win,2,3,3,mate in 2,1,1,1,0,0,0,0,2,27
085b435c1918,108101082501910a:100948190882481,win,4,7,7,mate in 4,0,4,1,1,0,2,2,2,28
08b3f8bffc5f,8012008150b9108:80803a8006c83,win,3,5,5,mate in 3,2,1,1,0,0,0,1,2,28
25d2ac201ea7,c80208221c051:8000020c104c1a2c,win,3,5,5,mate in 3,1,2,1,1,0,0,0,3,27
4b3e591215c7,9800b100e9002:800610048101230d,win,4,7,9,mate in 5,1,3,1,0,0,2,2,2,27
12f9de403512,114114039d080:8000c02094002479,win,2,3,3,mate in 2,1,1,1,0,0,0,0,2,28
f166fe5cbcc1,100c040104512251:1104c100cd40c,win,8,15,35,mate in 18,1,7,0,0,0,7,5,3,28
0e6e5c20e431,10290128092e:29010290839081,win,2,3,3,mate in 2,1,1,1,0,0,0,0,2,27
3192442b8903,100b0c088c4a:9080090837281,win,7,13,29,mate in 15,2,5,1,0,0,4,4,3,27
9fbc1df8669f,14101401111189:10009920c8634,win,2,3,3,mate in 2,1,1,1,0,0,0,0,2,27
7f326409ce5b,100802421002e0c1:200100822c8130a,win,5,9,13,mate in 7,4,1,0,0,1,0,0,5,26
a8be3667e701,1884000ca880e:80400009b80130c1,win,2,3,3,mate in 2,1,1,1,0,0,0,0,2,27
023a2a4d3ea3,21092005012838:11a389781,win,2,3,3,mate in 2,1,1,1,0,0,0,0,2,27
1e86a1635197,1400044c89c2c:40000001900742d3,win,3,5,5,mate in 3,1,2,1,1,0,0,0,3,28
48f76b33d12e,30940800089c809:8309cb001380,win,3,5,5,mate in 3,1,2,1,1,0,0,1,2,28
4f255b84d88c,108900098002500b:80009080108981c4,win,5,9,11,mate in 6,3,2,1,1,0,0,1,4,26
f36f36c925d0,140000914a8063:8001c0015151c,win,2,3,3,mate in 2,0,2,1,1,0,0,0,2,26
3fd617334056,10408d40d8014:8000c01500105c09,win,2,3,3,mate in 2,1,1,1,0,0,0,0,2,26
656787ff8e9b,1100e00049863:10080001984b041c,win,2,3,3,mate in 2,1,1,1,0,0,0,0,2,27
40e051d93cca,310019141180c:100080020a06c343,win,2,3,3,mate in 2,0,2,1,1,0,0,0,2,27
be81af85486b,5100909918908:11000114100c3095,win,3,5,9,mate in 5,2,1,0,0,1,0,0,3,28
b68b591ae0df,1069a0019c01:900180001c682068,win,2,3,3,mate in 2,1,1,1,0,0,0,0,2,27
ee8ff855c3ef,1000308a82ca5:8080808a407900a,win,2,3,3,mate in 2,1,1,1,0,0,0,0,2,28
eb9f320f37f6,d0144b2018009:1209014c3344,win,2,3,3,mate in 2,1,1,1,0,0,0,0,2,28
c986abdd3f5a,49000002119938:6900e822c3,win,2,3,3,mate in 2,1,1,1,0,0,0,0,2,27
b6fcb2f66bed,1409100090018154:84090548540b,win,3,5,5,mate in 3,0,3,1,1,0,1,1,2,27
4d73d02963ff,18e20460818a0:800000098821c709,win,2,3,3,mate in 2,1,1,1,0,0,0,0,2,28
a76692fdea93,100800094189c081:1d1809004190c,win,5,9,9,mate in 5,1,4,1,1,0,2,1,4,27
eb69cba642a6,1008000d4189c081:1d1809004190c,win,2,3,3,mate in 2,1,1,1,0,0,0,0,2,28
dfc190063a5f,68186889442:1401100a10032289,win,4,7,9,mate in 5,0,4,0,0,1,3,3,1,28
9323f9b9bb68,104800405001da12:2001208024e204d,win,3,5,5,mate in 3,1,2,1,1,0,0,0,3,28
0b1b22581ff4,54100401d00189:100001d090049254,win,2,3,3,mate in 2,0,2,1,1,0,0,0,2,27
5394b42083c9,12000692823484:41210001c823b,win,8,15,33,mate in 17,1,7,1,0,0,6,5,3,28
21753be92aa7,801106300028845:100008009869112a,win,2,3,3,mate in 2,0,2,1,1,0,0,0,2,27
5b283631f85e,1098004900bb002:8000010b2104490d,win,2,3,3,mate in 2,1,1,1,0,0,0,0,2,28
005d1052aab4,18044c60c861:18014001900d140c,win,2,3,3,mate in 2,0,2,1,1,0,0,0,2,28
099456ca35e2,104009839c034:1800181904001c0b,win,2,3,3,mate in 2,1,1,1,0,0,0,0,2,28
7a35ca4d7a1d,9914201411091:80020009900a894a,win,2,3,3,mate in 2,0,2,1,1,0,0,0,2,28
a986a85c4490,281804100c50a1:180000288821894c,win,4,7,7,mate in 4,2,2,1,1,0,0,1,3,27
715dbcd804b7,28e00064118209:8000003880287530,win,2,3,3,mate in 2,1,1,1,0,0,0,0,2,28
b66ec93e6294,1100828067824:100800031009805b,win,9,17,33,mate in 17,2,7,1,0,0,6,4,5,26
be12bbc8c315,41900185090508:1008014810609861,win,2,3,3,mate in 2,1,1,1,0,0,0,0,2,27
123e7d419a39,1024112049478:800480516b85,win,2,3,3,mate in 2,1,1,1,0,0,0,0,2,28
edcd5cd57b40,1924174093:1904820088b40c,win,3,5,5,mate in 3,2,1,1,0,0,0,0,3,28
2c7b42f5e97b,10818101d0019002:8100508001804199,win,6,11,13,mate in 7,4,2,1,1,0,0,0,6,26
3c9736d0fdf7,10818101d0119002:c100508001804199,win,6,11,13,mate in 7,4,2,1,1,0,0,0,6,28
192d1ea9e8ae,10093000b0018412:80008009090a3909,win,3,5,9,mate in 5,1,2,1,1,0,0,0,3,27
e1249f4205d4,110008c81dc02:10808083100a2089,win,2,3,3,mate in 2,1,1,1,0,0,0,0,2,26
8a880488c0c9,10002cd088568:4d0110435803,win,7,13,29,mate in 15,2,5,0,0,1,4,5,2,28
b4bc6539f66e,198800a80908c:8080000190254a31,win,2,3,3,mate in 2,0,2,1,1,0,0,0,2,27
3b4f097e16f9,190019400a1c01:50029411e01a,win,2,3,3,mate in 2,1,1,1,0,0,0,1,1,27
d5a5f36fd982,94040d801160a:8009024ec845,win,2,3,3,mate in 2,1,1,1,0,0,0,0,2,28
f71d7d441cb6,180c0104142b1:80001011c098b048,win,3,5,5,mate in 3,2,1,1,0,0,0,0,3,27
9a8f5104a8b0,188000921894a:8400161804010b1,win,9,17,17,mate in 9,2,7,1,0,0,6,5,4,26
c06a6f92daed,801000530821493:28808815a90c,win,3,5,5,mate in 3,1,2,1,1,0,0,1,2,28
a75c1cd72cad,240002012d1093:2da002a92c,win,3,5,5,mate in 3,2,1,1,0,0,0,0,3,27
6106baab78df,1a000e402c508:8000410311013083,win,3,5,5,mate in 3,2,1,1,0,0,0,0,3,26
a0af4a546808,10080002908920c3:190090802d818,win,2,3,3,mate in 2,1,1,1,0,0,0,0,2,26
294356b61ff0,4084001c60e05:86880991ca,win,2,3,3,mate in 2,0,2,1,1,0,0,0,2,27
cb326c7487cc,d004090495a02:1000120d0204805d,win,2,3,3,mate in 2,1,1,1,0,0,0,0,2,28
5697033fa563,4110083084d09:8100800418449246,win,3,5,5,mate in 3,2,1,1,0,0,0,0,3,27
5fdf4ef2b09e,40108009a032228:86030408dc03,win,2,3,3,mate in 2,1,1,1,0,0,0,0,2,27
a87a628c8242,209bc208229:1208380002093c40,win,2,3,3,mate in 2,0,2,1,1,0,0,0,2,28
410cae31ccdb,21204320021861:18209861a20a,win,2,3,3,mate in 2,1,1,1,0,0,0,0,2,27
62601ec26ce4,142244204e00d:60042001a0211a22,win,2,3,3,mate in 2,0,2,1,1,0,0,1,1,28
2775b9e3415b,1b00328223028:b800080090018913,win,2,3,3,mate in 2,0,2,1,1,0,0,1,1,28
b79194e788e3,10000407cd11a:40004d90012265,win,2,3,3,mate in 2,0,2,1,1,0,0,0,2,28
6db133321975,102c04220b21a:280000180d340e1,win,5,9,9,mate in 5,3,2,1,1,0,0,0,5,28
21a326d0b308,910007c0a8025:800480980017c0a,win,2,3,3,mate in 2,1,1,1,0,0,0,0,2,28
1ed1c86c5cf0,98068108191c0:8060008180686029,win,2,3,3,mate in 2,1,1,1,0,0,0,0,2,28
290b29a9cbd7,30110015890548:50004b0003090b1,win,11,21,29,mate in 15,2,9,1,0,0,8,6,5,28
293ee59fe839,1009030012129412:1019010d230d,win,2,3,3,mate in 2,1,1,1,0,0,0,0,2,28
3210d2872aaf,140084112a807:8810390095118,win,2,3,3,mate in 2,1,1,1,0,0,0,0,2,27
c902c2d4e492,b188a8303:b1000c04158c8,win,2,3,3,mate in 2,1,1,1,0,0,0,0,2,27
a8b29fbe7296,108d11801005810:90000800d8188309,win,2,3,3,mate in 2,0,2,1,1,0,0,0,2,27
f2ebfe8ed8c1,101800005085b009:4509c00184094,win,2,3,3,mate in 2,1,1,1,0,0,0,1,1,26
ca1e1913e3c5,d01059000c205:800803cd11c8,win,3,5,5,mate in 3,2,1,1,0,0,0,1,2,27
cb2884419275,101a405a810d:100b000111017052,win,2,3,3,mate in 2,1,1,1,0,0,0,0,2,28
b926819c1a93,9000001a28922c:89000d009d3,win,2,3,3,mate in 2,1,1,1,0,0,0,0,2,26
85625f6062ac,104004c405a38:102112218543,win,3,5,5,mate in 3,2,1,1,0,0,0,0,3,26
1415e28bbd45,18400a400ac142:4102011001103839,win,6,11,15,mate in 8,3,3,1,1,0,1,2,4,27
1f2c792c1930,90080d28a1084:8042090001c21b,win,2,3,3,mate in 2,1,1,1,0,0,0,0,2,26
5bc92ea890a8,92404aa001c05:2048209040da208,win,2,3,3,mate in 2,1,1,1,0,0,0,1,1,28
036388f9710c,20910100650904a:249100b2691,win,5,9,9,mate in 5,0,5,1,1,0,3,2,3,28
dac03e46d9d4,41000806cc9608:89241900101c5,win,3,5,7,mate in 4,1,2,1,1,0,0,0,3,28
c2235a286c9b,219e100c29:208820800299212,win,11,21,33,mate in 17,1,10,1,0,0,9,4,7,26
e957e7c692c0,9810801092981:810000819080d02e,win,2,3,3,mate in 2,0,2,1,1,0,0,0,2,27
1d3ac40f530f,2174092008231:30000020562154a,win,6,11,11,mate in 6,4,2,1,1,0,0,1,5,28
ecf1e61cfeca,100800043808a08b:980a80065904,win,2,3,3,mate in 2,1,1,1,0,0,0,0,2,26
975fb41eba09,1a880a08a85:8900010b0d2128,win,2,3,3,mate in 2,1,1,1,0,0,0,0,2,27
2555b0204c8a,21010010913518:101010b1212080a1,win,2,3,3,mate in 2,1,1,1,0,0,0,0,2,27
29ee116e45a4,1805048c100b100:8818010c940c9,win,3,5,5,mate in 3,2,1,1,0,0,0,0,3,27
ecbb8a48759c,10010038c83c8:100010588111815,win,6,11,15,mate in 8,1,5,0,0,0,5,4,2,26
357d5116c822,14090c094a11:10010000d044954c,win,4,7,7,mate in 4,3,1,1,0,0,0,1,3,27
6bf2117bb082,1d400180d800c:4000809c4005c81,win,2,3,3,mate in 2,1,1,1,0,0,0,0,2,26
d7e4eb31a3f0,19004900c30c1:100800092601c60c,win,2,3,3,mate in 2,1,1,1,0,0,0,0,2,27
2775a99f1fa9,30001d00d5a08:8000c206020280c7,win,2,3,3,mate in 2,1,1,1,0,0,0,0,2,28
99bca4c686b2,180898501d040:8040014010c82589,win,2,3,3,mate in 2,0,2,1,1,0,0,0,2,27
61e95e6cd0ac,1004818809e28:80008001824901d1,win,2,3,3,mate in 2,0,2,1,1,0,0,0,2,26
5fa6af45b799,180000860d1207:901810128558,win,2,3,3,mate in 2,1,1,1,0,0,0,0,2,26
972c9954face,2101ec81d:80009800c8811182,win,2,3,3,mate in 2,1,1,1,0,0,0,0,2,26
1f5628049085,180110011102e12:208020a191ad,win,2,3,3,mate in 2,1,1,1,0,0,0,0,2,27
2cfb3e5b4c28,10090a000b0a4109:100110990019a82,win,4,7,9,mate in 5,2,2,1,1,0,0,0,4,28
de8c700f970b,108000c0801b42c:d00a52c4901,win,2,3,3,mate in 2,1,1,1,0,0,0,0,2,27
99e55077ebf7,203000202381ca:800080219a003a21,win,6,11,15,mate in 8,2,4,0,0,1,3,3,3,27
18a28250d0b8,1008004181179044:40100e1048211b,win,2,3,3,mate in 2,1,1,1,0,0,0,1,1,28
0b3529cb3e87,10393020d018:9008a000c0192021,win,4,7,9,mate in 5,1,3,1,1,0,1,1,3,26
082200e34cd2,60024a800b2019:800880200260d262,win,5,9,17,mate in 9,0,5,0,0,0,5,3,2,28
a6888a8a1876,9061900601078:600002016198681,win,2,3,3,mate in 2,0,2,1,1,0,0,0,2,28
d8580fd621db,10800908b1388:908090810800c843,win,9,17,31,mate in 16,2,7,1,0,0,6,3,6,27
d7628dfe02c4,10028188e9022:2000078021488d,win,2,3,3,mate in 2,1,1,1,0,0,0,1,1,26
16e995b36fc8,21a020400dd004:80084009b0202029,win,3,5,5,mate in 3,2,1,1,0,0,0,1,2,26
3e3726c25fd9,4000ec04c5208:a900012028057,win,2,3,3,mate in 2,1,1,1,0,0,0,0,2,26
6d5518f04aae,801804018261924:4008038049844b,win,2,3,3,mate in 2,1,1,1,0,0,0,0,2,28
5431cc4f3f4c,5a000202d6028:20004025c0009605,win,2,3,3,mate in 2,1,1,1,0,0,0,0,2,26
59fe7cbe3f7f,900501c501c40:401c0900098099,win,4,7,7,mate in 4,3,1,1,0,0,0,0,4,26
c5fd4b9cd956,92d1c8c01:120109001313c,win,2,3,3,mate in 2,1,1,1,0,0,0,0,2,26
57d54d87200d,290003900204c9:1000902800299822,win,2,3,3,mate in 2,1,1,1,0,0,0,0,2,26
7119d93b2c16,290003940204c9:9000902800299822,win,2,3,3,mate in 2,1,1,1,0,0,0,0,2,28
e8ea2e9c35e6,2100032987904:100009020902829b,win,2,3,3,mate in 2,1,1,1,0,0,0,1,1,28
c80d4e055c1a,2204180293981:1002a3042807a,win,3,5,5,mate in 3,1,2,1,1,0,0,1,2,28
f8d0df516ccf,20800548851181:100209028c83e,win,3,5,7,mate in 4,1,2,1,1,0,0,0,3,27
2c4d3bdb8589,112000249194a:120000099090c291,win,2,3,3,mate in 2,1,1,1,0,0,0,1,1,27
3d41ca8e92de,100a000406012607:100a100ed038,win,2,3,3,mate in 2,1,1,1,0,0,0,0,2,26
c6c4ee275fd5,110130810921a:100800d00b48e1,win,2,3,3,mate in 2,0,2,1,1,0,0,0,2,27
a206459f25ac,182b4000512a:18010000182b8e01,win,11,21,35,mate in 18,1,10,1,0,0,9,7,4,27
9138912172e0,20d038003080098:1d00951305,win,5,9,15,mate in 8,3,2,1,1,0,0,2,3,26
880620a6fbad,9922091013020:9200000922288309,win,2,3,3,mate in 2,0,2,1,1,0,0,0,2,27
1d729b577424,140990000d009824:d099009050b,win,3,5,5,mate in 3,2,1,1,0,0,0,0,3,28
264326ea14c3,1000813c19a42:800880418c080589,win,3,5,5,mate in 3,1,2,1,1,0,0,0,3,28
c8254af1dfc3,1189008049246:1000000110990c99,win,2,3,3,mate in 2,0,2,1,1,0,0,0,2,26
c2616d7251f9,200006000b1c95:20cd24c12a,win,2,3,3,mate in 2,1,1,1,0,0,0,0,2,27
f0ee419fe9d0,2098200801c801a:8000001d13011305,win,3,5,5,mate in 3,1,2,1,1,0,0,0,3,27
44b7ae65b2d8,180110018a003308:20002a007009c841,win,4,7,7,mate in 4,1,3,1,0,0,2,1,3,27
7c7154a03349,6900088213828:900000063006c007,win,5,9,19,mate in 10,3,2,1,1,0,0,2,3,26
d28c2a46c4f8,1008042100a48487:108e140b1828,win,4,7,7,mate in 4,3,1,1,0,0,0,0,4,28
94b30df859fc,90121011811061:100000e002700398,win,2,3,3,mate in 2,1,1,1,0,0,0,1,1,26
e5fbf8bf8243,90121011891061:102000e002700398,win,2,3,3,mate in 2,1,1,1,0,0,0,1,1,28
fcb1e32641fc,101001609861c:8110841181101101,win,2,3,3,mate in 2,0,2,1,1,0,0,0,2,26
6c0ce213ad89,1060046029606:6048005800d4009,win,2,3,3,mate in 2,1,1,1,0,0,0,0,2,26
6b1d895fccac,100042124b438:42101d0094105,win,4,7,7,mate in 4,2,2,1,1,0,0,0,4,26
0a31cc84b908,1170083211500:500002114488269,win,2,3,3,mate in 2,0,2,1,1,0,0,0,2,27
44c9ea31aece,2401085104050c1:10010240428d820c,win,2,3,3,mate in 2,1,1,1,0,0,0,0,2,27
1a8dcb18ced1,2102004700b50c:125b0254221,win,2,3,3,mate in 2,0,2,1,1,0,0,0,2,28
835c3e03e53c,609038a055:1040b01120411828,win,4,7,7,mate in 4,3,1,1,0,0,0,0,4,27
1d4a96fe2c6f,21801800192819:80180021a02090a6,win,2,3,3,mate in 2,1,1,1,0,0,0,0,2,27
cc513b694cdc,20102592001a03:10000a0008a5c0ac,win,2,3,3,mate in 2,1,1,1,0,0,0,0,2,27
721436e03843,104cc0cd802:800094003100250d,win,2,3,3,mate in 2,1,1,1,0,0,0,0,2,26
93537810efa9,14218c220302c:40000005101dc611,win,2,3,3,mate in 2,1,1,1,0,0,0,1,1,28
153f5481663e,10090a00a808aa04:880090091201102b,win,4,7,7,mate in 4,3,1,1,0,0,0,0,4,28
90d3034aab6a,18c3000301cc0:800000019c81a031,win,3,5,5,mate in 3,2,1,1,0,0,0,0,3,26
f7bd53f1ff42,18c3020301cc0:802000019c81a031,win,3,5,5,mate in 3,2,1,1,0,0,0,0,3,28
a6e8859fc0fa,20900080198315:8000022013201ce8,win,3,5,5,mate in 3,2,1,1,0,0,0,1,2,27
171eb9cdd9b3,30024810191a2:10308ae080d,win,4,7,7,mate in 4,3,1,1,0,0,0,0,4,26
fa1b40a29c65,1800055495404:50098004816b,win,2,3,3,mate in 2,1,1,1,0,0,0,0,2,26
8c41ddf48622,1081002094894408:1481482098a3,win,3,5,5,mate in 3,2,1,1,0,0,0,0,3,27
3f3e4f0f7dde,81808ca040d001:80080001008d28cc,win,3,5,5,mate in 3,2,1,1,0,0,0,0,3,26
f686c236c1e8,60002023204307:2000340404ab068,win,6,11,11,mate in 6,4,2,1,1,0,0,0,6,27
a6db59fd668e,10a89008b062:1000200020a5468d,win,12,23,37,mate in 19,2,10,0,0,1,9,8,4,27
a53aab22663c,1018808a80309011:80021030108a01aa,win,2,3,3,mate in 2,0,2,1,1,0,0,0,2,28
a805ce0eb3b2,9091098188005:8000800901055918,win,2,3,3,mate in 2,1,1,1,0,0,0,0,2,26
a65cef0173e3,9091498188005:8800800901055918,win,2,3,3,mate in 2,1,1,1,0,0,0,0,2,28
46a159f2cf02,210400b520241c:8400803100119921,win,2,3,3,mate in 2,0,2,1,1,0,0,0,2,28
1ea608d587d2,98805c0088901:880041080905500c,win,2,3,3,mate in 2,1,1,1,0,0,0,1,1,26
22c969b41517,2056015694:100110010030886b,win,2,3,3,mate in 2,1,1,1,0,0,0,0,2,26
c179a498815c,190800880a102b:800901910118814,win,2,3,3,mate in 2,0,2,1,1,0,0,0,2,26
14dcb6f364c9,190800a80a102b:80090191011a814,win,2,3,3,mate in 2,0,2,1,1,0,0,0,2,28
613640687f04,90220422cd006:1009b00123a9,win,4,7,7,mate in 4,3,1,1,0,0,0,0,4,28
bbf8c8ea10d0,1049800090015085:1049006c8478,win,5,9,13,mate in 7,0,5,1,1,0,3,2,3,27
ab487a11a96c,90291c008921:1009040080a95488,win,2,3,3,mate in 2,1,1,1,0,0,0,0,2,27
64ce172fb165,902008a489a44:120010491007040b,win,2,3,3,mate in 2,1,1,1,0,0,0,0,2,28
9e90b11b8019,11021042841a9:102000089045b444,win,2,3,3,mate in 2,0,2,1,1,0,0,0,2,27
b2b281fa7c8f,228d2295480:1029140104008a29,win,2,3,3,mate in 2,1,1,1,0,0,0,0,2,28
dcd41f22ec4f,91400d8089820:1000480904214509,win,2,3,3,mate in 2,1,1,1,0,0,0,0,2,26
8f4c557eea96,8918112810d008:1000208810892893,win,2,3,3,mate in 2,1,1,1,0,0,0,1,1,28
5f02642ac7a7,4800500298346:80010028820430b9,win,2,3,3,mate in 2,1,1,1,0,0,0,0,2,27
9c2a544c113f,1008005011089944:11088057001b,win,3,5,5,mate in 3,1,2,1,1,0,0,0,3,26
e5cb795c09b2,10084041300830c3:20003008c8c1c808,win,3,5,5,mate in 3,1,2,1,1,0,0,0,3,28
783e255a1b47,c3104110081049:1000008202c3c382,win,2,3,3,mate in 2,1,1,1,0,0,0,0,2,27
59506e6488a9,8900010802ca07:8ec08d0188,win,2,3,3,mate in 2,0,2,1,1,0,0,0,2,26
93460fefef08,9920e248c:1009100004c19243,win,2,3,3,mate in 2,1,1,1,0,0,0,0,2,27
b9ba083878f9,4040cc0093c41:8000c0400644c20e,win,11,21,35,mate in 18,1,10,1,0,0,9,8,3,28
54ef63533a26,20000cc08c6049:94021012191a4,win,9,17,19,mate in 10,1,8,1,0,0,7,6,3,27
060f443986e6,1000b3428a608:80088420800350a3,win,2,3,3,mate in 2,1,1,1,0,0,0,0,2,28
37e0bc9e1259,1000b188b6008:82800e04098c3,win,2,3,3,mate in 2,0,2,1,1,0,0,0,2,27
6e881fcfe40d,49020014494641:120010498200b00e,win,13,25,31,mate in 16,1,12,1,0,0,11,4,9,28
0f460dcaac48,20800180b3294:80000060194c90b,win,3,5,7,mate in 4,1,2,1,1,0,0,0,3,27
ce23954d2892,91000026a9462:824b9401020d,win,7,13,15,mate in 8,1,6,0,0,1,5,5,2,28
8f252d2b2b62,108b80099122:8009802010a2048d,win,2,3,3,mate in 2,1,1,1,0,0,0,0,2,27
3e709155ce49,1148d8021840c:14880000148c18a1,win,2,3,3,mate in 2,1,1,1,0,0,0,0,2,28
35c7ad2c34c4,1098298a09088:1801001010b0933,win,2,3,3,mate in 2,1,1,1,0,0,0,0,2,28
87fe2359d9ac,1814a80000098099:1014b8143904,win,3,5,5,mate in 3,2,1,1,0,0,0,1,2,28
092a5ff42b7c,1111400505189:10004001d1058074,win,4,7,7,mate in 4,3,1,1,0,0,0,1,3,27
852e70817a09,2000c034d3048:8010290128317,win,3,5,5,mate in 3,1,2,1,1,0,0,0,3,27
dcaa70ff3d42,20030913084301:1300102080619068,win,4,7,7,mate in 4,3,1,1,0,0,0,1,3,27
06ab04bc00ac,1a0294001d082:84000b02c202d,win,2,3,3,mate in 2,1,1,1,0,0,0,0,2,26
c97338f53bcf,1040890a914a0:2080214c00e849,win,7,13,31,mate in 16,1,6,0,0,0,6,5,2,27
5b668112483f,9118833089002:1000220180812399,win,2,3,3,mate in 2,1,1,1,0,0,0,1,1,28
f05338ca915d,9000a160a1824:4210821868b,win,2,3,3,mate in 2,0,2,1,1,0,0,0,2,26
370a5f9cc2bd,1109100212398:1008022812985021,win,2,3,3,mate in 2,1,1,1,0,0,0,1,1,27
80f72a3f4025,300190410c498:180402110b1903,win,2,3,3,mate in 2,1,1,1,0,0,0,0,2,27
ccebeda21ce8,511030ae81:8003c9117a,win,2,3,3,mate in 2,0,2,1,1,0,0,0,2,27
7e763693436f,48009c2219a02:90005024100c402d,win,8,15,31,mate in 16,1,7,0,0,1,6,5,3,28
9d5755b47c0e,108910498055:1000446945688,win,2,3,3,mate in 2,1,1,1,0,0,0,0,2,27
e1adde70548b,66000e8168c:100010089610c071,win,6,11,17,mate in 9,1,5,1,0,0,4,3,3,28
de135dcef70b,20a840d4283:884800282941c,win,4,7,7,mate in 4,3,1,1,0,0,0,0,4,26
3fb98b618da9,20a841d4283:800884800282941c,win,2,3,3,mate in 2,0,2,1,1,0,0,0,2,28
e832468ed4b7,18081002250ec:296858613,win,2,3,3,mate in 2,1,1,1,0,0,0,0,2,27
8a591a1cf113,c002700029126:2800880bd0099,win,2,3,3,mate in 2,1,1,1,0,0,0,0,2,27
4857051bacb1,10490000040195a2:144911c80049,win,2,3,3,mate in 2,0,2,1,1,0,0,0,2,26
ca08d1a0dde6,10490000040195a2:144991c80049,win,2,3,3,mate in 2,1,1,1,0,0,0,0,2,27
210b4f7ec0fe,2400b2130d028:40082010c00b2113,win,2,3,3,mate in 2,0,2,1,1,0,0,1,1,28
96cc3df9c8f7,3002400149338:8013802b0047,win,2,3,3,mate in 2,0,2,1,1,0,0,1,1,26
f683a3b33fe4,3002400549338:108013802b0047,win,2,3,3,mate in 2,0,2,1,1,0,0,1,1,28
f8788b6d81ab,412411046004d:1042000e02099602,win,2,3,3,mate in 2,0,2,1,1,0,0,1,1,27
11bad81d86d8,2000094808b918:88088820902140a1,win,2,3,3,mate in 2,1,1,1,0,0,0,0,2,27
15a5018000c0,80110119200a21a:8280828191825,win,2,3,3,mate in 2,0,2,1,1,0,0,1,1,28
064af45b6b01,20184002800b4903:2a0186010b098,win,2,3,3,mate in 2,1,1,1,0,0,0,0,2,28
220a10bfe76a,a9000800390a21:b10a809598,win,5,9,9,mate in 5,2,3,1,1,0,1,1,4,27
aa348db130b6,2018a098802029:900880082028d8c0,win,2,3,3,mate in 2,1,1,1,0,0,0,0,2,27
3c107f3382ea,1009040084848849:900950095484,win,6,11,11,mate in 6,2,4,1,1,0,2,2,4,26
e8f5a6d68b93,100800191a289410:11c2084110a29,win,2,3,3,mate in 2,1,1,1,0,0,0,0,2,28
d7460f1a9d63,200805008598d:1410301938012,win,2,3,3,mate in 2,1,1,1,0,0,0,0,2,26
9a6093b49b14,200805048598d:1410301938052,win,2,3,3,mate in 2,1,1,1,0,0,0,0,2,28
9454df4e64ef,10040805d4055:8048800d0000b508,win,2,3,3,mate in 2,1,1,1,0,0,0,0,2,26
b3a509f8d305,9948821098003:400010194823588,win,2,3,3,mate in 2,1,1,1,0,0,0,0,2,28
86b0ebd21435,418011009c984:10000004c834103b,win,2,3,3,mate in 2,1,1,1,0,0,0,1,1,27
d9777eb487d9,108100001203510e:138101888ac1,win,2,3,3,mate in 2,1,1,1,0,0,0,0,2,27
85f526f25cf0,112288201821c:208001111381121,win,2,3,3,mate in 2,1,1,1,0,0,0,0,2,26
7c1a42ecc6df,90918213914:8290020210800eb,win,2,3,3,mate in 2,0,2,1,1,0,0,1,1,28
d6b65ba2a8a7,2101081304139:10c0025003b202,win,3,5,5,mate in 3,2,1,1,0,0,0,0,3,26
2aa3303d56c0,30196030d010:1011802090092069,win,2,3,3,mate in 2,1,1,1,0,0,0,0,2,27
2a1ba8ea5cd3,120810890005400b:102009288b684,win,2,3,3,mate in 2,0,2,1,1,0,0,0,2,27
997e4ca9b1d7,9800004a38885:8020002b9008142a,win,2,3,3,mate in 2,1,1,1,0,0,0,0,2,27
f0f5eab96215,145894091041:101180014050c41c,win,5,9,9,mate in 5,1,4,1,0,0,3,4,1,27
0f2f55d189ab,507890299040:d0008001405040b9,win,8,15,29,mate in 15,0,8,1,0,0,7,3,5,28
b07d462fc8eb,100220123503a:12a011900188101,win,2,3,3,mate in 2,0,2,1,1,0,0,0,2,26
b5d5fbe0a58d,140220123503a:12a011940188101,win,2,3,3,mate in 2,0,2,1,1,0,0,0,2,28
a163c4b072eb,2880038008c087:8002402840231928,win,2,3,3,mate in 2,0,2,1,1,0,0,0,2,27
dd88ae2af25c,1000ab0095803:80028014882a198,win,2,3,3,mate in 2,0,2,1,1,0,0,0,2,27
dec35a5c0064,288011c881a01:80100028003a4aa,win,3,5,5,mate in 3,2,1,1,0,0,0,0,3,26
d838125a0cef,a580842929:80108005921d084,win,2,3,3,mate in 2,1,1,1,0,0,0,0,2,27
8c51a51c504a,100813020018e10c:100000893031233,win,2,3,3,mate in 2,1,1,1,0,0,0,0,2,28
45a8a8d6d1b1,102c4010381ca:c4000182c41a05,win,2,3,3,mate in 2,1,1,1,0,0,0,0,2,28
f7baeb13db02,1081080904818498:109098187901,win,4,7,7,mate in 4,3,1,1,0,0,0,2,2,28
d7a6106fd05e,50880889100c109:90001500048834c2,win,2,3,3,mate in 2,1,1,1,0,0,0,0,2,28
00364edc274b,60910082208b004:601d4014619,win,3,5,5,mate in 3,2,1,1,0,0,0,0,3,27
0136b83b20ee,1045900188055:10000095c51588,win,2,3,3,mate in 2,0,2,1,1,0,0,0,2,27
2120e0dc9888,100405048c92a:1891130d5,win,3,5,5,mate in 3,1,2,1,1,0,0,0,3,26
37b92a9f565d,904008501b1c2:9300e4c1d,win,2,3,3,mate in 2,1,1,1,0,0,0,0,2,28
fd31b3fec8ad,90a0092087082:1000900928818a09,win,2,3,3,mate in 2,0,2,1,1,0,0,0,2,27
5647cc1db74c,208800884911a8:2103b0ca51,win,2,3,3,mate in 2,1,1,1,0,0,0,0,2,27
0dbd8f9cc980,89030011219224:1000108982880589,win,3,5,5,mate in 3,1,2,1,1,0,0,0,3,28
e94f482c64ce,18850085039402:84001018101c011d,win,3,5,5,mate in 3,2,1,1,0,0,0,0,3,28
0bb63cee276e,66c048612c:8042800000269e42,win,2,3,3,mate in 2,1,1,1,0,0,0,0,2,28
d4e29a9791bf,90004890ce016:6001b00131909,win,2,3,3,mate in 2,1,1,1,0,0,0,1,1,28
5074755c69c1,28412018101810b:100841a8c1a84,draw,10,19,36,draw,2,8,0,0,0,8,3,7,28
97b5a45c49c8,101811480100804d:801090d83192,win,2,3,3,mate in 2,1,1,1,0,0,0,0,2,27
e9252009e12d,20800809a0a388:80080120800a5827,win,2,3,3,mate in 2,1,1,1,0,0,0,0,2,27
3d87ac84d2cb,1300074084864:4018061b689,win,2,3,3,mate in 2,1,1,1,0,0,0,0,2,27
03cec55d7415,30004106c8649:100b020338a6,win,2,3,3,mate in 2,1,1,1,0,0,0,0,2,28
0154071437c7,1089808801088194:800010059085300b,win,2,3,3,mate in 2,1,1,1,0,0,0,1,1,28
9ff88fe77285,299033a012:10281010000850ad,win,2,3,3,mate in 2,1,1,1,0,0,0,0,2,26
539131783a0d,20181803101941:12098688638,win,2,3,3,mate in 2,1,1,1,0,0,0,0,2,27
3cb614fcbd35,1900811883068:1008018180038383,win,3,5,5,mate in 3,2,1,1,0,0,0,0,3,27
a0e3c9de45e9,20c2e0c0c0028:28000010a29c87,win,2,3,3,mate in 2,0,2,1,1,0,0,0,2,27
5dd5d3f3781d,1000003c5a384:140814580101051,win,3,5,5,mate in 3,1,2,1,1,0,0,0,3,26
4243591ded00,100800004c2a5832:c021c0a1004040d,win,3,5,5,mate in 3,1,2,1,1,0,0,0,3,28
139547801b47,80109008c1181c8:800901c85e11,win,4,7,7,mate in 4,3,1,1,0,0,0,0,4,28
bac0b9c24eb2,1008005090048057:8000900808595808,win,3,5,5,mate in 3,1,2,1,1,0,0,0,3,26
8f9596882840,10080a022009ea01:110099a12101a,win,3,5,5,mate in 3,1,2,1,1,0,0,0,3,28
841f60c6411a,18006c0869802:800210011011609d,win,4,7,7,mate in 4,2,2,1,1,0,0,0,4,27
c20e95858fa9,91080d401c201:840908881c8c,win,2,3,3,mate in 2,1,1,1,0,0,0,0,2,26
b94781f000fa,60080110191a81:1106008e0807c,win,2,3,3,mate in 2,1,1,1,0,0,0,0,2,27
ac1c086a4106,2000825109850a:512080a270a1,win,9,17,27,mate in 14,1,8,1,0,0,7,2,7,27
05e9557b6092,100c200a1b445:400001804e4aaa,win,3,5,5,mate in 3,2,1,1,0,0,0,0,3,28
894914e56541,100900110e201834:1a081019c609,win,7,13,29,mate in 15,0,7,1,0,0,6,3,4,28
5c3a2d450010,10000bc088e12:1000100b02033109,win,8,15,17,mate in 9,0,8,1,0,0,7,6,2,26
17b1e5a5f8d6,1108890438848:1008004328883083,win,2,3,3,mate in 2,1,1,1,0,0,0,0,2,27
dcfe9c457429,1800a9403c044:90001001004c168b,win,2,3,3,mate in 2,0,2,1,1,0,0,0,2,27
e9859e8f688c,10080042800b20e1:10093060911a,win,3,5,7,mate in 4,1,2,1,1,0,0,0,3,26
78849fb38f2e,20000c902bb108:8812101044a27,win,3,5,9,mate in 5,1,2,1,1,0,0,1,2,28
de83f0a5c2ae,10c48884c240c:4880014401d861,win,2,3,3,mate in 2,1,1,1,0,0,0,0,2,28
b60527c9880b,102810c15c818:8080c42881685,win,4,7,7,mate in 4,0,4,1,1,0,2,1,3,28
1d148c8d91f1,1109900085a8a:8020252938051,win,3,5,9,mate in 5,1,2,1,0,0,1,2,1,28
76539ce35526,20078410058548:100002007a812a5,win,9,17,27,mate in 14,3,6,1,0,0,5,3,6,28
8e64af101f4b,1888009828b200:8020003802104839,win,3,5,5,mate in 3,2,1,1,0,0,0,0,3,26
4087a8c075e1,1888019828b200:8020003802114839,win,3,5,5,mate in 3,2,1,1,0,0,0,0,3,28
04ef0429550c,22402a0037408:2000900014388037,win,3,5,5,mate in 3,1,2,1,1,0,0,1,2,27
70208e3a6251,c09365921:8090801c009801e,win,5,9,9,mate in 5,1,4,1,1,0,2,3,2,28
63f47e092a97,9304e200c1005:100400011043e14a,win,3,5,5,mate in 3,2,1,1,0,0,0,0,3,28
606ab23e6f0c,a0002024217418:4090d09080a3,win,3,5,5,mate in 3,1,2,1,1,0,0,0,3,26
48bd229bec10,20a02001a40a8c1:208aa08a130a,win,2,3,3,mate in 2,0,2,1,1,0,0,0,2,28
648ce340de1b,1814013403148:348020980098281,win,7,13,35,mate in 18,0,7,1,0,0,6,3,4,27
afd7fecbdad0,1008004180109817:1101818490548,win,2,3,3,mate in 2,0,2,1,1,0,0,1,1,26
f9d5166f7af5,18240808c984c:800008811a410391,win,4,7,7,mate in 4,2,2,1,1,0,0,1,3,28
14ae166a6fd7,282028030d0232:210001042022350d,win,2,3,3,mate in 2,1,1,1,0,0,0,0,2,28
ee76dd09dbfc,100d300820089442:5900721ad,win,4,7,7,mate in 4,3,1,1,0,0,0,1,3,28
76ba16d5e577,182408088984c:800000811a410391,win,4,7,7,mate in 4,2,2,1,1,0,0,1,3,26
974159ac2787,40108080a2018ea:800060184098711,win,2,3,3,mate in 2,1,1,1,0,0,0,0,2,28
077180db48d5,10481a1103013:1021105481c580,win,3,5,5,mate in 3,2,1,1,0,0,0,1,2,27
6531c19cd42b,2202320638241:20010200120870ba,win,3,5,5,mate in 3,2,1,1,0,0,0,0,3,28
134d59044f8b,100148043949a:40089189c0845,win,2,3,3,mate in 2,1,1,1,0,0,0,0,2,28
52709fa1df36,cb00b208b:100d300101049114,win,16,31,31,mate in 16,4,12,1,0,0,11,6,10,27
fd5618f4b3b2,9100184228c2a:1000842818095085,win,3,5,5,mate in 3,1,2,1,1,0,0,0,3,28
3cab279cd4c7,4900988041c41:100008043449a00e,win,2,3,3,mate in 2,1,1,1,0,0,0,0,2,27
0956bf3a9574,90022820e9224:20d1021491b,win,4,7,7,mate in 4,2,2,1,1,0,0,1,3,28
4e2d1ef067d4,28a2d8a82:300250082106d,win,8,15,33,mate in 17,2,6,1,0,0,5,6,2,26
89f42c1bdd41,18000150097602:150182012803d,win,5,9,11,mate in 6,1,4,0,0,1,3,3,2,27
0185669aee0c,1900192005905:100402042015a298,win,2,3,3,mate in 2,0,2,1,1,0,0,0,2,27
d0cedf075228,244802402543c:4002002c090aac2,win,3,5,9,mate in 5,1,2,1,1,0,0,1,2,28
6ac39fa9cfc3,1049814085001061:800014091049850c,win,2,3,3,mate in 2,1,1,1,0,0,0,0,2,28
9614a16c3893,17009200018aa:1008000050a9e101,win,2,3,3,mate in 2,1,1,1,0,0,0,0,2,26
d205da1c647b,12021a0405605:208200122da068,win,2,3,3,mate in 2,1,1,1,0,0,0,0,2,27
1a69bfcaf121,10400dc408d40:400500101015239,win,2,3,3,mate in 2,1,1,1,0,0,0,0,2,26
2867c072b7ba,10400dc408d42:1400500101015239,win,2,3,3,mate in 2,0,2,1,1,0,0,0,2,28
ad3125e895e4,9b00090088303:8000000b220330cc,win,2,3,3,mate in 2,1,1,1,0,0,0,0,2,27
80f841b96491,123000d041d001:100000122012245e,win,2,3,3,mate in 2,1,1,1,0,0,0,0,2,26
20f7ac079a28,18a1a8c314:82080021430eb,win,4,7,9,mate in 5,2,2,1,1,0,0,0,4,28
e6303f906120,5801900093812:100010049854804d,win,3,5,5,mate in 3,2,1,1,0,0,0,1,2,27
fe4495f170fa,58103ae058:582000a0411323,win,8,15,35,mate in 18,4,4,0,0,0,4,4,4,28
8845de1268d1,19184108d2009:1082009a10091c4,win,3,5,7,mate in 4,1,2,1,1,0,0,0,3,28
a86b7f797f1c,28520010098648:14000428c6205021,win,2,3,3,mate in 2,1,1,1,0,0,0,0,2,27
4bf22a8bafa5,1090400002a942a:910b95010101,win,2,3,3,mate in 2,0,2,1,1,0,0,0,2,26
86fc5feb534d,5009004003018349:40d109d0485000,win,2,3,3,mate in 2,0,2,1,1,0,0,0,2,28
19af4f220f9b,100800ba1922c:11001901100849c1,win,2,3,3,mate in 2,0,2,1,1,0,0,1,1,28
a1f43dc949ab,9062082215480:400954088a29,win,2,3,3,mate in 2,1,1,1,0,0,0,0,2,26
e9d2e96eaac7,916401448a210:402009a2011549,win,2,3,3,mate in 2,1,1,1,0,0,0,0,2,28
ea081f8a3200,8b03d81188:89100010038a53,win,3,5,7,mate in 4,1,2,1,1,0,0,1,2,28
84c67d908a5b,2000d680c240e:d08020003d8c1,win,2,3,3,mate in 2,1,1,1,0,0,0,0,2,28
48a23bf8cc02,209100003c810c8:100003c990018301,win,3,5,5,mate in 3,2,1,1,0,0,0,1,2,27
4c2919fb2d6c,1009043820213402:4001003141a8039,win,2,3,3,mate in 2,1,1,1,0,0,0,0,2,28
ccd722e99809,10020c5205138:1020500910098c01,win,2,3,3,mate in 2,0,2,1,1,0,0,0,2,26
bf0dd5a152cd,1029004090089941:9029016120b8,win,3,5,5,mate in 3,1,2,1,1,0,0,1,2,28
2c42708494d7,1009000001232329:2000300932089006,win,5,9,11,mate in 6,3,2,1,1,0,0,1,4,26
7dab97eabadd,1010094138093:8400840301803508,win,2,3,3,mate in 2,1,1,1,0,0,0,0,2,26
e82400cf69e5,1188930083018:1088000008918983,win,2,3,3,mate in 2,1,1,1,0,0,0,0,2,26
d05408ba8b20,10009d0441a85:8000c2002209e068,win,2,3,3,mate in 2,1,1,1,0,0,0,0,2,28
877667868326,1006080793083:8008800b0082c078,win,6,11,11,mate in 6,0,6,1,1,0,4,4,2,28
2dc6a1d1ca9c,1081880012298a08:800010a1888050a5,win,2,3,3,mate in 2,1,1,1,0,0,0,0,2,28
b11cad3ffc54,480064036100b:800250009009c034,win,2,3,3,mate in 2,1,1,1,0,0,0,0,2,26
bc8fd861a094,63449a542:8004a4018006101d,win,2,3,3,mate in 2,0,2,1,1,0,0,0,2,28
c0274d501acf,10001584881cc:1000504820057821,win,3,5,5,mate in 3,2,1,1,0,0,0,0,3,27
4f9c1e927617,13108801c890c:108000139013093,win,2,3,3,mate in 2,1,1,1,0,0,0,0,2,28
6f62ea9e1d7a,1081880010298a08:800010a1888010a5,win,2,3,3,mate in 2,1,1,1,0,0,0,0,2,26
541cac144821,bd00a02009208:50000001d00b4043,win,2,3,3,mate in 2,1,1,1,0,0,0,1,1,26
a56a5f742ec3,1109818904008409:80801400918911a0,win,2,3,3,mate in 2,1,1,1,0,0,0,1,1,28
9d9d420b4d75,1009800090144035:10103d40299008,win,2,3,3,mate in 2,1,1,1,0,0,0,0,2,27
e24746f53141,202408a0213508:30081120150880a1,win,2,3,3,mate in 2,1,1,1,0,0,0,0,2,27
8597aaae5f9b,48128002ab102:810049304422d,win,6,11,15,mate in 8,1,5,0,0,1,4,4,2,27
d12444a1417e,1000a11238036:80028001801c1909,win,2,3,3,mate in 2,1,1,1,0,0,0,0,2,26
3cbf910fa729,286401024186a:2000002864b8605,win,3,5,5,mate in 3,1,2,1,1,0,0,1,2,28
1e3f81831aa7,24804421b2a:4800208229a4c1,win,2,3,3,mate in 2,0,2,1,1,0,0,0,2,27
c07c1035570f,4086000710558:41000508068827,win,3,5,5,mate in 3,1,2,1,1,0,0,0,3,26
d098d256e8ad,30290222a528:1020040034091293,win,2,3,3,mate in 2,0,2,1,1,0,0,0,2,28
0abe110ea6c1,4a40edc24:8004800a000123cb,win,3,5,5,mate in 3,1,2,1,1,0,0,0,3,28
3f5e238a2047,1008018b0202030c:1004918d9083,win,4,7,7,mate in 4,3,1,1,0,0,0,0,4,27
1ddc86a1ffd0,4a40ed424:8004800a000122cb,win,3,5,5,mate in 3,1,2,1,1,0,0,0,3,26
13685679d782,18a0813051c08:800c100588088305,win,2,3,3,mate in 2,0,2,1,1,0,0,0,2,28
342d7a37ac03,1008098253828:82500c080d7,win,6,11,11,mate in 6,4,2,1,1,0,0,1,5,26
e4e43279d4cb,90090000000d4549:90099400ba04,win,3,5,5,mate in 3,2,1,1,0,0,0,0,3,26
9d4254b98a47,90090000109150e1:900988488c1c,win,2,3,3,mate in 2,1,1,1,0,0,0,0,2,28
bd43abe6bcf6,1d00052407208:50002001a00b8053,win,3,5,5,mate in 3,1,2,1,1,0,0,0,3,27
e90c6b47ee07,d400c0011190c:1000111c10ce011,win,2,3,3,mate in 2,1,1,1,0,0,0,0,2,27
906b3a57e4c6,a001850036904:1040022898109b,win,2,3,3,mate in 2,1,1,1,0,0,0,1,1,27
c4eca8b5e8c8,1840ac481810a:c0084081000a5491,win,2,3,3,mate in 2,1,1,1,0,0,0,0,2,28
93627492bda3,1088290609829:9088b07d2,win,2,3,3,mate in 2,0,2,1,1,0,0,0,2,28
14ca3de50830,298270006a801:902100009821102e,win,3,5,7,mate in 4,1,2,1,1,0,0,1,2,28
c98beb69535e,a1100d8084058:1000400a01129903,win,2,3,3,mate in 2,1,1,1,0,0,0,0,2,26
9056163d7c2d,9100104908171:1000018811095488,win,4,7,9,mate in 5,0,4,1,0,0,3,3,1,26
e35254b57c35,9140104908171:100001881109548c,win,4,7,9,mate in 5,0,4,1,0,0,3,3,1,28
c2258d53622c,180081a88483c:800800218021b283,win,2,3,3,mate in 2,0,2,1,1,0,0,0,2,28
8d69e2f84473,1088290209829:9088b06d2,win,2,3,3,mate in 2,0,2,1,1,0,0,0,2,26
d285d6f62c41,a890488098005:8000000a4106790a,win,2,3,3,mate in 2,0,2,1,1,0,0,0,2,27
ab525c9831cf,1482128099a80:8200000d2206079,win,2,3,3,mate in 2,1,1,1,0,0,0,0,2,28
a69be5db9253,1809840118401c00:800018488409a049,win,2,3,3,mate in 2,1,1,1,0,0,0,0,2,27
45bf7dc54bc9,18002905009265:10410103d0d18,win,2,3,3,mate in 2,0,2,1,1,0,0,1,1,28
27bc0dfe6298,970108400d428:8010800970192011,win,2,3,3,mate in 2,0,2,1,1,0,0,0,2,28
27ed17cd808b,32093228c200:12014000c00130a9,win,2,3,3,mate in 2,1,1,1,0,0,0,0,2,26
031a5f383bee,902b8223002c:90210004100c9a03,win,2,3,3,mate in 2,1,1,1,0,0,0,0,2,28
6d51e0ebe230,2206000825061c:826860288a3,win,2,3,3,mate in 2,1,1,1,0,0,0,0,2,27
7edaeeffcf9a,2048021800194a2:800102040264025d,win,3,5,5,mate in 3,1,2,1,1,0,0,0,3,27
216a9e25fdf0,210009001ae58:3043251a7,win,4,7,7,mate in 4,3,1,1,0,0,0,0,4,27
ed17283fd497,188a408808036:8000000190253989,win,2,3,3,mate in 2,0,2,1,1,0,0,0,2,27
5463f9c69132,100800610065a602:4100c300a106d,win,2,3,3,mate in 2,1,1,1,0,0,0,0,2,28
9404c46a057f,19000014889628:619025100d1,win,2,3,3,mate in 2,1,1,1,0,0,0,0,2,26
d2edae187098,20000d000d9341:100600a6028bc,win,2,3,3,mate in 2,0,2,1,1,0,0,1,1,27
d6e9e5373755,2014003488d140:1000012009602ca9,win,3,5,7,mate in 4,1,2,1,1,0,0,0,3,27
eb755d88c26f,20800018428a87:6082ad1168,win,3,5,5,mate in 3,1,2,1,1,0,0,0,3,27
79a2cba45815,900b0200100292c1:904b8249080a,win,3,5,5,mate in 3,2,1,1,0,0,0,0,3,28
adee96dc25de,2010005c01b510:10000c3000384a29,win,4,7,7,mate in 4,2,2,1,1,0,0,1,3,27
aa47bdc419b4,30800990085085:8008003000358338,win,9,17,29,mate in 15,0,9,1,0,0,8,5,4,27
de7f261ac953,1081088b101140a:100121010088a9a1,win,2,3,3,mate in 2,1,1,1,0,0,0,1,1,28
8bc334c46182,9003900209c41:2014401459003a,win,2,3,3,mate in 2,1,1,1,0,0,0,0,2,27
978b557cf15f,1006001a0896c:20018900591091,win,3,5,5,mate in 3,1,2,1,1,0,0,0,3,26
17ae44bd3f81,1802110103a34:902012008221808b,win,3,5,5,mate in 3,2,1,1,0,0,0,0,3,27
9ed1ec12a963,2119a811a8:829080880018e01,win,2,3,3,mate in 2,1,1,1,0,0,0,0,2,26
3999964c826b,9421088089058:80952514a01,win,2,3,3,mate in 2,0,2,1,1,0,0,0,2,26
51eed7599bec,91214a0019005:10002009121c2218,win,3,5,5,mate in 3,2,1,1,0,0,0,0,3,26
675a33c5b0a6,91214a0419005:10002009121c2258,win,2,3,3,mate in 2,1,1,1,0,0,0,0,2,28
5cf4379acb21,29209100a021c:9000283059143,win,2,3,3,mate in 2,1,1,1,0,0,0,1,1,27
d01e27806dda,b8810802a99:88820012b099100,win,2,3,3,mate in 2,0,2,1,1,0,0,0,2,28
ffb0795d15f7,10a1888098508:8010107901a91,win,2,3,3,mate in 2,1,1,1,0,0,0,0,2,27
55a06bf10296,20084c104c0849:4c00200a2192a4,win,2,3,3,mate in 2,0,2,1,1,0,0,0,2,27
622463eac7e2,8014401d400850a:40a080a080b5801,win,2,3,3,mate in 2,1,1,1,0,0,0,0,2,28
1e1faf4a6f0f,1a10025053408:3000100d90088105,win,5,9,9,mate in 5,1,4,1,0,0,3,4,1,26
c36e858b7cb9,108a028a0094801:800001010d20b528,win,3,5,5,mate in 3,2,1,1,0,0,0,0,3,27
16490f73d7a6,2800898000a18d:100201aa91a22,win,2,3,3,mate in 2,1,1,1,0,0,0,0,2,27
d1081979f68a,2004a090710049:10011001048096b0,win,2,3,3,mate in 2,1,1,1,0,0,0,0,2,26
715ce73f1225,18021187090441:20101480050931a,win,2,3,3,mate in 2,1,1,1,0,0,0,0,2,28
082b0587049f,2006280211b414:1842e4a2b,win,9,17,17,mate in 9,1,8,1,1,0,6,4,5,28
1ba3e0eff9a3,1000c85059412:13101a490d,win,2,3,3,mate in 2,0,2,1,1,0,0,0,2,26
e95f95f1b32b,23c1247a1:4090c080b85a,win,3,5,5,mate in 3,1,2,1,1,0,0,0,3,28
60537f4ecc82,16180431605:106000720a16a,win,3,5,7,mate in 4,1,2,1,1,0,0,0,3,27
d95d14e0a425,14000500344820d:109101b1152,win,2,3,3,mate in 2,1,1,1,0,0,0,0,2,26
1d5ed14cbb89,18210c280541a:80000089101ba281,win,3,5,7,mate in 4,0,3,1,0,0,2,2,1,28
a52cc4bb7ae2,202008659144a:805311028b11,win,2,3,3,mate in 2,1,1,1,0,0,0,0,2,28
43c1c6ff4f9c,10090119a192:9009811090021409,win,2,3,3,mate in 2,1,1,1,0,0,0,1,1,27
9a8416670de5,1040900d2a1c8:8a000a4091c13,win,6,11,11,mate in 6,0,6,1,1,0,4,2,4,28
eaf0678ac664,12883239442:1900114480b29,win,2,3,3,mate in 2,1,1,1,0,0,0,0,2,28
1a8fa9739a29,5050091259008:28002d04080525,win,2,3,3,mate in 2,0,2,1,1,0,0,0,2,26
1c48d463a333,100804423049c008:300844023447,win,3,5,5,mate in 3,2,1,1,0,0,0,0,3,26
7498621ee030,904403448a02c:1009c0055c43,win,2,3,3,mate in 2,1,1,1,0,0,0,0,2,28
415fd48824f4,140c050089d40:5000100900c142a9,win,2,3,3,mate in 2,1,1,1,0,0,0,0,2,27
38cc858bc24f,2800090150875:900010260062908a,win,3,5,5,mate in 3,2,1,1,0,0,0,0,3,27
72dc8651625a,100800403481808d:140900487c42,win,2,3,3,mate in 2,1,1,1,0,0,0,0,2,26
7ad0740cff77,21300010332449:423260092b2,win,10,19,31,mate in 16,1,9,0,0,0,9,8,2,28
bb0fe365fa9c,601948b885:910880a44178,win,2,3,3,mate in 2,1,1,1,0,0,0,0,2,28
c4ae2e943501,1a400840b9402:a400000320042a0d,win,2,3,3,mate in 2,1,1,1,0,0,0,0,2,26
06babf389dde,1a400c40b9402:a400000320046a0d,win,2,3,3,mate in 2,1,1,1,0,0,0,0,2,28
300bee93d9f8,1c0096002b022:802a002280294209,win,3,5,5,mate in 3,1,2,1,1,0,0,0,3,27
ee2302a256c8,28e8088003d:900010a079a82,win,2,3,3,mate in 2,1,1,1,0,0,0,0,2,27
73555ab0f9e1,2801010109501b:10038803083e4,win,2,3,3,mate in 2,0,2,1,1,0,0,0,2,27
d6e8be6283c2,284a4823883:80848001020d860c,win,12,23,31,mate in 16,0,12,1,0,0,11,8,4,28
f21983623a02,21060092155408:803544208235,win,8,15,15,mate in 8,2,6,1,1,0,4,3,5,28
84c691b4e28a,100d80048849800c:8800184910041a41,win,2,3,3,mate in 2,1,1,1,0,0,0,0,2,28
8ab98aeb3ebb,a0160d9231:1000940480a00d8c,win,3,5,5,mate in 3,2,1,1,0,0,0,1,2,28
0bea5c4f53c9,20810021a430164:10a4900083a0b,win,2,3,3,mate in 2,1,1,1,0,0,0,0,2,28
8276bbf15dfc,29000080149694:22906a90029,win,2,3,3,mate in 2,0,2,1,1,0,0,0,2,26
0b7a5071923e,1009020010092465:20010098260d218,win,5,9,9,mate in 5,0,5,1,1,0,3,3,2,27
73084bb83221,9029800420083809:102990278026,win,8,15,31,mate in 16,1,7,1,0,0,6,4,4,28
fcb1cd842df6,c0010a208d682:820e0016281d,win,2,3,3,mate in 2,0,2,1,1,0,0,0,2,28
b6ad08dc2cdb,910095080121a:100000008859e8c1,win,2,3,3,mate in 2,0,2,1,1,0,0,0,2,27
b5f64969a68e,8010080d088a901:a8092803508a,win,2,3,3,mate in 2,1,1,1,0,0,0,0,2,27
cf789181a536,108016100201c07:1000895498168,win,2,3,3,mate in 2,0,2,1,1,0,0,0,2,27
b5bc17f8c920,4942004308825:84200004b0043498,win,2,3,3,mate in 2,0,2,1,1,0,0,0,2,27
4a1367c1c067,189001000bb8011:12018b010011aa,win,2,3,3,mate in 2,1,1,1,0,0,0,0,2,28
04aea6228ef4,91900e940a:10040c04910895,win,3,5,5,mate in 3,1,2,1,1,0,0,0,3,26
a3640344d44a,20148880499540:9001802114a000a9,win,8,15,31,mate in 16,2,6,0,0,1,5,6,2,28
bf41a6e0df48,11002801c99c4:100081111103201b,win,11,21,33,mate in 17,4,7,1,0,0,6,4,7,28
4b1e7ab6ba91,14421cd241:100010091001289e,win,2,3,3,mate in 2,1,1,1,0,0,0,0,2,26
dce4ece10699,12001a05700a4:60888ac5b,win,13,25,29,mate in 15,4,9,1,0,0,8,7,6,27
d14f466467c4,1c009c4088610:8008060022117809,win,3,5,9,mate in 5,0,3,0,0,1,2,2,1,27
8a2273dfc353,41904812409202:92080201808900c9,win,2,3,3,mate in 2,1,1,1,0,0,0,0,2,27
4d701070a89f,209004804611468:40160192088303,win,2,3,3,mate in 2,1,1,1,0,0,0,0,2,28
879612d80ff7,1198110b81028:1100001089018995,win,3,5,5,mate in 3,1,2,1,1,0,0,0,3,28
2064ca5d5de8,10061a0809838:20202000007922c1,win,3,5,5,mate in 3,2,1,1,0,0,0,0,3,26
a312732ebb38,10069a0809838:20602000007922c1,win,3,5,5,mate in 3,2,1,1,0,0,0,0,3,28
dfe1434e2620,9085893903:801884080810849c,win,2,3,3,mate in 2,1,1,1,0,0,0,0,2,28
f058e2941fc9,82400088294943:800aa408290b8,win,2,3,3,mate in 2,0,2,1,1,0,0,0,2,28
1f01c82e626c,10080100a80dc005:800980911003908,win,2,3,3,mate in 2,1,1,1,0,0,0,1,1,26
01b9e72c5a0f,1040885603128:9000904110098441,win,3,5,9,mate in 5,0,3,0,0,0,3,2,1,26
a7a33f49e464,14100611049b020:20082108212041c9,win,2,3,3,mate in 2,1,1,1,0,0,0,0,2,28
75e114b053f9,980412044245c:804020088009d0a3,win,2,3,3,mate in 2,0,2,1,1,0,0,1,1,28
6bbdbdf27d83,104229801a12a:80809042a5e01,win,3,5,9,mate in 5,1,2,1,1,0,0,1,2,28
fa0cb5ac4421,10220a2096291:8200c00140209c2c,win,3,5,9,mate in 5,0,3,0,0,0,3,2,1,28
78b2f4878701,a1402a1028c00a:50081081408310a1,win,2,3,3,mate in 2,1,1,1,0,0,0,0,2,28
fd1b0c0b48ea,2900ac00a1054:100840501050c20b,win,3,5,5,mate in 3,2,1,1,0,0,0,0,3,27
5ebd8c2659c6,29480140118c1:900000028086c42e,win,5,9,9,mate in 5,3,2,1,1,0,0,0,5,27
a36058bdf8c4,1108012c210ca:108002432009a301,win,3,5,9,mate in 5,1,2,1,1,0,0,1,2,27
33f2741fd0b4,4090809008118a4:1400dc08c449,win,2,3,3,mate in 2,1,1,1,0,0,0,0,2,27
72b53863dedb,20011086115121:500042001688658,win,3,5,5,mate in 3,1,2,1,1,0,0,0,3,27
289f7b907082,480309118141a:8030000600278125,win,2,3,3,mate in 2,1,1,1,0,0,0,0,2,28
0bfa40e83254,38400050885c40:400000380030a0bc,win,2,3,3,mate in 2,1,1,1,0,0,0,0,2,26
b3cee75bcf2a,4900404044d08c:108910892941,win,3,5,5,mate in 3,2,1,1,0,0,0,0,3,26
350ce7e2a6df,910010081d0928:40885008090d5,win,2,3,3,mate in 2,1,1,1,0,0,0,0,2,26
05503bda5d3e,12022a02b440a:800a84090400b061,win,2,3,3,mate in 2,1,1,1,0,0,0,0,2,28
6a8125f982f3,98021e000e042:80004008102918a9,win,5,9,9,mate in 5,4,1,1,0,0,0,0,5,26
f84d70210e03,6090000121b9002:6098404061d,win,2,3,3,mate in 2,1,1,1,0,0,0,0,2,26
d313a3b154a0,a040054231602:400100b8008c03d,win,3,5,9,mate in 5,1,2,1,1,0,0,0,3,27
e5edec8291ef,8050002024a92c1:88d1885080e,win,2,3,3,mate in 2,0,2,1,1,0,0,0,2,28
ac928ae170e8,2014008704260d:4000120302b9122,win,3,5,5,mate in 3,2,1,1,0,0,0,0,3,28
5b06e2a6bd33,2090083880d880:9000282080292129,win,2,3,3,mate in 2,1,1,1,0,0,0,0,2,27
cf95b5d2cfed,1a0012624a068:a420042080411605,win,2,3,3,mate in 2,1,1,1,0,0,0,0,2,28
a29e254b16c5,90202b008a055:820280090203130a,win,6,11,17,mate in 9,1,5,0,0,1,4,4,2,28
b8d678393dbd,3802088029928:8000110311290083,win,2,3,3,mate in 2,0,2,1,1,0,0,0,2,26
00683a24a2ad,3802888029928:8000190311290083,win,2,3,3,mate in 2,0,2,1,1,0,0,0,2,28
4dcfd0f04ab8,2008c00158195:c0012508a580a,win,2,3,3,mate in 2,1,1,1,0,0,0,0,2,27
93d353500518,20100cc00b102a:840231124c105,win,2,3,3,mate in 2,1,1,1,0,0,0,0,2,27
9d44286ee166,1008ac280b098:2884201000b4a03,win,3,5,5,mate in 3,2,1,1,0,0,0,1,2,28
87902d9be407,91001a119c014:9000a00850003989,win,2,3,3,mate in 2,1,1,1,0,0,0,1,1,28
47bdd10a91e0,7090519488:31800104204871,win,2,3,3,mate in 2,1,1,1,0,0,0,0,2,26
c5cbc14354f2,1009c0090204c308:80001300d1091405,win,8,15,29,mate in 15,2,6,0,0,1,5,1,7,28
9cfe4e4f3660,1a4400708a108:80009a0411643,win,3,5,7,mate in 4,1,2,1,1,0,0,0,3,26
10ec4c25e9a6,100831011048a241:18048e3015108,win,2,3,3,mate in 2,1,1,1,0,0,0,0,2,28
2c0a38c519cd,20800001c313411:23823080b28,win,3,5,5,mate in 3,1,2,1,1,0,0,0,3,26
e2a3f3572869,4824802704248:82400024800c9034,win,2,3,3,mate in 2,1,1,1,0,0,0,0,2,26
113f7b1c856a,120028409249a:8801921129101,win,3,5,5,mate in 3,1,2,1,1,0,0,0,3,26
e91943a9da66,1104c18649022:10048001800b0a4d,win,2,3,3,mate in 2,1,1,1,0,0,0,0,2,28
d76a1f2707c8,c084d80019025:80019000184c0cc8,win,2,3,3,mate in 2,0,2,1,1,0,0,0,2,28
48ffac98ff5b,1004012b4921c:880289004940e1,win,3,5,9,mate in 5,0,3,0,0,1,2,2,1,28
eb7225c25c23,b004280519018:100019040a0cc3,win,12,23,33,mate in 17,1,11,1,0,0,10,8,4,26
4ff9659ba389,18400a002b6201:400202304210803a,win,2,3,3,mate in 2,1,1,1,0,0,0,0,2,26
c1265dc15b4c,100a100110804499:1008a841bb002,win,2,3,3,mate in 2,1,1,1,0,0,0,0,2,27
9c16c19a68c0,2a21487049:28200092238322,win,3,5,5,mate in 3,1,2,1,1,0,0,0,3,27
e5bb150a0f44,94040e0443824:91c29c449,win,3,5,5,mate in 3,1,2,1,1,0,0,0,3,28
555bc38bc8ad,9c00110c2d4:4000001ce01d29,win,2,3,3,mate in 2,1,1,1,0,0,0,0,2,27
2b3df9ebd960,114402c48a04a:848080990015c01,win,2,3,3,mate in 2,1,1,1,0,0,0,0,2,28
bdbc55683d3b,1010585078418:c000a00487147,win,3,5,5,mate in 3,2,1,1,0,0,0,0,3,28
f76ae211d2e8,100930088848d400:44174012859,win,3,5,5,mate in 3,2,1,1,0,0,0,0,3,28
4f38416afea6,41220035009308:1000114902492441,win,2,3,3,mate in 2,1,1,1,0,0,0,0,2,27
6755ebaa5e95,148806810e101:400020110089189a,win,2,3,3,mate in 2,1,1,1,0,0,0,0,2,26
62c242e10560,1009002080a0921a:a01089100900e1,win,3,5,5,mate in 3,2,1,1,0,0,0,1,2,26
e8b4f6f3a29c,208e0004009d03:40000218a292238,win,2,3,3,mate in 2,0,2,1,1,0,0,0,2,27
5dd7dcc14d3c,180001023c325:8000020382083c4a,win,2,3,3,mate in 2,1,1,1,0,0,0,0,2,27
585f24218120,410a004e00c225:a000041004d1cc8,win,9,17,17,mate in 9,1,8,1,1,0,6,7,2,28
878b77635802,9101304131822:10020c0818088499,win,3,5,5,mate in 3,2,1,1,0,0,0,0,3,28
dd246f0d10ad,240930b14a2:85020440ab49,win,3,5,5,mate in 3,1,2,1,1,0,0,0,3,28
fa8a771db0ed,1a4400c00a8502:8000801a0414501d,win,3,5,9,mate in 5,2,1,0,0,1,0,0,3,27
0aa5468efbaf,5120816049814:9000800580190709,win,6,11,13,mate in 7,1,5,1,1,0,3,3,3,28
70bf70e617cb,1480004004cc8c4:4814883001728,win,2,3,3,mate in 2,1,1,1,0,0,0,0,2,27
7a28a1378ae3,8090002100b2093:218890880d808,win,2,3,3,mate in 2,0,2,1,1,0,0,0,2,26
4c30407d4299,2910a180208091:8080081889182e,win,3,5,5,mate in 3,1,2,1,1,0,0,0,3,27
367c2ba78559,100800bc39218:10001043100029e3,win,2,3,3,mate in 2,0,2,1,1,0,0,1,1,28
2e7e50c98616,18010032403383:100005881198078,win,7,13,29,mate in 15,0,7,0,0,0,7,5,2,28
e7dac09f8b0a,1800946007049:8008400090198694,win,3,5,7,mate in 4,1,2,1,1,0,0,0,3,27
46fabafeb5eb,90821a0083c20:1800b00818218019,win,2,3,3,mate in 2,1,1,1,0,0,0,0,2,27
c45b21109c01,9130802988302:20000111103509d,win,2,3,3,mate in 2,1,1,1,0,0,0,0,2,28
62cb4f6f8c72,200a90c881c02:90402802381a9,win,2,3,3,mate in 2,1,1,1,0,0,0,0,2,27
9db73f04e218,1b80808411900c:8000001b008a2493,win,4,7,7,mate in 4,1,3,1,0,0,2,3,1,28
b2d454582243,11200a601a498:48111981b41,win,2,3,3,mate in 2,1,1,1,0,0,0,0,2,28
dc3d6fba8f75,30208028e9808:8000350114297,win,3,5,7,mate in 4,1,2,1,1,0,0,0,3,27
046931839fe6,10090428d0205028:2090012409a451,win,2,3,3,mate in 2,1,1,1,0,0,0,0,2,28
6f89f0f3824e,100884102b10e:1000500190894091,win,2,3,3,mate in 2,0,2,1,1,0,0,0,2,26
bebd90e977a2,1044904c09c40:14481000180900a9,win,3,5,5,mate in 3,2,1,1,0,0,0,0,3,26
6f380d096847,90009b0198180:9000910041007819,win,2,3,3,mate in 2,0,2,1,1,0,0,0,2,27
7ba30ee1d017,c94008bc0a:90000a4c540c5,win,2,3,3,mate in 2,1,1,1,0,0,0,0,2,27
3457665338f7,158488801c051:9008801150581808,win,2,3,3,mate in 2,0,2,1,1,0,0,0,2,28
02485c7a6f14,180d08058a81:180902005208700c,win,2,3,3,mate in 2,1,1,1,0,0,0,0,2,27
a6ca6c9f9248,cc4008481b042:8000000c500e448d,win,2,3,3,mate in 2,0,2,1,1,0,0,0,2,28
0c2e78713b58,a080088189345:1010101e1006081a,win,2,3,3,mate in 2,0,2,1,1,0,0,0,2,28
6f2ec706b96a,10810000202a950a:30a3108120a1,win,5,9,9,mate in 5,3,2,1,1,0,0,0,5,26
5a76bfdcfbab,c100c1004c9104:108c58144c9,win,3,5,5,mate in 3,1,2,1,1,0,0,0,3,27
2893ae46a212,1890038808801a:9003001810131801,win,2,3,3,mate in 2,0,2,1,1,0,0,0,2,26
23e4d7a86521,1890038808801a:9003001810131821,win,2,3,3,mate in 2,0,2,1,1,0,0,0,2,27
36e485f646d0,1890038828801a:9003001810131821,win,2,3,3,mate in 2,0,2,1,1,0,0,0,2,28
fd470c8c894a,22000620cb148:20000102010342a7,win,3,5,5,mate in 3,1,2,1,1,0,0,0,3,26
eed20027ef47,20301101214911:100101203818b028,win,9,17,33,mate in 17,2,7,0,0,1,6,6,3,27
64e40cc777b7,25c0214233:2140001414b44c,win,2,3,3,mate in 2,1,1,1,0,0,0,0,2,27
1fd7df99c146,30004d10b9402:8000c5030404410d,win,2,3,3,mate in 2,0,2,1,1,0,0,0,2,28
ab52b3b5abf6,10080020a0b88511:20003089100170a8,win,2,3,3,mate in 2,1,1,1,0,0,0,0,2,28
039046d8e999,219033085d:1019101a08089022,win,2,3,3,mate in 2,1,1,1,0,0,0,0,2,28
3ff5812918d8,918000500d5488:9580b08235,win,3,5,5,mate in 3,1,2,1,1,0,0,1,2,28
890dfddbbcb5,100901000540d608:500950092145,win,3,5,5,mate in 3,2,1,1,0,0,0,0,3,26
d05108efc008,24140c7c00d:810086920812c2,win,2,3,3,mate in 2,1,1,1,0,0,0,0,2,28
80cbceba4089,280004100e092e:4102a81319011,win,2,3,3,mate in 2,1,1,1,0,0,0,0,2,27
576846cfd3e9,95000cd088108:5000040910015c21,win,2,3,3,mate in 2,0,2,1,1,0,0,0,2,26
55268de7ec21,c200398091c01:3080c2006e00e,win,3,5,5,mate in 3,1,2,1,1,0,0,1,2,28
5205881279a3,80108111010191a:1811082909a081,win,2,3,3,mate in 2,1,1,1,0,0,0,0,2,27
bb4b6ce1be34,4a404044019061:1000b106a4c0a,win,2,3,3,mate in 2,1,1,1,0,0,0,0,2,27
736a6228fc7a,21180098009990:1800002104390469,win,5,9,9,mate in 5,4,1,1,0,0,0,0,5,27
4c3e835ba0ed,4085da296:c080a00025969,win,9,17,35,mate in 18,4,5,1,0,0,4,4,5,28
d41d7466a670,1820b01035828:800809008a088703,win,2,3,3,mate in 2,0,2,1,1,0,0,0,2,28
8c1126a353ca,100c1048080880c6:80610471a09,win,2,3,3,mate in 2,1,1,1,0,0,0,0,2,26
70228a3746d0,100c1048280880c6:80610473a09,win,2,3,3,mate in 2,1,1,1,0,0,0,0,2,28
8a5c2fc45b8b,29002182328007:821e000d4238,win,2,3,3,mate in 2,1,1,1,0,0,0,0,2,28
35cbb0a5612c,11520908990a0:9028800905200509,win,8,15,29,mate in 15,1,7,0,0,0,7,6,2,28
06108ffb7ec6,5000880aa902a:8008808504050485,win,2,3,3,mate in 2,1,1,1,0,0,0,0,2,26
fa7998ef5c43,18019a0800091818:820800019a10a281,win,2,3,3,mate in 2,1,1,1,0,0,0,0,2,28
2845ed4eac98,50101088821829:80405078c0d2,win,2,3,3,mate in 2,1,1,1,0,0,0,0,2,27
8436977525f4,2102808311832:10290803100a8009,win,2,3,3,mate in 2,0,2,1,1,0,0,0,2,26
22453b9ad470,2102848311832:10290803100ac009,win,2,3,3,mate in 2,0,2,1,1,0,0,0,2,28
ec2511ce9517,50149b101100c:90009004004ca1c1,win,2,3,3,mate in 2,1,1,1,0,0,0,0,2,28
a829d88aac0b,1200490091d8a:10092104a275,win,8,15,33,mate in 17,1,7,0,0,1,6,4,4,28
32794f7213cc,10120c16cc018:8048804900011165,win,6,11,15,mate in 8,0,6,1,0,0,5,4,2,28
5480c5693329,1800000264946c:20807880186211,win,5,9,15,mate in 8,3,2,1,0,0,1,1,4,27
2e1440ae21e6,100c100118088151:80c8107180e,win,2,3,3,mate in 2,1,1,1,0,0,0,1,1,26
9f88a72c7b31,10d10911a11:10011080810c818e,win,2,3,3,mate in 2,1,1,1,0,0,0,1,1,27
11cc3f846f59,21808024294c0a:24218880b0a5,win,2,3,3,mate in 2,1,1,1,0,0,0,0,2,28
a9d9c101fcd6,100815018401a021:18008112c150e,win,2,3,3,mate in 2,0,2,1,1,0,0,0,2,27
46b962a25aaf,92000a20910a3:102012291020e208,win,2,3,3,mate in 2,1,1,1,0,0,0,0,2,27
81d5d3345f1c,31000a407a041:140084031008140e,win,2,3,3,mate in 2,1,1,1,0,0,0,1,1,26
66de92474cab,510989001101100c:5009c808e901,win,2,3,3,mate in 2,1,1,1,0,0,0,0,2,28
cad69c327445,1901830084819:c0084001c091b080,win,6,11,11,mate in 6,5,1,1,0,0,0,0,6,27
a88bf609498b,3102091046034:2000072023910b,win,2,3,3,mate in 2,1,1,1,0,0,0,0,2,27
08daca7f4590,1848080c09a0a:80800043040b05c1,win,2,3,3,mate in 2,1,1,1,0,0,0,0,2,27
cd09a2edbd01,3009400090091898:8000b0096010e005,win,2,3,3,mate in 2,1,1,1,0,0,0,1,1,28
4e9ed14fac99,4000883407b28:9004180c8457,win,2,3,3,mate in 2,1,1,1,0,0,0,0,2,28
af71d2c101ec,90200a0688638:8000804902113145,win,4,7,7,mate in 4,2,2,1,1,0,0,0,4,28
0286b5e15e08,c0800cc08b402:8000800e1006480d,win,2,3,3,mate in 2,0,2,1,1,0,0,0,2,26
c1e376044687,c0800ce08b402:8000800e10064a0d,win,2,3,3,mate in 2,0,2,1,1,0,0,0,2,28
4ce719f06367,1048000a94081e02:10400343c14d,win,8,15,31,mate in 16,1,7,0,0,1,6,5,3,28
9625b6a0813e,90002922a5007:202820d00058328,win,2,3,3,mate in 2,1,1,1,0,0,0,0,2,28
27585e9b7a03,2b0009138a2:81000116208659,win,2,3,3,mate in 2,0,2,1,1,0,0,1,1,27
51b3a704df47,240001321d308:100b404a2063,win,2,3,3,mate in 2,1,1,1,0,0,0,0,2,26
a4fddb17b482,10099021010010b1:800001089029a948,win,3,5,5,mate in 3,2,1,1,0,0,0,0,3,27
82a9e47c2ad2,10090810a00cb00c:800300958114811,win,2,3,3,mate in 2,1,1,1,0,0,0,0,2,28
d27facca0292,1158149290c:11020402814c053,win,2,3,3,mate in 2,1,1,1,0,0,0,0,2,28
b3209c576fc6,10081218de02:100002102c032199,win,2,3,3,mate in 2,0,2,1,1,0,0,1,1,27
d23987a7ead6,1180b0800c0c9:10080040104b1932,win,2,3,3,mate in 2,0,2,1,1,0,0,0,2,27
3de56538a76a,18942084888023:8020001810325498,win,2,3,3,mate in 2,1,1,1,0,0,0,0,2,28
b8ae76b14fdc,140607812e1:4020000b80e91c,win,6,11,15,mate in 8,1,5,1,0,0,4,3,3,28
29e0ab97d2f7,180045904c0029:1004101800319054,win,2,3,3,mate in 2,1,1,1,0,0,0,0,2,26
4971fa75fbdc,1081002a90230049:8002908100c890a2,win,2,3,3,mate in 2,1,1,1,0,0,0,0,2,28
543670430e74,900008414d611:8009000b216e,win,2,3,3,mate in 2,1,1,1,0,0,0,0,2,26
f1227310dc19,4888099008185:8801100500853808,win,4,7,7,mate in 4,3,1,1,0,0,0,0,4,26
fc4d11885478,15100d200b102:50000001250b4609,win,2,3,3,mate in 2,1,1,1,0,0,0,0,2,27
22b3686ad5d7,608140900089c4:90001020016c102b,win,2,3,3,mate in 2,1,1,1,0,0,0,0,2,27
60396e8c6356,18003a020b8a01:800282008830503a,win,3,5,5,mate in 3,2,1,1,0,0,0,0,3,28
337c19352a74,919021800810a8:9000009810b18013,win,2,3,3,mate in 2,0,2,1,1,0,0,0,2,27
bcad4d6f4954,1000838223c28:2400240184098083,win,2,3,3,mate in 2,1,1,1,0,0,0,0,2,26
d37987e51d91,28008209a9c08:8008241284012093,win,2,3,3,mate in 2,1,1,1,0,0,0,0,2,27
ba9af8db445a,118409c406128:1000800100299c55,win,2,3,3,mate in 2,1,1,1,0,0,0,0,2,28
3fb4cd18c947,900001218382e:1000100921018391,win,2,3,3,mate in 2,1,1,1,0,0,0,0,2,26
662abf854541,180889008c704:8000010101c518c9,win,2,3,3,mate in 2,1,1,1,0,0,0,1,1,27
c13c9e5b4a4c,1004010c888d3:48800982213228,win,6,11,13,mate in 7,1,5,1,0,0,4,4,2,27
6fac721afc4a,100940005401d402:40001009000e211d,win,2,3,3,mate in 2,1,1,1,0,0,0,0,2,26
1082ffdaa3a4,100800a8b0208031:2030000098348e,win,2,3,3,mate in 2,1,1,1,0,0,0,0,2,26
be700d72dcee,100800a8b0248031:2030100098348e,win,2,3,3,mate in 2,1,1,1,0,0,0,0,2,28
80e069c56d10,289040012019510:1000128904882289,win,2,3,3,mate in 2,0,2,1,1,0,0,0,2,27
2b74ab487575,200900b08384d:100802009383b2,win,2,3,3,mate in 2,0,2,1,1,0,0,0,2,28
ef2aa6f79daa,1110845054829:800059028b704,win,3,5,7,mate in 4,0,3,0,0,1,2,2,1,28
6816d3451c98,82884802c89808:88080082980202c3,win,2,3,3,mate in 2,1,1,1,0,0,0,0,2,28
0d95a6c8607e,11a090013100e:100000109a0cca11,win,2,3,3,mate in 2,1,1,1,0,0,0,0,2,27
e25b69cf8feb,1820050491a54:820440058204c00b,win,5,9,9,mate in 5,0,5,1,1,0,3,3,2,28
f5391c5837ae,15049ea11:142402a2011e8,win,4,7,7,mate in 4,2,2,1,1,0,0,2,2,27
5987c7df26fc,20981d9143:8000900401224c3c,win,7,13,31,mate in 16,1,6,1,0,0,5,3,4,28
751fb3556e70,1122056011320:1200000180a2e483,win,7,13,17,mate in 9,1,6,0,0,1,5,5,2,27
50ab27578171,9121806101a21:21000219029a418,win,2,3,3,mate in 2,1,1,1,0,0,0,0,2,28
742d7619f333,20c1004100d2109:200022092a00da04,win,3,5,5,mate in 3,2,1,1,0,0,0,0,3,27
2be8916d6b33,1900950098128:80020aa207e01,win,2,3,3,mate in 2,1,1,1,0,0,0,0,2,27
ef0a7d0fe4bb,50c9800110c5:1049000050c8c428,win,3,5,5,mate in 3,2,1,1,0,0,0,0,3,27
a46042126383,11a612b24:11840000894cb,win,2,3,3,mate in 2,1,1,1,0,0,0,0,2,26
9a4d0f854984,100850190101108c:10100d018c913,win,7,13,17,mate in 9,1,6,1,0,0,5,5,2,27
447eecf12843,108209a8122a8:10001009002adc03,win,8,15,31,mate in 16,1,7,1,0,0,6,6,2,28
c5109c70b131,100930000088941c:89344123c1,win,16,31,31,mate in 16,2,14,1,0,0,13,5,11,27
0e7bc68eeeb7,108440000e92489:1686500d160,win,8,15,29,mate in 15,2,6,1,0,0,5,5,3,28
4bfd600e253d,10080044d280c044:9088004c1698,win,2,3,3,mate in 2,1,1,1,0,0,0,0,2,26
2208b2b5d5e6,10a280c19032:90218001102204c9,win,2,3,3,mate in 2,1,1,1,0,0,0,0,2,27
93860e69db24,10008c490d81c:88485000d2581,win,4,7,7,mate in 4,2,2,1,1,0,0,0,4,28
19f384f6075f,21000828934c8:840314428223,win,2,3,3,mate in 2,1,1,1,0,0,0,1,1,26
67bba39262ab,1009814d01001061:1020906dc10c,win,3,5,5,mate in 3,2,1,1,0,0,0,0,3,28
aabde4a0d14d,2110a10202d42:10080000a10b9229,win,3,5,5,mate in 3,1,2,1,1,0,0,0,3,27
4e81291a7f67,b840180029821:8000000a1409660a,win,5,9,9,mate in 5,3,2,1,1,0,0,1,4,26
327de7ab85a9,c821006209622:200000c801c285d,win,3,5,5,mate in 3,2,1,1,0,0,0,0,3,28
a87c9141554f,108088b0159c0:800c24140c88209,win,3,5,9,mate in 5,2,1,0,0,1,0,1,2,28
f20b17245e0f,10600260cd806:400100310032729,win,2,3,3,mate in 2,1,1,1,0,0,0,0,2,28
8acad1e30e63,2480a1800089212:81000400a510cc9,win,2,3,3,mate in 2,1,1,1,0,0,0,0,2,27
b81e1a7ff88a,200010127b128:4300e30084007,win,3,5,5,mate in 3,2,1,1,0,0,0,0,3,26
da3435a6b395,50008084ed841:4002c007c001200e,win,3,5,5,mate in 3,2,1,1,0,0,0,0,3,28
7b28416944df,1a80000a194e8:80001001b8402a15,win,7,13,29,mate in 15,3,4,1,1,0,2,1,6,28
b3b06d7647e1,10e002111ab:40021911e8414,win,2,3,3,mate in 2,1,1,1,0,0,0,0,2,27
0947693a5e64,980008050a16a:8010011901090215,win,3,5,5,mate in 3,2,1,1,0,0,0,0,3,26
1cc8b8e8af97,900038c099044:8000800810462c0b,win,2,3,3,mate in 2,1,1,1,0,0,0,0,2,26
f7ee8b536145,180002015401d12:18008a0a2e9,win,4,7,7,mate in 4,2,2,1,1,0,0,0,4,26
9d56527b44e1,81c02110a09110:10001080c00148e9,win,2,3,3,mate in 2,1,1,1,0,0,0,0,2,26
be60f349538d,208441010114489:4000120946089214,win,3,5,5,mate in 3,0,3,1,1,0,1,0,3,27
365f30b2adb7,5340814013009:10080005a00c8594,win,2,3,3,mate in 2,0,2,1,1,0,0,0,2,27
6f98b4cbb77f,100249108913a:2001b00374205,win,2,3,3,mate in 2,0,2,1,1,0,0,0,2,28
fefef27b436a,4400421125305:21124025a03a,win,2,3,3,mate in 2,1,1,1,0,0,0,0,2,27
9f8de00949fa,10802418089d0c0:8200810813402309,win,2,3,3,mate in 2,1,1,1,0,0,0,0,2,28
093b22f36ee2,b00010068a321:24a0703144a,win,7,13,17,mate in 9,1,6,0,0,0,6,5,2,27
b5bfd608e7a3,80102002a281b24:20028090105a419,win,4,7,7,mate in 4,2,2,1,1,0,0,0,4,28
b82462e7fd0b,194400c4081508:40080190011e015,win,3,5,5,mate in 3,1,2,1,1,0,0,0,3,26
db919a8f5ac2,2090011aa011828:80008a081018a611,win,7,13,33,mate in 17,0,7,0,0,0,7,4,3,28
6576bd8a9963,10080051102084d4:100800d95829,win,4,7,7,mate in 4,3,1,1,0,0,0,0,4,26
6b1063bb0d3a,10080051142084d4:1100800d95829,win,4,7,7,mate in 4,3,1,1,0,0,0,0,4,28
34b3e4a3b31d,42509a0011508:10004070ce215,win,3,5,7,mate in 4,1,2,1,1,0,0,0,3,27
7844d2ee5ebf,9003002989341:10001089112100bc,win,2,3,3,mate in 2,0,2,1,1,0,0,0,2,28
f415e9983ddb,4010440104c7402:10001005a403804d,win,2,3,3,mate in 2,1,1,1,0,0,0,0,2,27
e79d2e91ec92,291000004b24a9:100004691420d042,win,3,5,5,mate in 3,1,2,1,1,0,0,0,3,28
19ac6fd60e4f,148899001880c:80088000488a5283,win,2,3,3,mate in 2,1,1,1,0,0,0,1,1,27
e167c3006bfd,20122816080b03:2000402092294ac,win,2,3,3,mate in 2,1,1,1,0,0,0,0,2,28
35be84d62bf2,148905a0849:488012010091b2,win,2,3,3,mate in 2,1,1,1,0,0,0,0,2,26
e031322788a6,120485849804a:2048480120007c05,win,2,3,3,mate in 2,1,1,1,0,0,0,0,2,28
3e392d86be91,258c58a06:10005040800a50c9,win,2,3,3,mate in 2,1,1,1,0,0,0,0,2,26
9431f205f8f0,b4008d201120c:80009003000ec053,win,2,3,3,mate in 2,1,1,1,0,0,0,0,2,28
1d492e5a6580,10299000200110aa:2202b902aa001,win,2,3,3,mate in 2,1,1,1,0,0,0,0,2,27
85d965a1e01a,1008104b80411118:430100111a8047,win,2,3,3,mate in 2,1,1,1,0,0,0,0,2,28
d2e86ce5df49,1009006002608e11:900994091168,win,3,5,5,mate in 3,2,1,1,0,0,0,1,2,28
964aece27954,120003089d218:9201824021e1,win,2,3,3,mate in 2,1,1,1,0,0,0,0,2,26
45da9906c400,214020e2139:c831da86,win,3,5,5,mate in 3,1,2,1,1,0,0,0,3,27
a0030638abe5,100582404b01e:48040180594c41,win,6,11,11,mate in 6,1,5,1,0,0,4,4,2,28
f93c62889e8e,208800104032c43:1020aa2089388,win,9,17,21,mate in 11,2,7,1,0,0,6,5,4,27
70d8f3846212,2190300120c1005:101d01118318,win,2,3,3,mate in 2,1,1,1,0,0,0,0,2,26
a6f6c271a451,988010080c809a:88c84911c05,win,9,17,23,mate in 12,2,7,1,0,0,6,7,2,27
75785fd164cd,1000a98038c14:a0015001c300b,win,2,3,3,mate in 2,1,1,1,0,0,0,0,2,26
8cfd0234f4d0,114800008071a049:314831081134,win,2,3,3,mate in 2,0,2,1,1,0,0,0,2,28
46c56df4a570,9000512318074:10041028000c1a8b,win,2,3,3,mate in 2,0,2,1,1,0,0,1,1,28
28ab207559cd,2000290221849c:80200400c5b61,win,6,11,17,mate in 9,1,5,0,0,1,4,4,2,26
0e99da9cefcc,9010828219aa0:1000380191082509,win,4,7,7,mate in 4,2,2,1,1,0,0,0,4,28
6f5c9dde147a,900091a02a0d8:18001a0000491a23,win,8,15,15,mate in 8,1,7,1,1,0,5,3,5,28
87eff638a918,4c08048889282:88008068007480d,win,5,9,9,mate in 5,3,2,1,1,0,0,0,5,27
1666f63e885b,1980018704059:102000218081b9a0,win,2,3,3,mate in 2,1,1,1,0,0,0,0,2,28
96784f0900b4,81410053052218:100012810090d185,win,2,3,3,mate in 2,1,1,1,0,0,0,0,2,28
479a6d263d41,1800a1800a5e8:80021001808b1813,win,2,3,3,mate in 2,0,2,1,1,0,0,0,2,28
ce8bb15368e3,1800301809724:900012009203088b,win,2,3,3,mate in 2,1,1,1,0,0,0,0,2,27
04ccfebfbdbb,2800180517448:8000000a402a8237,win,3,5,5,mate in 3,2,1,1,0,0,0,0,3,27
8efa49a185ad,104922000281a281:2001049b048104c,win,2,3,3,mate in 2,1,1,1,0,0,0,1,1,28
145f6e0e73ec,110228811b902:100088111022403d,win,2,3,3,mate in 2,1,1,1,0,0,0,0,2,28
1413398909bd,588006503d:4800200079a342,win,3,5,5,mate in 3,1,2,1,1,0,0,0,3,27
5a5e6388e783,29000890189143:2304230cbc,win,2,3,3,mate in 2,1,1,1,0,0,0,0,2,28
6027182b9429,1009880093819100:8000130908080ac9,win,3,5,5,mate in 3,2,1,1,0,0,0,0,3,28
0892659f249d,8418801c8008188:8000404010c95851,win,2,3,3,mate in 2,1,1,1,0,0,0,0,2,27
14025c4aad21,1104891003548:1000000104698a25,win,3,5,5,mate in 3,1,2,1,1,0,0,0,3,26
a7d086c8e117,50095008a4001508:10021015109e081,win,9,17,33,mate in 17,5,4,1,0,0,3,5,4,28
91c70abfe712,c00091b009215:80018b04800d0908,win,2,3,3,mate in 2,0,2,1,1,0,0,0,2,28
acdc97a303fe,930040410941c:a0008009b00d2001,win,4,7,7,mate in 4,2,2,1,1,0,0,0,4,26
d36b0ee76fcf,102488444a40c:8008800122091243,win,4,7,7,mate in 4,2,2,1,1,0,0,0,4,26
e42a8d63f0ca,21106810204849:100800018849b130,win,2,3,3,mate in 2,1,1,1,0,0,0,0,2,27
f441b251b0bb,2310284091909:910080003112a412,win,9,17,33,mate in 17,3,6,1,0,0,5,5,4,28
b8e8434d1aab,a002b29324:200002900d089b,win,3,5,5,mate in 3,2,1,1,0,0,0,0,3,26
025c03832b04,28000ba10a308:80000b1201031813,win,5,9,11,mate in 6,1,4,1,1,0,2,1,4,27
02fab29f5296,348a3092045:209200500449318,win,2,3,3,mate in 2,1,1,1,0,0,0,0,2,28
41826301fd5c,21252089a5:210504408d6408,win,2,3,3,mate in 2,1,1,1,0,0,0,0,2,27
cf0082b7f2ad,10000a6819a82:2c8119002509,win,2,3,3,mate in 2,1,1,1,0,0,0,1,1,26
1f41cc99235b,8208b000b48814:80108002880250ab,win,2,3,3,mate in 2,1,1,1,0,0,0,0,2,28
5cf1ba8c3f19,9009006100005861:98089869a008,win,2,3,3,mate in 2,1,1,1,0,0,0,0,2,27
155178057190,100998089000808a:80000081088b7c01,win,2,3,3,mate in 2,0,2,1,1,0,0,0,2,27
c5dd8a178802,1806801609c12:401940b01e9,win,7,13,17,mate in 9,2,5,0,0,0,5,4,3,28
e2f6ab4813f1,8112008220132c:12000081108980d1,win,2,3,3,mate in 2,0,2,1,1,0,0,1,1,26
52647ea0487a,890000a80aa091:208b0091190e,win,2,3,3,mate in 2,1,1,1,0,0,0,0,2,27
da93aad9bc7a,1180902041863:80202980ba20c,win,2,3,3,mate in 2,1,1,1,0,0,0,0,2,27
405572517152,10c4080683834:10011c15c449,win,6,11,11,mate in 6,0,6,1,1,0,4,3,3,28
5a93fe430046,9411010509941:80008009c109409c,win,2,3,3,mate in 2,0,2,1,1,0,0,0,2,28
0b4b3b2d3df0,11800d150811a:18000141080358c1,win,3,5,9,mate in 5,2,1,0,0,1,0,0,3,28
520c56983809,10101a002e229:8400851091d02,win,3,5,9,mate in 5,0,3,0,0,0,3,2,1,26
56ff7193a8a8,920404020b42c:2d204d40d1,win,2,3,3,mate in 2,1,1,1,0,0,0,0,2,27
f1726d5e5f54,10098000068a8608:80001609900110c3,win,3,5,5,mate in 3,2,1,1,0,0,0,0,3,27
56817d120614,2002081230d0e:8050a048892a1,win,2,3,3,mate in 2,0,2,1,1,0,0,0,2,27
e48e7f33a646,1008130882042188:820080005109d205,win,2,3,3,mate in 2,0,2,1,1,0,0,0,2,27
47220116a1fb,9100090a284a81:8009000d1907c,win,2,3,3,mate in 2,1,1,1,0,0,0,0,2,28
dee80c361591,8011000021dc41c:1000880198801ac1,win,2,3,3,mate in 2,1,1,1,0,0,0,0,2,28
9da1abd043f1,260162a1604:120010020044c06b,win,2,3,3,mate in 2,1,1,1,0,0,0,0,2,26
a77202215dad,40910089009c104:850105041c99,win,2,3,3,mate in 2,0,2,1,1,0,0,0,2,27
37aa850a9d1a,3082001219924:2010079806000b,win,2,3,3,mate in 2,0,2,1,1,0,0,0,2,26
0ece45b163a8,3882001219924:2010079806004b,win,2,3,3,mate in 2,0,2,1,1,0,0,0,2,28
6ad62c7c0c6e,930080400383c:10000001b03d8481,win,2,3,3,mate in 2,1,1,1,0,0,0,0,2,27
61143f994e7e,200200620bda01:200a0288420252a,win,2,3,3,mate in 2,1,1,1,0,0,0,0,2,28
0eaacf82a895,91808490519:808004095129842,win,2,3,3,mate in 2,1,1,1,0,0,0,0,2,27
9388399b593d,8105008700850c:500008900893281,win,4,7,7,mate in 4,3,1,1,0,0,0,1,3,26
a59afb586249,2883c8802902:8004000310bd089,win,2,3,3,mate in 2,1,1,1,0,0,0,1,1,27
90d5dea4f87c,22880400089c94:880000228826012b,win,2,3,3,mate in 2,1,1,1,0,0,0,0,2,27
4a6bcf9ab72e,4100000021ba1e:4109c445e1,win,2,3,3,mate in 2,1,1,1,0,0,0,0,2,27
5b9bb07c4c0e,110418881d060:9000808070482889,win,3,5,5,mate in 3,1,2,1,1,0,0,0,3,27
72512a8b4ac8,48060906010d1:4010040185892c,win,7,13,29,mate in 15,1,6,1,0,0,5,3,4,26
c7b5ea2103e8,109909008829a:180010010b911901,win,2,3,3,mate in 2,0,2,1,1,0,0,0,2,28
7dbbe1d78ba8,28800904009643:80010460806b0128,win,2,3,3,mate in 2,1,1,1,0,0,0,0,2,27
8953b7e67f68,910001d008892a:89009915491,win,4,7,7,mate in 4,3,1,1,0,0,0,0,4,28
76a5c45d1b2a,21080001ca09d400:4000630821002b09,win,2,3,3,mate in 2,1,1,1,0,0,0,0,2,28
d460bb6a6af2,a1020824b1201:824a1020a06a,win,2,3,3,mate in 2,1,1,1,0,0,0,0,2,26
79362d25b09e,1108001911005094:11100c01d8909,win,2,3,3,mate in 2,1,1,1,0,0,0,1,1,27
0dfb667b7189,104004c2854a8:408480910018911,win,4,7,7,mate in 4,2,2,1,1,0,0,1,3,26
2c36778e83dc,38888c014c5:8000001709eb08,win,3,5,9,mate in 5,1,2,1,1,0,0,0,3,28
51f91710e4cb,148a01c11c5:a008a0101140a01a,win,12,23,31,mate in 16,3,9,1,0,0,8,7,5,28
2827d61b02f2,1898801928c:108000055884d41,win,2,3,3,mate in 2,1,1,1,0,0,0,0,2,27
d7e93025ea28,3141914209022:10080022801b0499,win,2,3,3,mate in 2,0,2,1,1,0,0,0,2,28
f7b337b3deb4,10899000024d8048:2c990801a85,win,2,3,3,mate in 2,1,1,1,0,0,0,0,2,28
c2f01e3187e2,1216611638:100a1009801a8043,win,10,19,35,mate in 18,4,6,1,0,0,5,6,4,28
719aae416c28,10a0888099828:808100112c022c5,win,2,3,3,mate in 2,1,1,1,0,0,0,0,2,27
960ef872c6f6,20009b000a568:10081002052b1003,win,2,3,3,mate in 2,0,2,1,1,0,0,0,2,26
03567f4a4c3d,421102019301a:2011000581068905,win,2,3,3,mate in 2,1,1,1,0,0,0,0,2,27
85c4f075ae26,30103100811889:100009878c072,win,2,3,3,mate in 2,1,1,1,0,0,0,1,1,27
70771773a666,1800990098344:800000400166542b,win,2,3,3,mate in 2,0,2,1,1,0,0,0,2,27
9130c195e0a2,100225032c214:50018101312b,win,2,3,3,mate in 2,1,1,1,0,0,0,0,2,26
7aa1abbd7c49,10080809810c4c01:d0005801912e,win,2,3,3,mate in 2,0,2,1,1,0,0,0,2,27
4e47b350aa20,41001d4911418:10018004080cc887,win,3,5,5,mate in 3,2,1,1,0,0,0,0,3,28
11c2401b38e9,402405308e241:20101050055111c,win,2,3,3,mate in 2,1,1,1,0,0,0,0,2,28
24e5c4991b17,206148d8498:a100802121b07,win,9,17,25,mate in 13,3,6,1,0,0,5,4,5,28
0196303b3ebf,9121408418a05:8809921c1058,win,3,5,5,mate in 3,2,1,1,0,0,0,1,2,28
032e7e2df190,5080001a09968:80008005880d0285,win,7,13,13,mate in 7,0,7,1,1,0,5,4,3,26
bfbd68177dfd,10020b2382618:8000860105019125,win,9,17,31,mate in 16,2,7,1,0,0,6,6,3,28
9d6f3c794b3f,d040590043408:1000b00824098007,win,2,3,3,mate in 2,0,2,1,1,0,0,0,2,26
47ed1b7400ff,d040590243408:1000b00824098027,win,2,3,3,mate in 2,0,2,1,1,0,0,0,2,28
e622faa1d9ab,2090000009e907:10000026982610a8,win,2,3,3,mate in 2,1,1,1,0,0,0,1,1,27
67f0f3d04fbd,12800080a96588:8000001304129073,win,2,3,3,mate in 2,1,1,1,0,0,0,0,2,28
b4c843bfc182,83402040889289:8008b10234862,win,11,21,29,mate in 15,0,11,1,0,0,10,7,4,28
40c00fa067dc,20401104101609c:4205821c9301,win,2,3,3,mate in 2,1,1,1,0,0,0,1,1,27
254c6686f29f,2490200109500d:c942685a2,win,2,3,3,mate in 2,1,1,1,0,0,0,0,2,27
c1af757f7dc4,100d91013284:11090100220c8909,win,3,5,5,mate in 3,1,2,1,1,0,0,0,3,27
41d8cb03c996,1009848805088021:8000110190811588,win,2,3,3,mate in 2,1,1,1,0,0,0,0,2,26
cfa629366fa6,104004580092056:4081080154d109,win,2,3,3,mate in 2,1,1,1,0,0,0,0,2,27
e05d53e2077b,c02006049d842:c9206270d,win,2,3,3,mate in 2,0,2,1,1,0,0,0,2,28
59500163ac6b,a8002100a9581:800011088130407a,win,3,5,5,mate in 3,1,2,1,1,0,0,1,2,27
f5d139baac07,ac0a650a6:808a908410088409,win,9,17,31,mate in 16,2,7,1,0,0,6,6,3,28
00a852f11268,801100116089448:9000880088c10a81,win,2,3,3,mate in 2,1,1,1,0,0,0,0,2,26
869984032124,6010005001bb04:100000610460446b,win,4,7,7,mate in 4,2,2,1,1,0,0,1,3,27
8a5dcf02d0b7,4000d04a090a5:10081480100d2c08,win,7,13,13,mate in 7,2,5,1,1,0,3,3,4,26
50f1389a4b6c,108002095869402:1188002941ad,win,4,7,7,mate in 4,3,1,1,0,0,0,0,4,28
be40fade567d,9101a101a1084:1000008108c1885b,win,5,9,9,mate in 5,1,4,1,0,0,3,4,1,27
fce8e11db3fb,100c0008b48a8021:200030840005348e,win,2,3,3,mate in 2,1,1,1,0,0,0,0,2,28
2647b73824c5,19b30083128:8300081938093,win,6,11,15,mate in 8,1,5,1,1,0,3,2,4,28
a6bca8347150,2180000009361e:8002984a088e1,win,2,3,3,mate in 2,0,2,1,1,0,0,1,1,27
dfe7faca2718,11008a809e308:80a0153001c45,win,3,5,7,mate in 4,1,2,1,1,0,0,0,3,28
185b050931c0,1380224109518:8000001190b6843,win,10,19,29,mate in 15,6,4,1,0,0,3,4,6,28
bf894f52a296,280004628d034:42028013260b,win,6,11,11,mate in 6,5,1,1,0,0,0,0,6,26
69804919436a,129106012859:1001044010d85680,win,4,7,7,mate in 4,0,4,1,1,0,2,1,3,28
145c1913fb78,a402012295301:30b4102a03a,win,2,3,3,mate in 2,1,1,1,0,0,0,0,2,28
5acbf2eca326,1c0419002d089:8000008a40c92942,win,2,3,3,mate in 2,1,1,1,0,0,0,1,1,28
f5db14dceec3,205b055104c:8205a0100208a211,win,2,3,3,mate in 2,1,1,1,0,0,0,0,2,28
4e0b2467aea6,152b2032058:320101509307,win,2,3,3,mate in 2,1,1,1,0,0,0,0,2,28
b8d2d27ab09a,c0002842c90c5:1000900d1043042a,win,4,7,7,mate in 4,3,1,1,0,0,0,0,4,28
6366f2ff6005,11132900a9018:11000009013109a3,win,2,3,3,mate in 2,1,1,1,0,0,0,0,2,28
87911cb56f01,10080300a200a383:2011009110b1068,win,8,15,15,mate in 8,0,8,1,1,0,6,5,3,28
73cb52a97a8a,100930034009400a:20008b206b205,win,2,3,3,mate in 2,1,1,1,0,0,0,0,2,27
be2ac8700b14,1004414492c0a:40b0006d0c5,win,2,3,3,mate in 2,1,1,1,0,0,0,0,2,26
b2f8ea36eb50,5080008221922c:8001005110d000d1,win,2,3,3,mate in 2,1,1,1,0,0,0,0,2,26
44c7dfe66d52,8124012c22b:20000b8013cd4,win,9,17,35,mate in 18,1,8,0,0,1,7,7,2,27
ea7070c10129,508940880092401:100001005520d12c,win,2,3,3,mate in 2,1,1,1,0,0,0,1,1,27
8e67e97069f2,1008001d18118045:80019000c00c5a18,win,3,5,5,mate in 3,1,2,1,1,0,0,0,3,28
556b42ab4c19,300908084009c281:2003201ba003808,win,2,3,3,mate in 2,1,1,1,0,0,0,0,2,28
0d85da549acb,9800042b09094:8000022980094229,win,4,7,7,mate in 4,3,1,1,0,0,0,0,4,26
a1617114b004,1a098a002901c:80000001109d6883,win,3,5,5,mate in 3,1,2,1,1,0,0,0,3,28
29657ae8c487,1118100290492018:11821129943,win,2,3,3,mate in 2,1,1,1,0,0,0,0,2,28
77aba0a0b0e3,53044816d:48040800b3e82,win,2,3,3,mate in 2,1,1,1,0,0,0,0,2,27
59c42a9e80b8,d0002501bb002:12101d0004409d,win,2,3,3,mate in 2,1,1,1,0,0,0,0,2,28
3348fe5f480e,16000c448b848:8004932014781,win,2,3,3,mate in 2,1,1,1,0,0,0,0,2,28
711b59db32b4,20940880099580:8008002035206039,win,6,11,15,mate in 8,2,4,1,0,0,3,4,2,27
f049437a69b0,4808011cd8508:1000114d800050c5,win,2,3,3,mate in 2,0,2,1,1,0,0,0,2,28
887e5082ca09,2098109c81c:90000063417a1,win,4,7,9,mate in 5,2,2,1,1,0,0,1,3,27
e2961a43e096,491100103c051:5d054190e,win,2,3,3,mate in 2,1,1,1,0,0,0,0,2,27
06521f73f905,100a1404142480a1:1000b800b340e,win,2,3,3,mate in 2,1,1,1,0,0,0,0,2,28
417b8740e6fe,20400a9028014a1:810204002de20c,win,2,3,3,mate in 2,1,1,1,0,0,0,0,2,27
5d64895bef8f,309882018215:10001309a308a,win,2,3,3,mate in 2,1,1,1,0,0,0,0,2,26
061bf007dceb,1c0911408148a:80008c095c055,win,2,3,3,mate in 2,1,1,1,0,0,0,0,2,28
ab6516dab2d1,9191809800d:809100081301932,win,3,5,5,mate in 3,2,1,1,0,0,0,0,3,27
f516483c32d6,102a10601989:100a0040040b8472,win,7,13,31,mate in 16,2,5,1,0,0,4,4,3,27
b79d351c47e6,1080028a4d90a:18001085900120a5,win,3,5,5,mate in 3,1,2,1,1,0,0,1,2,28
488af97af5d5,1000920c69062:800080e08029208d,win,2,3,3,mate in 2,1,1,1,0,0,0,0,2,27
055ba81476c5,2402b09430c:2002100d040b8c1,win,2,3,3,mate in 2,1,1,1,0,0,0,0,2,27
86797271fc81,283200b22014a0:940084280408a209,win,2,3,3,mate in 2,0,2,1,1,0,0,0,2,28
f86b8d3fa775,3040091689504:800080630403006b,win,9,17,35,mate in 18,0,9,1,0,0,8,6,3,28
d5791aa081c7,180408124951a:8000001310534065,win,2,3,3,mate in 2,0,2,1,1,0,0,0,2,28
c4fb59d5816e,28796015005:1201940000868682,win,2,3,3,mate in 2,1,1,1,0,0,0,0,2,28
cc617ac3c35c,290208920810a1:900090212021a208,win,3,5,5,mate in 3,1,2,1,1,0,0,0,3,26
4d08ecb97482,290208920811a1:900090212021a218,win,3,5,5,mate in 3,1,2,1,1,0,0,0,3,28
cc5c65bcfa66,3440016045228:2340238447,win,5,9,9,mate in 5,1,4,1,0,0,3,3,2,26
d8892ea93760,101408a238861:2002210540170e,win,2,3,3,mate in 2,1,1,1,0,0,0,0,2,28
b629a14bed40,90200aa004a0d:820080094009a182,win,3,5,5,mate in 3,2,1,1,0,0,0,1,2,26
74e69eb31910,1831980181401:800804000701e318,win,2,3,3,mate in 2,0,2,1,1,0,0,0,2,27
93f5c5392447,28110190282803:8001802829019128,win,7,13,13,mate in 7,0,7,1,1,0,5,5,2,27
dd6416fd2aa9,9009011e180a:8008000698018155,win,2,3,3,mate in 2,1,1,1,0,0,0,0,2,27
39ac04ce55d3,101408a218861:2210540170e,win,2,3,3,mate in 2,1,1,1,0,0,0,0,2,26
02d952aa77af,102150202e00d:82008000c01d1212,win,2,3,3,mate in 2,1,1,1,0,0,0,0,2,26
2e87b2d6ccf5,200000275c328:24320023057,win,2,3,3,mate in 2,1,1,1,0,0,0,0,2,26
da460aab54f6,98010a20a1205:8000220b0011a01a,win,3,5,7,mate in 4,1,2,1,1,0,0,0,3,26
5296188d45d4,310081607c028:820780083607,win,2,3,3,mate in 2,1,1,1,0,0,0,0,2,28
0b19a70ec948,890080108d2809:300d280092a4,win,6,11,11,mate in 6,4,2,1,1,0,0,0,6,26
9d3bc874a59b,890880108d2809:2000300d280092a4,win,6,11,11,mate in 6,4,2,1,1,0,0,0,6,28
290352f8fece,12ab1203901:11009800080a823a,win,4,7,7,mate in 4,3,1,1,0,0,0,0,4,28
22c75fed6687,2a020808434a5:a0010003202b880a,win,2,3,3,mate in 2,1,1,1,0,0,0,0,2,28
b7f723c22e4f,28a900c820b:9100502837084,win,5,9,9,mate in 5,4,1,1,0,0,0,1,4,27
dfcda30f5be4,960044300d005:40008209a00d2308,win,2,3,3,mate in 2,1,1,1,0,0,0,0,2,27
caa386fd7db3,981211120b080:9000100880894169,win,2,3,3,mate in 2,0,2,1,1,0,0,0,2,27
f7f2836f1735,1901208810c924:88190129101b,win,3,5,5,mate in 3,2,1,1,0,0,0,0,3,28
8d08222510fc,a040ab162a:2010091004e0d5,win,2,3,3,mate in 2,1,1,1,0,0,0,0,2,28
4238b3226236,101509848a098:800088101915941,win,2,3,3,mate in 2,1,1,1,0,0,0,0,2,28
cfac33decb3d,511014481c812:110004041104158d,win,5,9,11,mate in 6,1,4,1,1,0,2,1,4,28
3ffa6d4b10e9,100023600d61a:209004b29e1,win,2,3,3,mate in 2,1,1,1,0,0,0,0,2,28
5ab11479f1f0,1808021c010b6:808020418001a149,win,3,5,9,mate in 5,0,3,1,1,0,1,0,3,26
bfa78954296f,100d109c140c:100d0000a401a891,win,2,3,3,mate in 2,1,1,1,0,0,0,0,2,27
aa81ceb05685,900900208028106d:20900910418a92,win,4,7,7,mate in 4,3,1,1,0,0,0,1,3,28
73f91e1bff28,1488821489088:8004148816941,win,2,3,3,mate in 2,1,1,1,0,0,0,0,2,26
684e4ef025e0,91008412898a4:9000800194014709,win,2,3,3,mate in 2,1,1,1,0,0,0,0,2,28
603be168ac0f,30092809000b8042:80009002b8003a09,win,2,3,3,mate in 2,1,1,1,0,0,0,0,2,28
60792d4534e2,2a280a21c13:284001601a3a8,win,2,3,3,mate in 2,1,1,1,0,0,0,0,2,28
02164d9c245d,1d001e0305001:c0002000100da13c,win,2,3,3,mate in 2,0,2,1,1,0,0,0,2,27
4be3d2dd7aee,c2002b009a028:2001000d00061247,win,3,5,5,mate in 3,2,1,1,0,0,0,0,3,26
a0c8dbedfb16,104804020c188851:10491043560a,win,11,21,21,mate in 11,2,9,1,1,0,7,6,5,28
ccfa9380f3e8,1800ac1024216:800a410102099109,win,3,5,5,mate in 3,2,1,1,0,0,0,1,2,27
2233b680b379,b02008a029083:8000900b10094a08,win,2,3,3,mate in 2,1,1,1,0,0,0,1,1,26
51e581539cdc,100b02008a029083:8200900b10094a08,win,2,3,3,mate in 2,1,1,1,0,0,0,1,1,28
6c78631b3e72,92000085409545:92009a48ba,win,10,19,35,mate in 18,1,9,0,0,0,9,7,3,28
f7d3c42ebb7f,920d80018225:800d0000120c3c0a,win,3,5,5,mate in 3,2,1,1,0,0,0,0,3,27
494a9a74307a,108105b0c481:804420d0011138,win,3,5,5,mate in 3,2,1,1,0,0,0,0,3,26
889983001faa,28900210031183:9002002880a88438,win,3,5,7,mate in 4,1,2,1,1,0,0,0,3,27
d5796618645a,6100450003830c:22a06c3063,win,2,3,3,mate in 2,1,1,1,0,0,0,0,2,27
a78f95e96ee0,1009010e308e:100b00829081c101,win,2,3,3,mate in 2,1,1,1,0,0,0,0,2,27
de65c2ec8498,10098004042d2028:8000102992009605,win,2,3,3,mate in 2,0,2,1,1,0,0,0,2,27
1238cfe9bae0,1108400191085900:111084881a0c9,win,3,5,5,mate in 3,1,2,1,1,0,0,0,3,27
94f69a492949,81918514049:90040e008b890,win,3,5,7,mate in 4,1,2,1,1,0,0,0,3,26
0d441679832d,10080100885c801a:905811001945,win,2,3,3,mate in 2,1,1,1,0,0,0,0,2,26
0ef2cdacf992,2000004405994b:21a06066b4,win,3,5,5,mate in 3,2,1,1,0,0,0,0,3,27
e340b2b0cf32,180406a00de00:200020190492149,win,5,9,9,mate in 5,3,2,1,1,0,0,0,5,26
b3cf3e798ad9,1009000038292429:3c0984009944,win,2,3,3,mate in 2,1,1,1,0,0,0,0,2,28
a062c5b139c3,4080d084824c4:80900401405d809,win,3,5,5,mate in 3,2,1,1,0,0,0,0,3,27
3b67bc0c1b73,1008142d7028:100d002580008445,win,2,3,3,mate in 2,1,1,1,0,0,0,0,2,26
47d7a815af4e,18101800249232:10000200b21b200d,win,3,5,5,mate in 3,1,2,1,1,0,0,0,3,27
cbd5cd1cf70e,111890209122c:1008000091c0c5c1,win,5,9,9,mate in 5,1,4,1,1,0,2,2,3,28
1ddc4a415a20,c10001602d823:9000800c800d260c,win,2,3,3,mate in 2,1,1,1,0,0,0,0,2,28
bb5da26fc6be,2210030541850a:10068102a7061,win,8,15,31,mate in 16,1,7,0,0,1,6,6,2,28
9d7b79f73539,10090280c0818203:500b120a5088,win,9,17,33,mate in 17,3,6,1,0,0,5,4,5,26
e515d9508a28,100818029c118081:80008098008a1c1a,win,2,3,3,mate in 2,1,1,1,0,0,0,0,2,28
29eb09eda2f9,2400854057019:400c0006200a8526,win,5,9,9,mate in 5,3,2,1,1,0,0,1,4,28
0ad9c2b45825,18079101012e:90088008080e9c01,win,9,17,25,mate in 13,2,7,1,0,0,6,5,4,28
0bf4d827e05e,28c00044022239:288338d502,win,7,13,15,mate in 8,2,5,1,1,0,3,4,3,27
de395c347adc,d202401819085:109b02c2138,win,9,17,27,mate in 14,1,8,1,0,0,7,7,2,28
9c8d8a2f91bf,418802088a9064:800010419061088b,win,2,3,3,mate in 2,0,2,1,1,0,0,0,2,28
971cc04e8180,9040100b83185:40000888c01cc38,win,2,3,3,mate in 2,1,1,1,0,0,0,0,2,28
39c5d2dfe076,180910009209a044:2000a4908401a29,win,2,3,3,mate in 2,1,1,1,0,0,0,0,2,28
d72304d65ca6,1830d10008305:90081000838d1088,win,2,3,3,mate in 2,1,1,1,0,0,0,0,2,27
2c56f115f638,8912009200940e:14000489048902a1,win,8,15,35,mate in 18,1,7,1,1,0,5,5,3,28
47a3e5057159,106085201d284:82008005840c2429,win,3,5,9,mate in 5,0,3,0,0,0,3,2,1,28
0efe93bd2363,2108600805b0c8:800590604a27,win,3,5,5,mate in 3,2,1,1,0,0,0,1,2,28
dcaeab94ce75,109009850405049:114101998390,win,6,11,11,mate in 6,4,2,1,1,0,0,1,5,28
c19c9175f0f9,3140004e8112c:35007c4c3,win,2,3,3,mate in 2,1,1,1,0,0,0,1,1,28
ca7658e280d8,20490bad48:8000a002452b7,win,2,3,3,mate in 2,1,1,1,0,0,0,0,2,28
82635635781b,140db0081c04:1000a0000c85a189,win,2,3,3,mate in 2,0,2,1,1,0,0,0,2,27
7996f4a53297,18081090810183a:8000088091898581,win,2,3,3,mate in 2,0,2,1,1,0,0,0,2,28
a8dabc63032c,9022002249057:1000900990092328,win,3,5,5,mate in 3,2,1,1,0,0,0,0,3,28
4b26e97a139a,4400880322c72:88004400cd28d,win,8,15,31,mate in 16,1,7,1,0,0,6,6,2,28
b47acea40779,a80ca00c0400d:4000d20a96c2,win,2,3,3,mate in 2,0,2,1,1,0,0,0,2,27
c4b263feaf14,450051018412c:100000004c079c13,win,2,3,3,mate in 2,1,1,1,0,0,0,0,2,27
e28c4153d4ac,10440d029406c:8902904409603,win,2,3,3,mate in 2,1,1,1,0,0,0,0,2,28
bd46d783d035,100800006081bc28:13009984840c1,win,3,5,7,mate in 4,0,3,1,0,0,2,2,1,27
2b9832ccdfe5,1020c91039284:481010a8c090b,win,2,3,3,mate in 2,1,1,1,0,0,0,0,2,28
e94962a97c99,810088a0068185:8000a0030089604a,win,2,3,3,mate in 2,1,1,1,0,0,0,0,2,26
0ca95958df6c,429000190680049:1000146805019520,win,10,19,25,mate in 13,1,9,0,0,1,8,7,3,27
725aced57feb,401000010c39216:481850005e9,win,9,17,31,mate in 16,1,8,1,0,0,7,7,2,26
659a8cf1b0cb,102214020a2a5:2000008645554a,win,2,3,3,mate in 2,0,2,1,1,0,0,0,2,27
6ce9b087e1c5,492019012021b:9003000e020d9004,win,7,13,25,mate in 13,1,6,1,0,0,5,2,5,28
23945e32f2e0,190918098203:900182008302190c,win,2,3,3,mate in 2,1,1,1,0,0,0,0,2,27
23f488c47bac,10002906ac078:c002d04140011083,win,2,3,3,mate in 2,0,2,1,1,0,0,0,2,28
443bc399fd4b,1038022cc21c:9008c200d0101821,win,3,5,9,mate in 5,0,3,0,0,0,3,2,1,28
72d09e09ae29,a10025288510c:1080428c00068283,win,2,3,3,mate in 2,1,1,1,0,0,0,0,2,28
8ebfdc624fb2,4102229221a202:1202104100421869,win,2,3,3,mate in 2,1,1,1,0,0,0,0,2,28
cc868b7c12f9,20986410a29:2090400102894d0,win,2,3,3,mate in 2,1,1,1,0,0,0,0,2,26
c9418b4206f9,100900011049a00e:904a800254c1,win,2,3,3,mate in 2,1,1,1,0,0,0,0,2,26
6dac3830e0c0,900900011049a00e:904a800654c1,win,2,3,3,mate in 2,1,1,1,0,0,0,0,2,28
56d4497eb0d8,1c20093007a:2000185689581,win,2,3,3,mate in 2,1,1,1,0,0,0,1,1,27
dfdcc9e0fb4a,8910090080588c:10040084d80d8011,win,2,3,3,mate in 2,1,1,1,0,0,0,0,2,27
8c52ff292ebb,1140095071481:140000830088a90e,win,2,3,3,mate in 2,1,1,1,0,0,0,1,1,28
c3eca3ea0f92,9022083219092:9000900910880329,win,2,3,3,mate in 2,1,1,1,0,0,0,1,1,28
1b5d67eacea1,109810000192318:100019a100d807,win,2,3,3,mate in 2,0,2,1,1,0,0,0,2,27
5dcaaa779705,100a8000050b4518:400140b900090c3,win,7,13,35,mate in 18,3,4,0,0,0,4,3,4,28
c734c36780f8,1260006202d0c:400002121099223,win,4,7,7,mate in 4,3,1,1,0,0,0,1,3,26
e62af643f157,100a000051a05834:102a000aa38b,win,3,5,5,mate in 3,2,1,1,0,0,0,0,3,28
e996bb4f5449,28c108d000a180:8000002021295c29,win,2,3,3,mate in 2,0,2,1,1,0,0,0,2,27
7ad68604e36c,100004322169b:50019481c164,win,5,9,11,mate in 6,3,2,1,1,0,0,1,4,28
8c42a8e919f7,1d00110013486:10000080c1a0c929,win,2,3,3,mate in 2,1,1,1,0,0,0,1,1,27
06b3ae8a5b4c,101c90181909:100980014005c036,win,2,3,3,mate in 2,1,1,1,0,0,0,1,1,27
b3fe08e4cf92,9200981152014:8110300ad10b,win,2,3,3,mate in 2,1,1,1,0,0,0,0,2,27
416fa9540320,10080011900b8881:8011900a0410141a,win,2,3,3,mate in 2,0,2,1,1,0,0,1,1,27
d41bd9ea0fa6,28000a1451864:470802a30b,win,2,3,3,mate in 2,1,1,1,0,0,0,0,2,26
1ec3d470247a,21300031015c0a:10000c210c20a1a1,win,2,3,3,mate in 2,0,2,1,1,0,0,0,2,28
dd0eec972bba,70d02088305:209000015051c0a,win,2,3,3,mate in 2,0,2,1,1,0,0,0,2,26
c8f85b220580,27080a08040a6:10808002502ab009,win,2,3,3,mate in 2,1,1,1,0,0,0,0,2,27
b188fd247804,14954485030:8401001318549,win,2,3,3,mate in 2,1,1,1,0,0,0,0,2,26
1764b28eb5a2,28040006991c42:40000b8002282b9,win,2,3,3,mate in 2,0,2,1,1,0,0,1,1,28
e81c41eed4fb,1801840b85c8:9001810819003803,win,2,3,3,mate in 2,0,2,1,1,0,0,0,2,28
5f1b0ae36bad,112082a00d292:1200200190892909,win,2,3,3,mate in 2,0,2,1,1,0,0,1,1,28
dccf324ac54e,2030a00074305:d00059308900a,win,2,3,3,mate in 2,1,1,1,0,0,0,0,2,27
bee686e325d0,a100d9001100d:10010002420eca42,win,4,7,7,mate in 4,3,1,1,0,0,0,0,4,27
e58154a802c2,1101b0112009a:12010090499941,win,2,3,3,mate in 2,0,2,1,1,0,0,0,2,27
898a4fca334a,100800492210a291:800190009049504a,win,3,5,5,mate in 3,1,2,1,1,0,0,1,2,28
82eadb3b7b9a,1862a6872:8840860019689,win,9,17,21,mate in 11,1,8,0,0,1,7,7,2,28
90de0388f32d,1008290089954:1005009700ab,win,11,21,37,mate in 19,3,8,1,0,0,7,8,3,26
75d72cbd5831,9408090013c07:809488cc1c8,win,12,23,35,mate in 18,5,7,1,0,0,6,3,9,28
d1ed26d5a893,2908106882688:1080040a90039007,win,3,5,5,mate in 3,2,1,1,0,0,0,0,3,28
49e8682a7022,300268028910a:9000900110070035,win,2,3,3,mate in 2,0,2,1,1,0,0,1,1,26
e6002d3bc109,98803080210191:8100018801989028,win,3,5,5,mate in 3,2,1,1,0,0,0,0,3,26
deca9f84964e,20b40004a284d:4000023b00d322,win,5,9,9,mate in 5,3,2,1,1,0,0,1,4,28
b6eaca4616ad,30026a028910a:9000900110072035,win,2,3,3,mate in 2,0,2,1,1,0,0,1,1,28
3c544adb03a2,18011801321c24:400940d831b,win,3,5,5,mate in 3,1,2,1,1,0,0,1,2,28
e13e84806791,2081309300820c1:10100800381d318,win,9,17,33,mate in 17,3,6,1,0,0,5,5,4,28
a61f835a3d3d,100219288d022:100a0027228d,win,2,3,3,mate in 2,1,1,1,0,0,0,0,2,26
d02e5a71f993,4108000880ab16:8000041016114e9,win,4,7,7,mate in 4,2,2,1,1,0,0,0,4,27
e32b3599b53d,1004884069462:40084070049001d,win,2,3,3,mate in 2,0,2,1,1,0,0,0,2,26
39c85310ecfa,28000c2053c44:100070002c2ab,win,2,3,3,mate in 2,0,2,1,1,0,0,0,2,26
2ae6a1928b37,c8000888291a2:8000088e100c084d,win,2,3,3,mate in 2,1,1,1,0,0,0,0,2,27
d1dedb2cdd70,1104890045852:100080014849828d,win,2,3,3,mate in 2,1,1,1,0,0,0,1,1,27
1370591bbaee,11400100591cc:1008000d84086e01,win,3,5,5,mate in 3,1,2,1,1,0,0,1,2,27
25f90979d1bf,6100a80285921:40047006a09e,win,2,3,3,mate in 2,1,1,1,0,0,0,0,2,28
0f6e4cf877a0,94002c908c014:400080090007190b,win,2,3,3,mate in 2,1,1,1,0,0,0,1,1,26
e8caee3b6cf8,32908718e:810880d0878801,win,2,3,3,mate in 2,1,1,1,0,0,0,0,2,28
10d87a266e9f,128184880b41:100100001b41948a,win,4,7,7,mate in 4,3,1,1,0,0,0,0,4,27
1c7b2ac2f088,410010c0118b06:804310425459,win,3,5,5,mate in 3,2,1,1,0,0,0,0,3,27
e6ecb611f567,28100990028868:6200697087,win,4,7,7,mate in 4,3,1,1,0,0,0,1,3,27
a6129306c502,20c22882209402:80080002500a6229,win,3,5,5,mate in 3,0,3,1,1,0,1,0,3,26
ca18c1eea186,130199002180e:30080004201da091,win,2,3,3,mate in 2,1,1,1,0,0,0,0,2,28
044f11665a7d,104c004090035083:108c40cc884c,win,2,3,3,mate in 2,1,1,1,0,0,0,1,1,28
357c0cede86d,1008301001023518:a301d8027,win,2,3,3,mate in 2,1,1,1,0,0,0,0,2,26
d489ac20f858,1008301001223518:a301d8067,win,2,3,3,mate in 2,1,1,1,0,0,0,0,2,28
c27dd19dc012,200102057b124:10003800846db,win,2,3,3,mate in 2,1,1,1,0,0,0,0,2,28
3e9df1efdebf,a1802190098048:800000c800e01aa5,win,2,3,3,mate in 2,0,2,1,1,0,0,0,2,27
d3b7865e8e4f,a011063c843:19000ea00322c,win,2,3,3,mate in 2,1,1,1,0,0,0,0,2,28
9d7a7cbd8df3,9029d00180041005:4002c5029c128,win,5,9,13,mate in 7,3,2,1,1,0,0,1,4,28
6677b68776e1,280412040ba043:13002980301438,win,2,3,3,mate in 2,0,2,1,1,0,0,0,2,28
2229f45c08e2,10801304510c601:44081029313a,win,3,5,9,mate in 5,1,2,1,1,0,0,0,3,28
792f7b22299a,20c80d4005489:408800a088a8906,win,3,5,5,mate in 3,2,1,1,0,0,0,0,3,28
7557b25c55bc,10800021c0d140e:80109090102cb01,win,2,3,3,mate in 2,1,1,1,0,0,0,0,2,28
ab65cc3112e5,510000c1c88148:c051001150b1,win,7,13,13,mate in 7,2,5,1,0,0,4,5,2,26
fce4f18d7d15,9100105c2801d:1000010a100915e2,win,2,3,3,mate in 2,1,1,1,0,0,0,0,2,28
c3518c199a9c,9c102d0028418:8000040905095303,win,2,3,3,mate in 2,1,1,1,0,0,0,0,2,28
8871007e238e,1c0204122b405:103840d432a,win,2,3,3,mate in 2,1,1,1,0,0,0,1,1,28
968a0f8a1605,404c8908014c1:891005044d800c,win,2,3,3,mate in 2,1,1,1,0,0,0,0,2,27
e9c902360042,100c40200030405b:100c504cb0a4,win,8,15,17,mate in 9,1,7,1,0,0,6,6,2,27
c0c58531e28d,1040390358104:8120050a143b,win,2,3,3,mate in 2,1,1,1,0,0,0,0,2,27
7583c46f4b1d,100808019c20d201:502860092c2a,win,2,3,3,mate in 2,1,1,1,0,0,0,0,2,28
ee0c03bf387e,108100481007004b:8108300c89494,win,4,7,9,mate in 5,0,4,0,0,1,3,3,1,27
d790f31cd8f9,c004089411c13:8040800c000c81ec,win,2,3,3,mate in 2,0,2,1,1,0,0,0,2,28
262f7cce0a9e,28904918a09:409040022083594,win,3,5,7,mate in 4,1,2,1,1,0,0,0,3,27
f7dc5ee4775c,50a000a4089608:8000065802512051,win,2,3,3,mate in 2,1,1,1,0,0,0,0,2,27
8a8098e0b256,108085cc82408:840418001d8c1,win,2,3,3,mate in 2,1,1,1,0,0,0,0,2,26
eb3f044de1a9,518070006019100:1881182e19,win,2,3,3,mate in 2,1,1,1,0,0,0,0,2,26
c881a0a9b643,2100095181b100:820a0a02840a9,win,3,5,5,mate in 3,2,1,1,0,0,0,0,3,26
84e014665bf3,9029d004810d:800c400401295422,win,2,3,3,mate in 2,0,2,1,1,0,0,0,2,28
8e5b14b2d2f1,8130007001b110:3000c08180804a89,win,2,3,3,mate in 2,0,2,1,1,0,0,1,1,27
d81276a3cefe,1014180503583:200020007501c858,win,3,5,5,mate in 3,1,2,1,1,0,0,1,2,28
00fed5aa7711,2004a080b21582:1180110015018039,win,2,3,3,mate in 2,1,1,1,0,0,0,0,2,28
98f7705ea645,12101c0822903:80822909d08c,win,2,3,3,mate in 2,1,1,1,0,0,0,0,2,27
cc1256f27a93,2000c08281da44:800020506024bb,win,3,5,7,mate in 4,1,2,1,1,0,0,0,3,28
8fd641a587c6,100900208809c128:8000900911301811,win,2,3,3,mate in 2,1,1,1,0,0,0,0,2,26
5cf095bedbd2,29104800491482:42114a08079,win,2,3,3,mate in 2,0,2,1,1,0,0,0,2,26
17885c7c1750,29104800491482:42114a08879,win,2,3,3,mate in 2,0,2,1,1,0,0,0,2,27
b00883f4462d,291048004b1482:42114a08879,win,2,3,3,mate in 2,0,2,1,1,0,0,0,2,28
33c94b9a4c1e,1008101d80148081:800180801089501c,win,2,3,3,mate in 2,1,1,1,0,0,0,0,2,26
c4fc917958a9,1008101dc0148081:800180801089511c,win,2,3,3,mate in 2,1,1,1,0,0,0,0,2,28
0ffff8ded7ca,10a820001119e:20000014a96ca01,win,8,15,33,mate in 17,2,6,1,0,0,5,3,5,27
376abc9ae441,100c1908a0988:c010020a419243,win,3,5,5,mate in 3,1,2,1,1,0,0,0,3,27
15fd89101bac,10410450042084d:41010291059182,win,2,3,3,mate in 2,0,2,1,1,0,0,0,2,27
aa7df42f5f22,130080249a209:90088041b0041844,win,2,3,3,mate in 2,1,1,1,0,0,0,0,2,27
b6b31771f078,608b419a24:1000900042845d9,win,2,3,3,mate in 2,1,1,1,0,0,0,0,2,28
2c9c8a32b9e7,21122954a1:210000e400ab0c,win,4,7,7,mate in 4,3,1,1,0,0,0,0,4,26
557481b0d3d2,19801a0041a41:900400441841e00c,win,2,3,3,mate in 2,1,1,1,0,0,0,0,2,27
be459eccfbe7,a3200300b4a01:1000080a0a80b18a,win,3,5,5,mate in 3,2,1,1,0,0,0,0,3,28
bc2b359467d4,208122b84d2:8000025503b29,win,4,7,7,mate in 4,2,2,1,1,0,0,0,4,28
ed7d3906d71f,3106000c1118d:10000003102e4472,win,5,9,9,mate in 5,4,1,1,0,0,0,0,5,28
12af50df045a,19e01c154:8000850001181e0b,win,2,3,3,mate in 2,0,2,1,1,0,0,0,2,27
dca0287073cf,1100a11291604:100005210402816b,win,3,5,5,mate in 3,2,1,1,0,0,0,1,2,27
f7c82d0fa196,1401c90054015:1490016018b028,win,4,7,9,mate in 5,2,2,1,1,0,0,0,4,27
81867c77c430,3000c0016029e:4001311899901,win,2,3,3,mate in 2,1,1,1,0,0,0,0,2,27
dbd2afadeefd,1030806419324:2008401910804d9,win,2,3,3,mate in 2,0,2,1,1,0,0,0,2,28
eea86025da7f,1100850691920:104840610000c059,win,2,3,3,mate in 2,1,1,1,0,0,0,0,2,26
6caa92dd7b7e,100011b80e941:40004200e00912aa,win,3,5,9,mate in 5,1,2,1,1,0,0,0,3,28
e9d34ac12e65,102888081849a:8880011a081b21,win,2,3,3,mate in 2,0,2,1,1,0,0,0,2,27
82a09e974468,100a2650920a:440980b2c51,win,2,3,3,mate in 2,1,1,1,0,0,0,0,2,27
20cc9f51387e,91901189e0:8001900001c81619,win,3,5,5,mate in 3,2,1,1,0,0,0,0,3,27
0802ae81283a,112a8007801c:8002800011381123,win,5,9,11,mate in 6,3,2,1,1,0,0,0,5,26
6946f42cfac4,1202130589150:2100014881216029,win,2,3,3,mate in 2,1,1,1,0,0,0,0,2,28
58ef21c28ef7,10080130c100e029:20300830391510,win,2,3,3,mate in 2,0,2,1,1,0,0,0,2,28
c18f6a2ff71f,10891a1e104:91089000000810ab,win,2,3,3,mate in 2,1,1,1,0,0,0,0,2,26
d4be75707763,10498041004a002a:8000102a90219841,win,3,5,5,mate in 3,1,2,1,1,0,0,0,3,27
8b2ada3efb90,28488060a8608:84080002808070c3,win,2,3,3,mate in 2,1,1,1,0,0,0,0,2,26
73cfef8653df,290400900a9512:8000902b05210029,win,7,13,31,mate in 16,0,7,1,0,0,6,4,3,28
63339b08cc00,9102888089424:1000080114212919,win,2,3,3,mate in 2,0,2,1,1,0,0,1,1,26
6602099d3642,108001a10138091:801081018108590a,win,2,3,3,mate in 2,1,1,1,0,0,0,0,2,27
4b1e4bcce7d0,10080048c200c381:8000930011c81048,win,7,13,19,mate in 10,0,7,0,0,1,6,4,3,26
289ad6c7137e,11c018540920c:801081a090d43,win,2,3,3,mate in 2,0,2,1,1,0,0,1,1,28
ebb8c4770010,1080401090d9c:10001811c949201,win,2,3,3,mate in 2,1,1,1,0,0,0,0,2,27
8f78c91d1b38,1009121002501043:40004b100b8238,win,2,3,3,mate in 2,0,2,1,1,0,0,0,2,27
afe31c24d4e6,10080064b9288:400140111800d43,win,7,13,15,mate in 8,1,6,1,1,0,4,3,4,26
1a94430d6cbe,1806882989210:80280011106100e9,win,6,11,11,mate in 6,5,1,1,0,0,0,1,5,28
ee4d9d88525d,109500880011d08:800081015308c221,win,2,3,3,mate in 2,1,1,1,0,0,0,0,2,27
0900c106f3b3,2b403a852:280100250170d,win,10,19,31,mate in 16,1,9,1,0,0,8,6,4,26
bbb2f6ebcf55,9041400931c84:80b8c0c801b,win,2,3,3,mate in 2,1,1,1,0,0,0,0,2,28
f8fff549ebb6,10280032433a4:2001001108b805b,win,3,5,5,mate in 3,2,1,1,0,0,0,0,3,28
9255096903e9,100d000d4b24:100d00003040b449,win,2,3,3,mate in 2,0,2,1,1,0,0,0,2,27
04486dc05d3e,1091000018117841:789160808098,win,2,3,3,mate in 2,0,2,1,1,0,0,0,2,28
f713a541ee04,18a188080da:1880040814a1921,win,2,3,3,mate in 2,0,2,1,1,0,0,0,2,27
bfb3d315c642,9048984019044:1000100010cc248b,win,2,3,3,mate in 2,1,1,1,0,0,0,0,2,26
9dc945f12656,90489a4019044:1400100010cc248b,win,2,3,3,mate in 2,1,1,1,0,0,0,0,2,28
3ea6239d050f,9001400931c84:80b880c801b,win,2,3,3,mate in 2,1,1,1,0,0,0,0,2,26
f39fcf1c07d1,2004492113a0c:104090020046c053,win,2,3,3,mate in 2,1,1,1,0,0,0,0,2,28
fd4aa5899db9,180819008106d0:80104008c189829,win,2,3,3,mate in 2,1,1,1,0,0,0,0,2,27
b895e4990c1a,210a3888e1:2900080003161e,win,2,3,3,mate in 2,1,1,1,0,0,0,0,2,26
fd9206f1bd73,5004510428a05:18000a0d306a,win,5,9,9,mate in 5,4,1,1,0,0,0,0,5,26
955214dec399,108180841901108c:80041109808c8901,win,2,3,3,mate in 2,1,1,1,0,0,0,0,2,28
6b44ab93752e,18091d4101c08:180c080889c091,win,4,7,9,mate in 5,2,2,1,1,0,0,0,4,28
bd764fd74fc4,104880408048012b:1102911219244,win,2,3,3,mate in 2,0,2,1,1,0,0,0,2,27
b2d4128e1b2d,40000b20b8e12:408240c0404310d,win,2,3,3,mate in 2,1,1,1,0,0,0,0,2,28
667a7dab9859,10900083a085804:b014101a309,win,2,3,3,mate in 2,1,1,1,0,0,0,0,2,26
fcc1906c9bda,10920083a085804:2000b014101a309,win,2,3,3,mate in 2,1,1,1,0,0,0,0,2,28
7186eb2d0f8e,81c0089100510c:100118140898093,win,2,3,3,mate in 2,1,1,1,0,0,0,0,2,27
cd3bdcca506e,801238872a4:8001100d801890b,win,3,5,5,mate in 3,2,1,1,0,0,0,1,2,28
6919971ba8b4,991080201a219:30102011b1181100,win,3,5,5,mate in 3,1,2,1,1,0,0,0,3,28
a0bfdba0df70,1900802182389:90080201b0019450,win,2,3,3,mate in 2,1,1,1,0,0,0,0,2,27
4f35e10262f2,1826002299043:820200039046022c,win,2,3,3,mate in 2,1,1,1,0,0,0,0,2,28
8e64124cad19,9ca80b242:94800000948b9,win,7,13,15,mate in 8,0,7,1,1,0,5,4,3,26
5ed222eda7cc,10080801280aa928:8019008900110d3,win,2,3,3,mate in 2,0,2,1,1,0,0,0,2,28
63a7a0db2183,10080188c080ca05:8012011b091188,win,3,5,5,mate in 3,1,2,1,1,0,0,0,3,28
0369ff0f0218,3184014c08291:1800008308031c4a,win,3,5,7,mate in 4,0,3,1,1,0,1,0,3,28
79dd6f1b9a49,2484ac1880e:4008c800800856c1,win,2,3,3,mate in 2,1,1,1,0,0,0,0,2,28
fd3aa445fbdc,10811008004e1c2:9000800c1149100d,win,2,3,3,mate in 2,1,1,1,0,0,0,0,2,27
c12f3ecae146,20090000102a9832:2009a805220d,win,2,3,3,mate in 2,1,1,1,0,0,0,0,2,26
9b6ac80d274e,204220441186c:4982e8603,win,9,17,17,mate in 9,3,6,1,0,0,5,5,4,26
8ea47a5bf678,4272003440b:40300000424b1a4,win,5,9,9,mate in 5,4,1,1,0,0,0,0,5,26
a761c1316325,9180479049008:1000a00980096905,win,2,3,3,mate in 2,1,1,1,0,0,0,1,1,28
ab1ceb160462,2882081018a051:8000006082e01aa8,win,2,3,3,mate in 2,1,1,1,0,0,0,1,1,27
ea1ce1789dea,1880889002c184:80001010009c103b,win,2,3,3,mate in 2,1,1,1,0,0,0,0,2,26
93f514a8cbaa,c5000c8489052:1000084e1006480d,win,2,3,3,mate in 2,0,2,1,1,0,0,0,2,28
a5e09028184f,20100814294452:4000421029012ad,win,3,5,7,mate in 4,1,2,1,1,0,0,0,3,27
6d6fa3a245d9,2040044092d54:40000022002d2ab,win,4,7,7,mate in 4,2,2,1,1,0,0,1,3,26
e20e87106fea,30c140c03608:10c000003009c0c5,win,6,11,13,mate in 7,1,5,0,0,1,4,4,2,26
889a0e2776a3,108020888388245:16013411938,win,3,5,5,mate in 3,1,2,1,1,0,0,0,3,28
c01f21983bdb,9300090419821:100088092c082548,win,6,11,11,mate in 6,0,6,1,1,0,4,3,3,27
833c5058d194,2e043828d:8000c00112007942,win,2,3,3,mate in 2,1,1,1,0,0,0,1,1,26
871d5237a716,1904808109862:100808119049001d,win,2,3,3,mate in 2,1,1,1,0,0,0,0,2,27
976ca78649b6,1008085008488047:40100e90161818,win,2,3,3,mate in 2,1,1,1,0,0,0,0,2,27
bc283450b90d,108300800084807c:100710431c83,win,3,5,5,mate in 3,2,1,1,0,0,0,0,3,27
55e694ce52d8,809818009081988:110018099081c005,win,2,3,3,mate in 2,1,1,1,0,0,0,0,2,28
68ae422b5ecd,9c013c582:a40120408381d,win,2,3,3,mate in 2,1,1,1,0,0,0,0,2,27
312509089a0a,210009a001d908:8000e02040a820a5,win,2,3,3,mate in 2,1,1,1,0,0,0,0,2,27
216e179c4c60,28100030800cc2a:a80468b1281,win,2,3,3,mate in 2,1,1,1,0,0,0,1,1,27
b1e009e6bb1f,101098011a12a:80008000214a16d1,win,2,3,3,mate in 2,0,2,1,1,0,0,1,1,27
6e850d2a69f7,1018062000098039:200101816305600,win,3,5,7,mate in 4,1,2,1,1,0,0,0,3,26
95b092ae5bc5,100940009013c801:101b4008301e,win,2,3,3,mate in 2,1,1,1,0,0,0,0,2,26
afdba586c8de,90090002c8098013:d8091002780c,win,2,3,3,mate in 2,1,1,1,0,0,0,0,2,28
828462806f9c,1144118089602:10080008844309c9,win,2,3,3,mate in 2,1,1,1,0,0,0,0,2,27
c6be575fb402,ba000a20a200a:a200020b00019205,win,3,5,5,mate in 3,2,1,1,0,0,0,0,3,26
0876f52217e2,1c0099001a068:d0081040404c5005,win,2,3,3,mate in 2,1,1,1,0,0,0,0,2,27
29326312dfab,8991898304:11881100000030ab,win,2,3,3,mate in 2,0,2,1,1,0,0,0,2,26
3144b115e2a5,100a090d0a058:10809001012111a1,win,2,3,3,mate in 2,1,1,1,0,0,0,0,2,26
8d20a6fca684,81909100915808:9808080898088091,win,2,3,3,mate in 2,1,1,1,0,0,0,0,2,28
87a01f90dec4,30011902108949:260016912b4,win,5,9,9,mate in 5,3,2,1,1,0,0,0,5,28
c086664d7f39,108000017188438:1000130880211303,win,2,3,3,mate in 2,1,1,1,0,0,0,0,2,26
adf95c370ed4,4090010009900a7:48994209c18,win,2,3,3,mate in 2,0,2,1,1,0,0,0,2,27
c4c76e52c463,150006d09d800:48080c0910002589,win,3,5,5,mate in 3,1,2,1,1,0,0,0,3,28
8002a8234919,1208812a8460a:8810216001b0a1,win,2,3,3,mate in 2,1,1,1,0,0,0,0,2,28
d86a70068b6f,1024030c630c8:240008702018307,win,2,3,3,mate in 2,1,1,1,0,0,0,0,2,28
74463cb87ac0,20100008989741:10000030922208ba,win,2,3,3,mate in 2,1,1,1,0,0,0,0,2,27
b1c450342461,141010291491008:800a804900028143,win,5,9,11,mate in 6,3,2,1,1,0,0,1,4,26
0da5b3c939cd,6800e28e81:82008a08516a,win,4,7,7,mate in 4,3,1,1,0,0,0,0,4,26
1a49ca97d835,1a00b12022049:10081000e009d202,win,2,3,3,mate in 2,1,1,1,0,0,0,0,2,26
a9583390e755,106003200dc4a:14001009040922a5,win,4,7,9,mate in 5,2,2,1,1,0,0,2,2,28
542739c42513,11208528c800b:1008800580015394,win,2,3,3,mate in 2,1,1,1,0,0,0,0,2,28
ae8b72d759ed,104006c09ab:21006199019044,win,2,3,3,mate in 2,1,1,1,0,0,0,0,2,27
12f40dba1734,980065808d808:8000100980072187,win,8,15,29,mate in 15,1,7,1,1,0,5,5,3,28
2a55737912c7,900001a08712a:180b00238e01,win,3,5,7,mate in 4,1,2,1,1,0,0,0,3,26
19418cdff66b,508080812289821:105010d110718,win,2,3,3,mate in 2,1,1,1,0,0,0,0,2,28
a9e6303b9c8a,120e00012399:1538ed006,win,4,7,7,mate in 4,3,1,1,0,0,0,1,3,27
f1f2b3e35c6b,1c800d808811c:8804100501155801,win,2,3,3,mate in 2,1,1,1,0,0,0,0,2,28
efa45f34c298,10248d2214029:d00100589a52,win,8,15,31,mate in 16,1,7,1,0,0,6,3,5,28
56bc5435e88a,18110990251081:100180100118813e,win,6,11,11,mate in 6,5,1,1,0,0,0,1,5,28
ce2f23a8f96d,9d0009000710c:90000109410d8881,win,2,3,3,mate in 2,1,1,1,0,0,0,0,2,27
d07d63d7bf4e,20022004a2a20e:2080488220904a1,win,3,5,7,mate in 4,1,2,1,1,0,0,1,2,26
a549306a7b6f,1158d1085010:500840002050a349,win,2,3,3,mate in 2,0,2,1,1,0,0,0,2,27
ec97fd85646b,89800190019520:8000008806884ac9,win,7,13,15,mate in 8,1,6,1,1,0,4,5,2,27
6989bb6f33fd,801808880098928:8008080108c014d3,win,2,3,3,mate in 2,1,1,1,0,0,0,0,2,27
2a3d7a64eae6,204890c892009:90002b0029cc2,win,2,3,3,mate in 2,0,2,1,1,0,0,0,2,27
572e14f1a90f,180019002b886:8000100248294469,win,2,3,3,mate in 2,1,1,1,0,0,0,1,1,27
d93cb3e14cda,118008b100110ac:11001ba8513,win,5,9,11,mate in 6,3,2,1,1,0,0,1,4,28
e20d08c09947,500993409240:1009024060096109,win,2,3,3,mate in 2,1,1,1,0,0,0,0,2,27
6be7bd3efed8,10004490594c8:4000510190004b05,win,6,11,11,mate in 6,0,6,1,1,0,4,2,4,26
35a808faea6d,29090681a8a:100890080292c070,win,2,3,3,mate in 2,1,1,1,0,0,0,1,1,28
b0ed0c069b1f,2009420812189010:1000301160016209,win,2,3,3,mate in 2,1,1,1,0,0,0,0,2,26
e87577aab76c,2019420812189010:10003011e0016209,win,2,3,3,mate in 2,1,1,1,0,0,0,0,2,28
742c75d4db7d,101402600930e:8060901492441,win,2,3,3,mate in 2,0,2,1,1,0,0,1,1,26
68ae5be64e26,100980408062805a:8040102910095121,win,3,5,5,mate in 3,2,1,1,0,0,0,0,3,28
6ce5d4e037ed,1900092090b30:9200021900109409,win,7,13,31,mate in 16,2,5,1,1,0,3,4,3,26
6aae09031969,100900480c40541c:80018111019a841,win,2,3,3,mate in 2,0,2,1,1,0,0,0,2,28
811744ccbe79,114c924d4:100110000200d32b,win,3,5,5,mate in 3,1,2,1,1,0,0,0,3,26
d3a71eadaee0,10080002a80da403:1b0091002183c,win,2,3,3,mate in 2,1,1,1,0,0,0,0,2,28
aa5a8b9fdf17,100801c00068d024:5008518421c8,win,3,5,5,mate in 3,2,1,1,0,0,0,0,3,26
5b7f36d9a3c0,26011e100c908:4001000218133093,win,2,3,3,mate in 2,1,1,1,0,0,0,0,2,28
cc2354b07f3a,20104164013450:40004209160c129,win,3,5,5,mate in 3,1,2,1,1,0,0,0,3,27
f27beb1b7be1,101a00801011d005:101a408a209a,win,2,3,3,mate in 2,1,1,1,0,0,0,0,2,26
fffb1a32ca42,c2110a401c019:100040c011c3506,win,2,3,3,mate in 2,1,1,1,0,0,0,0,2,28
0e815df8bd2a,118048008829e:1000000118875901,win,2,3,3,mate in 2,0,2,1,1,0,0,0,2,26
ff328ee759f0,118848008829e:1000000118875d01,win,2,3,3,mate in 2,0,2,1,1,0,0,0,2,28
25e8e7cb2d1f,140186288d480:6008200110112a19,win,2,3,3,mate in 2,1,1,1,0,0,0,0,2,28
3662122adb57,1a24000c881c01:400001a3012209a,win,2,3,3,mate in 2,1,1,1,0,0,0,0,2,26
60894c52d6c2,2000e010c0a1a8:8080800081211853,win,2,3,3,mate in 2,0,2,1,1,0,0,0,2,26
6cd8d17d9183,2000e010c0a1a8:8080900081211853,win,2,3,3,mate in 2,0,2,1,1,0,0,0,2,27
8534d34a99d4,a08002ac222c1:ca1009990e,win,2,3,3,mate in 2,1,1,1,0,0,0,0,2,28
4a8b3dc927b8,c208830c08068:64802c3487,win,3,5,5,mate in 3,1,2,1,1,0,0,0,3,27
9734a8f35298,1026181601039:8260800012098344,win,2,3,3,mate in 2,1,1,1,0,0,0,0,2,28
3237649645f3,92029143b:920101210ab04,win,7,13,15,mate in 8,2,5,1,1,0,3,5,2,26
604ea513ca74,10090c0010303928:40010198c098411,win,10,19,29,mate in 15,2,8,1,0,0,7,4,6,28
72d07f1f1d0f,3000125c51508:200031021002a0c7,win,2,3,3,mate in 2,1,1,1,0,0,0,0,2,28
f8df1bf3df40,108b0008000e321:800001083528144a,win,2,3,3,mate in 2,0,2,1,1,0,0,0,2,27
7adf5278b67b,680479c818:90401908014e5,win,6,11,15,mate in 8,2,4,0,0,0,4,4,2,28
a871fa349d51,22872214291:120030108018b02c,win,2,3,3,mate in 2,1,1,1,0,0,0,0,2,28
e697dd298bc6,108a000016093a01:188a0882c48a,win,2,3,3,mate in 2,0,2,1,1,0,0,0,2,28
abe532de44ae,1008000801343161:11205448c41c,win,4,7,7,mate in 4,3,1,1,0,0,0,1,3,27
02078d13efd2,50000d82019608:80018050005c0055,win,3,5,7,mate in 4,1,2,1,1,0,0,0,3,26
f0fcbfb4e7a3,b80008828816c:8000002b01035813,win,4,7,7,mate in 4,2,2,1,1,0,0,0,4,28
7cfd78a5ca19,1001508cd0098:4800c881108945,win,2,3,3,mate in 2,0,2,1,1,0,0,0,2,27
b111c33a2c1a,20003116101688:1000100800698073,win,2,3,3,mate in 2,1,1,1,0,0,0,0,2,26
eec622d819cc,209800002450689:80000209c488c064,win,3,5,5,mate in 3,2,1,1,0,0,0,0,3,27
bdb7ab0417b2,100a00008148a169:900a14231e02,win,4,7,9,mate in 5,3,1,0,0,1,0,1,3,28
f6414364758c,10080201080a818b:1190813011a04,win,2,3,3,mate in 2,0,2,1,1,0,0,0,2,26
c2a68ff5ad03,99410c8089008:8000080914114c31,win,2,3,3,mate in 2,0,2,1,1,0,0,0,2,27
c8a09cb9e47b,210008412a15b:9400a40230005c04,win,3,5,5,mate in 3,2,1,1,0,0,0,0,3,28
18708eb2c9b4,801000b82033c08:a002d08c323,win,2,3,3,mate in 2,1,1,1,0,0,0,0,2,28
f429f04be635,91880500d1091:500040090880e90c,win,2,3,3,mate in 2,1,1,1,0,0,0,0,2,28
01fbde13a3bf,188000ca4950a:80000425900148a5,win,6,11,13,mate in 7,4,2,1,0,0,1,1,5,28
87af07d11e97,9002a8240822a:400041102b7041,win,5,9,9,mate in 5,4,1,1,0,0,0,0,5,26
e54c9fd091ec,120902018600c04a:940810493621,win,2,3,3,mate in 2,1,1,1,0,0,0,0,2,28
573a5d094493,8300431109900c:808480c605c3,win,3,5,5,mate in 3,2,1,1,0,0,0,0,3,28
2a2fa295dff1,3000014a41c25:c038803809a,win,2,3,3,mate in 2,1,1,1,0,0,0,0,2,26
ec592d11d960,3220002601469:400063a003a202,win,8,15,35,mate in 18,3,5,1,0,0,4,5,3,26
55b4af650d82,322000a601469:400063a003aa02,win,8,15,33,mate in 17,3,5,1,0,0,4,5,3,28
5095f8e20ef5,19041480089c2:800b0417239,win,2,3,3,mate in 2,1,1,1,0,0,0,0,2,27
20192b429751,100200c2d24c8:44580c0d825,win,2,3,3,mate in 2,1,1,1,0,0,0,0,2,27
1c4f186d874b,29800d800d024:9000000220272c13,win,2,3,3,mate in 2,1,1,1,0,0,0,0,2,27
7dd21b09b2a9,100980000614a614:800010099109110b,win,2,3,3,mate in 2,1,1,1,0,0,0,0,2,28
5023f0653b2b,141c900480009404:80000418141d0099,win,2,3,3,mate in 2,1,1,1,0,0,0,0,2,27
8697d2c0de34,141400a428d48:42000345015283,win,4,7,9,mate in 5,2,2,1,1,0,0,0,4,28
0d67da92a2b6,10820816094d0:800080410c010b29,win,2,3,3,mate in 2,1,1,1,0,0,0,0,2,26
cca0a6bb75df,1088100aa089201:9000120911012d08,win,2,3,3,mate in 2,1,1,1,0,0,0,0,2,27
36240434b0a6,c2002b0413812:2000804d000e804d,win,2,3,3,mate in 2,1,1,1,0,0,0,0,2,28
8fc3136433dc,4100096289403:1000020400052bac,win,2,3,3,mate in 2,0,2,1,1,0,0,0,2,26
e2750c6a2e9f,1009400060b0b018:3009110941a3,win,2,3,3,mate in 2,1,1,1,0,0,0,0,2,28
c58e01df694c,15001014056c2:10000040d203890d,win,2,3,3,mate in 2,1,1,1,0,0,0,0,2,27
36827ee7b219,1858981050a2:9040800040488c59,win,8,15,31,mate in 16,0,8,1,0,0,7,6,2,28
9eb5bd425519,89180188009205:10008088108d08c8,win,2,3,3,mate in 2,0,2,1,1,0,0,1,1,26
4d5cf19b8424,10000904dd388:c00962002875,win,2,3,3,mate in 2,1,1,1,0,0,0,0,2,28
0f4353ae53b9,1300da048100c:100800405015e051,win,2,3,3,mate in 2,0,2,1,1,0,0,0,2,27
b16f7852027d,20d602c2a9:28028808a81c06,win,2,3,3,mate in 2,1,1,1,0,0,0,0,2,28
6119edc03b32,809900801843092:801980b890d,win,2,3,3,mate in 2,1,1,1,0,0,0,1,1,28
8f79cca4d024,90202450b8209:500050902005532,win,2,3,3,mate in 2,1,1,1,0,0,0,0,2,28
aa3b1c52f583,25880601629:80000061989d2,win,2,3,3,mate in 2,1,1,1,0,0,0,0,2,26
13dfe3217b28,281301000983c1:1006813603038,win,2,3,3,mate in 2,1,1,1,0,0,0,1,1,28
250ed81ee00a,210000905dc058:1000106501201525,win,2,3,3,mate in 2,1,1,1,0,0,0,0,2,28
981b23dea0fa,910008c49820c:800880912005c41,win,2,3,3,mate in 2,1,1,1,0,0,0,0,2,26
9127c4d4da67,100c5200810c9028:4000012c52204305,win,2,3,3,mate in 2,1,1,1,0,0,0,0,2,28
563aa4257b5e,2000409148a528:302024215055,win,3,5,5,mate in 3,1,2,1,1,0,0,0,3,26
56cf92c42420,20004091c8a528:3020242150d5,win,3,5,5,mate in 3,1,2,1,1,0,0,0,3,28
3f0f1d7fb34e,5980298119002:9000001500060c9d,win,2,3,3,mate in 2,1,1,1,0,0,0,0,2,28
abd39a74715b,41140000399628:24916c000d5,win,3,5,5,mate in 3,1,2,1,1,0,0,0,3,28
19a8a23de8f7,a281b01c1a:85101403a1a1,win,2,3,3,mate in 2,1,1,1,0,0,0,0,2,28
39886960c1b9,924106048d084:4984152459,win,6,11,13,mate in 7,5,1,0,0,1,0,2,4,28
58da84ae457b,109000c80318038:101110e5107,win,2,3,3,mate in 2,1,1,1,0,0,0,0,2,26
8da900b7b1bf,109000c82318038:101110e5307,win,2,3,3,mate in 2,1,1,1,0,0,0,0,2,28
fb5cafc8057b,98000a8609864:a04020491009200b,win,3,5,5,mate in 3,2,1,1,0,0,0,0,3,28
a75660018880,a281b0141a:8510140381a1,win,2,3,3,mate in 2,1,1,1,0,0,0,0,2,26
27a9305fdd53,1030103449241:2008004d001412e,win,5,9,9,mate in 5,1,4,1,1,0,2,1,4,26
9d9ab2368322,18000d8589052:804848490001480d,win,8,15,29,mate in 15,0,8,1,0,0,7,5,3,28
16f95e40a449,1084220d2093001:101092120c32a,win,2,3,3,mate in 2,1,1,1,0,0,0,0,2,28
5038f1fa18e0,10080802280ba031:8800b00890201c0a,win,2,3,3,mate in 2,1,1,1,0,0,0,0,2,28
698d654391e8,a140082081718:a142288e3,win,6,11,19,mate in 10,1,5,0,0,0,5,3,3,26
174ad6bdb0a9,1001418c8027c:2001a0102351881,win,2,3,3,mate in 2,1,1,1,0,0,0,1,1,28
63d1e016aea1,90000240db40c:1000900dd0004111,win,2,3,3,mate in 2,1,1,1,0,0,0,0,2,26
8e068a09927b,384902403a01:300802003809c04a,win,2,3,3,mate in 2,1,1,1,0,0,0,0,2,27
1ed408685522,2098a1944a:10001c0004080bb1,win,4,7,7,mate in 4,2,2,1,1,0,0,0,4,26
f7e78d5430ce,1008041098118811:8811980904081408,win,2,3,3,mate in 2,0,2,1,1,0,0,0,2,27
a925d446ec18,40b1c0900aa:1008102080a29c05,win,2,3,3,mate in 2,0,2,1,1,0,0,0,2,27
857398705911,3040ad0008139:80001053b5c02,win,2,3,3,mate in 2,1,1,1,0,0,0,1,1,28
c1d36f7efcd4,40c001c0381c2:1004804c1e0d,win,3,5,5,mate in 3,1,2,1,1,0,0,0,3,26
948d7bfb283a,4280094096029:1800d28249c04,win,5,9,13,mate in 7,1,4,0,0,1,3,3,2,27
ca6787f9c3d5,15090100000c01c9:140d15019406,win,2,3,3,mate in 2,1,1,1,0,0,0,1,1,27
3e3c679e624a,182087000b068:8008000182494305,win,3,5,5,mate in 3,1,2,1,1,0,0,0,3,26
b6ddbc10e8fd,300980193015:900980007104c108,win,2,3,3,mate in 2,1,1,1,0,0,0,0,2,27
3c750913ceff,1041ec19214:c40010c0de9,win,8,15,19,mate in 10,1,7,0,0,0,7,6,2,28
d482a0f68058,26021202930a8:2029000ac002c007,win,7,13,33,mate in 17,1,6,0,0,1,5,5,2,28
5b21136ead49,100800010a028297:800180a10491848,win,2,3,3,mate in 2,1,1,1,0,0,0,0,2,26
7163350e928b,28811010091943:288936803c,win,3,5,5,mate in 3,1,2,1,1,0,0,1,2,28
e4644a57bcbb,5900019099201:100009058006090e,win,2,3,3,mate in 2,1,1,1,0,0,0,0,2,26
e6edd03111c7,5920019099201:100009058206090e,win,2,3,3,mate in 2,1,1,1,0,0,0,0,2,28
704b564addf4,28804810c010c5:804000208029a928,win,2,3,3,mate in 2,1,1,1,0,0,0,0,2,26
b5497ec3fa44,98140100495a2:804000098149404d,win,2,3,3,mate in 2,0,2,1,1,0,0,0,2,28
c691b994ca7e,18408a0015c03:808010d48a1c8,win,3,5,5,mate in 3,2,1,1,0,0,0,0,3,27
0fcaa8bedc7c,100880014805c007:4001580890083808,win,4,7,7,mate in 4,3,1,1,0,0,0,0,4,26
1dcf53a2e6f9,11200500d4238:200003103309105,win,2,3,3,mate in 2,1,1,1,0,0,0,0,2,26
184738964889,2840101511509:110129402a052,win,2,3,3,mate in 2,1,1,1,0,0,0,0,2,26
3ace8e6a1af1,212a31b04c:850004e4a33,win,3,5,9,mate in 5,1,2,1,1,0,0,0,3,28
021053af1577,200a8184401685:100201aa98868,win,8,15,15,mate in 8,1,7,1,0,0,6,6,2,28
041d6ef2100e,4184990089011:10010004084509cc,win,2,3,3,mate in 2,1,1,1,0,0,0,0,2,26
2be9fd905f3d,4194990089011:10010004094509cc,win,2,3,3,mate in 2,1,1,1,0,0,0,0,2,28
b0a417380290,b8246005d:9800410899382,win,3,5,5,mate in 3,1,2,1,1,0,0,0,3,27
cb64f98965fc,a002200a298214:2000888008018eb,win,2,3,3,mate in 2,0,2,1,1,0,0,0,2,26
007414e5a41d,9208922009384:900090009089202b,win,10,19,25,mate in 13,3,7,1,0,0,6,3,7,28
33a3201ca60a,110999499020:9049884000200949,win,3,5,5,mate in 3,2,1,1,0,0,0,0,3,28
cf4b8878beb3,100049e02942c:823002d2a13,win,2,3,3,mate in 2,1,1,1,0,0,0,1,1,28
66a52d2313d6,9500104c51414:cc501860c9,win,4,7,7,mate in 4,3,1,1,0,0,0,0,4,28
226811be59c3,5908080020ac28:51285900d1,win,3,5,5,mate in 3,2,1,1,0,0,0,0,3,26
5f6044aa5c77,5908088020ac28:5128d900d1,win,2,3,3,mate in 2,1,1,1,0,0,0,0,2,28
e655d8e8e362,918080080b09c:10000011381d4841,win,3,5,5,mate in 3,1,2,1,1,0,0,0,3,27
4b5b5ba1078d,5804d19ac:900590601020c041,win,2,3,3,mate in 2,0,2,1,1,0,0,1,1,28
4542d1be845e,209002000c130c9:24926288624,win,7,13,17,mate in 9,1,6,0,0,0,6,5,2,27
5cdf8b3c532d,20800214005a40d:10208162852a2,win,2,3,3,mate in 2,1,1,1,0,0,0,0,2,27
ff36a96c927b,102a116283820:102014080081c689,win,2,3,3,mate in 2,1,1,1,0,0,0,0,2,28
7f85b9c23193,105d94082441:100900002055921c,win,10,19,19,mate in 10,3,7,1,0,0,6,4,6,28
829a4424a933,912000331b120:1000001910084ad9,win,2,3,3,mate in 2,1,1,1,0,0,0,0,2,28
8b8db1027a39,2089392909:882888081000d030,win,3,5,5,mate in 3,1,2,1,1,0,0,1,2,26
8b48ab96caed,130898401a09:10000040231aa152,win,11,21,29,mate in 15,1,10,1,0,0,9,7,4,27
d01f0756125d,100810a423a28:20090b980d3,win,11,21,33,mate in 17,3,8,1,0,0,7,5,6,27
259db7418bea,111a01320059:10120001900991a2,win,3,5,7,mate in 4,1,2,1,1,0,0,0,3,27
8e758dee4b81,91100036012b0:1000024910098149,win,4,7,7,mate in 4,3,1,1,0,0,0,0,4,26
7b182796b0ba,91100036012b4:100002491009814b,win,3,5,5,mate in 3,2,1,1,0,0,0,0,3,28
bdaafc506c18,1188090071c21:100000030888c0de,win,2,3,3,mate in 2,1,1,1,0,0,0,1,1,28
9386d912bf27,520954208611:4009800082195068,win,5,9,9,mate in 5,1,4,1,0,0,3,1,4,28
44c12308f35e,20c80d19289:540051120c0854,win,2,3,3,mate in 2,1,1,1,0,0,0,0,2,28
c3877228c373,19000083289244:3190011013b,win,2,3,3,mate in 2,0,2,1,1,0,0,0,2,26
186d2f0258fb,19002083289244:3190011213b,win,2,3,3,mate in 2,0,2,1,1,0,0,0,2,28
9df1b9edcffc,28400d2081c49:40002420447c206,win,3,5,5,mate in 3,2,1,1,0,0,0,0,3,28
87345b82bd2e,c002228483862:1020100c1226020d,win,2,3,3,mate in 2,1,1,1,0,0,0,0,2,28
a13081bc9ab3,1202d0204a062:20080200a0290a0d,win,2,3,3,mate in 2,1,1,1,0,0,0,1,1,26
a1f14ce8ba27,20c80519289:140051120c0854,win,2,3,3,mate in 2,1,1,1,0,0,0,0,2,26
5c922a4b99ba,411038302030b:10b000c100d9044,win,2,3,3,mate in 2,1,1,1,0,0,0,0,2,28
8187710e0338,9198980b8:8010080527943,win,3,5,5,mate in 3,1,2,1,1,0,0,0,3,27
a69e544ba600,520908186601:8200076011958,win,2,3,3,mate in 2,1,1,1,0,0,0,0,2,27
9bd37b04180c,d091120052a:90810008c099a01,win,2,3,3,mate in 2,1,1,1,0,0,0,0,2,27
51f70b50ec7f,4104818001d0a2:400004014e2244d,win,2,3,3,mate in 2,1,1,1,0,0,0,0,2,27
097c0744c695,14028c0884008b:880081012189a14,win,4,7,7,mate in 4,2,2,1,1,0,0,0,4,27
2d6c08135a5d,920482200c14a:800190493231,win,3,5,7,mate in 4,1,2,1,1,0,0,0,3,26
c3058a83b93b,11009a00a4298:8008a0001291b003,win,4,7,7,mate in 4,2,2,1,1,0,0,1,3,27
afeba011ca1d,180015100c8138:1102860317005,win,2,3,3,mate in 2,1,1,1,0,0,0,0,2,27
abe117fcfa63,6000386090c41:1000c0846920e,win,2,3,3,mate in 2,1,1,1,0,0,0,0,2,26
858b6b4521c2,4962688641:8041c0009001702c,win,2,3,3,mate in 2,1,1,1,0,0,0,1,1,28
957b8ffb272d,10a00880091da:8000800106194e21,win,3,5,5,mate in 3,2,1,1,0,0,0,0,3,27
fb67009c9ed1,20832c123c:802080101011c1c1,win,3,5,5,mate in 3,2,1,1,0,0,0,0,3,26
e1f0cac6d665,8106a414a6:10811020100b8209,win,6,11,11,mate in 6,2,4,1,0,0,3,4,2,26
73c92cee7fdc,8107a414a6:10811020100b8309,win,7,13,13,mate in 7,2,5,1,0,0,4,5,2,28
aaf75769aaa3,10080001084ba841:8001b008b000110a,win,2,3,3,mate in 2,0,2,1,1,0,0,0,2,26
1bae7e0c32d9,4110080278812a:8024111031651,win,9,17,35,mate in 18,4,5,1,0,0,4,3,6,28
727d5b007ffa,12827a0ac01:290001880943a8,win,2,3,3,mate in 2,1,1,1,0,0,0,0,2,28
904fafb87e54,900025092990a:2c00988096091,win,11,21,35,mate in 18,4,7,0,0,1,6,7,4,28
47bc87c57b9f,2808209c088061:1000940800211c1a,win,3,5,7,mate in 4,1,2,1,1,0,0,0,3,26
f3daf604ef4d,48184884e05:840180000901b1c8,win,8,15,19,mate in 10,3,5,1,0,0,4,3,5,27
d9f51ab2b5cf,100811788528:9008844084011051,win,2,3,3,mate in 2,1,1,1,0,0,0,0,2,26
58feb0dfd0b8,9004089408952:4009090019600d,win,3,5,5,mate in 3,2,1,1,0,0,0,0,3,26
84467dc24a8a,19480041809188:1998194811,win,2,3,3,mate in 2,1,1,1,0,0,0,0,2,26
ea0e798908b5,9024410681628:409860580d5,win,2,3,3,mate in 2,1,1,1,0,0,0,0,2,28
4347189ddf3e,12b15010522:1201400003a901d,win,2,3,3,mate in 2,1,1,1,0,0,0,0,2,27
bc8988cc380d,1524a4d038:1000308090112487,win,2,3,3,mate in 2,0,2,1,1,0,0,1,1,28
a8baabf8bd3d,1009000350406049:5048a00b9a02,win,2,3,3,mate in 2,0,2,1,1,0,0,0,2,27
1df16e65e41a,1100805599820:80511100005d9,win,2,3,3,mate in 2,1,1,1,0,0,0,0,2,26
0f17afefe35c,20980088002359:900000203221d8a0,win,3,5,5,mate in 3,2,1,1,0,0,0,0,3,27
0a9d8fc2e2b6,192004a80981a:12000001b01162a1,win,2,3,3,mate in 2,1,1,1,0,0,0,0,2,28
cb0512e0b7f3,104110219a540:80088208a4401219,win,3,5,5,mate in 3,2,1,1,0,0,0,0,3,27
5a3b509d365e,801200161283038:300018009801c905,win,2,3,3,mate in 2,1,1,1,0,0,0,1,1,28
6ec4f18daacc,458002088828b:10000004da047804,win,3,5,9,mate in 5,1,2,1,1,0,0,0,3,26
6ad0de535a2a,45800208a828b:10000004da047814,win,3,5,9,mate in 5,1,2,1,1,0,0,0,3,28
7303a22e4e42,902981109234:80290000102d0d09,win,2,3,3,mate in 2,0,2,1,1,0,0,0,2,28
876910484e6d,14900c1c72:8010800a0092a08d,win,9,17,21,mate in 11,4,5,1,0,0,4,4,5,27
c7936f580479,50008c105109c:800881850088c101,win,3,5,5,mate in 3,2,1,1,0,0,0,0,3,26
e02113b352cf,1908c120a8602:100002018085588d,win,3,5,5,mate in 3,1,2,1,1,0,0,0,3,28
13254cbc7d0b,100028831b906:8035200e4039,win,7,13,31,mate in 16,2,5,0,0,1,4,4,3,28
12baf08b9d01,109001110a89098:8000812881110923,win,2,3,3,mate in 2,1,1,1,0,0,0,0,2,28
01a79ea69065,108000595019804:10011508000c0709,win,8,15,27,mate in 14,0,8,1,0,0,7,5,3,26
6daa8dbca4d4,28887009e81:1288100018c80168,win,3,5,5,mate in 3,1,2,1,1,0,0,0,3,28
183241f18096,18d093903:13c0830008458,win,4,7,7,mate in 4,3,1,1,0,0,0,0,4,26
5fc5aabd61f8,18d493903:13d0830008458,win,4,7,7,mate in 4,3,1,1,0,0,0,0,4,28
029128bd2254,100c4001a003a019:4001100e500c5006,win,3,5,5,mate in 3,1,2,1,1,0,0,0,3,28
4893f1976854,c12089a01080b:8007000e9714,win,2,3,3,mate in 2,1,1,1,0,0,0,0,2,28
781466a502f8,300010860b589:40004222034a72,win,10,19,33,mate in 17,3,7,1,0,0,6,4,6,28
658ffea4034c,1008080912010951:11000894c920e,win,2,3,3,mate in 2,0,2,1,1,0,0,0,2,27
58adc9614269,4904c104609080:1000102810890469,win,2,3,3,mate in 2,1,1,1,0,0,0,0,2,26
579db193d047,9080502089345:8040824888450818,win,2,3,3,mate in 2,0,2,1,1,0,0,0,2,28
cb15a6e59f1b,98021d200c201:9000520800391038,win,2,3,3,mate in 2,0,2,1,1,0,0,0,2,27
c222ab819b69,1100c100d2878:100800210420d585,win,3,5,5,mate in 3,1,2,1,1,0,0,0,3,28
b46406875761,990002013a053:9010001b9008120c,win,2,3,3,mate in 2,0,2,1,1,0,0,0,2,28
7736cb613324,23002112a08384:100010028003307b,win,4,7,7,mate in 4,3,1,1,0,0,0,0,4,28
23556ec1a73d,990002013a013:9010001b9008100c,win,3,5,5,mate in 3,1,2,1,1,0,0,0,3,26
b1e76535be9b,100b800012011069:122b802a8212,win,3,5,5,mate in 3,1,2,1,0,0,1,0,3,27
4ceb0ab55e12,9008092a098a4:808088090809024b,win,3,5,5,mate in 3,2,1,1,0,0,0,0,3,28
3f89ce197dde,109004191099402:8000910802400b4d,win,2,3,3,mate in 2,1,1,1,0,0,0,0,2,28
ab80b394a94c,990028092508a:1002400950098911,win,2,3,3,mate in 2,1,1,1,0,0,0,0,2,28
4f55412d2ebb,90021d0818330:40204018003850c9,win,2,3,3,mate in 2,1,1,1,0,0,0,0,2,28
31d204f7deb9,124211c486028:1020100820219c45,win,2,3,3,mate in 2,1,1,1,0,0,0,0,2,28
997fe4d6f16c,14108c12015c0:12800211009e029,win,10,19,33,mate in 17,3,7,1,0,0,6,5,5,27
fb30ae865ba6,10880204c228823:20410881095588,win,2,3,3,mate in 2,1,1,1,0,0,0,0,2,28
09a6f83a27b8,2c0022801609a:c0000000d20a9a05,win,2,3,3,mate in 2,1,1,1,0,0,0,0,2,27
375db59f4622,18000598015094:19818001c880b,win,2,3,3,mate in 2,1,1,1,0,0,0,1,1,27
4e0351aa5f2e,81904b00488045:80480080908310aa,win,7,13,13,mate in 7,1,6,1,1,0,4,5,2,28
743ee9b95871,114498001804e:1000000034687c21,win,2,3,3,mate in 2,1,1,1,0,0,0,0,2,27
8b87bb29253b,18a009900ca10:8800010102193149,win,4,7,7,mate in 4,3,1,1,0,0,0,2,2,27
57f6cf331a40,10c400cc89120:800008980010cd9,win,2,3,3,mate in 2,1,1,1,0,0,0,0,2,26
e7380a14635c,10008002d7868:8002194c08685,win,2,3,3,mate in 2,0,2,1,1,0,0,0,2,27
ee260a64bc8c,3800110439608:160286086143,win,4,7,7,mate in 4,1,3,1,0,0,2,1,3,27
e86b05f62f3f,181800444a1d:180000981bb042,win,3,5,5,mate in 3,1,2,1,1,0,0,0,3,27
1936154e7c23,10880b1041988:900091050881a005,win,2,3,3,mate in 2,1,1,1,0,0,0,0,2,27
612abcd8445b,2342080219641:2000202360228aa,win,2,3,3,mate in 2,1,1,1,0,0,0,0,2,28
66a85fc93e31,100c02003202421a:200100c000db105,win,2,3,3,mate in 2,1,1,1,0,0,0,0,2,26
b201cd0c749a,1008214002038383:120a31c83048,win,7,13,29,mate in 15,1,6,1,0,0,5,4,3,28
433b0af36f2d,182080328b202:8200110190014129,win,3,5,9,mate in 5,1,2,0,0,0,2,1,2,26
cc1ea1ae6699,50308060905088:8000501148a155,win,3,5,5,mate in 3,1,2,1,1,0,0,0,3,27
8f802f0912da,100a0020841aa401:940a1020103e,win,2,3,3,mate in 2,1,1,1,0,0,0,0,2,26
f1f0e7ab2dd4,20018124410ed:207003b8a12,win,4,7,9,mate in 5,2,2,1,1,0,0,0,4,28
17a785136a2c,210ca1082903:210900015005d00c,win,2,3,3,mate in 2,1,1,1,0,0,0,0,2,27
799469e84f76,111010189209c:108000985010d901,win,4,7,7,mate in 4,2,2,1,1,0,0,0,4,27
34e18e646421,113001081c29c:100800583061903,win,3,5,5,mate in 3,1,2,1,1,0,0,0,3,28
671780d5a214,20086db251:100811124d2e,win,4,7,7,mate in 4,3,1,1,0,0,0,0,4,28
51a9e8879d7a,1801141018730:8000010082387849,win,2,3,3,mate in 2,1,1,1,0,0,0,1,1,27
182cb3f9da47,90000b02cd204:a0094003282b,win,2,3,3,mate in 2,1,1,1,0,0,0,0,2,26
b7f5e6e87caf,180011c8112821:18808000ad09e,win,4,7,7,mate in 4,2,2,1,1,0,0,0,4,27
42e58e75ae35,280201c260830c:201402810095461,win,3,5,5,mate in 3,1,2,1,1,0,0,1,2,28
960d2336257e,9108990821208:90008002014981c3,win,2,3,3,mate in 2,0,2,1,1,0,0,0,2,27
95182f07b54c,500005388c384:1000120580053819,win,2,3,3,mate in 2,0,2,1,1,0,0,0,2,28
84d2d3bd87e0,10080202d20010aa:5088208ae201,win,2,3,3,mate in 2,1,1,1,0,0,0,0,2,26
c7d6f1d70d53,10004804b8954:800081190114100b,win,2,3,3,mate in 2,0,2,1,1,0,0,0,2,26
97542bdd267b,528088103d802:56c0c250d,win,5,9,11,mate in 6,1,4,1,1,0,2,1,4,28
9c9328978345,180000adc8215:2000a41900138c8,win,2,3,3,mate in 2,1,1,1,0,0,0,0,2,28
e8159ff41d76,1024806089c83:8180118410378,win,3,5,5,mate in 3,2,1,1,0,0,0,1,2,28
2fab17fad8c7,10240d200b143:4000600121514a18,win,3,5,5,mate in 3,2,1,1,0,0,0,0,3,28
cde6b55619a8,21d82484061:1c0005015921c,win,2,3,3,mate in 2,1,1,1,0,0,0,0,2,27
850ab76aac56,28007c00b8024:800940080084548b,win,3,5,5,mate in 3,2,1,1,0,0,0,0,3,27
6162a5626593,108010c01555008:14001d0088355,win,3,5,5,mate in 3,1,2,1,1,0,0,0,3,27
56bf47ebd72b,1222082683604:20000017401c06b,win,2,3,3,mate in 2,1,1,1,0,0,0,0,2,28
60f623b69edf,8010000a40d41c5:408054880be08,win,3,5,5,mate in 3,1,2,1,1,0,0,0,3,28
f7fb949630d4,100a100080691881:1006b1082806a,win,3,5,5,mate in 3,1,2,1,1,0,0,0,3,27
7098b9f6b640,9510859208009:1800082180097920,win,2,3,3,mate in 2,1,1,1,0,0,0,0,2,28
a49edf88a48d,184008d08aa003:c080909020105098,win,2,3,3,mate in 2,1,1,1,0,0,0,1,1,28
770b6e4b7b29,10000d6024d48:8000d00100019217,win,2,3,3,mate in 2,0,2,1,1,0,0,0,2,26
388e0da55c2a,28904080619180:9001002910082069,win,2,3,3,mate in 2,1,1,1,0,0,0,0,2,26
23dd0f6dff8a,19804208c8828:90000001982130c5,win,2,3,3,mate in 2,1,1,1,0,0,0,0,2,27
556e14dbfa8e,c840500c814c1:140110089405c00c,win,2,3,3,mate in 2,1,1,1,0,0,0,1,1,28
e31a06257425,2260004078a049:32208254b6,win,2,3,3,mate in 2,1,1,1,0,0,0,0,2,28
9e94454cbe99,210801885084d:10047044294a2,win,4,7,7,mate in 4,2,2,1,1,0,0,1,3,27
42edd66ef13f,2001a102a4528:80500c5109013,win,7,13,13,mate in 7,2,5,1,1,0,3,5,2,26
39d2a7e16396,3908143b1:18080240ab44a,win,4,7,7,mate in 4,2,2,1,1,0,0,1,3,27
d9b034c72138,1050191811508:9108908804088081,win,2,3,3,mate in 2,0,2,1,1,0,0,0,2,26
5e9bbe6689d0,1050191831508:9108908804088083,win,2,3,3,mate in 2,0,2,1,1,0,0,0,2,28
e4c67c861ab1,9a0049001a086:80000009200e5c29,win,2,3,3,mate in 2,0,2,1,1,0,0,0,2,27
e3595ead386e,100800481418a451:10101100451a2e,win,3,5,9,mate in 5,0,3,0,0,1,2,2,1,28
643c31e410df,1103000a8b0d0:8994114c29,win,3,5,5,mate in 3,2,1,1,0,0,0,0,3,27
a5dcdf5da76e,90600320a540a:400bc401aa11,win,3,5,5,mate in 3,1,2,1,1,0,0,0,3,28
3da338840128,2122012c08aa0:120000c2802a304a,win,2,3,3,mate in 2,1,1,1,0,0,0,0,2,27
55a6d09a2b11,2000e8105b502:800d8001000a40cd,win,8,15,31,mate in 16,2,6,0,0,0,6,6,2,28
3dc4d0eead4b,101a000110981909:80109a0003c096,win,2,3,3,mate in 2,1,1,1,0,0,0,0,2,28
83e7497523f2,1009002056281830:2052090001c689,win,2,3,3,mate in 2,1,1,1,0,0,0,0,2,28
deca31346be9,2400855075084:400510070088050b,win,3,5,5,mate in 3,2,1,1,0,0,0,1,2,28
8bb86b71d04c,1488000c302c301:80010149004910ca,win,7,13,17,mate in 9,1,6,0,0,0,6,5,2,28
27886d5e98f1,28000a10cc0945:10001020012390ba,win,2,3,3,mate in 2,1,1,1,0,0,0,0,2,28
376835efbc47,21a91010368:2000020027a9413,win,3,5,5,mate in 3,2,1,1,0,0,0,0,3,27
bd323bac7c0d,c000090581479:900c02058b86,win,2,3,3,mate in 2,1,1,1,0,0,0,0,2,28
2b7cb1c3e369,7900000258138:1020002790121007,win,2,3,3,mate in 2,1,1,1,0,0,0,0,2,27
e7181fe642d2,285000d10c8009:1001002900215126,win,3,5,5,mate in 3,2,1,1,0,0,0,0,3,26
dc418430eccb,22000c12615228:1022200e2c47,win,2,3,3,mate in 2,1,1,1,0,0,0,0,2,28
96d88e1bfc3c,1890098004c045:9001001050191618,win,3,5,5,mate in 3,1,2,1,1,0,0,0,3,27
1d4ce49688a0,510201064822d:1020004584015452,win,7,13,33,mate in 17,1,6,0,0,1,5,5,2,28
b8e1257ca5fd,10811000d0928098:c09308095803,win,2,3,3,mate in 2,1,1,1,0,0,0,0,2,28
8f63182cfd65,9100020c8b483:1000000b9003416c,win,7,13,19,mate in 10,1,6,1,1,0,4,3,4,28
293a69cfeba1,28110481080c049:281026913b0,win,2,3,3,mate in 2,1,1,1,0,0,0,0,2,27
fdbaedb94cd0,8180010021e542:800000c080c810bd,win,2,3,3,mate in 2,0,2,1,1,0,0,0,2,27
b1ead07872e3,91000a808d218:1000800950012d41,win,2,3,3,mate in 2,1,1,1,0,0,0,0,2,26
d69f4516d119,2a802090242584:8000010a010b902b,win,2,3,3,mate in 2,1,1,1,0,0,0,0,2,28
1f411ca4fac5,10a0007409458:5118190b03,win,2,3,3,mate in 2,0,2,1,1,0,0,0,2,26
dd24bae1274a,10a0007429458:5918190b03,win,2,3,3,mate in 2,0,2,1,1,0,0,0,2,28
e7d55283366e,901041d04818c:8104800980091c21,win,2,3,3,mate in 2,1,1,1,0,0,0,1,1,28
21507b4c5252,914000810a853:1400800994091408,win,7,13,17,mate in 9,1,6,1,1,0,4,4,3,26
ab408f502b97,1800214a854a2:900210098007800d,win,2,3,3,mate in 2,1,1,1,0,0,0,0,2,28
74aea341ef5c,108c408c0001c0c:1104150dc121,win,4,7,7,mate in 4,3,1,1,0,0,0,0,4,27
6c9a11aea9a6,10e811e048208:a00800480811c87,win,3,5,5,mate in 3,2,1,1,0,0,0,0,3,28
4134d2417f54,2401cd0098038:8100300165307,win,2,3,3,mate in 2,1,1,1,0,0,0,0,2,28
fa140d8cb224,8151a12880d:8801900080051392,win,2,3,3,mate in 2,1,1,1,0,0,0,0,2,28
06ad51cb490a,19809880a2018:900800121011d803,win,2,3,3,mate in 2,0,2,1,1,0,0,0,2,27
a6e15552eeb8,208121112203484:1000000804198a3b,win,3,5,5,mate in 3,2,1,1,0,0,0,0,3,28
c0000ab6c814,4800410323883:80000020a284827c,win,11,21,35,mate in 18,2,9,1,0,0,8,7,4,27
3f06e6b6dce8,1100b001a9091:900080109901290a,win,2,3,3,mate in 2,1,1,1,0,0,0,0,2,27
9e8b49ed4fad,2004006451d480:401002180202879,win,2,3,3,mate in 2,1,1,1,0,0,0,0,2,26
e1bff9b57f16,2004406451d480:401003180202879,win,2,3,3,mate in 2,1,1,1,0,0,0,0,2,28
1a7cc2830f40,100800432802d041:190089049280a,win,2,3,3,mate in 2,1,1,1,0,0,0,1,1,26
dd11c1f0f943,100808432802d041:800190089049280a,win,2,3,3,mate in 2,1,1,1,0,0,0,1,1,28
7f7f09007a3d,10a0800081a102b:10bc101c914,win,2,3,3,mate in 2,1,1,1,0,0,0,0,2,27
bff5692e90cf,100800221040342b:201048802a8b44,win,2,3,3,mate in 2,0,2,1,1,0,0,0,2,27
27178a1452f4,1008910824907:10001100090d9098,win,2,3,3,mate in 2,1,1,1,0,0,0,0,2,26
c8cd35891025,1089000118228223:108a80893c88,win,2,3,3,mate in 2,0,2,1,1,0,0,0,2,28
2b1209bc4939,1d010403045188:100001910998215,win,5,9,11,mate in 6,2,3,1,0,0,2,0,5,28
1d452239daee,181204820a1a82:200801a1014805d,win,2,3,3,mate in 2,1,1,1,0,0,0,0,2,28
b9126551d1ca,2844110581c18:8128c03a0c3,win,2,3,3,mate in 2,1,1,1,0,0,0,0,2,28
c7e263149dc2,20800110d191801:106089200c718,win,2,3,3,mate in 2,1,1,1,0,0,0,0,2,27
3d2bd506abb0,2110006044d20c:6112292861,win,7,13,29,mate in 15,1,6,0,0,1,5,4,3,26
e622d937b1e4,9101816081412:10000401c011e229,win,2,3,3,mate in 2,1,1,1,0,0,0,0,2,27
f18533745c20,90800ea08d002:520910012a19,win,3,5,7,mate in 4,1,2,1,1,0,0,0,3,26
7f898c160fb7,49014009429901:100080b9009205a,win,2,3,3,mate in 2,1,1,1,0,0,0,0,2,28
3583535717a3,154091000e502:88000e48b1089,win,2,3,3,mate in 2,1,1,1,0,0,0,0,2,27
cc93c0dccdcb,24c52045405:c10008449825a,win,2,3,3,mate in 2,1,1,1,0,0,0,0,2,27
4e3556fb83f7,24c8051240b:80400260c9254,win,4,7,9,mate in 5,2,2,1,1,0,0,0,4,26
835b20b792b9,24c8051248b:80400260c9274,win,3,5,7,mate in 4,1,2,1,1,0,0,0,3,28
e18685aa02d9,1106900c88928:10080080102130d7,win,2,3,3,mate in 2,0,2,1,1,0,0,0,2,28
e95628f82016,3148b0008402a:100800003483b481,win,2,3,3,mate in 2,0,2,1,1,0,0,0,2,27
d112458e532d,2a10b90083028:a108000021238107,win,2,3,3,mate in 2,0,2,1,1,0,0,1,1,28
b1e19a4f3bf9,809000090a81588:10001c090c018a21,win,5,9,11,mate in 6,2,3,1,0,0,2,2,3,27
52077e33a280,21400780426045:400206025962a,win,2,3,3,mate in 2,1,1,1,0,0,0,0,2,28
06a217977145,10188150a9414:80089001808101cb,win,3,5,9,mate in 5,0,3,0,0,0,3,2,1,28
48ce7b6cca00,1c07100299810:88000808c8504069,win,2,3,3,mate in 2,1,1,1,0,0,0,0,2,28
364ae738aeac,5906000051c81:100000059068c06c,win,2,3,3,mate in 2,1,1,1,0,0,0,0,2,27
a5a7d851d496,82980289c22:82900020c034019,win,2,3,3,mate in 2,0,2,1,1,0,0,0,2,26
b594984766ac,20822ab862:102010083000470d,win,2,3,3,mate in 2,0,2,1,1,0,0,0,2,26
150375d6df76,20832ab862:102810083000470d,win,2,3,3,mate in 2,0,2,1,1,0,0,0,2,28
4f3740dd67d4,10080242d001c00d:200d008024a1252,win,2,3,3,mate in 2,1,1,1,0,0,0,0,2,28
eba90cfde18f,300930053c08:30080404c408c205,win,2,3,3,mate in 2,1,1,1,0,0,0,1,1,27
178537cd0109,9005890015c81:8c010c58805a,win,3,5,5,mate in 3,1,2,1,1,0,0,0,3,28
42fd711ca6fb,91018009b1a02:188008811a008099,win,2,3,3,mate in 2,1,1,1,0,0,0,0,2,28
f7bc57860f66,581cda142:8008a2802189d,win,2,3,3,mate in 2,1,1,1,0,0,0,0,2,28
07ae35bfe4ea,208130001098291:90018009b2003108,win,2,3,3,mate in 2,1,1,1,0,0,0,0,2,27
26a52b987191,1900809101998:8008011190898005,win,3,5,7,mate in 4,1,2,1,1,0,0,1,2,26
a0f2bd068681,990012006e007:9004000ed0091808,win,3,5,7,mate in 4,1,2,1,1,0,0,1,2,28
3936fc30705e,2188219008800e:9000100808231861,win,2,3,3,mate in 2,1,1,1,0,0,0,0,2,26
4774979a6baa,900201232b814:9a00943ab,win,4,7,7,mate in 4,2,2,1,1,0,0,1,3,28
64163cb17bc2,10081001004a318a:8000ca98818841,win,3,5,9,mate in 5,1,2,1,1,0,0,0,3,27
00178b0572be,8180209a21100b:880018810080caa4,win,2,3,3,mate in 2,1,1,1,0,0,0,0,2,28
37c9af194a4a,1911810041898:900800018119c105,win,2,3,3,mate in 2,1,1,1,0,0,0,0,2,27
abc707c1866a,2088400149908d:8040012088a00972,win,2,3,3,mate in 2,1,1,1,0,0,0,0,2,28
62b1dfdb20c9,10880499e42:800884421502010d,win,2,3,3,mate in 2,1,1,1,0,0,0,0,2,27
f04b56958325,1e0006421c820:c400042180083489,win,2,3,3,mate in 2,0,2,1,1,0,0,0,2,27
37a68ac37020,80910009441840a:10000c09080a18c1,win,2,3,3,mate in 2,1,1,1,0,0,0,0,2,26
efbb9b0b9938,1480091051c0e:1020103480ac121,win,2,3,3,mate in 2,0,2,1,1,0,0,0,2,28
be0f7a0ec7e3,900010030bb21:1089509449a,win,3,5,5,mate in 3,1,2,1,1,0,0,0,3,27
a98c817a95aa,18008d0418318:8008401101385061,win,2,3,3,mate in 2,1,1,1,0,0,0,0,2,27
79c3f5165e5a,120002a0bc852:81981103709,win,3,5,5,mate in 3,1,2,1,1,0,0,0,3,28
1e229c379a98,1009000594201c01:9028080da02c,win,2,3,3,mate in 2,0,2,1,1,0,0,0,2,26
128e8f75f633,10818180a8099:80088001c0117902,win,2,3,3,mate in 2,1,1,1,0,0,0,0,2,27
03fd12e95b67,81908894308018:80200021008914e3,win,5,9,13,mate in 7,2,3,0,0,0,3,2,3,28
b70fa295f624,218000001b3589:21ac208a72,win,6,11,17,mate in 9,1,5,0,0,0,5,4,2,28
3f65f022021b,82908dc80c:310014c0214a3,win,3,5,5,mate in 3,2,1,1,0,0,0,0,3,27
396317cb1975,2118a07c18:12480e40180a1,win,3,5,5,mate in 3,2,1,1,0,0,0,0,3,26
3ab514ea34c5,11008024e341c:1008000710018363,win,2,3,3,mate in 2,1,1,1,0,0,0,0,2,28
b929182dc34b,25040094498148:10001025002414b5,win,7,13,31,mate in 16,1,6,1,0,0,5,5,2,28
4e5ff21f7d68,10804004c098c52:400410811505309,win,3,5,5,mate in 3,2,1,1,0,0,0,0,3,28
762d0af9d196,31d0448149:1000500004315434,win,3,5,5,mate in 3,1,2,1,1,0,0,0,3,26
d69b43389bbc,100a0040080c894c:40180a10431083,win,2,3,3,mate in 2,1,1,1,0,0,0,0,2,26
b200e8dba54d,18c00220b9281:8000b8c202c2a,win,3,5,5,mate in 3,1,2,1,1,0,0,0,3,28
742a41567d26,3044010438634:3c40c514b,win,2,3,3,mate in 2,1,1,1,0,0,0,0,2,28
91d310602bba,20008d10198045:1001103000a414b8,win,4,7,9,mate in 5,0,4,1,0,0,3,3,1,27
377db3878f17,5250534058:105110090008b003,win,2,3,3,mate in 2,1,1,1,0,0,0,0,2,26
ae692f9a8f88,1000010e6caa2:8458809304d,win,2,3,3,mate in 2,1,1,1,0,0,0,0,2,28
06c084e8ccad,1000e0002e21d:e0201320d1082,win,2,3,3,mate in 2,1,1,1,0,0,0,0,2,27
45226798622c,140920080410a038:1411b0091501,win,9,17,33,mate in 17,2,7,1,0,0,6,5,4,26
f73a52e19e21,18120d00a19028:10050010121c0295,win,3,5,9,mate in 5,0,3,0,0,0,3,1,2,28
958ed79609ef,41c0084a888808:c0080041804152c1,win,2,3,3,mate in 2,1,1,1,0,0,0,0,2,27
74fe80f87644,911810098a148:10008018914110b1,win,8,15,15,mate in 8,1,7,1,0,0,6,5,3,28
3469ec4ad857,120002142e10b:2000004190191254,win,3,5,5,mate in 3,2,1,1,0,0,0,0,3,26
b69e39df300f,1008005104069452:940c9059000d,win,7,13,27,mate in 14,0,7,1,0,0,6,4,3,28
42ed7be4d2ab,204932083032:2058101000518249,win,3,5,7,mate in 4,1,2,1,1,0,0,0,3,27
f29256c9ef35,99040802d800c:9020002d10401061,win,2,3,3,mate in 2,1,1,1,0,0,0,0,2,26
8210e4ef2dc8,9910811009290:9000021182990109,win,3,5,5,mate in 3,2,1,1,0,0,0,0,3,27
9ba1676bbd83,142001a00033c1:20010014001dc81c,win,4,7,7,mate in 4,2,2,1,1,0,0,0,4,27
d47b0c522515,81120890091508:100800814680c291,win,2,3,3,mate in 2,0,2,1,1,0,0,1,1,27
e2af7000dc63,193250ab1:100111840090914c,win,2,3,3,mate in 2,1,1,1,0,0,0,0,2,28
97749e786fcd,a0000d108c20d:100530a02031902,win,4,7,7,mate in 4,1,3,1,0,0,2,1,3,27
8f4ebe8b171f,21817c012a:21001200039855,win,2,3,3,mate in 2,1,1,1,0,0,0,0,2,26
1b4c6243a49a,5a81091162:1b01010052801d,win,5,9,11,mate in 6,3,2,1,1,0,0,0,5,27
7f847b3dab14,1200088207b202:171018403d,win,2,3,3,mate in 2,1,1,1,0,0,0,0,2,26
57d5b6ce4091,1081010019584098:10189100819941,win,2,3,3,mate in 2,1,1,1,0,0,0,0,2,28
32823ebc7adb,b100083892308:1000830b10029083,win,3,5,5,mate in 3,2,1,1,0,0,0,0,3,28
17b6c2879bd4,1a10401881c0c:1ac05e1c1,win,3,5,5,mate in 3,2,1,1,0,0,0,1,2,27
d0108e9cc815,2015ac9498:8000851480110925,win,2,3,3,mate in 2,1,1,1,0,0,0,0,2,28
c513d903c568,1090119a892:b8002b0021129,win,2,3,3,mate in 2,1,1,1,0,0,0,0,2,27
e2db014666d2,84905c09462:4805001809098d,win,2,3,3,mate in 2,0,2,1,1,0,0,0,2,28
85f572232ab9,14031300cb018:28100cc0314025,win,2,3,3,mate in 2,1,1,1,0,0,0,1,1,28
30f728459728,1008104005429514:8002800a900c084b,win,6,11,19,mate in 10,0,6,0,0,0,6,4,2,28
89abd40db629,1080101450058e4:100280029871b,win,2,3,3,mate in 2,0,2,1,1,0,0,0,2,28
251735decc6c,2008008509a41c:801002108301923,win,2,3,3,mate in 2,1,1,1,0,0,0,1,1,26
323bba486c1f,53001b0445002:100000044109a15d,win,2,3,3,mate in 2,0,2,1,1,0,0,0,2,27
5084c1888d38,40950004088c083:4000040994031c0c,win,2,3,3,mate in 2,1,1,1,0,0,0,0,2,27
d8d65d795dff,98009400220ce:2082b0c9d001,win,2,3,3,mate in 2,1,1,1,0,0,0,0,2,27
56c42ce27de6,2064015440385:400103020b944a,win,2,3,3,mate in 2,1,1,1,0,0,0,0,2,28
a2ee08da5ff7,3019001800199001:3001b4402c58,win,2,3,3,mate in 2,0,2,1,1,0,0,0,2,27
8c7b8d1c3c81,508800084c014c1:8000150813088308,win,2,3,3,mate in 2,1,1,1,0,0,0,0,2,26
ad4d2161bac3,184008620712a:8400950098691,win,4,7,7,mate in 4,3,1,1,0,0,0,1,3,28
68f760e3357a,1309120a110a:110900020101a291,win,2,3,3,mate in 2,1,1,1,0,0,0,0,2,26
10a5b625f771,1029006012310841:200121900489238,win,2,3,3,mate in 2,1,1,1,0,0,0,0,2,28
adf27ac573fe,283004204c3402:300000281021c06d,win,3,5,9,mate in 5,1,2,1,1,0,0,0,3,27
b1decc194d60,100a420040449215:100a920b414a,win,4,7,7,mate in 4,3,1,1,0,0,0,1,3,28
af2501f83dc7,500080203ba42:7104c442d,win,3,5,7,mate in 4,1,2,1,1,0,0,0,3,26
94ccaea8ce76,51021091090301:11410254905c,win,3,5,5,mate in 3,1,2,1,1,0,0,1,2,27
fed7599a99d4,52884248447:5080000010b5338,win,3,5,5,mate in 3,2,1,1,0,0,0,0,3,28
2a9379f8bcac,c0c094c02c088:8000006800d1c47,win,2,3,3,mate in 2,1,1,1,0,0,0,0,2,28
7a6ad34a46e7,9140086118702:400800918881899,win,2,3,3,mate in 2,1,1,1,0,0,0,0,2,28
be549b232646,1802880081927:1028100110238098,win,3,5,5,mate in 3,2,1,1,0,0,0,1,2,26
213bd8ddc4d7,10404001c500949:91401049616,win,2,3,3,mate in 2,1,1,1,0,0,0,0,2,26
2de2a61235fe,204099204830d:6052b7422,win,5,9,11,mate in 6,1,4,0,0,1,3,3,2,28
28b8ef3395d2,1009880090318091:802010290888182a,win,2,3,3,mate in 2,1,1,1,0,0,0,0,2,28
8362d40ac481,1800041469984:4040438801404b,win,3,5,5,mate in 3,2,1,1,0,0,0,0,3,26
69a2b96431d5,22184218009442:9800802080620839,win,2,3,3,mate in 2,1,1,1,0,0,0,0,2,27
97e6024de091,1009584060409008:200918096941,win,2,3,3,mate in 2,1,1,1,0,0,0,0,2,26
1444f702b75b,1884008e100c12:84000018010ca30d,win,3,5,5,mate in 3,1,2,1,1,0,0,0,3,27
edc474500833,901d18918005:90090000800c7898,win,2,3,3,mate in 2,1,1,1,0,0,0,0,2,28
d4dbcfb73313,92d10211829:10251000890c8106,win,4,7,9,mate in 5,1,3,1,0,0,2,1,3,28
80ad4e2fcde2,9080008a214a3:140b94098808,win,2,3,3,mate in 2,1,1,1,0,0,0,0,2,26
75a2605b5a7d,41080095015528:28006908688841,win,2,3,3,mate in 2,0,2,1,1,0,0,0,2,28
047b009feb9a,5024060c07049:404005120582a6,win,3,5,5,mate in 3,2,1,1,0,0,0,0,3,28
39e100ca33a1,1068000080249832:800090681048014d,win,2,3,3,mate in 2,1,1,1,0,0,0,0,2,27
c2056e1aaeb1,910202804b1a8:1000080d90294805,win,2,3,3,mate in 2,1,1,1,0,0,0,1,1,28
f40ef51d1531,3980018111908:18000003c102e013,win,2,3,3,mate in 2,1,1,1,0,0,0,0,2,27
6b5d0c289b05,102914003d42:10080000806b82a9,win,2,3,3,mate in 2,1,1,1,0,0,0,0,2,27
5754cba200e1,1008002d50018501:211000802c702c,win,2,3,3,mate in 2,1,1,1,0,0,0,0,2,26
dbefe6d53e8f,1008002d54018501:215000802c702c,win,2,3,3,mate in 2,1,1,1,0,0,0,0,2,28
cf66a04eaebb,910084118b502:10008011b001405d,win,4,7,7,mate in 4,3,1,1,0,0,0,1,3,28
3d361057004e,40008e126b028:28012410084987,win,2,3,3,mate in 2,1,1,1,0,0,0,1,1,28
7fa2e98990bc,9202498089214:100010092025282b,win,4,7,7,mate in 4,2,2,1,1,0,0,0,4,28
5a02b0ceddb4,2e2a4162a:2000144be0c5,win,3,5,7,mate in 4,1,2,1,1,0,0,0,3,28
4cc6718371ab,10600118a9504:100011050605028b,win,2,3,3,mate in 2,1,1,1,0,0,0,0,2,27
e4f7730a0df5,380320022088809:3000018011813380,win,3,5,5,mate in 3,2,1,1,0,0,0,0,3,26
ce118229c9b6,100900080085c489:14019c281924,win,3,5,5,mate in 3,1,2,1,1,0,0,1,2,27
a2337531ead7,4b900b2049:100990004240d302,win,2,3,3,mate in 2,1,1,1,0,0,0,0,2,27
95e69e90d8ba,1042084495604:840880090020806b,win,2,3,3,mate in 2,1,1,1,0,0,0,0,2,26
31ff038c2a6a,104c0001944010c1:1144c000d860c,win,2,3,3,mate in 2,1,1,1,0,0,0,0,2,27
963c1fc8e4b8,180418081891c:80080008007c10e3,win,3,5,5,mate in 3,2,1,1,0,0,0,1,2,27
90b41848c677,191003c1021109:1000c0181019e012,win,6,11,13,mate in 7,4,2,1,1,0,0,2,4,28
18743a2b5d4b,10448004a292e:40800016401d641,win,2,3,3,mate in 2,1,1,1,0,0,0,0,2,28
bf3c455186fe,100940000448970c:9409d0014843,win,7,13,25,mate in 13,0,7,1,0,0,6,2,5,28
97b1793f9d26,20a840092009504:8000120a048a028b,win,2,3,3,mate in 2,1,1,1,0,0,0,0,2,27
72cea741dd0c,210000a5096091:821290020952a,win,2,3,3,mate in 2,1,1,1,0,0,0,0,2,27
28b9775ff38f,20905641e88:9002002898175,win,2,3,3,mate in 2,1,1,1,0,0,0,0,2,28
89915ca1345a,10429805800a9:8018801004219450,win,2,3,3,mate in 2,1,1,1,0,0,0,0,2,26
414450a7ba5b,8210008c0a1d840:800088a1080820b9,win,2,3,3,mate in 2,1,1,1,0,0,0,0,2,28
3ed1881341d0,9466096a0:1426090094049,win,3,5,5,mate in 3,1,2,1,1,0,0,1,2,26
6ccae4e91f0f,100906e0864a:102006a0900910a1,win,3,5,5,mate in 3,1,2,1,1,0,0,1,2,28
126df4a47979,1884089400408b:1000101000989474,win,4,7,7,mate in 4,3,1,1,0,0,0,1,3,26
43ba62f79556,1008010498098901:10190090104700c,win,2,3,3,mate in 2,1,1,1,0,0,0,1,1,26
f54f007b238f,9902092083404:100000090023823b,win,2,3,3,mate in 2,1,1,1,0,0,0,0,2,26
f3ca7c7c6fe0,d11185c11:100111000605838c,win,5,9,9,mate in 5,0,5,1,1,0,3,2,3,27
7b87917c4dae,100880111055c201:8011100c8008185c,win,3,5,5,mate in 3,2,1,1,0,0,0,0,3,28
71e8597f085c,1905100481c28:80000808981180d1,win,2,3,3,mate in 2,0,2,1,1,0,0,0,2,26
8670affef3f0,1b430a0209028:8030000114132413,win,6,11,13,mate in 7,2,4,1,1,0,2,1,5,28
fb4bdc4202ff,890884400d1808:180010091880c085,win,2,3,3,mate in 2,1,1,1,0,0,0,0,2,26
0bfc8922aa3e,894884400d1808:180010091880c185,win,2,3,3,mate in 2,1,1,1,0,0,0,0,2,28
c85cfdd96b54,28100d1009a041:18020803411bc,win,2,3,3,mate in 2,0,2,1,1,0,0,0,2,27
69323e16c4e7,18c00d6000d001:c0000010901d203c,win,2,3,3,mate in 2,0,2,1,1,0,0,0,2,27
7aae52785a42,28200880293203:100012203600843c,win,2,3,3,mate in 2,0,2,1,1,0,0,0,2,27
302589592d33,2089c2886408:84200202592a5,win,3,5,5,mate in 3,1,2,1,1,0,0,0,3,27
d619ffe6f1fa,10080000828542c7:8001900918089c08,win,2,3,3,mate in 2,1,1,1,0,0,0,0,2,28
554b0cff9831,10081024282c7:8042908d3108,win,3,5,5,mate in 3,2,1,1,0,0,0,0,3,26
f36ef8586c3b,9c0204010d12a:c0100019802b2011,win,9,17,27,mate in 14,2,7,1,0,0,6,4,5,28
1f71af54ca66,1400001231168c:100150006a073,win,3,5,5,mate in 3,1,2,1,1,0,0,0,3,26
81f75b949e3f,100914051c008109:80008008810d1c94,win,2,3,3,mate in 2,1,1,1,0,0,0,0,2,28
aabffa7ddf66,910020c0c9412:1000080d1003090d,win,2,3,3,mate in 2,1,1,1,0,0,0,0,2,26
fd8ab34063bd,109200009050284d:10960086d092,win,8,15,27,mate in 14,3,5,1,0,0,4,5,3,28
d7c9c37725eb,9900301025089:9000018890898102,win,3,5,9,mate in 5,1,2,1,1,0,0,0,3,26
e9def71e6245,900a10021d152:20010841c822a9,win,3,5,7,mate in 4,1,2,1,1,0,0,0,3,28
c60e4b856e37,1108010088298321:1122917001c08,win,2,3,3,mate in 2,1,1,1,0,0,0,0,2,28
b3717ec76b0f,3050084059518:8400801711120007,win,2,3,3,mate in 2,0,2,1,1,0,0,0,2,28
bbcd3fa2b1ea,900a10021d142:10841c822a9,win,3,5,7,mate in 4,1,2,1,1,0,0,0,3,26
cb34d59ce180,c9120080898211:c91a4038c8,win,2,3,3,mate in 2,1,1,1,0,0,0,0,2,28
6ea6c5136527,1c000d400819a:8002000301035e01,win,4,7,7,mate in 4,3,1,1,0,0,0,1,3,26
46311dfbe547,500906038223:1001020250187418,win,2,3,3,mate in 2,1,1,1,0,0,0,1,1,27
aca6a3cd6307,150828081500e:10000005580ea881,win,2,3,3,mate in 2,1,1,1,0,0,0,0,2,27
0a807ded6950,5d0001089500c:9008008dc0048181,win,2,3,3,mate in 2,1,1,1,0,0,0,0,2,27
0623afa69bec,9880030cb1801:cb8800e0ca,win,2,3,3,mate in 2,1,1,1,0,0,0,0,2,28
66ca76a56ded,69002082209381:8049004b407a,win,2,3,3,mate in 2,1,1,1,0,0,0,0,2,28
5dc005636ea0,a0d000d0208034:800000a00185518b,win,2,3,3,mate in 2,1,1,1,0,0,0,0,2,27
e1aa6a1618d3,59400150c0588:8400008580819027,win,2,3,3,mate in 2,1,1,1,0,0,0,0,2,28
c89006ef3852,8100409049301a:8008a089208080c1,win,2,3,3,mate in 2,0,2,1,1,0,0,0,2,26
f474c12d78c1,5800004569442:80000005900900bd,win,2,3,3,mate in 2,1,1,1,0,0,0,0,2,26
08e77b30f2a1,2008228063381:108030001180885e,win,4,7,7,mate in 4,2,2,1,1,0,0,0,4,27
800d3c2c5d1c,1204090891948:80018812840a291,win,2,3,3,mate in 2,0,2,1,1,0,0,0,2,27
5045caf56ac2,10800804793c2:80082051a08081d,win,2,3,3,mate in 2,1,1,1,0,0,0,0,2,28
5a6a7e0f63b7,10003d040c168:10005000022b1213,win,3,5,5,mate in 3,1,2,1,1,0,0,0,3,26
1442118be5b4,1700710d121:100420050612658,win,4,7,7,mate in 4,2,2,1,1,0,0,1,3,28
b2e7efd9e913,b10089b8a0:1081100810304059,win,2,3,3,mate in 2,1,1,1,0,0,0,0,2,26
4e7fdbe3124d,2c00d40043807:400d0002900bc088,win,2,3,3,mate in 2,1,1,1,0,0,0,0,2,28
fe519a036a9f,b110125029001:40a9009251a,win,2,3,3,mate in 2,1,1,1,0,0,0,0,2,26
48f88fe66eef,15094c82518:a0002910d8c5,win,3,5,5,mate in 3,2,1,1,0,0,0,1,2,28
47340e785245,2402a718270:240800180883989,win,3,5,5,mate in 3,2,1,1,0,0,0,1,2,28
58d5858cb618,101a8081a944:10088000105a109b,win,2,3,3,mate in 2,1,1,1,0,0,0,0,2,27
0cdc40d1ccba,90201c0488419:c04812015264,win,3,5,7,mate in 4,1,2,1,1,0,0,0,3,26
5c60ef381df7,249920180c5:1009900000d8121a,win,2,3,3,mate in 2,1,1,1,0,0,0,0,2,27
9860856b90f4,2e80dd901:2100a1001112201e,win,3,5,5,mate in 3,2,1,1,0,0,0,0,3,28
4ce1ca7b8c8f,100914400c041c21:4000009106b804e,win,2,3,3,mate in 2,1,1,1,0,0,0,0,2,28
1de914867bc1,108068809c841:80080011246160e,win,4,7,7,mate in 4,3,1,1,0,0,0,0,4,27
f9e332fcf74b,15000a0c4b006:10000045500141c9,win,3,5,5,mate in 3,1,2,1,1,0,0,0,3,26
79a87a0823bd,2010817009b002:1080002884a044a9,win,3,5,5,mate in 3,1,2,1,1,0,0,0,3,27
965c041bf99b,140a4001100a4109:1140a45019442,win,3,5,5,mate in 3,1,2,1,0,0,1,0,3,27
003e477f6098,2e00dd901:100a1001112201e,win,3,5,5,mate in 3,2,1,1,0,0,0,0,3,26
a2a07cfe5089,11010802298d4:800510dd002b,win,2,3,3,mate in 2,1,1,1,0,0,0,0,2,27
f18de3277fa9,102008e021c4a:10169a325,win,3,5,5,mate in 3,1,2,1,1,0,0,0,3,26
d10ce7bfb352,10200ae021c4a:90169a325,win,3,5,5,mate in 3,1,2,1,1,0,0,0,3,28
1ccc2935d345,5d420482d:100050002885b482,win,3,5,5,mate in 3,1,2,1,1,0,0,1,2,27
be93c5169dce,10090000814945a8:8000900950109055,win,2,3,3,mate in 2,1,1,1,0,0,0,0,2,28
d843d60adc1b,1008042810958031:2410850428148c,win,2,3,3,mate in 2,1,1,1,0,0,0,0,2,28
17a77507879f,90010003b8243:200026982401138,win,2,3,3,mate in 2,0,2,1,1,0,0,0,2,27
323f7a254a8e,101000145d328:108002900282057,win,2,3,3,mate in 2,0,2,1,1,0,0,0,2,26
1658a7648acd,100800098848a302:320032011869,win,3,5,5,mate in 3,2,1,1,0,0,0,0,3,26
f6fce81815ce,100900098848a302:324032011869,win,3,5,5,mate in 3,2,1,1,0,0,0,0,3,28
3791245026f4,9010094905498:9000908901098121,win,2,3,3,mate in 2,0,2,1,1,0,0,0,2,28
4d17ddfb7d2a,10090000128a3085:10898121832a,win,2,3,3,mate in 2,0,2,1,1,0,0,0,2,27
1d15cff738c5,100000964986c:1000900190090391,win,2,3,3,mate in 2,0,2,1,1,0,0,0,2,26
a42b71218e08,2d43bc82:108419010415d,win,3,5,5,mate in 3,1,2,1,1,0,0,0,3,28
39855d06ce0b,11090000c80bd008:8000990911002903,win,2,3,3,mate in 2,1,1,1,0,0,0,0,2,28
e883995d1989,900081328b602:100011038003412d,win,2,3,3,mate in 2,0,2,1,1,0,0,0,2,28
998e33c62bf9,520903491204:24001405000c15b,win,3,5,5,mate in 3,2,1,1,0,0,0,0,3,27
75a6af5eb571,99009b0081041:900020400053a11a,win,2,3,3,mate in 2,1,1,1,0,0,0,0,2,27
593916f7c966,2004005c00cc93:14001022803a3028,win,6,11,13,mate in 7,1,5,1,1,0,3,4,2,28
1dd58b76cf16,1100b0048805d:8804490075902,win,2,3,3,mate in 2,1,1,1,0,0,0,0,2,27
4054d903d4cd,18802a8414858:88080019001ab003,win,2,3,3,mate in 2,1,1,1,0,0,0,0,2,28
b37b6e31a665,818004d101102b:8000408100a6c984,win,2,3,3,mate in 2,1,1,1,0,0,0,1,1,28
eef18b6ef387,90090801d0009210:800d0080c094c09,win,2,3,3,mate in 2,0,2,1,1,0,0,0,2,27
9f11fd52f4ea,90090801d0009214:800d0080c094c09,win,3,5,5,mate in 3,1,2,1,1,0,0,0,3,28
00d38a0890b7,9040126c04509:240020080809bac0,win,2,3,3,mate in 2,1,1,1,0,0,0,0,2,28
fee82d55b456,480043c054909:a00024018000b496,win,2,3,3,mate in 2,1,1,1,0,0,0,0,2,28
f310c74d924b,100a005241544108:1001108100a9057,win,2,3,3,mate in 2,1,1,1,0,0,0,0,2,28
1b2eb46ca4b4,68000001d05183:68d0288878,win,6,11,17,mate in 9,3,3,1,0,0,2,1,5,27
52189c7c188f,910802103b0c2:100020099088450d,win,2,3,3,mate in 2,1,1,1,0,0,0,1,1,28
5247ee4ddf9d,100193000718c:86100c1198013,win,2,3,3,mate in 2,1,1,1,0,0,0,0,2,27
b6188cdc2c3c,984800580942a:8400000b900b0191,win,2,3,3,mate in 2,0,2,1,1,0,0,0,2,28
916ff24a3f16,18d0004090d043:50000098900822b8,win,2,3,3,mate in 2,0,2,1,1,0,0,0,2,28
8da72e85f832,8180140065012b:802000a1809090d4,win,2,3,3,mate in 2,1,1,1,0,0,0,0,2,28
320de01b6f29,10048421c4458:208020194419205,win,9,17,37,mate in 19,2,7,0,0,1,6,5,4,27
3f8537c794bb,208200460d689:a580a2972,win,2,3,3,mate in 2,1,1,1,0,0,0,0,2,28
568478127372,10008ac09140d:9008b0011000a902,win,2,3,3,mate in 2,0,2,1,1,0,0,0,2,26
9c28cda84ab9,18011101089305:1101120812116018,win,2,3,3,mate in 2,1,1,1,0,0,0,0,2,27
34e5653d7c8c,c1001804d08384:c10109545b,win,3,5,5,mate in 3,2,1,1,0,0,0,0,3,28
50c77fcef02b,1000100ed4548:a0451090b5,win,2,3,3,mate in 2,1,1,1,0,0,0,0,2,26
870043251db8,8210828cc43:80000409241332c,win,3,5,5,mate in 3,1,2,1,1,0,0,1,2,27
4fa6d546ff97,2014a0808245a8:18001007520b003,win,2,3,3,mate in 2,1,1,1,0,0,0,0,2,28
49f3695d3cd2,c1034800810ac:1000800818b48911,win,3,5,7,mate in 4,1,2,1,1,0,0,1,2,27
180b3ee1557f,188408940a8102:8000011201311439,win,2,3,3,mate in 2,0,2,1,1,0,0,0,2,27
79f9f691f4ff,8015807d08c:8008e80882913,win,2,3,3,mate in 2,1,1,1,0,0,0,0,2,28
9da29250ed7e,920401089c0c8:a0008089a0403a01,win,6,11,13,mate in 7,1,5,0,0,1,4,4,2,27
1d3db1c95c80,190a03004b028:90000001c0a14295,win,2,3,3,mate in 2,1,1,1,0,0,0,0,2,27
c619ca8fab2c,81101010991019:10100081034083e4,win,3,5,5,mate in 3,2,1,1,0,0,0,0,3,27
dc1fa0b85131,321a2008801e:a00009a133a01,win,10,19,33,mate in 17,2,8,1,1,0,6,5,5,27
db2db4dde3e7,1008004094038268:20142802681407,win,2,3,3,mate in 2,1,1,1,0,0,0,0,2,27
00c3a8efe2d8,7009900080481288:800060097001e041,win,2,3,3,mate in 2,1,1,1,0,0,0,0,2,28
bd425bea33c6,1291d00150a8:9000c00002988615,win,3,5,9,mate in 5,0,3,0,0,1,2,1,2,28
84767a5e0a40,1081100014290419:a1888498a6,win,7,13,23,mate in 12,2,5,0,0,1,4,3,4,27
206a4528aec2,10081002890e9011:90d1011092e,win,2,3,3,mate in 2,1,1,1,0,0,0,0,2,28
752fa6532ffe,104800081028d601:4009440e4402068,win,2,3,3,mate in 2,1,1,1,0,0,0,0,2,27
9b21b466a405,210438c440c09:410c00100b90c6,win,3,5,5,mate in 3,2,1,1,0,0,0,0,3,28
f40ef431419f,20b0089200a288:8208022020295821,win,2,3,3,mate in 2,1,1,1,0,0,0,1,1,27
c598276c228b,180100418243801a:1a0818087a41,win,2,3,3,mate in 2,1,1,1,0,0,0,0,2,28
638fa4268ab0,30809008b011c00:8800860804088319,win,4,7,7,mate in 4,3,1,1,0,0,0,0,4,27
008345fbe275,1804004c89541:c01081900108b8,win,3,5,5,mate in 3,2,1,1,0,0,0,1,2,26
d42720d79cc9,180400cc89541:c01081900108ba,win,3,5,5,mate in 3,2,1,1,0,0,0,1,2,28
2cb7be58e41c,5119528126:8011900800518d1,win,2,3,3,mate in 2,1,1,1,0,0,0,0,2,28
30b6a2bd4108,5840431c3a:4221438c0c5,win,3,5,5,mate in 3,1,2,1,1,0,0,0,3,28
a05f9d0f42b4,21140184091448:440006812608225,win,4,7,7,mate in 4,1,3,1,0,0,2,2,2,27
64954aa6dbcf,1009381880058009:4000538183914,win,7,13,13,mate in 7,6,1,1,0,0,0,1,6,28
48f58a8c0dff,20000814c34d8:8000814200228327,win,2,3,3,mate in 2,1,1,1,0,0,0,0,2,27
6d7cf32d63ad,100d84085e04:904001a458149,win,2,3,3,mate in 2,1,1,1,0,0,0,0,2,27
c3e1b93866f5,21080001890189c4:1218820c8300b,win,2,3,3,mate in 2,0,2,1,1,0,0,0,2,28
a0d4c60a70ad,91809090018412:90001001009a18a9,win,2,3,3,mate in 2,0,2,1,1,0,0,1,1,27
b2abb6e6a22f,2b86220e08:984000809c123,win,2,3,3,mate in 2,1,1,1,0,0,0,0,2,26
57f690b48f61,180001183091618:80018188009081e1,win,5,9,13,mate in 7,1,4,1,0,0,3,3,2,28
3ffbea53b201,10810402041b825:2108190845d8,win,4,7,7,mate in 4,2,2,1,1,0,0,0,4,28
c1258d1d2fb0,300301064894c:47081310b3,win,2,3,3,mate in 2,0,2,1,1,0,0,0,2,28
a014e4db6f2f,12080200082dc80c:4182c920012a1,win,2,3,3,mate in 2,1,1,1,0,0,0,0,2,28
89b4c23ec660,20990019000b011:9000020842294328,win,4,7,9,mate in 5,0,4,1,0,0,3,2,2,27
0d87790bad0c,1a0dca072:100ac0021528d,win,3,5,5,mate in 3,2,1,1,0,0,0,0,3,28
efe2467ad528,412801900029203:804028619049c,win,2,3,3,mate in 2,1,1,1,0,0,0,0,2,27
05d0bca4b7a0,10486008a2288210:104050507869,win,2,3,3,mate in 2,1,1,1,0,0,0,0,2,28
d1e501549cd6,18111013209028:9100820880180311,win,2,3,3,mate in 2,0,2,1,1,0,0,0,2,26
11996d0d8b7e,18111013209068:9100820880180315,win,2,3,3,mate in 2,0,2,1,1,0,0,0,2,28
4cc1709c55fc,c80305400c509:500c813c1034,win,4,7,9,mate in 5,1,3,1,0,0,2,2,2,28
ba44ff4af464,2824206028a401:20000008940150ae,win,2,3,3,mate in 2,1,1,1,0,0,0,0,2,26
b51d5f73d5f1,280008314c3041:20218221c32c,win,3,5,5,mate in 3,2,1,1,0,0,0,0,3,27
b11f0afca5c7,4881488149012:8010000002aa0aad,win,2,3,3,mate in 2,1,1,1,0,0,0,1,1,27
4172b22179f5,90802805941c8:200190882b813,win,2,3,3,mate in 2,1,1,1,0,0,0,0,2,28
5fba001c68e8,990018008ba04:90000208120541a9,win,2,3,3,mate in 2,0,2,1,1,0,0,0,2,27
fa71bcf6a9cf,1024098212962:820080010248d20d,win,6,11,15,mate in 8,1,5,0,0,1,4,4,2,28
34b686628e4f,20c020c02aa003:8009000b30015828,win,2,3,3,mate in 2,1,1,1,0,0,0,1,1,27
58d6b5cfb846,51008c001430d:8c205120c9022,win,2,3,3,mate in 2,1,1,1,0,0,0,0,2,27
55384d17ba3b,51008c021430d:8c205120c9022,win,2,3,3,mate in 2,0,2,1,1,0,0,0,2,28
f0294f22cdce,190001a20a300a:200221a10118211,win,3,5,5,mate in 3,2,1,1,0,0,0,0,3,26
1e20ca3277dc,18428046014a5:8468004190098048,win,4,7,7,mate in 4,1,3,1,0,0,2,1,3,28
d19843cf85bb,a400b44009282:40000600828b4509,win,12,23,33,mate in 17,4,8,1,0,0,7,5,7,27
a03c8eb36d3a,100c020000355138:102c120a0e07,win,2,3,3,mate in 2,1,1,1,0,0,0,0,2,28
bd40f4d002be,68c049c07:58c01020b0238,win,2,3,3,mate in 2,1,1,1,0,0,0,0,2,27
ba0ff5ea74f6,4100041189310c:8010c9204480c1,win,2,3,3,mate in 2,1,1,1,0,0,0,0,2,26
8bd27d4c3a54,2111d8894c:80009118802110b1,win,2,3,3,mate in 2,1,1,1,0,0,0,0,2,28
de4c707a38cd,182c7b848:40004580846a7,win,3,5,5,mate in 3,1,2,1,1,0,0,1,2,28
1289624cc71e,142208028d304:2080014207202b,win,3,5,5,mate in 3,1,2,1,1,0,0,0,3,26
78f741943ec7,10800018510b143:1010830094c9c,win,2,3,3,mate in 2,0,2,1,1,0,0,1,1,28
fc33eb9464b9,390000120d9304:8000803981300039,win,2,3,3,mate in 2,1,1,1,0,0,0,1,1,28
b3c7626d25ff,1082808310459:8001183089ba0,win,2,3,3,mate in 2,1,1,1,0,0,0,0,2,27
009d00bcc74b,18010a20a9032:800002030035260d,win,11,21,31,mate in 16,4,7,1,0,0,6,4,7,27
2e60840f4c9a,1000cc0099146:4000d10111044c09,win,3,5,5,mate in 3,0,3,1,1,0,1,0,3,27
fc67aa35915d,12200c4919290:400049132006c09,win,2,3,3,mate in 2,1,1,1,0,0,0,0,2,28
6ae6d51fe2ed,1984108009093:9000000290436948,win,6,11,19,mate in 10,1,5,0,0,0,5,4,2,27
0413ee75327c,180201c0115094:8001c0180a088a09,win,2,3,3,mate in 2,1,1,1,0,0,0,1,1,27
3ba25e6d60d7,1008040944a040a9:8110a0b009b400,win,3,5,5,mate in 3,2,1,1,0,0,0,1,2,28
16bbf27833ad,80360013000502d:200008224823a882,win,5,9,9,mate in 5,4,1,1,0,0,0,0,5,28
8bf4bcb28ce5,94a4841ec:840801081be11,win,9,17,33,mate in 17,2,7,0,0,0,7,4,5,28
5481e3f1ff7d,1000cd00da801:100830012802510e,win,3,5,5,mate in 3,1,2,1,1,0,0,0,3,27
f4b2c9ff27fd,c240096003281:1120d200d840c,win,3,5,5,mate in 3,2,1,1,0,0,0,0,3,27
dd3410f0273f,21000a0600954a:121816b0221,win,2,3,3,mate in 2,0,2,1,1,0,0,0,2,26
75a790831fce,20002d0568055:9001d0410009500a,win,8,15,27,mate in 14,1,7,1,0,0,6,3,5,28
e2f5ba42dd95,104405049c05c:8048900984041403,win,2,3,3,mate in 2,0,2,1,1,0,0,0,2,28
fbf8aeb1c024,12224b8258:2009220910103003,win,2,3,3,mate in 2,1,1,1,0,0,0,0,2,26
c696f1071237,41200011693404:692004816b,win,2,3,3,mate in 2,1,1,1,0,0,0,0,2,26
64942d74dd0c,498001808c4c8:80000004c0873807,win,2,3,3,mate in 2,1,1,1,0,0,0,1,1,27
8254cff47cc4,1108115051c88:1408050c0088c105,win,8,15,27,mate in 14,2,6,1,0,0,5,6,2,28
4333b7e39070,1814041604069:600021900b9102,win,9,17,17,mate in 9,1,8,1,1,0,6,7,2,26
466961630ac0,1009152085081801:80008009102185ac,win,2,3,3,mate in 2,1,1,1,0,0,0,0,2,28
1f0e384f8797,100900002d013c12:390910888189,win,3,5,5,mate in 3,1,2,1,1,0,0,0,3,28
a055a8cfb296,2158a069a04:921490001011001b,win,2,3,3,mate in 2,0,2,1,1,0,0,1,1,28
cdb355c789b3,3099b0001118:300900000099a083,win,2,3,3,mate in 2,1,1,1,0,0,0,0,2,26
27b9c4b2aa5f,2d000d8228401:840004220401582a,win,2,3,3,mate in 2,1,1,1,0,0,0,0,2,26
18b7c27bd285,891848c0403820:100000811889c0c9,win,2,3,3,mate in 2,1,1,1,0,0,0,0,2,28
374bcee42c5d,2872006200b008:3000002810284325,win,2,3,3,mate in 2,1,1,1,0,0,0,0,2,26
f0c76a674ba2,2105240809189:8000800090724872,win,2,3,3,mate in 2,1,1,1,0,0,0,0,2,27
8b03167eaaf4,6830494c68:684000cc20b005,win,3,5,5,mate in 3,1,2,1,1,0,0,0,3,28
89db333a8bbb,1a811900081a8:800000002a313e11,win,2,3,3,mate in 2,1,1,1,0,0,0,1,1,27
46aa69a0d438,a880082805a21:20b180ba08a,win,2,3,3,mate in 2,1,1,1,0,0,0,0,2,27
014df036ed21,100545048d901:10098115205e,win,2,3,3,mate in 2,1,1,1,0,0,0,0,2,28
b887a4e99ded,20a0ac12e1:2080040a00ac1e,win,3,5,5,mate in 3,1,2,1,1,0,0,0,3,26
e66f24554104,1039101000119081:802990284838,win,3,5,5,mate in 3,2,1,1,0,0,0,0,3,26
4e2b7c0d2aec,1008882033a07:10801005108cc0a8,win,5,9,19,mate in 10,1,4,0,0,0,4,3,2,28
97853a77d3ae,100145048d901:10018115205e,win,2,3,3,mate in 2,1,1,1,0,0,0,0,2,26
0670ae74e126,6010000b501189:10000a601020ca70,win,4,7,7,mate in 4,1,3,1,0,0,2,1,3,27
4574c50fb12e,102954803185:100100000029ce3a,win,2,3,3,mate in 2,1,1,1,0,0,0,0,2,28
2a126849a4e0,209140190101301:100002084609e418,win,2,3,3,mate in 2,0,2,1,1,0,0,0,2,27
ee93c5460f93,b408094889408:4000100b40036093,win,2,3,3,mate in 2,1,1,1,0,0,0,1,1,28
67ab642088d5,9009000180029e04:920a1609010b,win,2,3,3,mate in 2,1,1,1,0,0,0,0,2,27
c2c7ad7bb165,1d80012048269:58000201c8015c04,win,3,5,5,mate in 3,2,1,1,0,0,0,0,3,28
efc02fd6fbbc,1840118a92418:100010a0a40098e1,win,5,9,17,mate in 9,0,5,1,0,0,4,2,3,28
5c935ee25ef0,284280408901d:8008100290260522,win,2,3,3,mate in 2,1,1,1,0,0,0,0,2,26
2b1351bf5fb6,100354013c218:184008022c1127,win,3,5,9,mate in 5,0,3,0,0,0,3,2,1,28
abd9470738f9,34000501cb244:1300034d3b,win,2,3,3,mate in 2,0,2,1,1,0,0,0,2,28
a318277ce96d,1800ac411c101:84084401000a141a,win,3,5,5,mate in 3,2,1,1,0,0,0,0,3,26
7221bfe218e1,1810ac411c101:84084401010a141a,win,3,5,5,mate in 3,2,1,1,0,0,0,0,3,28
f03e18f205e9,100da80910c1:1001004010c4e82c,win,6,11,11,mate in 6,2,4,1,0,0,3,4,2,27
9e114a0b44da,8183184d094:80060004819290b,win,2,3,3,mate in 2,1,1,1,0,0,0,0,2,28
09a860bebba0,20102182a8d002:10004088500122a9,win,6,11,15,mate in 8,0,6,0,0,0,6,4,2,26
f4e03ef8aa44,106e10081027:1009000180678058,win,3,5,5,mate in 3,1,2,1,1,0,0,1,2,27
bedea5a846f6,100900288208a382:8000920130211039,win,3,5,5,mate in 3,2,1,1,0,0,0,0,3,28
8ebaf2675b88,182a0032c10a1:a001058081c30c,win,2,3,3,mate in 2,1,1,1,0,0,0,0,2,28
c821c384cabd,900001d01d8a4:8509c008250b,win,2,3,3,mate in 2,0,2,1,1,0,0,0,2,28
bc0ea44e3ed8,100900052011b044:41048904c401b,win,2,3,3,mate in 2,1,1,1,0,0,0,0,2,27
b3b17f1d96e2,104084403540d:40a400388088942,win,2,3,3,mate in 2,1,1,1,0,0,0,0,2,27
74a63172fb11,200240060b4c61:2a4064928e,win,2,3,3,mate in 2,1,1,1,0,0,0,0,2,28
1b9a96111bd9,481e0010090aa:8080000480e50945,win,2,3,3,mate in 2,1,1,1,0,0,0,0,2,27
0c3a0e8ad28e,1006031c48074:4010010031338b,win,2,3,3,mate in 2,1,1,1,0,0,0,0,2,28
c324a0f83c31,1980a1002502a:90020001882d8805,win,2,3,3,mate in 2,1,1,1,0,0,0,0,2,27
f2304221a7a5,100c0b680a31:10040250101411cc,win,2,3,3,mate in 2,0,2,1,1,0,0,1,1,28
3d00531b3aa8,1068112229202:6001000848104ad,win,2,3,3,mate in 2,1,1,1,0,0,0,0,2,26
cbecf6c0329f,100085c40ca1a:1403808b14c1,win,11,21,29,mate in 15,2,9,1,0,0,8,8,3,28
1dee4e6e19e8,228123121b:102210003000a1e4,win,3,5,5,mate in 3,2,1,1,0,0,0,0,3,26
730b8ceab28d,1880896089c02:9008120108012239,win,2,3,3,mate in 2,1,1,1,0,0,0,1,1,28
706bcd4c22a4,2080009a0299244:1a220020420bb,win,2,3,3,mate in 2,0,2,1,1,0,0,0,2,28
a1a9418b9113,21910011049083:9000002180a34324,win,2,3,3,mate in 2,1,1,1,0,0,0,0,2,27
a95c8727ba60,10a023810ac18:8001001860b1283,win,7,13,13,mate in 7,2,5,1,0,0,4,4,3,28
f73e90ad53e3,21b244a681:100010400029187e,win,2,3,3,mate in 2,1,1,1,0,0,0,0,2,28
e478798aac10,9180208228122c:200091009185d1,win,3,5,5,mate in 3,2,1,1,0,0,0,0,3,28
311b80c12679,10198000804c800d:8000105910111052,win,2,3,3,mate in 2,0,2,1,1,0,0,0,2,26
99903167d229,c01000062c0b148:c010c014e93,win,7,13,13,mate in 7,0,7,1,1,0,5,3,4,28
f71abd34553f,9146180689020:1020800814810cc9,win,2,3,3,mate in 2,1,1,1,0,0,0,0,2,28
eb48e824d1f8,21118404851508:10800029112880a5,win,3,5,9,mate in 5,1,2,0,0,0,2,1,2,28
5ea24d5b9730,40100c5258b:50101801d009844,win,4,7,7,mate in 4,2,2,1,1,0,0,0,4,27
e75d5607ac08,4b10400058318:90000001b1183007,win,2,3,3,mate in 2,1,1,1,0,0,0,0,2,27
74d72f23e921,ba0181004901c:80040007a01b2003,win,3,5,7,mate in 4,1,2,1,1,0,0,0,3,28
6f266fe7d17e,923085000a0c5:4001234d5308,win,4,7,9,mate in 5,2,2,1,1,0,0,0,4,28
85505874e6b1,2080088130141e:81001130140c8121,win,2,3,3,mate in 2,1,1,1,0,0,0,0,2,27
6dfb2c0de02a,30100190330c2:100288320808909,win,2,3,3,mate in 2,1,1,1,0,0,0,1,1,26
c2968afb7a3e,1008918d1001c001:81010000c18c118c,win,3,5,5,mate in 3,1,2,1,1,0,0,0,3,28
62f99e4df68d,41000002a9cb28:8000c1c04014d3,win,3,5,9,mate in 5,0,3,0,0,0,3,2,1,28
b65d331f31c7,14000509003925:10910109d8098,win,2,3,3,mate in 2,1,1,1,0,0,0,0,2,27
3e77823e265f,6010018201b608:1001026014604065,win,2,3,3,mate in 2,1,1,1,0,0,0,0,2,27
0d2020bb17cd,10a908e04069:10a100409009b880,win,2,3,3,mate in 2,0,2,1,1,0,0,0,2,28
13070b7d6fc0,1200b100b8212:100a120022003189,win,2,3,3,mate in 2,0,2,1,1,0,0,0,2,26
d83452bb7193,1200b100b8212:100a120022103189,win,2,3,3,mate in 2,0,2,1,1,0,0,0,2,27
91d4c9e05b02,110a000b6b01:80000194494ce,win,2,3,3,mate in 2,1,1,1,0,0,0,0,2,27
17ad3d1dafee,1800080089cbc0:5016701439,win,2,3,3,mate in 2,1,1,1,0,0,0,0,2,27
fcb8966425ae,1080220020d4238:200011c01309105,win,3,5,5,mate in 3,1,2,1,1,0,0,0,3,26
ce182cad17aa,100408d206878:8040881100518581,win,2,3,3,mate in 2,1,1,1,0,0,0,0,2,28
484ec39f449f,14a758a4:10c230808050b,win,2,3,3,mate in 2,1,1,1,0,0,0,0,2,26
9b44a35bf99d,10b024802418108:103010a1a53,win,2,3,3,mate in 2,1,1,1,0,0,0,0,2,26
aa34819d222c,10a14040c9894:400019a91060b,win,7,13,29,mate in 15,4,3,1,0,0,2,5,2,28
3ec62d5781a8,2188017208b:8800516089614,win,2,3,3,mate in 2,1,1,1,0,0,0,0,2,27
80b2afb900e1,110041a181a92:100208130007c00d,win,2,3,3,mate in 2,1,1,1,0,0,0,1,1,28
c54db73ca1d0,50101010197081:10000048c144815c,win,2,3,3,mate in 2,1,1,1,0,0,0,0,2,27
7d81ae305c60,80928894aa0:80020009460b449,win,2,3,3,mate in 2,1,1,1,0,0,0,0,2,27
03b25a09118b,110005424502d:100844098009a402,win,2,3,3,mate in 2,1,1,1,0,0,0,0,2,26
26aee0c55114,1900915881028:110801808021c581,win,7,13,35,mate in 18,2,5,0,0,1,4,5,2,27
dff94e1d42de,12080a010809818a:1900892101a15,win,2,3,3,mate in 2,1,1,1,0,0,0,0,2,28
78d91b117148,1805201d20c401:40000188019193a,win,2,3,3,mate in 2,1,1,1,0,0,0,0,2,28
5f5f3e67c6fe,210080183d043:1009010390482188,win,2,3,3,mate in 2,1,1,1,0,0,0,0,2,27
7db08f36264b,2004424478068:41200300083607,win,2,3,3,mate in 2,1,1,1,0,0,0,0,2,26
f3499a807df6,a18180094180d:100006980b8192,win,5,9,13,mate in 7,3,2,1,1,0,0,2,3,28
0b3cc309aadc,100d010080254905:20102d110890a8,win,2,3,3,mate in 2,1,1,1,0,0,0,0,2,28
58efbff7730e,910089510142a:901081110009c111,win,2,3,3,mate in 2,0,2,1,1,0,0,0,2,28
9ffbfe0d9b5f,3200a000b8611:80008011b010312a,win,3,5,5,mate in 3,1,2,1,1,0,0,0,3,27
9b96c1ae4569,4250009488a448:100000c2604250a3,win,3,5,9,mate in 5,1,2,1,1,0,0,0,3,28
acc7ad973094,200808088d148c:804a49420a821,win,2,3,3,mate in 2,1,1,1,0,0,0,0,2,27
62bdd543b692,2900a92421025:10000201000de64a,win,2,3,3,mate in 2,1,1,1,0,0,0,0,2,28
bf6599b1dd56,200810881046d8:10042004609927,win,4,7,7,mate in 4,2,2,1,1,0,0,0,4,27
595970df56cf,208100d90041a01:100102002289a18c,win,2,3,3,mate in 2,1,1,1,0,0,0,0,2,27
123cf178a97a,2010008307944a:2510680b35,win,9,17,35,mate in 18,1,8,0,0,0,8,6,3,28
a39c745c5d88,80164081009b280:4080801ec004c09,win,2,3,3,mate in 2,1,1,1,0,0,0,0,2,28
9136d153bb99,9020d00a48109:40180930912a4,win,2,3,3,mate in 2,0,2,1,1,0,0,0,2,27
21c4c578d32f,2124302421448:104100009401c217,win,2,3,3,mate in 2,0,2,1,1,0,0,0,2,27
2f9eacfdbf3d,80124081009b280:4080801ac004c09,win,2,3,3,mate in 2,1,1,1,0,0,0,0,2,26
7bf73b7abdb8,10080281a001830e:1900812887091,win,2,3,3,mate in 2,0,2,1,1,0,0,0,2,28
0bc8811dc3a2,180198401d602:900810001218209d,win,2,3,3,mate in 2,1,1,1,0,0,0,0,2,28
131a9df8204a,30048104c480d:80007840394c2,win,3,5,5,mate in 3,1,2,1,1,0,0,0,3,27
aca78f464d34,94000c81091d2:400080090049682d,win,3,5,5,mate in 3,2,1,1,0,0,0,0,3,28
98445493aac4,1420b100a2238:810004311d503,win,2,3,3,mate in 2,1,1,1,0,0,0,0,2,28
fca0de5fadf4,430489081188c:30408004284ca041,win,4,7,7,mate in 4,3,1,1,0,0,0,0,4,28
1dc641a5447f,91000c140b254:10d100d4d09,win,2,3,3,mate in 2,0,2,1,1,0,0,0,2,28
dd41554696ef,28890000198948:80010029896000b1,win,2,3,3,mate in 2,1,1,1,0,0,0,0,2,27
3b84f8a3160a,1008120102609381:2010048b0092078,win,8,15,25,mate in 13,1,7,1,0,0,6,3,5,28
67b7e7db3e35,b908b8851:800190c00840348a,win,4,7,7,mate in 4,3,1,1,0,0,0,0,4,28
b02fa49153fb,10800c0a0988051:a1081140318c,win,8,15,15,mate in 8,2,6,1,0,0,5,6,2,26
d983fbda34b1,14000740c9134:800080018111660b,win,2,3,3,mate in 2,0,2,1,1,0,0,0,2,28
f26f96b0bcae,198471a45:900198020008e02a,win,3,5,5,mate in 3,2,1,1,0,0,0,0,3,28
2b84222e8154,9005148481818:4808b011e043,win,3,5,5,mate in 3,2,1,1,0,0,0,1,2,27
6554c6e1271d,980282100833a:80000203822b7001,win,3,5,5,mate in 3,1,2,1,1,0,0,1,2,28
5c6129ead5b0,1008802180510855:8021100810289328,win,2,3,3,mate in 2,1,1,1,0,0,0,0,2,28
4d53184920e9,9a0080a4018c8:80000041a099a211,win,2,3,3,mate in 2,1,1,1,0,0,0,0,2,27
e11d8db59449,9c08084012193:801000194098d408,win,2,3,3,mate in 2,1,1,1,0,0,0,0,2,28
981421d491e7,1920111103250:901001108241c109,win,2,3,3,mate in 2,1,1,1,0,0,0,0,2,27
d774abc1ad47,92001e40a8068:c04810417603,win,2,3,3,mate in 2,1,1,1,0,0,0,0,2,28
91bae078c406,11006100e1292:120202098211800d,win,2,3,3,mate in 2,1,1,1,0,0,0,0,2,27
8177c113b67f,90a008a209230:1200902910090809,win,4,7,7,mate in 4,3,1,1,0,0,0,0,4,26
0d64b95bd6de,900d16189201:9001021080050c1e,win,2,3,3,mate in 2,0,2,1,1,0,0,0,2,28
ba48abe4f847,4800ca10110a9:80082020142ca504,win,2,3,3,mate in 2,1,1,1,0,0,0,0,2,27
da1f3a4c1d04,1110c0b0d0108:3080a0190009a05,win,2,3,3,mate in 2,0,2,1,1,0,0,0,2,27
6e468eec5197,208049d084849:c0004020007b506,win,2,3,3,mate in 2,1,1,1,0,0,0,1,1,28
8c82f6d5a993,20108898800e81:8000200628917a,win,2,3,3,mate in 2,1,1,1,0,0,0,0,2,27
871723a5daca,2303628847:20000b0193338,win,7,13,13,mate in 7,3,4,1,1,0,2,2,5,28
a3b41168c6c7,281020c8203c01:90008c081409c028,win,2,3,3,mate in 2,1,1,1,0,0,0,0,2,27
0395111d521e,100905000503c205:10090099008350a,win,3,5,5,mate in 3,2,1,1,0,0,0,1,2,28
02f36bc648dd,602001c001960a:8000806020686065,win,2,3,3,mate in 2,1,1,1,0,0,0,0,2,27
a3548b3fe09b,10c10190010c015:110104110d3908,win,2,3,3,mate in 2,1,1,1,0,0,0,0,2,27
a12cc14db89e,1081120080852a01:20813a08948c,win,3,5,5,mate in 3,2,1,1,0,0,0,0,3,27
47df7b375f57,2822003601140e:1002b002aaa21,win,7,13,13,mate in 7,1,6,1,1,0,4,5,2,28
48bdf6d942e4,200900083402d142:8000a00380492429,win,2,3,3,mate in 2,1,1,1,0,0,0,1,1,28
3a27bdd26564,18a108b19088:8080801090080937,win,2,3,3,mate in 2,1,1,1,0,0,0,0,2,28
653a9416f963,8090891858c:8000840094481853,win,2,3,3,mate in 2,1,1,1,0,0,0,0,2,27
52b9dd40fc83,58081048c1618:100010049041a0e5,win,8,15,23,mate in 12,1,7,0,0,0,7,6,2,28
7e1dadcb070a,1062810495220:800018720a549,win,2,3,3,mate in 2,1,1,1,0,0,0,0,2,27
b9a8d2b4d40b,9050001a01c65:298c09e188,win,5,9,17,mate in 9,1,4,0,0,1,3,2,3,28
adcbfb8bca6e,93408b040810a:143050b3441,win,2,3,3,mate in 2,1,1,1,0,0,0,0,2,28
052c2df95d7e,819000810b090a8:989188090a11,win,5,9,9,mate in 5,4,1,1,0,0,0,1,4,28
05dea21adb07,18020002002c61d:2000018001c921e2,win,2,3,3,mate in 2,1,1,1,0,0,0,0,2,27
84ee7e0a4cce,20804500054d104:20886092659,win,3,5,5,mate in 3,1,2,1,1,0,0,0,3,27
14b7c5285d0d,a206020618168:60000a010e3807,win,2,3,3,mate in 2,1,1,1,0,0,0,0,2,28
33dddb0d92e6,4191004405c508:104004591401047,win,2,3,3,mate in 2,0,2,1,1,0,0,0,2,28
b45747919008,100082490bc18:9011d8094081,win,2,3,3,mate in 2,1,1,1,0,0,0,0,2,26
a41cd3ae394f,9006005620b21:420040b0009944a,win,2,3,3,mate in 2,1,1,1,0,0,0,0,2,28
928133671dab,18800910409345:82000210823900b8,win,13,25,35,mate in 18,2,11,1,0,0,10,5,8,28
8d6a0ad46130,200920018020d281:83b892928,win,7,13,31,mate in 16,1,6,0,0,1,5,5,2,27
abbb1db60209,1908813881208:100800018043c1c3,win,2,3,3,mate in 2,1,1,1,0,0,0,0,2,27
b3ae0433e006,10084001d804c088:c001900800091a05,win,2,3,3,mate in 2,1,1,1,0,0,0,0,2,26
b8b8bd2c29d6,900c080593018:8000a009208089c1,win,2,3,3,mate in 2,1,1,1,0,0,0,0,2,26
6c57fdfd0731,498834a34:80008080020cb08b,win,2,3,3,mate in 2,1,1,1,0,0,0,0,2,26
10c3669a11f2,58004201ca928:819890110d5,win,9,17,17,mate in 9,4,5,1,0,0,4,4,5,28
b22c5bf6357e,209088091019881:800082090e880708,win,2,3,3,mate in 2,1,1,1,0,0,0,0,2,28
b387c295c34e,208404115005845:308424d8708,win,3,5,7,mate in 4,0,3,1,0,0,2,2,1,28
99c8b139b81f,80902a092209220:220080908892889,win,4,7,7,mate in 4,3,1,1,0,0,0,0,4,28
afe93150ad9a,180008541960c:8100110112080943,win,7,13,17,mate in 9,0,7,1,0,0,6,5,2,26
fec2fdb7802c,4d008808d8011:900800145010508c,win,2,3,3,mate in 2,1,1,1,0,0,0,0,2,26
f2c66fade510,58004201ca908:81989011095,win,10,19,19,mate in 10,5,5,1,0,0,4,4,6,26
d91029cba26b,9400832089890:a01c8116209,win,2,3,3,mate in 2,1,1,1,0,0,0,0,2,26
dea22d9b42bd,1018401010129805:4000100ec00c601a,win,4,7,7,mate in 4,3,1,1,0,0,0,1,3,27
ca2045310829,30191009a038:90188000a6101601,win,2,3,3,mate in 2,1,1,1,0,0,0,0,2,27
73b178a76435,58c958804008:50080000004998c7,win,2,3,3,mate in 2,0,2,1,1,0,0,0,2,27
db6a7279a0f6,21802c00258281:20c02019208112c,win,3,5,5,mate in 3,2,1,1,0,0,0,0,3,27
31b2bee7814c,92900210d2009:2004000d0800d924,win,2,3,3,mate in 2,1,1,1,0,0,0,0,2,26
365e5ea2a915,38002003029164:3180039021b,win,3,5,5,mate in 3,1,2,1,1,0,0,0,3,26
1c68acff82b4,10090100180a980a:900981052185,win,2,3,3,mate in 2,1,1,1,0,0,0,0,2,26
42198af4ac6f,90090002a081b081:29009180a481a,win,2,3,3,mate in 2,1,1,1,0,0,0,0,2,28
574831973b3c,45000102061689:40006460441c046,win,2,3,3,mate in 2,1,1,1,0,0,0,0,2,27
d96b0fe9839f,1900918401878:9020002080398381,win,2,3,3,mate in 2,0,2,1,1,0,0,0,2,28
67f4e220c6b3,48100910ca038:8000000442a05387,win,2,3,3,mate in 2,1,1,1,0,0,0,0,2,27
891c033c629a,1060096a88608:86088029000110a3,win,2,3,3,mate in 2,1,1,1,0,0,0,0,2,28
bd436f6c79cf,19080494098005:8000801908141c18,win,2,3,3,mate in 2,1,1,1,0,0,0,0,2,26
e1b344b139c7,190804d4098005:8000801908145c18,win,2,3,3,mate in 2,1,1,1,0,0,0,0,2,28
d7c56dfb08ed,9030080058109a:100a00923082a041,win,3,5,7,mate in 4,0,3,0,0,1,2,2,1,27
82b315a81958,2c000c00095485:10001020d0348078,win,3,5,5,mate in 3,2,1,1,0,0,0,1,2,27
4000fe724dbc,1008000220312439:4001408940a9202,win,3,5,5,mate in 3,2,1,1,0,0,0,1,2,26
1ef5babfb021,1009100820447448:2001d0098a27,win,3,5,7,mate in 4,1,2,1,1,0,0,0,3,28
463e128b236d,11008020a941e:8008860194110201,win,2,3,3,mate in 2,0,2,1,1,0,0,0,2,26
7b88d4015792,2018b48e9:10009408840b112,win,3,5,5,mate in 3,1,2,1,1,0,0,0,3,26
82d41e316f70,10800a80c845e:2000204300437901,win,2,3,3,mate in 2,0,2,1,1,0,0,0,2,28
56bbb4f44ff0,100290ae81480:18c010010b69,win,2,3,3,mate in 2,1,1,1,0,0,0,0,2,26
924537fbb6a2,a580012080d00c:800000a4902521a1,win,2,3,3,mate in 2,1,1,1,0,0,0,0,2,27
ffe1d74ffe1d,1008104b080ac041:1c800d041181a,win,4,7,9,mate in 5,2,2,1,1,0,0,1,3,28
cd8c2a6471d7,388040d9684:1001401b3802109,win,6,11,11,mate in 6,1,5,1,1,0,3,2,4,28
017e65208395,1009580080105c18:800084095c098101,win,2,3,3,mate in 2,0,2,1,1,0,0,0,2,28
63e4b9ca3d24,9004000c58364:400289020a108b,win,2,3,3,mate in 2,1,1,1,0,0,0,0,2,26
f72ead20acd1,1800050385c98:80000c218c81a021,win,8,15,29,mate in 15,2,6,1,0,0,5,5,3,28
21e070095ebc,400890885a818:89000413081385,win,3,5,5,mate in 3,1,2,1,1,0,0,0,3,27
208ed6de6c35,1940342008309:10080008940b5402,win,2,3,3,mate in 2,1,1,1,0,0,0,1,1,26
ca50157834c7,700013022bc02:a006800d406d,win,3,5,9,mate in 5,1,2,1,1,0,0,0,3,28
c82e1f07a058,2320410052a44:10040002a282908b,win,2,3,3,mate in 2,1,1,1,0,0,0,0,2,27
a83738c4f6be,24080a1078d:480064ea862,win,2,3,3,mate in 2,1,1,1,0,0,0,0,2,27
e6d63fd323f5,100910821002c508:10905891093,win,4,7,9,mate in 5,2,2,1,1,0,0,0,4,26
ace4e722ce58,100914821002c508:100010905891093,win,5,9,9,mate in 5,4,1,1,0,0,0,0,5,28
46b8bf2cd89c,700012022bc02:8006800d406d,win,3,5,9,mate in 5,1,2,1,1,0,0,0,3,26
f82448359be8,181a2a19124:a1222011082289,win,8,15,33,mate in 17,1,7,1,0,0,6,4,4,28
991924168307,10080022080b50a1:188950a0880a,win,2,3,3,mate in 2,0,2,1,1,0,0,0,2,26
0281c21b8ea5,aa0282004a901:a0000002812b002e,win,5,9,13,mate in 7,3,2,1,1,0,0,2,3,26
8d66470582e0,100d0005800c2809:30087081d184,win,2,3,3,mate in 2,0,2,1,1,0,0,0,2,27
c26635fd7b7b,100008645170c:90009401100088c3,win,2,3,3,mate in 2,0,2,1,1,0,0,0,2,26
492a4ce4a145,20810091002b122:10000200822d4a0d,win,2,3,3,mate in 2,1,1,1,0,0,0,0,2,27
8a3f6b5acc21,10090000bc058101:1c0d00083c0c,win,2,3,3,mate in 2,1,1,1,0,0,0,0,2,26
8382cc4d993c,900109180c09c:818d001d1901,win,2,3,3,mate in 2,1,1,1,0,0,0,0,2,27
d8cb9974b979,182405204d052:420003804b220d,win,2,3,3,mate in 2,0,2,1,1,0,0,1,1,28
3cd68083fba5,1801110081010c85:88051c0c910a,win,3,5,5,mate in 3,2,1,1,0,0,0,0,3,27
bccbd2fa9f7a,19008820894803:4011d010b09c,win,2,3,3,mate in 2,0,2,1,1,0,0,0,2,27
0072eaa529cc,21000015c914c2:4690020a92d,win,2,3,3,mate in 2,0,2,1,1,0,0,0,2,28
60ae69ac34de,10080010005b3091:10100a1080c94a,win,2,3,3,mate in 2,1,1,1,0,0,0,0,2,26
4c45a04443ed,190001308cd081:1000101c0011291e,win,2,3,3,mate in 2,1,1,1,0,0,0,1,1,28
aefdb63b0c2f,18008c2185094:8008420110058a09,win,2,3,3,mate in 2,1,1,1,0,0,0,0,2,26
f122aece3a37,1105085114458:1000095048b107,win,2,3,3,mate in 2,1,1,1,0,0,0,0,2,28
0945f84d2c43,250000068da18:200062520220e2,win,3,5,5,mate in 3,2,1,1,0,0,0,0,3,26
169971806782,93800b8001308:100000094109e851,win,2,3,3,mate in 2,0,2,1,1,0,0,0,2,27
ddb24101a6ce,10028920a3224:900890010025800b,win,9,17,29,mate in 15,0,9,1,0,0,8,5,4,26
dcff166dcc70,4104008601c819:49504816c4,win,2,3,3,mate in 2,1,1,1,0,0,0,0,2,26
83f66b164e0b,108000013289407:1010984030338,win,2,3,3,mate in 2,0,2,1,1,0,0,0,2,26
5f367e8ad68d,26082b28292:8200800220403c69,win,5,9,9,mate in 5,4,1,1,0,0,0,0,5,28
4f310f6178d9,a9008015008548:102980a910a1,win,2,3,3,mate in 2,0,2,1,1,0,0,0,2,26
3a6ec2ca1c82,92108a0015508:4011538a035,win,2,3,3,mate in 2,1,1,1,0,0,0,0,2,27
2d0c9aec76bf,b2002880ea014:2004080d2001190b,win,2,3,3,mate in 2,1,1,1,0,0,0,0,2,28
a428bc95d848,1080103020a1a84:308088981810b,win,3,5,9,mate in 5,1,2,1,1,0,0,0,3,27
1de01f013415,9189a008a003:9108200011815188,win,2,3,3,mate in 2,1,1,1,0,0,0,0,2,27
c27a64b4c421,120814218b210:c008b0814489,win,2,3,3,mate in 2,1,1,1,0,0,0,0,2,26
ce08d7fbc0f5,9160900089450:1440004096510209,win,2,3,3,mate in 2,1,1,1,0,0,0,0,2,27
a2edaadfeea1,100a4842011ac:209101118d8401,win,2,3,3,mate in 2,1,1,1,0,0,0,0,2,27
b0846c4660ba,10982800288580c:10d8105a381,win,2,3,3,mate in 2,1,1,1,0,0,0,0,2,28
cde1933bd50c,6024c80451208:90003020a8847,win,2,3,3,mate in 2,1,1,1,0,0,0,0,2,26
17880fa49c4d,2084201622800e:9002120280081621,win,2,3,3,mate in 2,1,1,1,0,0,0,0,2,26
be6500b12408,2084201626800e:9002120280085621,win,2,3,3,mate in 2,1,1,1,0,0,0,0,2,28
5dac51f1543f,210121100149b:10100500a416a104,win,2,3,3,mate in 2,1,1,1,0,0,0,0,2,27
4c8e04c04c7e,108112002105321:10004009d1298018,win,3,5,5,mate in 3,1,2,1,1,0,0,0,3,27
751246f8ddb5,100198118a209:8008810012831192,win,5,9,13,mate in 7,1,4,0,0,0,4,3,2,27
fdacddcf72d7,125030400098304:2903645069,win,2,3,3,mate in 2,0,2,1,1,0,0,0,2,27
11d158b05aff,98000192049305:800082980099009a,win,4,7,7,mate in 4,3,1,1,0,0,0,1,3,28
b81a61738905,100b00001810d098:181b800b2803,win,2,3,3,mate in 2,1,1,1,0,0,0,1,1,27
e3c333a7839c,9910850108031:9010001181095508,win,8,15,29,mate in 15,3,5,1,1,0,3,5,3,27
3f7c4c6c04c7,104004010d88949:1040111409043094,win,2,3,3,mate in 2,0,2,1,1,0,0,0,2,28
a14b9d60f23e,c80014a0c5488:201420c80018b05,win,3,5,5,mate in 3,0,3,1,1,0,1,0,3,28
14b78d03fd7d,3009200420149016:4900991092109,win,2,3,3,mate in 2,1,1,1,0,0,0,0,2,28
0cbc1bd0cd03,15020800815321:80095021c009c,win,2,3,3,mate in 2,0,2,1,1,0,0,1,1,26
332af5077b40,40801d801a00b:13004200e5894,win,2,3,3,mate in 2,1,1,1,0,0,0,0,2,27
b6b748410d15,c0a094004c10c:140040b091a91,win,3,5,5,mate in 3,1,2,1,1,0,0,2,1,27
b203a95ab2ee,2095023403c:9402203089303,win,2,3,3,mate in 2,1,1,1,0,0,0,0,2,27
b5e444eb1c49,14800080903952:80000014294c808d,win,2,3,3,mate in 2,1,1,1,0,0,0,1,1,27
7fc4f3cb6cf8,30cb2042a018:b0008000908910c3,win,3,5,5,mate in 3,0,3,1,1,0,1,0,3,28
2f0bb353c4d4,29b228d420:2028a00044112219,win,7,13,31,mate in 16,2,5,1,1,0,3,4,3,28
06b80154e32e,9002836201c0a:3801080ba231,win,9,17,17,mate in 9,2,7,1,0,0,6,5,4,28
819edfb7f2e0,108130028000a053:808170835880,win,2,3,3,mate in 2,1,1,1,0,0,0,0,2,26
db01e3d17c5b,18c08042b1418:42a002388008823,win,2,3,3,mate in 2,0,2,1,1,0,0,1,1,28
986669b78e58,180826510d3:82010192a32c,win,3,5,7,mate in 4,1,2,1,1,0,0,1,2,28
1fc4785b9eeb,100101203017e:120980189e81,win,2,3,3,mate in 2,1,1,1,0,0,0,0,2,27
8e4fe788c30c,38521120e1:900010428d618,win,8,15,31,mate in 16,1,7,1,0,0,6,5,3,26
ed0a714447fd,210a000aa349:800a8000b1611022,win,2,3,3,mate in 2,1,1,1,0,0,0,0,2,27
a82ce10c2269,1009900980068021:8000000418293c0e,win,2,3,3,mate in 2,0,2,1,1,0,0,0,2,27
dfa1c9f7f1f6,100606248b20c:200c20190214161,win,5,9,9,mate in 5,4,1,1,0,0,0,0,5,28
de3fa7ece412,110081068a0bc:8a001a4051c41,win,2,3,3,mate in 2,1,1,1,0,0,0,0,2,28
8751b45e56c2,4d100988c5:1009980088447008,win,2,3,3,mate in 2,1,1,1,0,0,0,0,2,27
754e9fedcfd2,1300b8080c909:10084080700b3082,win,11,21,29,mate in 15,4,7,1,0,0,6,5,6,28
e6958cd28839,9801008439452:80000809901c480d,win,2,3,3,mate in 2,1,1,1,0,0,0,0,2,28
32b4262e03ed,409504c700b:10483040a4018444,win,2,3,3,mate in 2,1,1,1,0,0,0,0,2,28
15dcb39c07d0,a81020000a0933:1000088a19a09088,win,2,3,3,mate in 2,1,1,1,0,0,0,0,2,27
af02f1624634,a020d231d:900019802dc82,win,7,13,33,mate in 17,1,6,1,0,0,5,3,4,27
c6914aa5eab1,2050010395128:8000a0d028c13,win,7,13,29,mate in 15,2,5,0,0,1,4,4,3,26
ccc9458755e6,2000a00398a948:808010a82012b3,win,6,11,19,mate in 10,2,4,1,0,0,3,1,5,28
e62f4aa9265c,420250c28a088:9080830051c25,win,3,5,5,mate in 3,2,1,1,0,0,0,0,3,27
9a59d63f7876,120056001d82c:10009028902c2083,win,3,5,5,mate in 3,2,1,1,0,0,0,0,3,28
0eb216fe5ce5,9000020497982:8c90880805d,win,2,3,3,mate in 2,0,2,1,1,0,0,0,2,26
4e142b022f55,8121118110800d:2000808028813992,win,2,3,3,mate in 2,0,2,1,1,0,0,0,2,27
0ffc5c605f04,801200889118013:88811300a3908,win,3,5,5,mate in 3,1,2,1,1,0,0,0,3,27
3d34074cfbfe,13200081c9834:10081932212209,win,7,13,19,mate in 10,3,4,0,0,1,3,4,3,28
a5577a216a22,89a20816009201:2000481a0896488,win,6,11,15,mate in 8,0,6,0,0,1,5,4,2,28
b0427c133e1f,180038082801528:42005618ac3,win,4,7,7,mate in 4,2,2,1,1,0,0,1,3,27
cd93881ab2e0,9880018308638:102981095905,win,2,3,3,mate in 2,1,1,1,0,0,0,0,2,28
781a3bb13a09,11c9800881c1:9149800011c11008,win,2,3,3,mate in 2,1,1,1,0,0,0,0,2,27
14303f5f4307,300010d08b908:4001402100344a3,win,2,3,3,mate in 2,1,1,1,0,0,0,0,2,26
bed06988edb6,5c0008301b282:800001056004413d,win,4,7,7,mate in 4,3,1,1,0,0,0,0,4,28
419a7fcffdee,202139101180a:80108000a168315,win,2,3,3,mate in 2,1,1,1,0,0,0,1,1,27
69c0b166ae1d,108c0c8109c18:800100111c141e1,win,2,3,3,mate in 2,1,1,1,0,0,0,0,2,28
5b8375624ad4,1138002982308:200201131019091,win,2,3,3,mate in 2,1,1,1,0,0,0,0,2,26
bb20d01d67b6,51004980ba002:8800b00841c8d,win,3,5,5,mate in 3,1,2,1,1,0,0,0,3,27
3f39cf83b63c,140424c23c1:41000d1101d00c,win,2,3,3,mate in 2,0,2,1,1,0,0,0,2,26
1d7c871d3827,18048c4015061:9408140110688408,win,2,3,3,mate in 2,1,1,1,0,0,0,0,2,27
d04eb5e38d0d,282464386c:20202400880b8603,win,3,5,5,mate in 3,2,1,1,0,0,0,0,3,28
fbb208fdbf2c,1008900b0005a003:80010004901a189c,win,2,3,3,mate in 2,1,1,1,0,0,0,0,2,27
162eb2de0c9b,10081048004090b5:8084908c4548,win,2,3,3,mate in 2,1,1,1,0,0,0,0,2,26
f8468486994f,100810580040d485:85109d2078,win,2,3,3,mate in 2,1,1,1,0,0,0,0,2,28
2ddd79debd46,1800000a305a43:10001818100880bc,win,2,3,3,mate in 2,0,2,1,1,0,0,1,1,26
66ce59cfa30a,1800e0048192a:8004180378055,win,2,3,3,mate in 2,1,1,1,0,0,0,0,2,27
265a0086c37a,20040c8308150c:c832004258221,win,6,11,17,mate in 9,3,3,1,0,0,2,1,5,27
fb264666b946,1009590011924:8004800001b48499,win,2,3,3,mate in 2,1,1,1,0,0,0,1,1,27
a0b7987ddbea,102881005400c443:10288129192c,win,4,7,7,mate in 4,3,1,1,0,0,0,1,3,28
51a3d43f8aa9,100885811a805:81001a0885498,win,2,3,3,mate in 2,1,1,1,0,0,0,0,2,26
1a5496d64cfa,7a0035a03:900390001004a02c,win,2,3,3,mate in 2,0,2,1,1,0,0,0,2,26
321b70935dab,4090008081c1925:14011401a4da,win,3,5,5,mate in 3,2,1,1,0,0,0,0,3,28
e3e34c82bb42,118000883002ac9:1103059d510,win,2,3,3,mate in 2,1,1,1,0,0,0,0,2,28
49da978e7811,28009800841c1a:c201c3880a5,win,2,3,3,mate in 2,1,1,1,0,0,0,0,2,27
010250ef5171,23c082404180d:4090003180ba402,win,7,13,13,mate in 7,1,6,1,1,0,4,3,4,28
edc29e2ab3f0,90002068292d1:200020980190d2a,win,5,9,9,mate in 5,3,2,1,1,0,0,0,5,28
e22b9e96725e,91000806509c5:100001491188902a,win,2,3,3,mate in 2,1,1,1,0,0,0,0,2,28
6a77bd2675a3,10822089840a841:81006308531a,win,2,3,3,mate in 2,1,1,1,0,0,0,0,2,28
718f76474665,900a900909292:9080900090290069,win,2,3,3,mate in 2,0,2,1,1,0,0,0,2,28
264b4b36d540,145c04029442:14008000905c001d,win,2,3,3,mate in 2,0,2,1,1,0,0,0,2,26
0271da9492fc,91000806109c5:100001091188902a,win,2,3,3,mate in 2,1,1,1,0,0,0,0,2,26
72a5fe2748a7,801802b80079002:802208040828482d,win,3,5,5,mate in 3,2,1,1,0,0,0,0,3,28
ea2d2e455896,28902090419104:90000148012c006b,win,4,7,7,mate in 4,3,1,1,0,0,0,0,4,27
3ee770ee1132,208031d0208812:c01050000019502d,win,7,13,29,mate in 15,0,7,1,1,0,5,1,6,27
d7e75af403f2,1050919005508:15081000440b8803,win,2,3,3,mate in 2,1,1,1,0,0,0,0,2,27
c568bed16432,1100881c0561a:80001560981c5,win,2,3,3,mate in 2,0,2,1,1,0,0,0,2,28
35184435b697,10c80108020c8305:10c111c130c8,win,2,3,3,mate in 2,1,1,1,0,0,0,1,1,28
699a3248b428,90804000530a125:92c080c1c98,win,7,13,31,mate in 16,1,6,1,0,0,5,5,2,28
04a425f67243,1048014180288301:1100813413068,win,2,3,3,mate in 2,1,1,1,0,0,0,1,1,26
f8901bc0e712,3094044d085:300800083092348,win,3,5,7,mate in 4,2,1,0,0,1,0,1,2,26
fb6f0ca331e7,1540100b0909a:5400000854094c21,win,4,7,7,mate in 4,3,1,1,0,0,0,1,3,28
0030d99a702c,4984894289:900000250b554,win,2,3,3,mate in 2,1,1,1,0,0,0,0,2,26
083a47ce66f1,280100902043a5:82282348b048,win,4,7,7,mate in 4,3,1,1,0,0,0,0,4,27
511c07abb7ba,9341100101443:100000483449e018,win,2,3,3,mate in 2,0,2,1,1,0,0,0,2,27
b4b8452e8f85,10090010814d201c:11491010d941,win,2,3,3,mate in 2,1,1,1,0,0,0,0,2,28
884f27418711,8110095003801a:1008408005885581,win,3,5,5,mate in 3,1,2,1,1,0,0,0,3,27
3a42105a7ee4,2009100911101112:10102110a00ba009,win,8,15,33,mate in 17,1,7,0,0,1,6,4,4,27
51a894bba885,62c2681603:800884081402c06c,win,2,3,3,mate in 2,1,1,1,0,0,0,0,2,28
1dde2e9a54b9,1940004439c001:400000399000143e,win,2,3,3,mate in 2,0,2,1,1,0,0,0,2,27
f77600b8447a,8910480c039041:1000008390c80c8a,win,2,3,3,mate in 2,1,1,1,0,0,0,1,1,28
dd877b19f054,20100820aa10a3:300120a11101a108,win,8,15,15,mate in 8,3,5,1,0,0,4,6,2,27
55b4990c9be9,1029010890089900:10210d216429,win,2,3,3,mate in 2,0,2,1,1,0,0,0,2,27
4816688f2f34,3b071801a:10003060008230e1,win,2,3,3,mate in 2,1,1,1,0,0,0,0,2,26
a8c6ef2fd43b,10003b071801a:1000b060008230e1,win,2,3,3,mate in 2,1,1,1,0,0,0,0,2,28
34a974193c38,432004085828c:10000084ba007841,win,9,17,31,mate in 16,2,7,1,0,0,6,3,6,27
3bdd24d2b98f,984001c489144:1000180982010e89,win,2,3,3,mate in 2,1,1,1,0,0,0,0,2,28
53441cbbdde2,980083c03d001:4004c03c0082c0a,win,2,3,3,mate in 2,1,1,1,0,0,0,0,2,28
4ab05ba9e14b,122003608d824:9401c001270b,win,2,3,3,mate in 2,0,2,1,1,0,0,1,1,28
8e35d4276e25,4b0001200a9285:24a8241606a,win,2,3,3,mate in 2,0,2,1,1,0,0,0,2,28
574ba4528ba7,2204204450503a:1002912e8544,win,9,17,23,mate in 12,2,7,0,0,0,7,7,2,28
78fd9208c6fe,310227000b00a:10008009802b40a1,win,9,17,29,mate in 15,2,7,1,0,0,6,4,5,26
df0076e30118,100800080511c498:d010d2081b01,win,4,7,7,mate in 4,3,1,1,0,0,0,1,3,27
ca5b6eb26666,1008024010398230:101902c030c9,win,7,13,33,mate in 17,1,6,1,0,0,5,5,2,26
7b7cf98524e9,2009000c98098203:28032006782c,win,3,5,5,mate in 3,2,1,1,0,0,0,0,3,28
4047f4d0859c,40c0119a89201:c84050dae,win,2,3,3,mate in 2,1,1,1,0,0,0,0,2,28
5534606c389c,c100250897084:1001008d00068a0b,win,2,3,3,mate in 2,1,1,1,0,0,0,0,2,28
0b9e192f82aa,10388a0dc201:2088051030183c,win,3,5,5,mate in 3,2,1,1,0,0,0,1,2,28
e17403798ce4,10018004da584:8804581100079,win,2,3,3,mate in 2,1,1,1,0,0,0,0,2,26
833f59d35a65,18006189619:20811c101e6,win,2,3,3,mate in 2,1,1,1,0,0,0,0,2,26
2fda3850ec96,10080104a908a005:8004900910051908,win,2,3,3,mate in 2,1,1,1,0,0,0,0,2,26
bb89854942ad,10080904a908a005:8004b00910051908,win,2,3,3,mate in 2,1,1,1,0,0,0,0,2,28
1f07956c7be2,18004184415403:8401841800188058,win,2,3,3,mate in 2,1,1,1,0,0,0,0,2,26
7d49b61dc50d,100c801085089502:8000100c1017401d,win,2,3,3,mate in 2,1,1,1,0,0,0,1,1,28
9cb88bb9b2e7,142806490549:1429010111209220,win,2,3,3,mate in 2,1,1,1,0,0,0,0,2,28
ca764e29943a,18910840101909:900000109109c036,win,2,3,3,mate in 2,1,1,1,0,0,0,1,1,27
779df8c76875,1800c620cd408:8320190012b05,win,3,5,5,mate in 3,2,1,1,0,0,0,0,3,28
38a87f906fba,10c0020b4243021:20a10c0109850c,win,2,3,3,mate in 2,1,1,1,0,0,0,0,2,28
e4a82b7b31d0,20082082009d70:7000d690289,win,2,3,3,mate in 2,1,1,1,0,0,0,0,2,27
f997297d7842,1500980191828:1880105402c413,win,5,9,9,mate in 5,0,5,1,1,0,3,4,1,27
30b37a6901d4,1910b58483:30022040a703c,win,2,3,3,mate in 2,1,1,1,0,0,0,0,2,28
6b550d6da25a,3800c90090826:1008100304069489,win,3,5,5,mate in 3,2,1,1,0,0,0,0,3,27
1bae64220662,100043018d234:10001001c105210b,win,2,3,3,mate in 2,1,1,1,0,0,0,0,2,26
a697f21d8cf0,1000c3018d234:10041001c105210b,win,2,3,3,mate in 2,1,1,1,0,0,0,0,2,28
54e82328a5db,9840044289c24:42000298007600b,win,2,3,3,mate in 2,1,1,1,0,0,0,0,2,28
240b13fd7a70,20808088b3884:8002006b204820b,win,2,3,3,mate in 2,1,1,1,0,0,0,0,2,27
c01d40165bcc,1800032949284:801000118003205b,win,7,13,13,mate in 7,2,5,1,0,0,4,4,3,26
f1a208b3dbf3,9960014418450:8400004982083309,win,2,3,3,mate in 2,1,1,1,0,0,0,0,2,28
ffc13a80bf40,102c3804a382:200ab583d,win,3,5,9,mate in 5,2,1,0,0,1,0,0,3,28
43a089f31402,101800008c4850c5:400141810908c1a,win,4,7,7,mate in 4,3,1,1,0,0,0,0,4,28
f19323294e58,51021300810a3:1000200408a5ac0c,win,2,3,3,mate in 2,1,1,1,0,0,0,0,2,27
59f0459da7dd,109a010c804d:8010410d21392,win,2,3,3,mate in 2,1,1,1,0,0,0,0,2,27
6fc67d126112,9000011293d24:c090c84c289,win,3,5,5,mate in 3,1,2,1,1,0,0,0,3,28
e1b776e6c3bd,1009a0094000700c:5000b01d8891,win,2,3,3,mate in 2,1,1,1,0,0,0,0,2,27
5147da2522d9,12908a9000900c:90880010009a0293,win,4,7,7,mate in 4,3,1,1,0,0,0,0,4,27
957be9aefc3d,120889080e418:40166091383,win,8,15,35,mate in 18,2,6,1,0,0,5,3,5,27
d18a0c3e0b7e,102048348930a:9200904110050055,win,2,3,3,mate in 2,0,2,1,1,0,0,0,2,28
c944a64a9afb,9940100141445:1000000c940bc01a,win,6,11,13,mate in 7,0,6,1,1,0,4,3,3,27
e4a9b9e811ab,100a01091c07a:80208011c1221181,win,2,3,3,mate in 2,1,1,1,0,0,0,0,2,28
89b68c304f2c,c1a2018008a201:a00000c022c110cc,win,2,3,3,mate in 2,1,1,1,0,0,0,0,2,27
9d44e73d3b7f,8182221202902c:8000008580ad0283,win,3,5,5,mate in 3,1,2,1,1,0,0,0,3,28
3807a58315ba,21800300129314:900010209021282b,win,2,3,3,mate in 2,1,1,1,0,0,0,0,2,27
5f91cfefecd1,100800498842310a:80138003009c841,win,2,3,3,mate in 2,1,1,1,0,0,0,0,2,28
2a8c1f4cd10f,10c000490059803:1000110a011a011c,win,2,3,3,mate in 2,1,1,1,0,0,0,0,2,26
979a50040d20,4908019829104:90000006800d088b,win,2,3,3,mate in 2,1,1,1,0,0,0,0,2,26
8c53d5b01e94,911009820c924:8100800d410d1009,win,2,3,3,mate in 2,0,2,1,1,0,0,0,2,28
c8a1a2fbfbaf,140a00669486:800a800094090169,win,6,11,11,mate in 6,1,5,1,1,0,3,2,4,28
82c0d9bdb45b,100800405011ca03:8000920882481058,win,3,5,5,mate in 3,1,2,1,1,0,0,0,3,26
871d2c36a667,100800405011ca83:8000920882481078,win,2,3,3,mate in 2,0,2,1,1,0,0,0,2,28
c6ab46aca96c,1008000156055023:201160a000a860c,win,2,3,3,mate in 2,1,1,1,0,0,0,0,2,28
aaa8a8371e64,10202430a9103:a40098001621c,win,7,13,19,mate in 10,6,1,0,0,1,0,2,5,26
9e12fe4f004b,130441144300c:11040101a00981c1,win,8,15,33,mate in 17,0,8,1,0,0,7,4,4,27
3e9496b3924a,16200604ab048:2048004902054207,win,2,3,3,mate in 2,1,1,1,0,0,0,0,2,28
bcba00fa0c0a,401000b112801aa:100a140004039641,win,2,3,3,mate in 2,1,1,1,0,0,0,0,2,28
7d3192994a47,1009208921108094:8000910090893109,win,3,5,7,mate in 4,1,2,1,1,0,0,1,2,28
dbb0680f3a0f,41b900b2401:9a0002410d03a,win,2,3,3,mate in 2,0,2,1,1,0,0,0,2,27
7806e07211fb,1108830111099000:82001008a2802389,win,3,5,5,mate in 3,1,2,1,1,0,0,0,3,27
50ea0ae5b851,29040030299580:a0a984802069,win,2,3,3,mate in 2,1,1,1,0,0,0,0,2,28
1c346412b2c2,10080009004b0b41:111409300948a,win,2,3,3,mate in 2,1,1,1,0,0,0,0,2,27
cb1a000f03d2,14094000d0011601:c00094090608c008,win,6,11,15,mate in 8,1,5,1,0,0,4,3,3,26
fa3ad60021e0,19010098298805:1000103901141138,win,2,3,3,mate in 2,1,1,1,0,0,0,0,2,28
c0d0e25c9eda,210008050914a5:8005a110a2810a,win,2,3,3,mate in 2,1,1,1,0,0,0,0,2,27
36807da42052,11810009300110aa:31a001aaa101,win,7,13,29,mate in 15,0,7,0,0,0,7,5,2,28
b6da2ccf44da,208020011201873:10802cac388,win,4,7,7,mate in 4,3,1,1,0,0,0,0,4,26
5c19e47da361,41200034409071:146100a16588,win,2,3,3,mate in 2,1,1,1,0,0,0,0,2,27
d69d63dc4406,1049c000108d5008:8000104dc04080c5,win,2,3,3,mate in 2,1,1,1,0,0,0,0,2,28
41737a2b7998,18480918012209:100104618dc90,win,2,3,3,mate in 2,1,1,1,0,0,0,0,2,27
3588ec4b9649,4002092119518:1060505240225,win,9,17,33,mate in 17,0,9,1,1,0,7,6,3,26
55f115d5df04,20201a3181301:200a00a0003a03a,win,2,3,3,mate in 2,1,1,1,0,0,0,0,2,26
d5b3b70e06e2,10814006c09d400:400490911002b09,win,2,3,3,mate in 2,1,1,1,0,0,0,0,2,28
6549100cf98b,14280040000bb043:142834604c28,win,4,7,7,mate in 4,3,1,1,0,0,0,0,4,28
4eb046cc2b6e,8018001d04ac028:8008180a08211843,win,4,7,9,mate in 5,2,2,1,1,0,0,1,3,28
c3111f8a4fb6,14008c417d004:c00880050008251b,win,2,3,3,mate in 2,1,1,1,0,0,0,0,2,28
384a26dd7b04,20a100253220d:20100038804d852,win,9,17,25,mate in 13,1,8,1,0,0,7,5,4,28
f130d2a297fb,1808381098902:8002010050a250a9,win,3,5,5,mate in 3,1,2,1,1,0,0,0,3,27
fcd9fae26357,b10c804e89:8104000039b170,win,3,5,5,mate in 3,2,1,1,0,0,0,2,1,28
5e2c3833aadf,33000848094aa:8083300b6901,win,3,5,5,mate in 3,1,2,1,1,0,0,0,3,28
cfb4dba7f490,5040080888e089:80050c4511c50,win,3,5,5,mate in 3,1,2,1,1,0,0,0,3,27
c233ac44546c,140015420c225:40000420028d3588,win,4,7,7,mate in 4,3,1,1,0,0,0,0,4,27
ffc05f617d5a,10cc218808c0a:c021001044b10c1,win,2,3,3,mate in 2,1,1,1,0,0,0,0,2,28
5a0516fc6440,1049144014018141:8000800988481e18,win,3,5,5,mate in 3,2,1,1,0,0,0,0,3,28
71be1f70b739,1800212aa060c:10001001840590a3,win,2,3,3,mate in 2,1,1,1,0,0,0,0,2,26
948055ee8f05,1840212aa060c:10001081840590a3,win,2,3,3,mate in 2,1,1,1,0,0,0,0,2,28
31e6fa3b2cf8,801801990011118:80080800091ca845,win,2,3,3,mate in 2,1,1,1,0,0,0,1,1,27
f0cd20eab750,288009841092b:98001003010290d4,win,2,3,3,mate in 2,1,1,1,0,0,0,0,2,28
b9ce81eb76c4,348a0181305:10020140344a058,win,2,3,3,mate in 2,1,1,1,0,0,0,0,2,26
e37778cff91f,a10290481148c:10000086102e8823,win,8,15,17,mate in 9,4,4,1,0,0,3,5,3,28
4c50361d35e4,41120805489c40:108054192010309,win,9,17,33,mate in 17,1,8,1,0,0,7,2,7,28
c444ac16c002,150002428e548:1008002950011037,win,2,3,3,mate in 2,0,2,1,1,0,0,0,2,28
b559313d71e6,1100888a50919:10080035101890a4,win,12,23,31,mate in 16,4,8,1,0,0,7,5,7,28
89a5ea1a8787,1800285129504:800005110089029b,win,2,3,3,mate in 2,1,1,1,0,0,0,0,2,27
550f4e2dc056,11048340a9508:1008840380416043,win,3,5,5,mate in 3,2,1,1,0,0,0,1,2,28
462f80510fb5,185400c9088121:1000001914115c18,win,2,3,3,mate in 2,1,1,1,0,0,0,0,2,28
3c89419a86df,18c080021052b:840800219c089804,win,4,7,9,mate in 5,3,1,0,0,1,0,0,4,27
bc4675864268,1800208a891a6:2082590070819,win,4,7,7,mate in 4,2,2,1,1,0,0,1,3,28
cac37c90af47,600029200b100b:900408064aa64,win,2,3,3,mate in 2,1,1,1,0,0,0,0,2,27
76bb162520e6,1902900228c09:10080402940910a6,win,8,15,33,mate in 17,1,7,0,0,1,6,6,2,27
3037629618e2,20042804288545:4080040a1507038,win,3,5,5,mate in 3,1,2,1,1,0,0,0,3,27
8b1742a029b3,1008001017095101:56084010861a,win,3,5,5,mate in 3,2,1,1,0,0,0,0,3,26
f69b12408812,1018808810818051:8081101180181288,win,2,3,3,mate in 2,0,2,1,1,0,0,0,2,26
7690461354e2,1080058704a49:1800126102013130,win,2,3,3,mate in 2,0,2,1,1,0,0,0,2,28
e3b436e33b7e,1989310903:90922100a9038,win,2,3,3,mate in 2,1,1,1,0,0,0,1,1,27
d1ceab019744,200407068a078:48800a80035183,win,8,15,31,mate in 16,1,7,0,0,1,6,5,3,28
806723d894ae,20840580068027:8405002015211508,win,3,5,5,mate in 3,1,2,1,1,0,0,0,3,27
96f22bd09183,2009000900509143:8000a000a0096298,win,3,5,5,mate in 3,2,1,1,0,0,0,0,3,26
6f301500f301,91220106092e0:9220800982090019,win,4,7,7,mate in 4,3,1,1,0,0,0,0,4,28
497e440ba15b,9009005a80401018:109001101b8043,win,3,5,5,mate in 3,1,2,1,1,0,0,0,3,26
4573add035c3,180997089102:9009820008010e0d,win,2,3,3,mate in 2,1,1,1,0,0,0,1,1,28
ab162d16823d,10840005109c304:d000930882001029,win,2,3,3,mate in 2,1,1,1,0,0,0,0,2,27
5783ddd17f3b,5981091491:801180001450c14c,win,7,13,13,mate in 7,1,6,1,1,0,4,3,4,27
3851f4fe368c,970021808e102:1000080961031889,win,6,11,11,mate in 6,5,1,1,0,0,0,2,4,28
c3025e1ad492,10090004401e8058:100b11015107,win,2,3,3,mate in 2,1,1,1,0,0,0,0,2,26
d104cdb8e076,8a83896108:108030008029a87,win,2,3,3,mate in 2,0,2,1,1,0,0,0,2,27
b32e7e9f8bbf,2c4034b861:102010001009471e,win,2,3,3,mate in 2,1,1,1,0,0,0,0,2,28
1f3bbdaac3f3,1008004091499022:1902900204949,win,2,3,3,mate in 2,1,1,1,0,0,0,0,2,26
5f3ea64a5043,1009090019129202:1019020d091d,win,2,3,3,mate in 2,1,1,1,0,0,0,0,2,28
fdb2a5dc2768,100401022d2ad:8000800980492d42,win,3,5,5,mate in 3,2,1,1,0,0,0,0,3,28
f5b3ba8e338f,100a9080200610c1:200e90c8a00e,win,2,3,3,mate in 2,1,1,1,0,0,0,0,2,27
c802aefcfd01,1008002098138443:101b00681a38,win,4,7,7,mate in 4,1,3,1,0,0,2,3,1,28
854db2d75ff9,1008118d00803028:10000b10d8585,win,2,3,3,mate in 2,1,1,1,0,0,0,0,2,27
77daba6183b5,2a0b288600d:8000c004402692a2,win,2,3,3,mate in 2,0,2,1,1,0,0,0,2,28
6ceffb2449f9,108910209002c062:20008900a91a89,win,2,3,3,mate in 2,1,1,1,0,0,0,0,2,28
75bf69268fc1,101800101011e902:100a490e101d,win,2,3,3,mate in 2,1,1,1,0,0,0,0,2,27
6a6a04545840,100c06090541c:400040010045a8e1,win,5,9,9,mate in 5,3,2,1,1,0,0,0,5,26
dd551208fa49,100a211a81582:8004090403c06d,win,6,11,17,mate in 9,0,6,1,1,0,4,3,3,28
28ecab15450b,1910010240da01:25898192058,win,2,3,3,mate in 2,1,1,1,0,0,0,0,2,27
9c88e5eba001,12000c10cb418:4410d20014107,win,2,3,3,mate in 2,1,1,1,0,0,0,1,1,26
63b88d7b1c3e,911080105a043:10002005304a111c,win,2,3,3,mate in 2,1,1,1,0,0,0,0,2,27
8b4e2eb5c501,24998138052:51101002483a09,win,2,3,3,mate in 2,1,1,1,0,0,0,1,1,28
d62bfa2e9ced,250407080e204:50000082804a10cb,win,2,3,3,mate in 2,1,1,1,0,0,0,0,2,27
ca402b5bb0e1,1028000c14093005:14200066866a,win,2,3,3,mate in 2,1,1,1,0,0,0,1,1,27
07236ff1b9c0,2000a99420020b:20003899da4,win,2,3,3,mate in 2,0,2,1,1,0,0,0,2,27
b40bc8995ee7,9001134095c02:1c08c812a019,win,3,5,5,mate in 3,2,1,1,0,0,0,1,2,28
74e543fa1985,1902100489944:102000489023402b,win,2,3,3,mate in 2,1,1,1,0,0,0,1,1,27
f3371fb3e3d4,18000a0c97084:804020414014805b,win,9,17,31,mate in 16,2,7,0,0,1,6,3,6,27
8d059c34e386,20000001193d89:102894a28232,win,2,3,3,mate in 2,1,1,1,0,0,0,0,2,27
a0416be17f4a,2091020102d800c:1000820d82001261,win,2,3,3,mate in 2,1,1,1,0,0,0,0,2,26
1aa2254af926,1102c82249212:902880011019002d,win,2,3,3,mate in 2,1,1,1,0,0,0,0,2,28
8f5dc3459dee,100c90aa2608:10088082000490a7,win,2,3,3,mate in 2,1,1,1,0,0,0,0,2,26
cc6aeb5aa372,11011885050c8:1040884010098a11,win,2,3,3,mate in 2,1,1,1,0,0,0,0,2,26
43d904123b49,1c099100818a:10901000c8b1c01,win,2,3,3,mate in 2,1,1,1,0,0,0,0,2,27
aefe4da4a405,10451c0405c04:80088000c158059,win,5,9,9,mate in 5,3,2,1,1,0,0,0,5,26
c8926548de98,108111009105881:1000488870882118,win,2,3,3,mate in 2,0,2,1,1,0,0,0,2,27
fa36704b3279,108311009105881:1000488870882118,win,2,3,3,mate in 2,0,2,1,1,0,0,0,2,28
031e1771954a,10500018818a812:1060107510d,win,2,3,3,mate in 2,1,1,1,0,0,0,0,2,26
309558238400,100a008810988105:91128102309a,win,3,5,5,mate in 3,2,1,1,0,0,0,1,2,27
1efc6ca216c6,101b880a1098:908801091e803,win,2,3,3,mate in 2,1,1,1,0,0,0,1,1,27
3f83c6c27e39,91022d0068122:1006000d0029500d,win,2,3,3,mate in 2,1,1,1,0,0,0,0,2,28
9264370fd0be,9060102625403:40684409826c,win,2,3,3,mate in 2,1,1,1,0,0,0,0,2,28
9a827b74c7b6,28400062884129:600020a89020b280,win,11,21,33,mate in 17,1,10,0,0,1,9,6,5,27
8a7326cbae9d,18009841a0611:800806001301914a,win,3,5,5,mate in 3,2,1,1,0,0,0,1,2,27
bab4f85436dd,9021080134a05:95a88909a,win,2,3,3,mate in 2,1,1,1,0,0,0,0,2,27
b5127ecfca15,8148a2481080a8:8000980ab4813,win,3,5,5,mate in 3,2,1,1,0,0,0,1,2,28
056e078b2dd0,c994d1844:810d914100008109,win,3,5,7,mate in 4,1,2,1,1,0,0,0,3,28
a423c442742f,1009182028085089:40006009d021a820,win,3,5,5,mate in 3,2,1,1,0,0,0,0,3,28
153aa24adb07,10400800c910c98:800d1401049125,win,2,3,3,mate in 2,1,1,1,0,0,0,0,2,27
14507b1295d7,9660026011421:4001009d008e20a,win,5,9,9,mate in 5,3,2,1,1,0,0,0,5,28
d22147b13a4e,8011c038400102a:90008000182b8c01,win,3,5,9,mate in 5,1,2,1,0,0,1,2,1,26
a472b2ec57ad,8011c038400102a:90008000182bcc01,win,2,3,3,mate in 2,1,1,1,0,0,0,0,2,27
69f98b9aeaa7,91002208ac094:100020895001310b,win,2,3,3,mate in 2,1,1,1,0,0,0,0,2,27
643772df0bac,1008014008438909:401009910830c2,win,2,3,3,mate in 2,1,1,1,0,0,0,0,2,26
317b0617684e,1818180189105:809800180185009a,win,3,5,5,mate in 3,2,1,1,0,0,0,1,2,27
c36f67a1fe69,18300250104503:10000018a10bb018,win,2,3,3,mate in 2,1,1,1,0,0,0,0,2,27
ceeb37ed1bc1,69800a48225:86191d98,win,2,3,3,mate in 2,1,1,1,0,0,0,0,2,26
4d94a375fa6e,10080011501b8201:8001900a8000509a,win,3,5,5,mate in 3,2,1,1,0,0,0,2,1,26
e20e38f0d794,810300d1419280:8300c08102804149,win,2,3,3,mate in 2,1,1,1,0,0,0,0,2,28
9a15ba78e797,10a8900ca10a:8810025a014a5,win,3,5,7,mate in 4,1,2,1,1,0,0,0,3,27
e4c2c24baa4b,20c801420088158:8000020892543205,win,2,3,3,mate in 2,1,1,1,0,0,0,0,2,27
2b72916f04dc,10080050104515c4:401009011ac01b,win,2,3,3,mate in 2,1,1,1,0,0,0,0,2,28
5fedeabd641e,9102200b98098:1010001990021923,win,2,3,3,mate in 2,1,1,1,0,0,0,0,2,28
6b78fc8b2eac,20891071392:800480840298a00d,win,10,19,35,mate in 18,5,5,1,0,0,4,6,4,28
c149a7d6c95d,98044002b8462:8002000b9044300d,win,9,17,31,mate in 16,1,8,1,0,0,7,3,6,28
58c6b09cbd57,100a010011c4b084:900a800b414b,win,2,3,3,mate in 2,1,1,1,0,0,0,0,2,28
d6a32801bb7d,1008181108098007:8001800890103918,win,2,3,3,mate in 2,1,1,1,0,0,0,0,2,26
00e52e2df345,100842018808e00e:200100c72051a01,win,2,3,3,mate in 2,1,1,1,0,0,0,0,2,28
2516ba59419d,8190110a09101a:8008028890908a81,win,2,3,3,mate in 2,1,1,1,0,0,0,0,2,28
6a28f537ad17,100842018008e00e:100c72051a01,win,2,3,3,mate in 2,1,1,1,0,0,0,0,2,26
9044d0af6a9e,9130092209220:1200000901092159,win,4,7,7,mate in 4,3,1,1,0,0,0,0,4,26
49eb48d6430d,10000520a8d0b:9001810172a4,win,3,5,5,mate in 3,2,1,1,0,0,0,1,2,26
8a9a8bb95e7e,1720322026041:300000005049921e,win,3,5,9,mate in 5,1,2,1,1,0,0,0,3,28
d7da411665b4,2b08090881438:300000122812a883,win,5,9,9,mate in 5,1,4,1,1,0,2,3,2,28
970c0f02f3c8,10240d0c0a215:3081220155c8,win,2,3,3,mate in 2,1,1,1,0,0,0,1,1,28
fd4cfc308d21,1908000e4e128:90000061900114c5,win,2,3,3,mate in 2,0,2,1,1,0,0,1,1,28
f41ac2c448fc,1701180589020:1000804070016059,win,2,3,3,mate in 2,1,1,1,0,0,0,0,2,26
3878e1907b3a,10290a210749:10090000944898a2,win,3,5,5,mate in 3,1,2,1,1,0,0,0,3,28
af6c7d08d94c,20c100600ab104:810000228125402b,win,3,5,5,mate in 3,1,2,1,1,0,0,0,3,27
f9f303ce0258,1c0408042582e:4008014c21a641,win,2,3,3,mate in 2,1,1,1,0,0,0,0,2,28
e0607146b1bc,10080082148c014a:140c00025c95,win,2,3,3,mate in 2,1,1,1,0,0,0,0,2,26
63a9c89f5389,9002a00a07828:202001a80b8083,win,4,7,7,mate in 4,3,1,1,0,0,0,0,4,26
50024dd93872,21220b0098249:200a03323132,win,9,17,31,mate in 16,3,6,1,1,0,4,5,4,28
503e68661e66,181089d008908:8108040100c914c1,win,2,3,3,mate in 2,1,1,1,0,0,0,0,2,27
3b8210d17272,1008002182318611:110081448706a,win,2,3,3,mate in 2,1,1,1,0,0,0,0,2,28
59b46bb252a6,8011481944000c9:480880808899c20,win,3,5,5,mate in 3,2,1,1,0,0,0,0,3,28
9f83fcd295dc,2504012c19805:10008202c00a42ca,win,2,3,3,mate in 2,1,1,1,0,0,0,0,2,28
886ac3cdba6c,99001c808c204:d000400814011c29,win,2,3,3,mate in 2,0,2,1,1,0,0,0,2,27
6827c79d89ed,102ca1000505a:8100142cb8281,win,2,3,3,mate in 2,1,1,1,0,0,0,1,1,27
3708d3196db3,24300a7a24:300882a4809b,win,2,3,3,mate in 2,1,1,1,0,0,0,0,2,27
f3331a896e8b,4904280681023:40000d1007824c,win,3,5,5,mate in 3,2,1,1,0,0,0,0,3,26
42f026759a82,180092209821a:a008220080323021,win,2,3,3,mate in 2,1,1,1,0,0,0,0,2,26
9264dcfcb70a,8015000c10510a9:100008851880c906,win,2,3,3,mate in 2,1,1,1,0,0,0,1,1,28
6d8e82a1b44c,200408003d4458:408007094409025,win,9,17,17,mate in 9,2,7,1,0,0,6,6,3,27
fbce9e7f70a3,100004861b168:2000a801a4004e01,win,2,3,3,mate in 2,1,1,1,0,0,0,0,2,26
1d137c051998,9009003092009220:10920900390019,win,4,7,7,mate in 4,3,1,1,0,0,0,0,4,26
c730dcf151f5,9009003092009224:1092090039001b,win,3,5,5,mate in 3,2,1,1,0,0,0,0,3,28
7195ec5297db,8090818004a10c3:10039811c81c,win,11,21,21,mate in 11,2,9,1,0,0,8,7,4,28
ea5ae666e1fa,114214081b028:608034204c91,win,5,9,15,mate in 8,1,4,0,0,0,4,3,2,26
34e408c5d311,40008142b1c0a:409140580048025,win,2,3,3,mate in 2,1,1,1,0,0,0,0,2,26
c0023a455ad6,e048e09443:409800b00868a8,win,2,3,3,mate in 2,1,1,1,0,0,0,0,2,28
384d2324dd12,180c290498201:80881009028210ca,win,3,5,5,mate in 3,2,1,1,0,0,0,0,3,27
d13f7c4c4799,4010008800e19a8:8040314a18407,win,2,3,3,mate in 2,1,1,1,0,0,0,0,2,27
d50be3699ba7,10980008101c1181:10952081a21c,win,4,7,9,mate in 5,0,4,1,0,0,3,3,1,27
f1025bb1214b,1009188869034:8000900010192a8b,win,2,3,3,mate in 2,1,1,1,0,0,0,1,1,28
f4f03f9590e4,40354117101:100110008122863a,win,5,9,19,mate in 10,3,2,1,1,0,0,2,3,27
fc4bda29b385,1008002102248297:1100c10491c68,win,2,3,3,mate in 2,1,1,1,0,0,0,0,2,28
6fc17eef4fa6,1108008810910229:1100830c9594,win,4,7,7,mate in 4,3,1,1,0,0,0,0,4,27
2a73c77c5d5a,1009010880408349:100124113095400,win,2,3,3,mate in 2,0,2,1,1,0,0,1,1,26
f85aa9fd75d6,28114018098a41:100290360152c,win,3,5,9,mate in 5,0,3,0,0,1,2,2,1,28
b02d305a6c3e,501009121980a:90009005000441a5,win,2,3,3,mate in 2,1,1,1,0,0,0,0,2,26
e9719ff3dae9,501029121980a:90009005000641a5,win,2,3,3,mate in 2,1,1,1,0,0,0,0,2,28
fd73162dac48,90001023894d0:200027804410329,win,2,3,3,mate in 2,1,1,1,0,0,0,0,2,27
1e48965c524b,c105c61c8:82040e0039017,win,2,3,3,mate in 2,1,1,1,0,0,0,1,1,27
18c232496f35,5c00058811182:85a006e80d,win,2,3,3,mate in 2,1,1,1,0,0,0,0,2,27
9811865c21f7,10006910a41a4:211014025901b,win,3,5,9,mate in 5,1,2,1,1,0,0,1,2,27
886801debc6a,101414300b22c:80008104945d3,win,2,3,3,mate in 2,0,2,1,1,0,0,1,1,28
8f98cf958c67,101880805005900d:8000501880986092,win,2,3,3,mate in 2,1,1,1,0,0,0,1,1,28
a965f2be3aad,28021106491a4:80601042800b004b,win,5,9,11,mate in 6,0,5,1,1,0,3,3,2,28
5ebad71b11f1,100810a030318081:8080801880883038,win,2,3,3,mate in 2,1,1,1,0,0,0,0,2,26
3e641d4433ad,5018491815008:80009009000c8985,win,2,3,3,mate in 2,1,1,1,0,0,0,0,2,26
24f9cb10f5e4,1085416a492:400044160108510d,win,2,3,3,mate in 2,0,2,1,1,0,0,1,1,28
6be75c9949ad,2848080033213:800000033680c5a0,win,2,3,3,mate in 2,1,1,1,0,0,0,1,1,27
c826f05e5376,910103000388e:1010008902998211,win,6,11,19,mate in 10,1,5,1,1,0,3,4,2,27
4e1534af2ce0,100980181008c015:8000100588151988,win,2,3,3,mate in 2,1,1,1,0,0,0,0,2,27
fbe98df9f718,3600050e0902c:20000023200362c3,win,3,5,5,mate in 3,2,1,1,0,0,0,0,3,28
6bf563f6bc46,210400d208c518:8000c02105311221,win,2,3,3,mate in 2,0,2,1,1,0,0,0,2,28
09d346f41077,2000e400d211a:400d40019002d005,win,10,19,35,mate in 18,2,8,1,0,0,7,5,5,27
cd5471a3f36a,11a20000918b1:80800091b20034c,win,2,3,3,mate in 2,1,1,1,0,0,0,1,1,27
ff928e514811,b000a03025038:43014009a303,win,5,9,13,mate in 7,3,2,1,1,0,0,1,4,26
a2133cb9d2eb,1009000800c48947:4011c191091088,win,2,3,3,mate in 2,0,2,1,1,0,0,0,2,28
975932e92bc0,15d01144c1:144002504b11c,win,2,3,3,mate in 2,1,1,1,0,0,0,0,2,27
41caef052b9a,209404d0041051:940000200460c52c,win,3,5,5,mate in 3,2,1,1,0,0,0,0,3,27
1d07b9255aee,201001c4119a10:5000c02012206429,win,9,17,23,mate in 12,2,7,1,1,0,5,2,7,27
9785c11cf5c2,108004b8803900c:8040910011480943,win,2,3,3,mate in 2,0,2,1,1,0,0,0,2,28
15e09779afe7,418040106811b0:8000000187118649,win,4,7,7,mate in 4,2,2,1,1,0,0,0,4,27
0c3d23bb6cf0,19000c84038588:113011c1817,win,2,3,3,mate in 2,0,2,1,1,0,0,0,2,28
3df4d533d5f8,110c000199008845:8001910c000d1308,win,2,3,3,mate in 2,0,2,1,1,0,0,0,2,28
6532cf421358,24ac228c302:8248802001421069,win,8,15,29,mate in 15,1,7,0,0,1,6,3,5,28
501b2d4fcfce,90180801b00018c:8000090180819a11,win,3,5,5,mate in 3,2,1,1,0,0,0,0,3,26
41454978355c,120093000d50a:80500c5192051,win,2,3,3,mate in 2,1,1,1,0,0,0,0,2,27
f7f1d55bf844,41008880894909:840416840a2c4,win,2,3,3,mate in 2,0,2,1,1,0,0,0,2,27
bdf5a35137dc,1009801d00b9:9029802010209144,win,9,17,31,mate in 16,1,8,0,0,1,7,4,5,27
aaf7bf0902a1,1008115005009051:8408905845a8,win,2,3,3,mate in 2,0,2,1,1,0,0,0,2,27
331d9cf83369,310441041d801:10000803080e204e,win,6,11,11,mate in 6,5,1,1,0,0,0,0,6,26
a00967ee3c58,41882940099820:8008404098604149,win,2,3,3,mate in 2,1,1,1,0,0,0,0,2,28
4844d73f9e2b,102484058c388:8400182051857,win,2,3,3,mate in 2,1,1,1,0,0,0,0,2,28
5213ccfaa4b5,14002426c9224:280019403444b,win,2,3,3,mate in 2,1,1,1,0,0,0,0,2,28
03e226de54a0,205b0084a25:28004a85b098,win,2,3,3,mate in 2,1,1,1,0,0,0,0,2,27
0cabbabc9dc6,1000144ca9582:48404a0005406d,win,2,3,3,mate in 2,1,1,1,0,0,0,0,2,28
255bebaa3a6f,208800101079504:130e9208020b,win,2,3,3,mate in 2,1,1,1,0,0,0,0,2,27
3dfb1fb34349,120882038201200d:11008180a9aa2,win,9,17,35,mate in 18,1,8,1,0,0,7,4,5,28
e5f44d256c84,1a0104808d42c:80000001b0112a53,win,2,3,3,mate in 2,0,2,1,1,0,0,0,2,28
967957a2a6bd,104c002e09260:40100194094489,win,5,9,9,mate in 5,3,2,1,1,0,0,0,5,26
6d7550b1591d,2990532c4:900090010202890b,win,12,23,35,mate in 18,2,10,1,0,0,9,9,3,26
c25ce2ebc3e8,81b0009011c101:8000019121803098,win,2,3,3,mate in 2,1,1,1,0,0,0,0,2,26
285690c3d88f,58210800103cc:8018000d021c9011,win,2,3,3,mate in 2,1,1,1,0,0,0,0,2,27
8718d60db2d1,81024001610929:1a1028096d0,win,2,3,3,mate in 2,1,1,1,0,0,0,0,2,26
49f537c7bb2d,2041000395431:10002a3402a30a,win,2,3,3,mate in 2,1,1,1,0,0,0,0,2,27
58add6e69165,2090000940a08a9:12090a819612,win,3,5,7,mate in 4,0,3,0,0,1,2,2,1,27
1593c1f83895,1402b09d803:86208c04023c8,win,9,17,17,mate in 9,1,8,1,1,0,6,7,2,28
4fe33185d3f0,380801801a909:80800003808e1086,win,2,3,3,mate in 2,1,1,1,0,0,0,0,2,26
fff2049c2750,3800998010944:90001802004e900b,win,2,3,3,mate in 2,1,1,1,0,0,0,0,2,27
8eb91127668d,11009031090d4:80214900d0329,win,2,3,3,mate in 2,1,1,1,0,0,0,0,2,27
fbc674cd7da3,8011c00302d8108:20250c003c35,win,2,3,3,mate in 2,1,1,1,0,0,0,0,2,28
6ae71cf3c0dd,80102c20843808a:8042880182801a41,win,2,3,3,mate in 2,1,1,1,0,0,0,0,2,28
35902c55c173,100009486b1c8:8000848300014e07,win,2,3,3,mate in 2,0,2,1,1,0,0,0,2,28
292c08581583,50080898901182:105000498a5d,win,2,3,3,mate in 2,1,1,1,0,0,0,0,2,27
877ee8887ef4,20900a088b3801:10002020b02086aa,win,3,5,5,mate in 3,2,1,1,0,0,0,0,3,28
21c6077b5716,90030900983a2:20902b0701d,win,2,3,3,mate in 2,1,1,1,0,0,0,0,2,28
e38e3dd9e378,148008822a9122:820802141014021d,win,4,7,7,mate in 4,2,2,1,1,0,0,0,4,28
a1e626f9b3ec,2242a3120a101:20280100840a14aa,win,2,3,3,mate in 2,1,1,1,0,0,0,0,2,28
ab7d811e1f8b,6020c20014a0d:82003120eb082,win,2,3,3,mate in 2,1,1,1,0,0,0,0,2,27
16c6aebfc8ce,100839009023c:8002900002a69083,win,2,3,3,mate in 2,1,1,1,0,0,0,1,1,27
19aa45bc46ba,108d2001210a019:90000108c1095340,win,2,3,3,mate in 2,1,1,1,0,0,0,0,2,28
d2b4a87bee1c,1701022182e:20000c015d0151,win,2,3,3,mate in 2,1,1,1,0,0,0,0,2,26
cfcaa4361046,18108b2083601:9500340105018108,win,2,3,3,mate in 2,1,1,1,0,0,0,0,2,28
78778e5b4eb2,4824102281a28:20100049045a045,win,3,5,5,mate in 3,2,1,1,0,0,0,1,2,26
341163694ba6,48a4102281a28:20100049845a045,win,3,5,5,mate in 3,2,1,1,0,0,0,1,2,28
51141db1fe9c,10090040087900b8:800183910809841,win,7,13,35,mate in 18,3,4,0,0,0,4,2,5,28
a108e33ad3fa,1028196080b8:10280800000b5943,win,3,5,7,mate in 4,1,2,1,1,0,0,0,3,27
86282b4e1545,1904004651205:1040040592008468,win,2,3,3,mate in 2,1,1,1,0,0,0,0,2,26
79cfefa37cec,1008040956405021:441504000298648,win,2,3,3,mate in 2,1,1,1,0,0,0,0,2,28
ee002d606760,14c300e4852:20000951b30d,win,9,17,33,mate in 17,3,6,1,0,0,5,4,5,28
77e9e8837cf7,208252005b019:801000298224926,win,2,3,3,mate in 2,1,1,1,0,0,0,1,1,28
4345b4d61fc0,818000141a981a:8000048388850485,win,2,3,3,mate in 2,1,1,1,0,0,0,0,2,28
ee3429a2e117,20880100c8984a:80010020882302b1,win,2,3,3,mate in 2,0,2,1,1,0,0,0,2,26
cfe5ccfdbbc6,24800290101003d:10240026ca342,win,2,3,3,mate in 2,0,2,1,1,0,0,0,2,27
5bcd0a468ea3,16013298308:9100900080401c61,win,8,15,21,mate in 11,5,3,1,0,0,2,2,6,26
5e8ae977e5c5,20102a1008d0a4:10088000e023280b,win,2,3,3,mate in 2,1,1,1,0,0,0,0,2,27
db80d4e88c43,1a0902490a052:a010040180035489,win,3,5,5,mate in 3,1,2,1,0,0,1,2,1,28
51065fb6f536,1008000a44422429:74003009d042,win,2,3,3,mate in 2,0,2,1,1,0,0,0,2,26
3261514dc3b4,1008000a44422429:74003009d142,win,2,3,3,mate in 2,0,2,1,1,0,0,0,2,27
5a4703564eb2,1008004a44422429:74003009d142,win,2,3,3,mate in 2,0,2,1,1,0,0,0,2,28
3a06f25601e2,40420840bb142:8010c012444ad,win,2,3,3,mate in 2,0,2,1,1,0,0,1,1,28
903a90c3fd3c,100400c835866:100310708599,win,8,15,33,mate in 17,1,7,1,1,0,5,5,3,28
376fb12cc842,2288000920ab008:8000122a00204227,win,2,3,3,mate in 2,0,2,1,1,0,0,0,2,26
50cf3cc37468,12288000920ab008:8002122a00204227,win,2,3,3,mate in 2,0,2,1,1,0,0,1,1,28
19341305c66a,98840148190c4:c00140988480c09,win,2,3,3,mate in 2,1,1,1,0,0,0,1,1,28
0abbb4b0cc64,1900040106710c:6011b00198013,win,2,3,3,mate in 2,1,1,1,0,0,0,0,2,27
f2723b55ea55,100e004400219045:100a914e012a,win,2,3,3,mate in 2,1,1,1,0,0,0,0,2,27
666a591d3346,104120004851487:20001841b028b08,win,9,17,31,mate in 16,1,8,0,0,0,8,4,5,28
4731f97fe0f3,9002090249a84:10001009020b202b,win,2,3,3,mate in 2,1,1,1,0,0,0,0,2,26
9af9241de651,9016009c010b1:8891029a948,win,3,5,5,mate in 3,2,1,1,0,0,0,0,3,28
8c81def331f0,9800083209614:80000109000901eb,win,3,5,5,mate in 3,2,1,1,0,0,0,0,3,26
7d6dd0fa9f2d,91001102490c52:6804490c28d,win,7,13,15,mate in 8,2,5,0,0,1,4,5,2,28
30fb1a1d475c,a1004010830ad:4202a30a68102,win,2,3,3,mate in 2,1,1,1,0,0,0,0,2,27
6121d58dd9f2,118141a289204:120002090015083b,win,2,3,3,mate in 2,1,1,1,0,0,0,1,1,28
77b491bf2808,18828482010aa:284003800bc801,win,2,3,3,mate in 2,0,2,1,1,0,0,0,2,26
da6c43c51625,200908082800148e:100034011409a811,win,2,3,3,mate in 2,1,1,1,0,0,0,0,2,27
452144ce1f37,2099809009b:9081002909a64,win,3,5,5,mate in 3,2,1,1,0,0,0,0,3,27
4b8a0113c7d2,1009020480150229:900912089c14,win,2,3,3,mate in 2,1,1,1,0,0,0,0,2,26
9722b49672f0,20800014430d1a1:20833892618,win,5,9,17,mate in 9,1,4,0,0,0,4,2,3,28
c38e6958a6e8,100484840e849:488801b0091090,win,3,5,5,mate in 3,2,1,1,0,0,0,1,2,26
0c29fa6a754d,90003100198b2:10009008845a0449,win,2,3,3,mate in 2,1,1,1,0,0,0,0,2,27
0bc68e3adeb3,8098844214d:40104510bd802,win,8,15,29,mate in 15,2,6,0,0,1,5,5,3,27
978d9b00ff79,401804980b089:1802004a00c4914,win,2,3,3,mate in 2,1,1,1,0,0,0,1,1,26
af1203fb6b6e,980255020c841:80001048804d10ac,win,2,3,3,mate in 2,0,2,1,1,0,0,1,1,28
630d86bb1018,18b0018802a091:800100183019580a,win,3,5,5,mate in 3,2,1,1,0,0,0,0,3,28
92932178a9f8,11a0808238608:80021128858a3,win,3,5,5,mate in 3,2,1,1,0,0,0,0,3,27
b18a4e5d2723,10005a403d014:200034001014250b,win,2,3,3,mate in 2,1,1,1,0,0,0,0,2,26
f4ae196e5cc3,2184810488838:80088002882310c3,win,2,3,3,mate in 2,0,2,1,1,0,0,0,2,27
23ef5c78f978,2186810488838:80088002882310c3,win,2,3,3,mate in 2,0,2,1,1,0,0,0,2,28
28962d8e8d12,418211a228068:1021000600451a07,win,2,3,3,mate in 2,1,1,1,0,0,0,0,2,28
e5458c1ab8b3,10080201120d1881:1188c0880821c,win,2,3,3,mate in 2,0,2,1,1,0,0,0,2,26
73ccd8093ee6,10080201121d1881:201188c0880821c,win,2,3,3,mate in 2,0,2,1,1,0,0,0,2,28
efc15c52f62a,198011018080b8:8020002880391941,win,2,3,3,mate in 2,1,1,1,0,0,0,0,2,27
fd5c6cda1984,11041300052e4:104000000845ac1b,win,3,5,7,mate in 4,1,2,1,1,0,0,0,3,27
a74e23978699,1b00945001501:80004000b009e01c,win,3,5,5,mate in 3,2,1,1,0,0,0,0,3,26
470c6c1d6721,1090108c1a04029:808080a110099980,win,6,11,15,mate in 8,1,5,0,0,1,4,4,2,28
71c0cd61894e,1008000d94118021:19420002c141c,win,2,3,3,mate in 2,1,1,1,0,0,0,0,2,26
930613124736,2800000da11945:8000a8800c84ba,win,2,3,3,mate in 2,1,1,1,0,0,0,0,2,28
03f9408d0fa8,2009810013089190:81002019a0112209,win,2,3,3,mate in 2,1,1,1,0,0,0,0,2,28
bcbaed90160e,20e82888084009:800800016021b920,win,2,3,3,mate in 2,1,1,1,0,0,0,0,2,26
c5f5c4932f08,304401c48a10c:381075c43,win,2,3,3,mate in 2,1,1,1,0,0,0,1,1,28
a4a1eb95675e,18040b2096048:8008220948409a01,win,9,17,19,mate in 10,2,7,1,0,0,6,5,4,27
4cbff888e907,2045140415509:4100029412a056,win,2,3,3,mate in 2,1,1,1,0,0,0,0,2,28
65ed608c6613,3010215a21828:10004818001a783,win,2,3,3,mate in 2,1,1,1,0,0,0,0,2,28
182fc30468d4,1089c000d012c01:1c0001089008d10c,win,2,3,3,mate in 2,0,2,1,1,0,0,0,2,28
85a55a32afec,104c080483238:4000001149184c3,win,9,17,21,mate in 11,0,9,0,0,1,8,7,2,26
12b4ec10fe15,400c09040c949:1040100500851096,win,3,5,5,mate in 3,2,1,1,0,0,0,0,3,26
588a2ddb7540,9c40550008305:4000008858d5488,win,4,7,7,mate in 4,1,3,1,1,0,1,0,4,28
599dae330213,2829a8242c01:28090000040990ae,win,2,3,3,mate in 2,1,1,1,0,0,0,0,2,28
3ab7dcc0c9d6,15048806112c1:4800017088e02a,win,2,3,3,mate in 2,1,1,1,0,0,0,0,2,28
e761ed144d48,109201000451874:10939182189,win,7,13,31,mate in 16,0,7,1,0,0,6,5,2,28
3c5c4d7edb3f,9000049588458:d0984015901,win,5,9,9,mate in 5,1,4,1,0,0,3,3,2,26
1afe85108cb3,400c0d040c949:10401005008510b6,win,3,5,5,mate in 3,2,1,1,0,0,0,0,3,28
e800190f69c5,1104922202229:220904b9c42,win,8,15,33,mate in 17,2,6,0,0,0,6,5,3,27
3b2ff81cbf16,1c000c02d1508:802004250400c035,win,4,7,7,mate in 4,3,1,1,0,0,0,0,4,26
a201db0e3552,9c400a02b8021:c00000294400750a,win,2,3,3,mate in 2,1,1,1,0,0,0,0,2,28
717c10f2be8e,1a801a005300c:2008000c5a08ca01,win,2,3,3,mate in 2,1,1,1,0,0,0,0,2,27
2d32cbf30665,9100090091c51:100080490cc0c188,win,2,3,3,mate in 2,0,2,1,1,0,0,0,2,27
f49b7396a98a,1409000081049047:940914090518,win,4,7,7,mate in 4,3,1,1,0,0,0,0,4,26
3445652add00,90290000208198c1:902990286128,win,4,7,7,mate in 4,3,1,1,0,0,0,0,4,28
f10c90298e34,18180000081b9211:981890004d8a,win,2,3,3,mate in 2,0,2,1,1,0,0,0,2,28
b3af5deef332,1084c90859008:800080010a482ac5,win,2,3,3,mate in 2,1,1,1,0,0,0,0,2,27
2a1d24ebfb3e,240006806308216:80600004c7469,win,2,3,3,mate in 2,1,1,1,0,0,0,0,2,28
278b630b6065,209020a1400160a:401024be861,win,2,3,3,mate in 2,1,1,1,0,0,0,0,2,27
88a57dc8b34f,902005b091880:500058090000c309,win,3,5,5,mate in 3,2,1,1,0,0,0,0,3,26
d95e71bc64b7,902005b091884:500058090000c30b,win,2,3,3,mate in 2,1,1,1,0,0,0,0,2,28
815a1fb3ce53,c2801030831c8:2001020c28058a05,win,3,5,7,mate in 4,1,2,1,1,0,0,0,3,28
445c5577f11b,218800880c9181:8000002130a1283c,win,2,3,3,mate in 2,1,1,1,0,0,0,0,2,27
129a447c53c6,1400002c221ea:16009d615,win,4,7,9,mate in 5,2,2,1,1,0,0,0,4,26
a437ffcb8f98,1410002c221ea:16109d615,win,2,3,3,mate in 2,1,1,1,0,0,0,0,2,28
e02cbc273a39,102081023190b:120010010a08a234,win,4,7,7,mate in 4,3,1,1,0,0,0,0,4,26
c4bb7c5a1326,102281023190b:120018010a08a234,win,4,7,7,mate in 4,3,1,1,0,0,0,0,4,28
23c06901f384,49010191011920:810080480848c049,win,2,3,3,mate in 2,1,1,1,0,0,0,0,2,26
719c2dd3d9d0,18120032033048:1000001a00188a17,win,2,3,3,mate in 2,1,1,1,0,0,0,0,2,26
8d75ef18feb8,1812003a033048:1000001a0018ca17,win,2,3,3,mate in 2,1,1,1,0,0,0,0,2,28
cc6d60aae841,4104182428319:43800610053046,win,2,3,3,mate in 2,0,2,1,1,0,0,0,2,28
c9015e5faded,2018049c014528:10021002c9a17,win,2,3,3,mate in 2,0,2,1,1,0,0,0,2,28
e1232da9f2cf,1028003e88348:2000061101154b1,win,3,5,5,mate in 3,2,1,1,0,0,0,1,2,28
ad69d2092987,50664c364:54440c0091419,win,7,13,29,mate in 15,1,6,0,0,1,5,5,2,28
e23a2475cb37,210003029812d:200602067682,win,2,3,3,mate in 2,1,1,1,0,0,0,0,2,26
2d559f456f93,1a000203c852c:43195013013,win,2,3,3,mate in 2,1,1,1,0,0,0,0,2,28
5e6ca6ffd3e3,10248414a130c:801070205c0c3,win,2,3,3,mate in 2,1,1,1,0,0,0,0,2,28
1c6661ebfba3,10080a181008a211:280030002b10190c,win,2,3,3,mate in 2,1,1,1,0,0,0,0,2,27
624a53b774d0,20180c08019891:18000020102e412e,win,2,3,3,mate in 2,1,1,1,0,0,0,1,1,27
9b3e8be6d8fb,1008102090008963:400048046c341c,win,7,13,33,mate in 17,2,5,1,1,0,3,5,2,27
53f26724ae73,100238901182a:10009900122a8301,win,6,11,13,mate in 7,0,6,1,1,0,4,3,3,27
f19d9b5eef52,510911081d00c:9008800c801c2091,win,3,5,5,mate in 3,2,1,1,0,0,0,1,2,28
da47e10b2ddb,28887ab022:68204220004a59,win,2,3,3,mate in 2,1,1,1,0,0,0,0,2,28
d210fae5d3a5,8188041901b008:80000081808c4985,win,2,3,3,mate in 2,1,1,1,0,0,0,1,1,26
db8bf8ced57e,a800880218a25:800000022e0a341a,win,3,5,5,mate in 3,2,1,1,0,0,0,0,3,27
12c30e9b2e9a,410012c4104113:10404110639460,win,2,3,3,mate in 2,0,2,1,1,0,0,0,2,27
39e6fa69242a,200001c619c1c:101032809200e3,win,2,3,3,mate in 2,1,1,1,0,0,0,1,1,28
e087ea765ec2,1802b50408a41:2a0000802b702a,win,2,3,3,mate in 2,1,1,1,0,0,0,0,2,28
a4a86cc5a5e4,13808b0001e04:100000010949a169,win,3,5,5,mate in 3,1,2,1,1,0,0,0,3,27
077fb35003cb,188030012bc02:80020000980d405d,win,2,3,3,mate in 2,1,1,1,0,0,0,0,2,27
4505d07fc93f,20976144209:60064008009b414,win,2,3,3,mate in 2,1,1,1,0,0,0,0,2,28
9445a74c4cd4,c120c0044c11a:10000040120b1e45,win,2,3,3,mate in 2,0,2,1,1,0,0,0,2,28
34500d193fd7,181004940c5022:100000380033841d,win,5,9,9,mate in 5,3,2,1,1,0,0,1,4,27
19973a419873,20853b08218:2000130800951a1,win,2,3,3,mate in 2,1,1,1,0,0,0,0,2,26
e903126900a2,11049b0181502:b040a0000041a059,win,2,3,3,mate in 2,1,1,1,0,0,0,0,2,28
2087c04d98ea,18a0101603449:800000089e098b20,win,4,7,7,mate in 4,3,1,1,0,0,0,0,4,28
2a172899ea1a,1801888858031:8080088110181c8c,win,2,3,3,mate in 2,0,2,1,1,0,0,0,2,27
68cfcc500aaf,1280b08089881:380810003003200e,win,3,5,5,mate in 3,1,2,1,1,0,0,0,3,26
c6688fbd4b87,120a18830a081:880081024811c38,win,2,3,3,mate in 2,0,2,1,1,0,0,0,2,27
321cd638c36d,10084808da0c2:8080091c021c0d,win,2,3,3,mate in 2,1,1,1,0,0,0,0,2,27
39447432b478,2902910071824:100900028028868b,win,2,3,3,mate in 2,1,1,1,0,0,0,0,2,28
26a1277ca5f8,2081000106900e3:100002a902909218,win,12,23,29,mate in 15,2,10,1,0,0,9,6,6,27
1abea1fe7301,100a1007086d:1001004180689682,win,2,3,3,mate in 2,1,1,1,0,0,0,0,2,27
c8b8eb7e357a,19200440a840b:8000000392055224,win,2,3,3,mate in 2,1,1,1,0,0,0,0,2,26
151162ab6aaf,2800039c188418:83800235863,win,3,5,5,mate in 3,2,1,1,0,0,0,0,3,28
d2ea7385e83b,209100084409243:64912090c0c,win,3,5,5,mate in 3,2,1,1,0,0,0,1,2,26
683b2c9237e4,20910008c409243:64912090c2c,win,3,5,5,mate in 3,2,1,1,0,0,0,1,2,28
8ebbfdf7ee8b,548280022908e:200005481d4831,win,11,21,25,mate in 13,2,9,1,0,0,8,5,6,28
14ae7bff00c3,408080c0d50a8:809048500808c05,win,2,3,3,mate in 2,0,2,1,1,0,0,1,1,26
4fd94e6e468f,9068016009620:1600100980890089,win,4,7,7,mate in 4,3,1,1,0,0,0,0,4,26
64da179d9c36,11858d05148:8840800109aa91,win,8,15,17,mate in 9,1,7,1,0,0,6,6,2,28
2e1266a59566,2000151214c2d:11102200ab1c2,win,6,11,11,mate in 6,1,5,1,1,0,3,4,2,28
a0d16be17a7f,2c00600068908a:100c90060965,win,2,3,3,mate in 2,1,1,1,0,0,0,0,2,26
4c78aa5f2eeb,18048c043b402:900810011808484d,win,8,15,27,mate in 14,4,4,0,0,0,4,2,6,28
fa46a3305ebd,408280c0d50a8:809048500a08c05,win,2,3,3,mate in 2,0,2,1,1,0,0,1,1,28
3f1569ee70ed,421044981e4:800180408022161b,win,3,5,9,mate in 5,1,2,1,1,0,0,0,3,27
003cca2cafde,4202004818aa05:48420246505a,win,2,3,3,mate in 2,1,1,1,0,0,0,0,2,27
a20ed9774432,1d20910105011:90080000c309a308,win,2,3,3,mate in 2,1,1,1,0,0,0,0,2,27
b089f34ccd6d,100b9018051a:90188010004390c1,win,6,11,11,mate in 6,0,6,1,1,0,4,3,3,27
e929b5910a84,d010581050818:80808989387,win,2,3,3,mate in 2,0,2,1,1,0,0,0,2,27
ce83c09fd45b,20042024c05684:4002080d020a069,win,3,5,5,mate in 3,2,1,1,0,0,0,1,2,26
85dca6158540,230409000c05d:8048800a204a3402,win,2,3,3,mate in 2,1,1,1,0,0,0,0,2,27
b71b77b5f2b1,99001024c3048:100002489101c305,win,8,15,33,mate in 17,1,7,0,0,1,6,4,4,27
e0152ac47cc5,10b0088209720:800802113890889,win,2,3,3,mate in 2,1,1,1,0,0,0,0,2,27
2838e4155d79,1028004190409c40:4110280c290029,win,3,5,5,mate in 3,1,2,1,1,0,0,0,3,26
d93602118c04,1028044190409c40:4190280c290029,win,3,5,5,mate in 3,1,2,1,1,0,0,0,3,28
21cd53bdeb45,3059004b8043:80418000b0103198,win,2,3,3,mate in 2,1,1,1,0,0,0,0,2,28
f1563ec384d5,28404060d9a01:1008100a9002051e,win,3,5,5,mate in 3,1,2,1,1,0,0,1,2,28
3082ee56ba9c,10c048c018163:4002300661e0c,win,5,9,11,mate in 6,0,5,1,1,0,3,3,2,28
d56ec10f2513,18100490494aa:8000180190814945,win,2,3,3,mate in 2,1,1,1,0,0,0,0,2,28
027cb427e319,23048180a1c21:100000032441a1ca,win,4,7,7,mate in 4,3,1,1,0,0,0,1,3,28
d40370065d73,19209800a200b:208000232119614,win,7,13,29,mate in 15,0,7,1,1,0,5,4,3,27
ad1899e38274,244900dd302:18003424220cd,win,3,5,7,mate in 4,1,2,1,1,0,0,0,3,28
c0d70942c874,458404cd408:18000094112857,win,2,3,3,mate in 2,1,1,1,0,0,0,0,2,27
07f234910cdb,38041000a8383:8008000ab2413048,win,2,3,3,mate in 2,1,1,1,0,0,0,0,2,27
e6a1a09a1dc7,18808990019003:80811010009a2098,win,3,5,5,mate in 3,1,2,1,1,0,0,0,3,26
647ac5164427,4184221009042a:4984e290c1,win,7,13,31,mate in 16,2,5,0,0,1,4,3,4,27
52091229fe02,118000083e10d:9800808198001882,win,2,3,3,mate in 2,0,2,1,1,0,0,0,2,26
b116ebad70ac,91003900a8814:800080180111318b,win,2,3,3,mate in 2,0,2,1,1,0,0,0,2,27
bd5c0c4e7cc7,140001301d8a4:1a014880230b,win,3,5,7,mate in 4,1,2,1,1,0,0,0,3,26
57913f01b8f3,141001301d8a4:1a014880270b,win,3,5,7,mate in 4,1,2,1,1,0,0,0,3,28
f0cab4093971,194009a011109:940002010400ce90,win,2,3,3,mate in 2,1,1,1,0,0,0,0,2,26
c16c6167489a,10090801084e9808:802104a100101c7,win,9,17,27,mate in 14,2,7,0,0,1,6,6,3,28
a9999c4d8597,2004112422649:411002c409d802,win,2,3,3,mate in 2,1,1,1,0,0,0,0,2,27
191c45e73ab3,3101098089034:100008030037080b,win,2,3,3,mate in 2,0,2,1,1,0,0,0,2,26
caff19adf4d8,1009804c04209405:41421904d0068,win,8,15,27,mate in 14,0,8,1,0,0,7,4,4,28
9ec904915d18,11000209cc80d:1008009910013092,win,2,3,3,mate in 2,1,1,1,0,0,0,0,2,26
1ba1951bef7f,13000209cc80d:1008009950013092,win,2,3,3,mate in 2,1,1,1,0,0,0,0,2,28
eaa7d4b64993,24c0a44a15:488800a0094e8,win,2,3,3,mate in 2,0,2,1,1,0,0,0,2,26
f40beba55df3,308840082099440:8040034805400389,win,2,3,3,mate in 2,1,1,1,0,0,0,0,2,27
8302b6abf5b8,1008400110a6d024:9008c809288b,win,2,3,3,mate in 2,1,1,1,0,0,0,0,2,28
11a6bbf5365e,100c018814e03:18010244b1cc,win,9,17,37,mate in 19,3,6,1,0,0,5,4,5,27
08ae0769dad4,502403801b148:8000d024c4a15,win,2,3,3,mate in 2,0,2,1,1,0,0,0,2,28
b4aa5efd90e8,c05a006b005:520001c094c0a,win,3,5,7,mate in 4,1,2,1,1,0,0,0,3,26
f246fcc3d950,2840094188b84:800000060006347b,win,3,5,5,mate in 3,1,2,1,1,0,0,0,3,28
5de983648758,9100018a31862:100000898008839d,win,2,3,3,mate in 2,1,1,1,0,0,0,0,2,28
44d1dc199b52,100904090403c802:d000d80c140d,win,2,3,3,mate in 2,1,1,1,0,0,0,0,2,27
82324fa50148,81002100a980d8:800080c080407925,win,5,9,9,mate in 5,2,3,1,0,0,2,1,4,27
867c7899b1a7,202401a0519480:906014206079,win,4,7,7,mate in 4,3,1,1,0,0,0,1,3,27
8c63abd3e39b,20040d2c412a4:9002002bc14b,win,3,5,5,mate in 3,1,2,1,1,0,0,0,3,28
a1b7c619abcd,28000990212945:10160014892aa,win,6,11,17,mate in 9,0,6,1,0,0,5,4,2,28
b1237729dffb,9104830013502:110001010148c04d,win,3,5,5,mate in 3,2,1,1,0,0,0,0,3,26
da13076ff0c4,2010018155138:1010170102a807,win,2,3,3,mate in 2,1,1,1,0,0,0,0,2,27
1338c98ad287,2109228023098:800d0d8c843,win,3,5,5,mate in 3,1,2,1,1,0,0,0,3,27
51322f11f702,108128c089052:910532c0d,win,2,3,3,mate in 2,0,2,1,1,0,0,0,2,26
2b0df51b7851,10c128c089052:800910532c0d,win,2,3,3,mate in 2,0,2,1,1,0,0,0,2,28
d4262d2dc7a9,4010c000d189101:19b2012e18,win,2,3,3,mate in 2,1,1,1,0,0,0,0,2,27
52d5358d0e56,48005c0052168:800000401158d415,win,3,5,5,mate in 3,2,1,1,0,0,0,0,3,27
fbd59eeceebf,18d0010709920:880000418d010459,win,2,3,3,mate in 2,1,1,1,0,0,0,0,2,28
351137e0cb9e,19148884909008:9400801110094491,win,2,3,3,mate in 2,1,1,1,0,0,0,0,2,28
18381b68d323,1a0094880d880:c0004800a0092439,win,2,3,3,mate in 2,1,1,1,0,0,0,0,2,27
f1fce6a0e266,200a0c80091a05:100910211a248028,win,2,3,3,mate in 2,1,1,1,0,0,0,0,2,27
0fb7317a0a4d,3291002942c:1000203292b03,win,2,3,3,mate in 2,1,1,1,0,0,0,0,2,26
3d6a887d7bfc,3295002942c:1000203296b03,win,2,3,3,mate in 2,1,1,1,0,0,0,0,2,28
841a05156027,1104884c19c02:90088c01180800c9,win,2,3,3,mate in 2,1,1,1,0,0,0,1,1,28
601f5a8e1ffe,21100013a118a0:100002a10c00c709,win,2,3,3,mate in 2,1,1,1,0,0,0,0,2,27
033c2cb890cd,1021812889092:800090018017020d,win,2,3,3,mate in 2,1,1,1,0,0,0,0,2,26
020c1b076253,1021a12889092:800090818017020d,win,2,3,3,mate in 2,1,1,1,0,0,0,0,2,28
7b65e1318eb0,100908004a088213:500990035908,win,3,5,5,mate in 3,2,1,1,0,0,0,1,2,26
3cabca929d22,1e0084001b290:90081001b2084409,win,2,3,3,mate in 2,1,1,1,0,0,0,0,2,27
5149db1c009f,4130001041b414:1000004126004b4b,win,2,3,3,mate in 2,0,2,1,1,0,0,1,1,27
5e997f7d88cc,1028006080419541:401009153800b8,win,2,3,3,mate in 2,1,1,1,0,0,0,0,2,28
c33d152f3229,180401a5501501:400a0580009a05c,win,2,3,3,mate in 2,1,1,1,0,0,0,0,2,28
54fea2bb7604,28048114089484:401802880a12029,win,5,9,15,mate in 8,1,4,0,0,0,4,3,2,26
ee2867101b3e,19200820d440c:120004091400b241,win,3,5,5,mate in 3,2,1,1,0,0,0,0,3,26
abccad6d5c9d,2800299058089:9001100500025906,win,2,3,3,mate in 2,1,1,1,0,0,0,0,2,26
ece840a84777,a8801000d88c5:8881008a8882100a,win,7,13,33,mate in 17,1,6,1,0,0,5,3,4,28
81d13071ef79,9200850249063:3a40b648c,win,8,15,31,mate in 16,3,5,1,0,0,4,3,5,28
925a8b1b5744,10020024d8368:8804990201815,win,2,3,3,mate in 2,1,1,1,0,0,0,1,1,26
2743112043f1,1050826102989:80009111899610,win,2,3,3,mate in 2,1,1,1,0,0,0,0,2,28
024a6a995fd2,200a088a59824:10a01003100a028b,win,2,3,3,mate in 2,0,2,1,1,0,0,0,2,28
e64cfed6f80c,100820032033a009:2021103890081032,win,5,9,15,mate in 8,2,3,1,1,0,1,1,4,28
018779dc1fce,9200850049063:3a00b648c,win,9,17,33,mate in 17,4,5,1,0,0,4,3,6,26
3f6c32a81c17,4510045602429:5300dd944,win,5,9,9,mate in 5,1,4,1,0,0,3,2,3,28
ffbeb70640dc,1008004c80053095:800490001058c948,win,2,3,3,mate in 2,1,1,1,0,0,0,1,1,28
a7e09df3d503,2c0481008c941:40001002ca42121a,win,2,3,3,mate in 2,1,1,1,0,0,0,0,2,27
39deab0e7e82,194009409b100:9000200129004c99,win,2,3,3,mate in 2,0,2,1,1,0,0,0,2,27
578ead174cd8,9180808205c21:180000211449804e,win,2,3,3,mate in 2,1,1,1,0,0,0,0,2,27
c0e2d7e8091a,2190280110903a:10180111902b0101,win,2,3,3,mate in 2,0,2,1,1,0,0,0,2,28
44832797b326,11081004500c4019:41098111b904,win,4,7,9,mate in 5,0,4,0,0,1,3,3,1,27
add611c0433d,100802088005281b:10103318d304,win,3,5,5,mate in 3,1,2,1,1,0,0,1,2,27
e5763b60f8da,2008b182a8a08:880200828130a7,win,2,3,3,mate in 2,1,1,1,0,0,0,0,2,28
dcd060971f3d,100800404049c458:41100990101305,win,2,3,3,mate in 2,0,2,1,1,0,0,0,2,26
f2b91a44d4da,1050040120c1245:8030d8141810a,win,2,3,3,mate in 2,1,1,1,0,0,0,0,2,27
7f3ca0d31598,2101080c1d0819:8043111201724,win,3,5,5,mate in 3,2,1,1,0,0,0,0,3,28
026c9e1408ca,90004022bc216:8000800b90041929,win,15,29,33,mate in 17,0,15,1,0,0,14,7,8,28
ad5e27ddbb1e,24021d0049032:c02180020023400d,win,3,5,5,mate in 3,1,2,1,1,0,0,0,3,26
a5c82528fbca,24021d0049432:c02180020023404d,win,2,3,3,mate in 2,0,2,1,1,0,0,0,2,28
e66c0c5caee3,1b0130040905a:10080008b01b2601,win,2,3,3,mate in 2,1,1,1,0,0,0,1,1,28
5e6dd6472a7c,20100c000eb092:8400a030a1402d,win,2,3,3,mate in 2,1,1,1,0,0,0,0,2,27
33690896eaa3,106809288112a:100010090d018e81,win,5,9,13,mate in 7,0,5,1,1,0,3,2,3,28
afe502c065ef,1880149813804:88000000a048c3c9,win,7,13,33,mate in 17,2,5,0,0,0,5,4,3,27
a7ca00bb47b2,1080801980d8012:880081080102190d,win,2,3,3,mate in 2,1,1,1,0,0,0,0,2,26
e11446e0f113,81412113811820:110010804820c389,win,6,11,11,mate in 6,5,1,1,0,0,0,0,6,28
a6fad27eae05,1008006840014439:501094789044,win,7,13,37,mate in 19,2,5,0,0,0,5,4,3,27
79cd51284e02,281a0902201a2:8020000205819c19,win,2,3,3,mate in 2,0,2,1,1,0,0,1,1,27
202f5e1242f9,59901108181008:9000004890418855,win,2,3,3,mate in 2,0,2,1,1,0,0,0,2,27
34c7f0955179,198089021b800:900800010c084729,win,3,5,5,mate in 3,2,1,1,0,0,0,0,3,27
6e1399732230,167384d:14896088722,win,2,3,3,mate in 2,1,1,1,0,0,0,0,2,27
77469133d828,2904008808b604:290621482b,win,4,7,7,mate in 4,3,1,1,0,0,0,1,3,26
cb188efa8377,2080028000b60c3:1020142609238,win,9,17,31,mate in 16,4,5,1,1,0,3,3,6,26
36ef519388f2,2080028008b60c3:1020142709238,win,8,15,29,mate in 15,3,5,1,1,0,3,3,5,28
1fdda5661ce8,1180280a2980a:100a0009180901a1,win,3,5,5,mate in 3,2,1,1,0,0,0,0,3,26
b63785346bfa,902200223840e:4008409840812a1,win,2,3,3,mate in 2,1,1,1,0,0,0,0,2,26
c54ccc115b35,30090c0b15028:800080031006a097,win,3,5,5,mate in 3,1,2,1,1,0,0,0,3,28
42dde47aaefd,288011402286b:1000a89099704,win,7,13,33,mate in 17,1,6,1,0,0,5,2,5,28
e77b2e48c006,5a0018a441805:820002443001a2c8,win,2,3,3,mate in 2,1,1,1,0,0,0,0,2,28
22b5b3934160,80184020131441a:9018e028b21,win,2,3,3,mate in 2,1,1,1,0,0,0,0,2,28
df7afb03542e,100cb02130088004:a020000c80253029,win,2,3,3,mate in 2,0,2,1,1,0,0,0,2,27
2f4700016484,100800a0142c8821:20100c8880149c,win,2,3,3,mate in 2,1,1,1,0,0,0,0,2,26
7ec8dd9ab363,1300868004d0a:80801900bb281,win,2,3,3,mate in 2,1,1,1,0,0,0,0,2,27
bcd9180d1c0d,9800408049142b:981890c8d4,win,2,3,3,mate in 2,1,1,1,0,0,0,0,2,28
8f178337874b,990001a881b01:100001098101849e,win,3,5,7,mate in 4,0,3,1,0,0,2,2,1,28
f576fef6bbd5,2840004309b380:c001802980204069,win,2,3,3,mate in 2,1,1,1,0,0,0,0,2,28
a070e359f2af,1081011009818111:1001081101a588a,win,7,13,17,mate in 9,2,5,0,0,1,4,5,2,27
550bf13a82b1,938a098a2:900198008009200d,win,2,3,3,mate in 2,0,2,1,1,0,0,0,2,26
07b98d0d3923,99002981a8001:800200190021193a,win,2,3,3,mate in 2,0,2,1,1,0,0,0,2,27
2ce184868562,2260208008e904:800a6826103a,win,2,3,3,mate in 2,1,1,1,0,0,0,1,1,27
5af8e17afabb,1008101089404941:4008509890b8,win,3,5,5,mate in 3,1,2,1,1,0,0,0,3,26
9cf716e56964,20040003293518:810281480c2e1,win,10,19,31,mate in 16,2,8,1,0,0,7,4,6,27
dec376f46e47,6293085168:100090000862aa13,win,8,15,19,mate in 10,2,6,1,0,0,5,6,2,28
c64506f31146,29200b0100a10a:20020382b5821,win,9,17,33,mate in 17,1,8,1,0,0,7,5,4,27
a1e028ceb42e,3800210289074:4980d3008b,win,3,5,5,mate in 3,1,2,1,1,0,0,0,3,26
e7cf8e74e0b0,3000194005840d:90020803a5832,win,2,3,3,mate in 2,1,1,1,0,0,0,0,2,27
802be00b642b,20900884099061:900800201070051e,win,10,19,31,mate in 16,1,9,1,0,0,8,5,5,27
81f0406d8e1f,18003435d24:100002140a082db,draw,12,23,36,draw,2,10,0,0,0,10,9,3,28
900358685fe1,20004005191589:40042090e08074,win,2,3,3,mate in 2,1,1,1,0,0,0,0,2,26
0e7ba4a4d970,200021b001e144:4000422e162b,win,3,5,5,mate in 3,1,2,1,1,0,0,1,2,27
72a782045231,1008060189009e20:600102816290109,win,11,21,35,mate in 18,5,6,0,0,0,6,3,8,28
82b9cdffa0c3,11000440db0a4:5000402990204409,win,2,3,3,mate in 2,0,2,1,1,0,0,0,2,26
42f826682f08,31a219a041:190048006012b8,win,3,5,9,mate in 5,0,3,0,0,1,2,2,1,26
7f6f30614f1a,81818112001a03:900010008191a198,win,10,19,33,mate in 17,1,9,1,1,0,7,3,7,27
4aff1ef6e5b8,10098c01e81a:b0002100a15c5,win,2,3,3,mate in 2,0,2,1,1,0,0,0,2,28
8793cb5ae446,10a101000139007:1010010b11080398,win,3,5,5,mate in 3,2,1,1,0,0,0,1,2,27
0482d876f284,8092b089a11:98009000d0116108,win,2,3,3,mate in 2,1,1,1,0,0,0,0,2,28
99fea14209b9,201000200ada07:12000220d2252028,win,2,3,3,mate in 2,1,1,1,0,0,0,0,2,27
28b36e01b5d1,5800033443608:8000200d80098147,win,2,3,3,mate in 2,1,1,1,0,0,0,1,1,28
202414067ba2,1028944880801c40:804000201468e0a8,win,2,3,3,mate in 2,1,1,1,0,0,0,1,1,28
7f337fb0670b,190012028e302:10080008d005102d,win,2,3,3,mate in 2,1,1,1,0,0,0,0,2,26
b97ab8b5c71a,81440260839108:408008905086483,win,3,5,5,mate in 3,2,1,1,0,0,0,1,2,28
68c3fbe17e05,10486c415c00:10400c009008a0c9,win,3,5,5,mate in 3,2,1,1,0,0,0,0,3,26
30f6fe308b0b,1802118e480c4:802400448009182b,win,3,5,5,mate in 3,2,1,1,0,0,0,0,3,28
903f2a75e2be,20888808008984c:808002480bc00381,win,2,3,3,mate in 2,1,1,1,0,0,0,0,2,27
a28f8f4fd074,148094c001c28:8081400101bc013,win,2,3,3,mate in 2,1,1,1,0,0,0,0,2,27
6dd861370c2e,4880550808905:1001500088155098,win,2,3,3,mate in 2,1,1,1,0,0,0,0,2,27
4f4df5e1b07d,92000e840d420:84910292849,win,4,7,7,mate in 4,3,1,1,0,0,0,0,4,26
b9a4943f9d00,1009c004c801900a:8000180b100e4805,win,5,9,9,mate in 5,4,1,1,0,0,0,2,3,28
61e2a40cda27,30408b101d001:84003440a250a,win,2,3,3,mate in 2,1,1,1,0,0,0,0,2,26
88e8ab187f6a,1821003021d241:38019821ba,win,10,19,21,mate in 11,1,9,1,0,0,8,7,3,28
855d0dd61664,1048100194510009:8001845800089450,win,2,3,3,mate in 2,1,1,1,0,0,0,0,2,26
14f5cc7dfa55,1008140185400549:401810810099aa0,win,2,3,3,mate in 2,1,1,1,0,0,0,0,2,28
8ee13c13bd3c,1008850c91c14:848010c04c0cb,win,3,5,5,mate in 3,2,1,1,0,0,0,0,3,28
eaff2ee5de05,b9068a03c:1009300020035143,win,9,17,29,mate in 15,0,9,1,0,0,8,5,4,28
ca4cdf08091b,10084001ca05b001:1380830084a8c,win,2,3,3,mate in 2,1,1,1,0,0,0,0,2,28
11e915674982,9202072281003:2098003e22c,win,3,5,5,mate in 3,2,1,1,0,0,0,0,3,26
3b937ac229c0,1008100104ab0449:10068904098b2,win,2,3,3,mate in 2,1,1,1,0,0,0,0,2,28
9dca97ba192b,90001a111a920:8000a13810281019,win,2,3,3,mate in 2,1,1,1,0,0,0,0,2,27
02f9e6afb49e,110c8000000e420d:110c93019902,win,4,7,7,mate in 4,3,1,1,0,0,0,1,3,27
948f5c57d6ef,100800208180386c:1088302d8381,win,8,15,27,mate in 14,0,8,1,0,0,7,4,4,27
56973cfe4203,d0c1488059001:1000100914180c9c,win,2,3,3,mate in 2,1,1,1,0,0,0,0,2,28
7c465c92b77f,508b68093008:500800009082c893,win,2,3,3,mate in 2,1,1,1,0,0,0,0,2,28
dc5c17eab2d5,1c80b000b1028:90081000d800c803,win,2,3,3,mate in 2,0,2,1,1,0,0,0,2,26
9dbc1185d90d,99c1000009c14:9bc19200b,win,2,3,3,mate in 2,1,1,1,0,0,0,1,1,27
c8a9204025cb,340980892481:100007c04d80e,win,3,5,5,mate in 3,2,1,1,0,0,0,0,3,27
e82687278898,5608800a54c:40000015635823,win,2,3,3,mate in 2,1,1,1,0,0,0,0,2,27
8f963126b732,208800088092853:80000a4902409708,win,2,3,3,mate in 2,1,1,1,0,0,0,1,1,27
4edba11faf77,1022012299902:8000800989024229,win,7,13,15,mate in 8,0,7,0,0,1,6,5,2,26
6ce4793affc8,9800380139012:900210081208230d,win,2,3,3,mate in 2,1,1,1,0,0,0,0,2,27
be2c829cc757,9032009800aa09:89122995090,win,3,5,9,mate in 5,1,2,1,1,0,0,0,3,28
141d1c3163e9,900038d429804:89081009454b,win,5,9,13,mate in 7,0,5,1,1,0,3,2,3,28
f890c18a51b4,108011003289284:80017253b,win,3,5,5,mate in 3,2,1,1,0,0,0,1,2,26
4c7b54473093,108013003289284:80017257b,win,3,5,5,mate in 3,1,2,1,1,0,0,0,3,28
3f181c883660,1000801cad341:800080818401249e,win,3,5,5,mate in 3,1,2,1,1,0,0,1,2,28
a2d66a40c234,2a8e428462:a880000287a89,win,2,3,3,mate in 2,1,1,1,0,0,0,0,2,28
dd6a24cd3bea,108000292038283:2010901c83148,win,3,5,5,mate in 3,2,1,1,0,0,0,0,3,26
5948ba246345,148000292038283:2014901c83148,win,2,3,3,mate in 2,1,1,1,0,0,0,0,2,28
e350635477ee,9009108900808901:808000980b708a,win,2,3,3,mate in 2,1,1,1,0,0,0,1,1,27
798728c33193,10800012d0b1803:1190a1000e518,win,2,3,3,mate in 2,0,2,1,1,0,0,0,2,28
8e9c26cda069,68044080601c30:383419a049,win,2,3,3,mate in 2,1,1,1,0,0,0,0,2,27
35508be59e77,1909820888c1:1101800019815308,win,2,3,3,mate in 2,1,1,1,0,0,0,0,2,27
c2595e4cf578,20920980088381:900900201321102c,win,4,7,7,mate in 4,3,1,1,0,0,0,1,3,27
978cee1a838e,20920980888381:900900201321102c,win,2,3,3,mate in 2,0,2,1,1,0,0,0,2,28
284d05825118,50001d003d028:8000c282c2807,win,8,15,35,mate in 18,1,7,0,0,0,7,5,3,26
96c287e84297,801808010481558:8018a918a81,win,8,15,15,mate in 8,3,5,1,0,0,4,6,2,26
c4870b82c3e4,1080800040b14c3:1490b408b08,win,3,5,5,mate in 3,1,2,1,1,0,0,0,3,26
7284ce70c5ca,1100048827198:10004083100d8807,win,2,3,3,mate in 2,1,1,1,0,0,0,0,2,27
b447d8642d76,102402301d148:1040300150402e01,win,4,7,7,mate in 4,0,4,1,1,0,2,1,3,26
de538507b564,4178002840b003:3002004350034848,win,3,5,7,mate in 4,1,2,1,1,0,0,0,3,28
14dbb66774ca,10080004042c03a9:400140912819404,win,2,3,3,mate in 2,1,1,1,0,0,0,0,2,26
284622f65dae,1008014015203065:400340920498508,win,2,3,3,mate in 2,1,1,1,0,0,0,0,2,28
870e72defb5f,1009800991c22:81401144080d9,win,7,13,33,mate in 17,3,4,1,1,0,2,3,4,26
e4288f4f8234,21900008a5008b:100000a3900a9824,win,7,13,17,mate in 9,1,6,0,0,0,6,4,3,27
47044585cae7,90202a8089a44:91247211b,win,4,7,7,mate in 4,2,2,1,1,0,0,1,3,28
c965beadd169,10080001c00cc388:101d10811011805,win,2,3,3,mate in 2,0,2,1,1,0,0,0,2,27
c9c8f08afaed,1048024412080251:20010188055940c,win,3,5,5,mate in 3,2,1,1,0,0,0,0,3,27
71808ae53e52,2901230000912a:29008b12b2001,win,3,5,5,mate in 3,2,1,1,0,0,0,0,3,27
e2d4d5aabb0c,a112019088b04:100080a0422143b,win,7,13,29,mate in 15,2,5,0,0,0,5,5,2,28
7b1f9770b619,1022816a01c81:1028140180098238,win,8,15,29,mate in 15,2,6,0,0,0,6,3,5,28
572de16e7938,19b10c742:910040138bd,win,2,3,3,mate in 2,1,1,1,0,0,0,0,2,28
2c72581ee895,24d404810ca:4840000205ea05,win,2,3,3,mate in 2,1,1,1,0,0,0,0,2,26
a55845d7850d,108100018462046a:2090a210899081,win,4,7,7,mate in 4,3,1,1,0,0,0,0,4,28
3e39557e6750,980009202215a:8000130b01099201,win,4,7,7,mate in 4,3,1,1,0,0,0,0,4,27
430039a51caa,3009000b02019128:b000b02a2283,win,2,3,3,mate in 2,0,2,1,1,0,0,0,2,28
0ea29945d0e6,1100e000ac03c:1008000130153a03,win,2,3,3,mate in 2,1,1,1,0,0,0,0,2,27
984382f9cfb1,1840002829706:80040207840508c1,win,2,3,3,mate in 2,1,1,1,0,0,0,0,2,27
af720751b202,10008c005b628:8200130284057,win,2,3,3,mate in 2,1,1,1,0,0,0,0,2,26
8fdc6e1b4554,18300032829803:1200021808186298,win,2,3,3,mate in 2,1,1,1,0,0,0,0,2,28
88c95918c128,a0202948016841:9008020a891b8,win,3,5,5,mate in 3,2,1,1,0,0,0,0,3,28
c6a6eb76c96d,21148890121019:1000002104a985a2,win,2,3,3,mate in 2,1,1,1,0,0,0,0,2,28
980952451768,186008d0488045:a000801028107898,win,2,3,3,mate in 2,1,1,1,0,0,0,0,2,28
9c93b0b15424,102210a0d1068:8449060ca05,win,5,9,9,mate in 5,3,2,1,1,0,0,0,5,26
750a9fe5870d,1ab0c1104b:a2000003aa2b4,win,2,3,3,mate in 2,1,1,1,0,0,0,0,2,28
b88c36ad01f6,1800c892408344:240021001991099,win,3,5,5,mate in 3,1,2,1,1,0,0,0,3,28
67454849e11f,558478045:800580408008590a,win,2,3,3,mate in 2,0,2,1,1,0,0,1,1,26
f545aa848e50,57000d004300a:3000800d2009c805,win,2,3,3,mate in 2,1,1,1,0,0,0,0,2,27
22bcf93f3071,c110810115105:11000004430c825a,win,2,3,3,mate in 2,1,1,1,0,0,0,0,2,27
92e127bb81e1,10009a04820bc:2008204010239443,win,2,3,3,mate in 2,0,2,1,1,0,0,0,2,27
5db965153124,20060090981229:81028066184d0,win,2,3,3,mate in 2,1,1,1,0,0,0,0,2,27
e33ffc221b85,4000814d01698:80014022c8165,win,13,25,25,mate in 13,3,10,1,1,0,8,8,5,26
8ea72d16e7c1,1281060193a:10281040091b8041,win,2,3,3,mate in 2,1,1,1,0,0,0,0,2,27
a1a9c7d29a6b,100c020022029213:200100c900c214c,win,7,13,17,mate in 9,1,6,0,0,0,6,5,2,26
ea67942d3ad9,1008001c00168238:10100290297007,win,2,3,3,mate in 2,1,1,1,0,0,0,0,2,27
6bfa1216197b,1008004211415128:1108003a8853,win,2,3,3,mate in 2,1,1,1,0,0,0,0,2,26
56a1595d7359,91400844b1841:1000004b1880868a,win,3,5,5,mate in 3,1,2,1,1,0,0,0,3,28
eb998f04a506,422009d019442:4224e2b0d,win,3,5,5,mate in 3,2,1,1,0,0,0,0,3,28
fb2a5928feb4,28088000883c45:4000689860c0a8,win,2,3,3,mate in 2,1,1,1,0,0,0,0,2,27
4e753acd60b1,20118015811448:100004200230c3b1,win,2,3,3,mate in 2,1,1,1,0,0,0,0,2,27
108f12c73e7a,b80360008901a:4000990374025,win,2,3,3,mate in 2,1,1,1,0,0,0,1,1,28
05d620a2f08b,108000901145815:10114802b812a,win,8,15,17,mate in 9,1,7,1,1,0,5,6,2,27
0141a16556b1,1008003980118308:8001910013281031,win,2,3,3,mate in 2,1,1,1,0,0,0,0,2,27
ea4aef5223a0,9102030a0ca0c:10800089c00930a1,win,2,3,3,mate in 2,1,1,1,0,0,0,0,2,28
b639fad6c081,30001610149046:41020026a02b9,win,2,3,3,mate in 2,1,1,1,0,0,0,0,2,27
2d91e077e385,10080482118c140a:6110c04038185,win,9,17,33,mate in 17,0,9,1,0,0,8,5,4,28
f3d283dd289b,110098099410e:118811011029091,win,2,3,3,mate in 2,1,1,1,0,0,0,1,1,28
7de34d715a4f,8a94181291:100814002082a50a,win,10,19,27,mate in 14,1,9,1,0,0,8,5,5,26
df5b8d95e21a,13800838086803:80013c0139098,win,2,3,3,mate in 2,1,1,1,0,0,0,1,1,28
e4f4bbd458bd,2060026803c21:140030029002828a,win,3,5,5,mate in 3,2,1,1,0,0,0,1,2,26
c2606c4bda42,2068026803c21:340030029002828a,win,3,5,5,mate in 3,2,1,1,0,0,0,1,2,28
c613ff55f394,10287e02b:10020807816d4,win,3,5,5,mate in 3,2,1,1,0,0,0,0,3,27
3d3c3039e7f1,50484459448:400100913080315,win,2,3,3,mate in 2,1,1,1,0,0,0,0,2,26
594249abc531,9009020823011148:b0419048e201,win,2,3,3,mate in 2,1,1,1,0,0,0,0,2,28
4443857e27fe,150405010c215:40008001a049344a,win,7,13,31,mate in 16,2,5,0,0,1,4,4,3,27
74403ee7fa87,100401c49c928:cc01c00014d5,win,2,3,3,mate in 2,1,1,1,0,0,0,1,1,28
444b816da385,108102084049a61:50c1928450c,win,5,9,15,mate in 8,1,4,1,0,0,3,2,3,28
4e7cc21df144,100d000094898408:908d000450c5,win,2,3,3,mate in 2,1,1,1,0,0,0,0,2,26
03331db5fdc1,9000052b18213:10a9010859a8,win,2,3,3,mate in 2,1,1,1,0,0,0,0,2,28
5bfe556f7c60,20804080584c58:4800382021b025,win,7,13,31,mate in 16,3,4,1,0,0,3,3,4,27
0e909df69355,109003898218018:90101183965,win,2,3,3,mate in 2,1,1,1,0,0,0,0,2,28
b12732d0194e,11010903c812c:14010d01013813,win,2,3,3,mate in 2,1,1,1,0,0,0,1,1,28
1251f491ae72,902001603b144:11490148460b,win,4,7,7,mate in 4,0,4,1,1,0,2,1,3,28
d79bce0d5b9b,100400c49c928:c401c00014d5,win,2,3,3,mate in 2,1,1,1,0,0,0,1,1,26
9e6d162a360d,4601008095194:10000c6094a80b,win,2,3,3,mate in 2,1,1,1,0,0,0,1,1,27
214776a5681e,1049804846c2:4980001081b80d,win,10,19,33,mate in 17,2,8,1,0,0,7,4,6,27
f1a6c61e0c73,24901425609:a0402860981c2,win,2,3,3,mate in 2,0,2,1,1,0,0,0,2,27
ebe84fda4d2f,19000496081838:8004801900158605,win,2,3,3,mate in 2,0,2,1,1,0,0,0,2,28
d6498771cbf1,4002e1031c814:10081011400e102b,win,2,3,3,mate in 2,1,1,1,0,0,0,0,2,28
5d1c74b55f15,c12100024831c:1000002cd2185021,win,2,3,3,mate in 2,1,1,1,0,0,0,0,2,27
f1206e99e978,1880600089aa4:8000008188a7000b,win,2,3,3,mate in 2,0,2,1,1,0,0,1,1,26
466b50e74a4e,1880e00089aa4:8000008198a7000b,win,2,3,3,mate in 2,0,2,1,1,0,0,1,1,28
017c24fed337,108310c095428:181008d0308891,win,3,5,7,mate in 4,1,2,1,1,0,0,0,3,28
8d0701b939dd,9c000c5814481:c00001890008b90a,win,2,3,3,mate in 2,1,1,1,0,0,0,0,2,28
40a0c1443d34,102110041c94c:8000800082b016b1,win,3,5,5,mate in 3,2,1,1,0,0,0,0,3,27
45b269782a46,1008000921c0a099:1104090195960,win,2,3,3,mate in 2,1,1,1,0,0,0,0,2,28
dd66ecdfd708,208800064424603:800062088208b048,win,3,5,5,mate in 3,1,2,1,1,0,0,0,3,26
3ffcca33fca7,1029800481201039:1129108d8184,win,8,15,27,mate in 14,3,5,1,0,0,4,3,5,28
6080ac7d816f,19002190308181:11180109503a,win,2,3,3,mate in 2,1,1,1,0,0,0,0,2,26
12b85e483009,1e08081019109:8008000960886490,win,2,3,3,mate in 2,1,1,1,0,0,0,0,2,26
0e51dc6157af,2a088b0011098:180013009aa003,win,2,3,3,mate in 2,1,1,1,0,0,0,0,2,26
2497de6fd879,1008202510a09405:811088a00d20a8,win,2,3,3,mate in 2,0,2,1,1,0,0,0,2,28
1c5d26730e71,181014104912a:4100402288234805,win,2,3,3,mate in 2,1,1,1,0,0,0,0,2,27
62a66a015a3e,10249100a098a:100810008b419241,win,3,5,5,mate in 3,1,2,1,1,0,0,0,3,27
bae24bebb346,9320092883084:b00080092001830b,win,2,3,3,mate in 2,1,1,1,0,0,0,0,2,28
2e8678cb84c4,1804938403808:90403000808980c3,win,2,3,3,mate in 2,1,1,1,0,0,0,0,2,27
086ea433187c,1049204880608028:1021300930c3,win,4,7,7,mate in 4,3,1,1,0,0,0,0,4,26
34a9c4d07511,1049204880628028:1021300934c3,win,4,7,7,mate in 4,3,1,1,0,0,0,0,4,28
e32bbb287ab4,1811001238072:22002380181989,win,8,15,31,mate in 16,3,5,1,1,0,3,2,6,27
203a4b0f3d87,25110408051809:82115308534,win,7,13,15,mate in 8,2,5,1,0,0,4,4,3,27
b000abea6e00,100b8980c083:88018800100b1908,win,2,3,3,mate in 2,1,1,1,0,0,0,0,2,26
d9136f3ee17a,2840080281974:8000000a0487848b,win,2,3,3,mate in 2,1,1,1,0,0,0,0,2,27
357b7b5beea1,4010085800390c2:4140214c4050d,win,3,5,5,mate in 3,2,1,1,0,0,0,0,3,27
65fa595dc9b0,4800c0800a715:83ac58e8,win,2,3,3,mate in 2,1,1,1,0,0,0,0,2,27
21c76f95e6d3,20802a30311083:80091808aa03c,win,3,5,9,mate in 5,0,3,0,0,0,3,2,1,28
f2f53149f96d,990209000a072:9000000900391389,win,7,13,15,mate in 8,1,6,1,0,0,5,5,2,27
0ae204394518,10801880012a21a:808002918911a1,win,8,15,31,mate in 16,2,6,1,0,0,5,5,3,27
3e3fc0c41185,36020b0001c0a:3442be021,win,3,5,5,mate in 3,1,2,1,1,0,0,0,3,26
d5a320db7fdd,1984004600d221:21990192458,win,4,7,7,mate in 4,3,1,1,0,0,0,1,3,28
c2dd1542ced8,1149144028c9:441048001899510,win,2,3,3,mate in 2,1,1,1,0,0,0,0,2,28
32216a346e20,18c00910003123:80000010e01bc218,win,2,3,3,mate in 2,1,1,1,0,0,0,1,1,27
5d6df3ee644b,1009802081488928:80001009103110d5,win,2,3,3,mate in 2,1,1,1,0,0,0,0,2,28
c1566fb7a2b7,100a0008044946a4:12025202984b,win,8,15,31,mate in 16,2,6,1,0,0,5,3,5,28
c09f748edb45,8104005509d104:100811890080248b,win,3,5,5,mate in 3,1,2,1,1,0,0,0,3,28
fe7e351b6a7b,1488040295409:400010219c8088a0,win,2,3,3,mate in 2,1,1,1,0,0,0,1,1,26
f84c9f25e18b,4700a2092b0:20080084580d49,win,2,3,3,mate in 2,1,1,1,0,0,0,0,2,26
3895cc7babd6,2205080001750a:80022a52a8031,win,2,3,3,mate in 2,1,1,1,0,0,0,0,2,27
77ca39f30f8d,9040086049681:4001009100b202e,win,2,3,3,mate in 2,1,1,1,0,0,0,0,2,26
dd143cd16780,18580104095c0:8000104185810a19,win,2,3,3,mate in 2,1,1,1,0,0,0,0,2,27
9473cacef818,8104005509d100:1008118900802489,win,4,7,7,mate in 4,2,2,1,1,0,0,0,4,26
b15e209bf053,1100c900121ec:a00ca001200c9011,win,8,15,19,mate in 10,1,7,1,0,0,6,6,2,28
9829fdd975b4,1108020118109a30:1911883090109,win,3,5,5,mate in 3,2,1,1,0,0,0,0,3,28
a9c2b233cdb6,5084008090a518:84000050244150c5,win,5,9,9,mate in 5,3,2,1,1,0,0,0,5,27
636da27c8c1a,8101100105490e:10000851098b091,win,2,3,3,mate in 2,1,1,1,0,0,0,0,2,27
54898b6dfd32,810009110d3108:1008318020c080c5,win,2,3,3,mate in 2,0,2,1,1,0,0,0,2,27
e9a38dc7d59d,10c0192099820:140812080c000619,win,3,5,5,mate in 3,2,1,1,0,0,0,1,2,26
fc51cd68fa9d,1808911101185:8008101080c9c058,win,2,3,3,mate in 2,1,1,1,0,0,0,0,2,27
96d940b0a893,14200930a5182:8002900b40018a09,win,8,15,33,mate in 17,1,7,0,0,1,6,6,2,28
20ee424ad458,2908011409981:1000000280b3407a,win,3,5,5,mate in 3,1,2,1,1,0,0,0,3,27
91375f5cb8f3,801c00082e1a088:8000080948085a61,win,2,3,3,mate in 2,1,1,1,0,0,0,0,2,28
52d57379fbad,1310431631:104400718c14a,win,2,3,3,mate in 2,1,1,1,0,0,0,0,2,27
7fb21d6de79f,2090101101c309:1110012082303032,win,2,3,3,mate in 2,1,1,1,0,0,0,0,2,27
5537dddc4196,1818001cb052:81800009c404c0d,win,2,3,3,mate in 2,1,1,1,0,0,0,0,2,27
817a3a10fa1b,1444020489518:101470162c5,win,7,13,15,mate in 8,2,5,1,0,0,4,5,2,27
4dec5f7046e2,1400001a11798:29c008e861,win,13,25,35,mate in 18,6,7,1,0,0,6,6,7,26
eb67d5fb0098,1a0008810a2d2:8000000133015929,win,9,17,35,mate in 18,2,7,1,1,0,5,6,3,27
25cf535ed666,8010c0094849808:801085080904a5,win,2,3,3,mate in 2,1,1,1,0,0,0,0,2,26
356f6231d9b4,1918011018055:81000011a0d03188,win,2,3,3,mate in 2,1,1,1,0,0,0,0,2,27
1ad805b38872,21000100adc098:840a848003925,win,2,3,3,mate in 2,1,1,1,0,0,0,0,2,27
7381f645ba11,3120006889424:239023028b,win,2,3,3,mate in 2,0,2,1,1,0,0,0,2,26
9df4f47ed0a6,54088b04d4:1000088074c82b,win,2,3,3,mate in 2,1,1,1,0,0,0,0,2,27
3c00a6023bd5,450048300b1801:820070044a04e,win,17,33,35,mate in 18,3,14,1,0,0,13,5,12,26
3a457d5a9753,142500440b058:40000162194605,win,3,5,5,mate in 3,1,2,1,1,0,0,0,3,26
3d5da91fd7a6,20980010078a054:208a207122b,win,8,15,31,mate in 16,2,6,0,0,0,6,5,3,28
d40fa6bf83ac,811b0194c01:8009c0084800b018,win,2,3,3,mate in 2,0,2,1,1,0,0,0,2,26
2ff72c86cf6c,801100596088601:10000a000805383e,win,2,3,3,mate in 2,0,2,1,1,0,0,0,2,28
07a64ac04fdf,100800216021420d:2130089008b022,win,2,3,3,mate in 2,1,1,1,0,0,0,0,2,26
7cebc89c2f16,9100100323921:1000000a3009825a,win,2,3,3,mate in 2,0,2,1,1,0,0,0,2,26
11aec5ff5e83,20040005698261:8012890001d1c,win,3,5,5,mate in 3,1,2,1,1,0,0,1,2,26
52ac6b228ae7,1820001096900b:809ca0086094,win,2,3,3,mate in 2,1,1,1,0,0,0,1,1,26
197c68b67787,15c8000954c1:188000095c0890c,win,10,19,19,mate in 10,2,8,1,1,0,6,6,4,28
b3e2d6967638,1d108018050a8:90080081d0098501,win,2,3,3,mate in 2,1,1,1,0,0,0,0,2,27
0e2cf4ca1718,11028005d9058:8008801590204225,win,2,3,3,mate in 2,0,2,1,1,0,0,0,2,28
30d37ead8082,9b0882000a40a:b080000190891085,win,3,5,5,mate in 3,1,2,1,1,0,0,0,3,27
6d25798a231e,180098c829088:80080c8010092c07,win,2,3,3,mate in 2,0,2,1,1,0,0,0,2,27
7a546fdb8dff,1101c0018710c:1018000191058813,win,2,3,3,mate in 2,1,1,1,0,0,0,0,2,27
6e867f6af377,11082819a8502:110201111001109d,win,2,3,3,mate in 2,1,1,1,0,0,0,0,2,28
4cb305d70ded,1a000001d2718:80019a9009825,win,2,3,3,mate in 2,0,2,1,1,0,0,1,1,27
2800dd59acab,32882212a41:2200000098891b8,win,2,3,3,mate in 2,1,1,1,0,0,0,0,2,26
d6465afdf307,3800031415188:8000200b800aa043,win,2,3,3,mate in 2,1,1,1,0,0,0,0,2,26
f5b2ec6a8e9d,30108100bc508:8000305341037,win,2,3,3,mate in 2,1,1,1,0,0,0,0,2,27
081655967267,112009240c8c1:8001018d133c,win,2,3,3,mate in 2,1,1,1,0,0,0,0,2,27
35381332a4ac,10800081448c847:d000d100c1001508,win,2,3,3,mate in 2,0,2,1,1,0,0,0,2,28
bb4008989ebe,9880450095128:800000098c048c17,win,2,3,3,mate in 2,1,1,1,0,0,0,0,2,28
b0b40c4b434d,90090000128a300a:928980018285,win,4,7,7,mate in 4,3,1,1,0,0,0,0,4,26
e22980ed75f3,108005180d11c:1800108188092881,win,2,3,3,mate in 2,0,2,1,1,0,0,0,2,26
9b34c5f5e9c6,818000a148a948:8000008114815493,win,7,13,27,mate in 14,1,6,0,0,1,5,4,3,28
e18acf14cb94,140098424c029:408042440091514,win,5,9,17,mate in 9,1,4,0,0,0,4,3,2,26
6b93b068a350,1940810013c07:100c0007840e8088,win,2,3,3,mate in 2,0,2,1,1,0,0,0,2,28
bbe9c4e66cdd,282848d0b8:18101010332843,win,4,7,7,mate in 4,3,1,1,0,0,0,0,4,27
9294579095a5,1002085a058b8:1020940110018545,win,2,3,3,mate in 2,0,2,1,1,0,0,1,1,28
9b3f270e9d43,1903188100829:90200800102b9212,win,7,13,19,mate in 10,1,6,1,0,0,5,5,2,27
ad3b5ddcdd56,180008905092c1:8001821103090118,win,2,3,3,mate in 2,1,1,1,0,0,0,0,2,26
662b9b56f4e7,180008b05092c1:8001821103092118,win,2,3,3,mate in 2,1,1,1,0,0,0,0,2,28
b57d6ff1ab0c,100801000542960c:100c900d4143,win,2,3,3,mate in 2,1,1,1,0,0,0,0,2,26
189d9bcc6ac3,24900d10041a01:100902208229802c,win,2,3,3,mate in 2,1,1,1,0,0,0,0,2,27
ffdd094c5ea8,40d000412099084:8000860984042609,win,2,3,3,mate in 2,0,2,1,1,0,0,0,2,27
ee674b09b019,10040c642e448:404001100d1a27,win,5,9,9,mate in 5,4,1,1,0,0,0,0,5,28
10fcae485bd7,3648870003408:20080003048b4183,win,2,3,3,mate in 2,1,1,1,0,0,0,0,2,28
d266dddfb7a4,18809894870:c610b789,win,2,3,3,mate in 2,1,1,1,0,0,0,0,2,27
a43510976d81,105891169404:1008000200490b5b,win,2,3,3,mate in 2,1,1,1,0,0,0,0,2,28
3ddd6c7d506b,d008211899402:2000d040641cd,win,4,7,7,mate in 4,2,2,1,1,0,0,0,4,28
cdc43573d039,1904003010a59:8008030998489100,win,3,5,5,mate in 3,2,1,1,0,0,0,0,3,27
21b614a78289,30000078192a5:1000303100e051a,win,2,3,3,mate in 2,1,1,1,0,0,0,0,2,28
875c6f91b0e0,441000110d8c01a:1448040315c5,win,3,5,5,mate in 3,2,1,1,0,0,0,1,2,28
f08a56035244,c901d3061:100810300320831c,win,3,5,5,mate in 3,1,2,1,1,0,0,0,3,27
80b0d1b2fbd7,1200224611178:401900ae683,win,2,3,3,mate in 2,1,1,1,0,0,0,0,2,28
cc52fcd9e1d7,2c00c800ac038:8008000240551147,win,4,7,7,mate in 4,3,1,1,0,0,0,0,4,27
f90d938cefc7,2826b42b8:1c24150009143,win,2,3,3,mate in 2,1,1,1,0,0,0,0,2,28
b9fd103e5990,14a4888404809:8400001420992c2,win,2,3,3,mate in 2,1,1,1,0,0,0,0,2,26
19d80a856364,20002082487688:8000804030a18871,win,7,13,21,mate in 11,1,6,0,0,0,6,3,4,27
864f56a757e2,11090010940c8504:1011090111109b,win,2,3,3,mate in 2,1,1,1,0,0,0,0,2,28
585597edbd6f,208008152a81803:52080003c3ac,win,4,7,9,mate in 5,0,4,1,0,0,3,3,1,28
6f2eda985216,4900019021132c:6800c8e0d3,win,3,5,5,mate in 3,1,2,1,1,0,0,0,3,28
5bcda87d4197,9204021c8b006:20000009d00145c9,win,3,5,9,mate in 5,1,2,1,1,0,0,1,2,28
c9a0877b6a3d,618c4118d08:440040001b085291,win,2,3,3,mate in 2,1,1,1,0,0,0,0,2,28
a72e5de8b687,44109482649:4028003601d900,win,4,7,7,mate in 4,3,1,1,0,0,0,0,4,26
2e7c107519f4,20a8018a012083:800100226022ca28,win,3,5,5,mate in 3,2,1,1,0,0,0,0,3,27
9a0f07f88119,911014100e490:100401814191909,win,2,3,3,mate in 2,1,1,1,0,0,0,0,2,27
720ee8241e51,92000290c9138:8000801d90112805,win,2,3,3,mate in 2,0,2,1,1,0,0,0,2,28
d5e3127cfe3b,1019101400419412:9109e40cd,win,7,13,13,mate in 7,3,4,1,0,0,3,2,5,28
123db135136f,10429800b1412:800880001464806d,win,2,3,3,mate in 2,1,1,1,0,0,0,0,2,27
dd7ac9aaae97,11023220090e8:20200010336a13,win,5,9,19,mate in 10,0,5,1,0,0,4,3,2,27
336e10b89edc,188400055208121:1888089748a,win,4,7,7,mate in 4,2,2,1,1,0,0,0,4,27
c78e724f7837,9900100815914:900000089908a08b,win,2,3,3,mate in 2,1,1,1,0,0,0,0,2,27
1fe8c67cdcb1,1081000818a81428:8148184018885,win,2,3,3,mate in 2,1,1,1,0,0,0,0,2,26
babc132c40cf,10080008901550a1:90904888881c,win,2,3,3,mate in 2,1,1,1,0,0,0,0,2,26
21f1f3dca014,10080008903550a1:909048888a1c,win,2,3,3,mate in 2,1,1,1,0,0,0,0,2,28
542e15f67c8d,141005068a078:1000105101915181,win,2,3,3,mate in 2,1,1,1,0,0,0,0,2,28
f10f136cd40d,c2080c1bd:800009c0c3e42,win,3,5,5,mate in 3,1,2,1,1,0,0,0,3,27
6fbd584c062f,10402850cd104:11093003241b,win,11,21,31,mate in 16,4,7,1,0,0,6,6,5,27
b7303a8e2f92,10221a32910a0:9220b0001000a309,win,2,3,3,mate in 2,0,2,1,1,0,0,0,2,28
0d56ecb78d0e,184540045810d:8004000184185652,win,2,3,3,mate in 2,1,1,1,0,0,0,0,2,28
8762702a7111,1080400061a9412:1400110851004309,win,3,5,9,mate in 5,0,3,0,0,0,3,2,1,26
12753e938674,6094661438:1022100600098847,win,2,3,3,mate in 2,1,1,1,0,0,0,0,2,28
7056f4b19be7,48029110c102c:9028110480218181,win,5,9,9,mate in 5,4,1,1,0,0,0,1,4,27
eaf4f424f780,5228000cd8051:20000452210728c,win,4,7,7,mate in 4,3,1,1,0,0,0,1,3,28
252582a3ef24,ac00c50089804:400028827403b,win,8,15,15,mate in 8,1,7,1,1,0,5,6,2,27
97fc314b6785,80d840081e5:d0400088d1c18,win,2,3,3,mate in 2,1,1,1,0,0,0,0,2,27
ef1fbe803c94,10004906a89c2:10890885302d,win,2,3,3,mate in 2,0,2,1,1,0,0,0,2,28
d648d94d6457,120a42082b022:200000011225429d,win,2,3,3,mate in 2,1,1,1,0,0,0,0,2,27
7e42ee93c67b,c000881a11839:1084300ce186,win,3,5,7,mate in 4,2,1,0,0,1,0,0,3,28
67070454ac62,100811094100910a:c101c000900940c1,win,8,15,31,mate in 16,0,8,1,0,0,7,6,2,27
c50d0a7c7fb4,8190414001d042:90000080b0c020a9,win,7,13,33,mate in 17,1,6,0,0,0,6,2,5,26
82889f35d60e,90400a6023601:8402820b0009800a,win,10,19,31,mate in 16,1,9,1,0,0,8,3,7,26
abad8f18609d,1409c4081641:144980401041c00c,win,2,3,3,mate in 2,1,1,1,0,0,0,0,2,27
0da092d95892,108840090293024:9400112805008509,win,4,7,9,mate in 5,2,2,1,1,0,0,0,4,27
234b67f050bd,208041144c0c1c:1001102880319061,win,5,9,15,mate in 8,1,4,0,0,0,4,3,2,28
f2e803dcbfa1,4026002681c22:2000041007c24d,win,3,5,5,mate in 3,2,1,1,0,0,0,1,2,26
b4c571b30b3f,1009000c44003499:3401300dc904,win,3,5,5,mate in 3,2,1,1,0,0,0,1,2,28
5a71f166a815,2102001442861e:200002183291161,win,2,3,3,mate in 2,0,2,1,1,0,0,0,2,28
8fff9940c721,20408861801187:408800208029e038,win,8,15,31,mate in 16,0,8,1,0,0,7,3,5,28
a8eb6da55207,91002882a0909:9000882910019022,win,2,3,3,mate in 2,1,1,1,0,0,0,0,2,26
a26f9e17a5dc,2012004b80519:28000a110390a2,win,2,3,3,mate in 2,1,1,1,0,0,0,0,2,26
5a58c198c27a,a80298008a094:800000022033542b,win,2,3,3,mate in 2,0,2,1,1,0,0,0,2,27
731a022706f4,2100086c491c8:8602100b0e07,win,3,5,5,mate in 3,1,2,1,1,0,0,0,3,28
b8f7e3b95ef2,10418d4084a05:18900100159498,win,7,13,31,mate in 16,2,5,0,0,0,5,5,2,28
24c30f4c0aed,41097011208049:900188511932,win,2,3,3,mate in 2,1,1,1,0,0,0,0,2,28
d42d3f649746,208200d048c241:c001506102211028,win,8,15,29,mate in 15,3,5,1,0,0,4,3,5,27
177e83d48701,2a2c15878:80110132a383,win,3,5,5,mate in 3,2,1,1,0,0,0,0,3,28
ed596bf9c721,2505a18485:18180d0045138,win,2,3,3,mate in 2,1,1,1,0,0,0,0,2,27
1e375a98af07,100890030111050a:30008960a9211,win,2,3,3,mate in 2,1,1,1,0,0,0,0,2,27
6e238064c53d,1080000b0284d0a:11084500b265,win,2,3,3,mate in 2,1,1,1,0,0,0,0,2,27
66b6736a1810,5000c9101380a:2008a001200cc105,win,2,3,3,mate in 2,1,1,1,0,0,0,0,2,26
6621881a41ed,11000205730e4:100200231028881b,win,2,3,3,mate in 2,1,1,1,0,0,0,0,2,28
988943f7dd75,5504010088253:1008000d4045700c,win,2,3,3,mate in 2,1,1,1,0,0,0,0,2,27
8d18dee30c41,1002006a018b7:2010011803c748,draw,4,7,36,draw,1,3,0,0,0,3,1,3,28
174aa8368d20,1189108a0941:100900400141949a,win,3,5,5,mate in 3,2,1,1,0,0,0,0,3,27
4af5057f4000,2150018440a581:1000002070a15074,win,4,7,7,mate in 4,2,2,1,1,0,0,0,4,28
60b6164fc6ef,81023082899090:1028108910300229,win,2,3,3,mate in 2,1,1,1,0,0,0,0,2,28
0862a0a76965,18088810809c0c:14104d184191,win,2,3,3,mate in 2,0,2,1,1,0,0,0,2,27
6547c3dfccfb,4800490d8a045:9001301120051098,win,2,3,3,mate in 2,0,2,1,1,0,0,0,2,28
0f8d54fb8fcd,19080082098843:821908501618,win,3,5,5,mate in 3,0,3,1,1,0,1,0,3,26
9784408d9be1,200041c4604259:4104202201b4a2,win,8,15,19,mate in 10,1,7,0,0,1,6,6,2,28
3b9756b51229,10080200460b450a:140ab000b231,win,3,5,5,mate in 3,2,1,1,0,0,0,0,3,28
28b276a4bb1f,1000007417328:10001501100084c7,win,2,3,3,mate in 2,1,1,1,0,0,0,1,1,26
fc5e4de9cdef,18005008981823:10829006140d8,win,3,5,5,mate in 3,2,1,1,0,0,0,1,2,26
4bcaa6885ed0,c504050019062:1000000c046c440d,win,2,3,3,mate in 2,1,1,1,0,0,0,0,2,26
7228a8fb9c5d,2009082008d14a:8802089212aa1,win,7,13,31,mate in 16,1,6,0,0,1,5,4,3,27
84f5978f5718,11048c054510c:1040011111098251,win,2,3,3,mate in 2,1,1,1,0,0,0,0,2,28
9a2c5f5d7235,32088800914a8:2008000320a2a107,win,2,3,3,mate in 2,1,1,1,0,0,0,0,2,27
7c8505f6a95f,c0040c141c382:100810c020e104d,win,2,3,3,mate in 2,0,2,1,1,0,0,0,2,28
0a83ffb8571b,11048c050510c:1040011111098051,win,2,3,3,mate in 2,1,1,1,0,0,0,0,2,26
2a2c0296a5f6,10080001d4098450:4000d04800505109,win,2,3,3,mate in 2,1,1,1,0,0,0,0,2,26
d4bc5747b1b5,230401100d0434:100010260432900b,win,2,3,3,mate in 2,1,1,1,0,0,0,0,2,27
da1f9490b563,1000b99483088:8118000838953,win,2,3,3,mate in 2,1,1,1,0,0,0,0,2,28
8a859a93a4b2,103085109180c:858010a00e301,win,2,3,3,mate in 2,1,1,1,0,0,0,0,2,26
59745dcb4a10,1d13418045:10011300001c1318,win,3,5,5,mate in 3,2,1,1,0,0,0,0,3,26
28cb1c09ba4a,1d134180c5:10011300001c5318,win,3,5,5,mate in 3,2,1,1,0,0,0,0,3,28
d22bf6218e6a,188088b0028181:800030120098301a,win,2,3,3,mate in 2,1,1,1,0,0,0,0,2,26
f45e866f2b90,190c094498200:8008000902803cc9,win,2,3,3,mate in 2,0,2,1,1,0,0,0,2,27
246106cafa64,18422454201601:200018021dc03c,win,2,3,3,mate in 2,1,1,1,0,0,0,0,2,28
b22c7b3f72b0,a004048c08c411:40000b000b40aac,win,2,3,3,mate in 2,1,1,1,0,0,0,0,2,27
732ca8306731,4150897005101:91008004000c865c,win,2,3,3,mate in 2,1,1,1,0,0,0,0,2,28
e9fba7573f24,2184a8c462:8021c0084005108d,win,3,5,5,mate in 3,2,1,1,0,0,0,0,3,27
cfc990c72e5b,11091e4818014:1000a0001014748b,win,2,3,3,mate in 2,1,1,1,0,0,0,0,2,28
d067581c2389,110818085aa02:80008200120a14ad,win,2,3,3,mate in 2,0,2,1,1,0,0,0,2,27
e1cbb4351016,180001084418c5a:818109981381,win,7,13,29,mate in 15,1,6,1,0,0,5,5,2,28
7d1d4d763f89,10004c244a0c5:4404110095a1a,win,2,3,3,mate in 2,0,2,1,1,0,0,1,1,27
5e16b742562d,9080012000b9093:2190919900908,win,4,7,7,mate in 4,3,1,1,0,0,0,0,4,28
9483ba878fa3,1048020082019285:200104810d82058,win,6,11,11,mate in 6,2,4,1,0,0,3,3,3,26
4ef370d3c634,10091048210310c1:208310c8a11a,win,2,3,3,mate in 2,0,2,1,1,0,0,0,2,28
1ee49eec7bb3,2002080698694:24406516b,win,3,5,5,mate in 3,1,2,1,1,0,0,0,3,26
891f37214156,2081a880588c:2081c004400da001,win,3,5,5,mate in 3,2,1,1,0,0,0,0,3,26
5ebdfe99818f,1b04910492008:b0080000a00298c3,win,2,3,3,mate in 2,0,2,1,1,0,0,0,2,27
c29c723d5f1a,1604841103043:100111a049c118,win,8,15,29,mate in 15,3,5,1,0,0,4,3,5,27
23f0652ddcf9,84b40406c09:200060003c0b9042,win,7,13,13,mate in 7,5,2,1,0,0,1,2,5,27
57fec25fd504,10080c188b384:8080c2010207400b,win,3,5,5,mate in 3,1,2,1,1,0,0,0,3,28
b3e0159e99a1,2400828097c04:80002510281cb,win,8,15,35,mate in 18,1,7,1,0,0,6,4,4,26
da26bbd3a0fc,81000900a81945:4000e0814580b8,win,2,3,3,mate in 2,1,1,1,0,0,0,0,2,27
5aa3e453d22e,801181988811090:901880801018c809,win,3,5,5,mate in 3,2,1,1,0,0,0,1,2,28
26609db6e420,a110881198102:9110801210021099,win,10,19,37,mate in 19,1,9,0,0,0,9,4,6,27
dabbaad31bb8,100b002310128011:800090188029102a,win,2,3,3,mate in 2,1,1,1,0,0,0,0,2,26
214c5f85f661,21000098087c88:2904a18133,win,2,3,3,mate in 2,0,2,1,1,0,0,0,2,26
e0fab7437a21,140380d4918:40001c0150b045,win,3,5,9,mate in 5,2,1,0,0,1,0,2,1,26
1c732f9ab835,198848100d10c:80000009188d2891,win,3,5,5,mate in 3,2,1,1,0,0,0,1,2,28
ab9eca1d54ff,100902014200c283:8200900890093108,win,2,3,3,mate in 2,1,1,1,0,0,0,1,1,26
c582bc444156,40004806a4a62:8802a0804b00d,win,2,3,3,mate in 2,1,1,1,0,0,0,0,2,26
9e98d46f248e,1984810492048:9048000188049807,win,2,3,3,mate in 2,0,2,1,1,0,0,0,2,27
606cb168d344,9109088917:190908809110a8,win,7,13,15,mate in 8,3,4,1,1,0,2,3,4,27
e5a12b60a817,40310021008b04a:1000040124074685,win,4,7,7,mate in 4,3,1,1,0,0,0,0,4,27
728493ccf77f,104090241b18c:12005c0c4e41,win,2,3,3,mate in 2,1,1,1,0,0,0,0,2,28
c773fa0223d9,1081004902889801:481280104122c8,win,2,3,3,mate in 2,1,1,1,0,0,0,0,2,26
7dbcd16881db,82100050103950a:488208c2c0825,win,9,17,19,mate in 10,2,7,1,0,0,6,6,3,28
66a60bd076a8,1ec2048208821:88200001a4017418,win,2,3,3,mate in 2,1,1,1,0,0,0,0,2,28
05cd82dd3dde,289d024483:8008000a8b938,win,11,21,21,mate in 11,1,10,1,0,0,9,9,2,26
f4a4d922ad3b,10091408c088b080:c400c08114014409,win,2,3,3,mate in 2,1,1,1,0,0,0,0,2,28
5917cf11dd2a,2080a0142094442:104080c403a2d,win,4,7,9,mate in 5,2,2,1,1,0,0,1,3,27
010bef3ab390,1a8002a411140c:80012019000ea013,win,10,19,33,mate in 17,2,8,1,0,0,7,6,4,28
8474a2634622,1083108b2902:a0108a104908d,win,2,3,3,mate in 2,1,1,1,0,0,0,1,1,27
06a7d604ff2d,4190008014902e:80000055106900d1,win,2,3,3,mate in 2,1,1,1,0,0,0,0,2,27
1548abad2d7c,30004818a9384:8820b0225002b,win,6,11,17,mate in 9,1,5,0,0,0,5,4,2,28
34cc247ab9cb,1c2094020c222:c00800009209380d,win,3,5,5,mate in 3,1,2,1,1,0,0,0,3,27
4836fd8ff696,20002080d81827:853082380d8,win,3,5,5,mate in 3,2,1,1,0,0,0,0,3,27
2e2a0a2e8f23,28132a9c200:12a11020000030a9,win,2,3,3,mate in 2,1,1,1,0,0,0,0,2,26
b34163d044bc,1008114409c80209:400a88120419c4,win,3,5,7,mate in 4,2,1,0,0,1,0,0,3,28
11de8943b85d,208008820821c7:26004629e28,win,3,5,5,mate in 3,2,1,1,0,0,0,0,3,27
42ca20c0ebfa,2003800a805c0a:422052a83a1,win,5,9,9,mate in 5,1,4,1,1,0,2,3,2,27
615e851d01de,3081804492c41:80800030812931a,win,2,3,3,mate in 2,1,1,1,0,0,0,0,2,28
97100679ebfc,1215810489508:80001a1116057,win,2,3,3,mate in 2,1,1,1,0,0,0,0,2,28
1d3155c734c5,1800a050982029:50180020d9d0,win,2,3,3,mate in 2,1,1,1,0,0,0,0,2,26
f80a3749db18,10900804081d80a:1109b9082181,win,7,13,31,mate in 16,3,4,1,0,0,3,4,3,27
4de6d38d20ee,20410ad5228:100010010300a5c5,win,3,5,5,mate in 3,1,2,1,1,0,0,0,3,26
2f79f7ef0289,10020920a224d:90061d8b2,win,5,9,9,mate in 5,4,1,1,0,0,0,0,5,26
76aac9387871,12800aa8014b8:12011009ab45,win,3,5,5,mate in 3,2,1,1,0,0,0,0,3,28
8d51bbc6330e,19110900789010:8000805091014169,win,2,3,3,mate in 2,1,1,1,0,0,0,0,2,28
7e45630eb000,18000030a9712:800200139011080d,win,2,3,3,mate in 2,0,2,1,1,0,0,0,2,26
04fa3bce4ec0,19800001009d228:198219021d1,win,2,3,3,mate in 2,1,1,1,0,0,0,0,2,27
e32a295c9e48,1008100c38188091:588118005380c,win,3,5,9,mate in 5,2,1,0,0,1,0,2,1,28
3e96eff1c302,54018608190a8:800085001c6a15,win,2,3,3,mate in 2,1,1,1,0,0,0,0,2,28
dc1a0af9be6d,2040002900b3a01:8120d4204c00e,win,2,3,3,mate in 2,1,1,1,0,0,0,0,2,27
ea253303a3f9,100910188802502a:10002310398c11,win,2,3,3,mate in 2,1,1,1,0,0,0,1,1,28
e39b70f776c4,148186004689:140100001089b122,win,3,5,9,mate in 5,0,3,0,0,0,3,2,1,26
0f7e16bb005a,22492040830e:8800083097441,win,2,3,3,mate in 2,1,1,1,0,0,0,0,2,26
40fd23af94e0,22492440830e:48800083097441,win,2,3,3,mate in 2,0,2,1,1,0,0,1,1,28
82dfc6c34b9d,4422c74ac:4320030408b51,win,2,3,3,mate in 2,1,1,1,0,0,0,0,2,28
bc1191d16174,aa902082ca:1028100008cb1821,win,2,3,3,mate in 2,1,1,1,0,0,0,0,2,27
44a6a64e4cee,1840984681062:42010221003850d,win,2,3,3,mate in 2,1,1,1,0,0,0,0,2,28
7073ba8e3e9c,9104800629c82:10000003101d007d,win,2,3,3,mate in 2,0,2,1,1,0,0,1,1,28
c3e97c291078,1000210689c43:c418c0300b8,win,4,7,7,mate in 4,3,1,1,0,0,0,0,4,26
184dd3901b21,1009822900209300:8000100093096829,win,2,3,3,mate in 2,0,2,1,1,0,0,1,1,27
5b9d4ecf80c1,10800182018b205:1023004b004998,win,2,3,3,mate in 2,1,1,1,0,0,0,0,2,27
6b40fbed36a0,49080002819283:8000804998480848,win,2,3,3,mate in 2,0,2,1,1,0,0,0,2,26
385ae1918a9b,108500941092201:100103001204d10e,win,2,3,3,mate in 2,0,2,1,1,0,0,0,2,27
bd05ab291630,1980288821488:9000000114098913,win,2,3,3,mate in 2,0,2,1,1,0,0,0,2,26
3a8ef885dbf1,1980288823488:9800000114098913,win,2,3,3,mate in 2,0,2,1,1,0,0,0,2,28
a8b19abc414e,20009932408a9:10106000b9706,win,2,3,3,mate in 2,1,1,1,0,0,0,0,2,28
5404e29c6555,10080d0884814181:10010011908bc0a,win,2,3,3,mate in 2,1,1,1,0,0,0,0,2,28
637bf5b7a1f6,10841081010b902:10001002414b4059,win,2,3,3,mate in 2,1,1,1,0,0,0,0,2,27
c1905932ee5e,9002108a058c5:10201088900d8428,win,2,3,3,mate in 2,1,1,1,0,0,0,0,2,28
c4522af77005,209800120484149:80402248c201b200,win,2,3,3,mate in 2,1,1,1,0,0,0,0,2,27
f41bddf29560,10811040000d9a41:819ac2408e,win,4,7,7,mate in 4,2,2,1,1,0,0,0,4,28
919df1e533a7,2020504001605d:404020a4748422,win,2,3,3,mate in 2,1,1,1,0,0,0,0,2,27
91f9e55dbe25,1049002051215402:104b004a0969,win,2,3,3,mate in 2,1,1,1,0,0,0,0,2,28
550c07e01d57,180a11200c268:9000120080e31083,win,2,3,3,mate in 2,0,2,1,1,0,0,0,2,27
7f06b47a985f,10804088044141e:8110051aa161,win,5,9,9,mate in 5,1,4,1,1,0,2,3,2,27
5e8f7bbd22e0,20088e085b009:c8007100a40a6,win,2,3,3,mate in 2,1,1,1,0,0,0,0,2,28
63fdd6f24493,20c060a98a2:100014009085060d,win,9,17,33,mate in 17,3,6,0,0,1,5,5,4,26
1dbdd25bc3dd,1008042086094618:8400901810309023,win,11,21,31,mate in 16,1,10,1,0,0,9,9,2,28
e1e0935338ea,14c003c00b210:8001001c0114d09,win,2,3,3,mate in 2,1,1,1,0,0,0,0,2,26
4bf5a3f892e1,9600050009255:209a2496108,win,2,3,3,mate in 2,0,2,1,1,0,0,0,2,26
f2f9fc3e7d03,15001408d1098:400949810ca05,win,2,3,3,mate in 2,0,2,1,1,0,0,0,2,27
ad9fa7dbe58a,200211a3008258:210a02000313121,win,2,3,3,mate in 2,0,2,1,1,0,0,1,1,26
b483b9398d3e,3104d8a94:a382354b,win,2,3,3,mate in 2,1,1,1,0,0,0,0,2,27
450f54ec9b8a,6100dc121d:2000280922181e2,win,9,17,31,mate in 16,1,8,0,0,1,7,4,5,28
8b7f303fc4c5,1008800d15018401:51100800c312c,win,2,3,3,mate in 2,1,1,1,0,0,0,0,2,26
ff03b22378cc,2904009c008c43:4008029003910b8,win,4,7,7,mate in 4,3,1,1,0,0,0,1,3,28
93547de334d1,18089141a9108:8008011081810497,win,2,3,3,mate in 2,1,1,1,0,0,0,0,2,28
ec0a9e1de2ec,29401040d4a09:1001000e90029446,win,3,5,5,mate in 3,0,3,1,1,0,1,0,3,28
630c40733f47,42900a11c25:10211000144880da,win,2,3,3,mate in 2,0,2,1,1,0,0,0,2,27
35c81eea536d,46900a11c25:10211000144880da,win,2,3,3,mate in 2,1,1,1,0,0,0,0,2,28
c5c891dfd012,41a04900899080:80001000b8402969,win,2,3,3,mate in 2,1,1,1,0,0,0,0,2,27
5aacab52c896,a719b1c:90069008844e1,win,2,3,3,mate in 2,1,1,1,0,0,0,0,2,28
672d7c45fe59,4853c1a22:800084000081a59d,win,7,13,29,mate in 15,2,5,0,0,1,4,5,2,27
547e9e9be867,1801005000d19046:40980198080899,win,2,3,3,mate in 2,1,1,1,0,0,0,0,2,28
0675b537a6bb,9009018041811409:9009b408e180,win,2,3,3,mate in 2,1,1,1,0,0,0,0,2,28
28c8cb4a8e3e,21840016091138:23180328607,win,6,11,17,mate in 9,1,5,0,0,1,4,4,2,28
1efc3027f9b8,1910a11211801:90080001880a852a,win,2,3,3,mate in 2,0,2,1,1,0,0,0,2,27
9959b3f5e892,280119003090a4:11024110d0919,win,4,7,9,mate in 5,3,1,0,0,1,0,0,4,27
54def64dfe14,100928a81945:100c00049005a0b8,win,6,11,15,mate in 8,1,5,0,0,1,4,4,2,28
92687a97408d,1040913000d68:8104004599215,win,9,17,35,mate in 18,1,8,0,0,1,7,6,3,27
41d84b2170c5,2a014a13c3:100a10401030c838,win,3,5,9,mate in 5,0,3,0,0,0,3,2,1,28
82286d9a0a8e,1008002010215907:18098808a638,win,2,3,3,mate in 2,0,2,1,1,0,0,0,2,27
01efc2b14ba1,20403000e048131:1002501211e86,win,2,3,3,mate in 2,0,2,1,1,0,0,0,2,27
7c97ad8eee83,38100814c8324:81000003002310db,win,2,3,3,mate in 2,1,1,1,0,0,0,0,2,28
379243dd3be8,40108b8282921:8008b0240104900e,win,3,5,7,mate in 4,1,2,1,1,0,0,1,2,28
b0370b42ff74,43009100930a8:1008008420b48415,win,2,3,3,mate in 2,1,1,1,0,0,0,0,2,27
f2ab94d69e2f,18001044d5038:10001048d0108445,win,2,3,3,mate in 2,0,2,1,1,0,0,0,2,26
580de07be4e9,918012080b828:8da294283,win,3,5,5,mate in 3,2,1,1,0,0,0,0,3,27
a70bec1b0779,8919019080a009:1100208829091980,win,3,5,5,mate in 3,1,2,1,1,0,0,0,3,28
26395f9c94d1,14c8930808088:48010004c097c01,win,2,3,3,mate in 2,0,2,1,1,0,0,0,2,27
f4aa73dc565a,184a890880488:8088000104619063,win,2,3,3,mate in 2,0,2,1,1,0,0,0,2,27
608b2e9e223c,2081000441ad41:800000209920123a,win,6,11,11,mate in 6,1,5,1,0,0,4,4,2,26
10e89fa97bbc,13884181261:8020840013208518,win,7,13,17,mate in 9,1,6,0,0,0,6,5,2,26
46d505bfeb93,1004821d2a141:4801031009189a,win,2,3,3,mate in 2,1,1,1,0,0,0,0,2,28
0d5c6d682928,1008002812199204:12010026243b,win,2,3,3,mate in 2,1,1,1,0,0,0,0,2,26
7d5fffa0c577,1a04c100d1048:90081001a040a205,win,2,3,3,mate in 2,1,1,1,0,0,0,0,2,26
5886705fd644,1102090298564:802880090400708b,win,7,13,33,mate in 17,0,7,1,0,0,6,5,2,28
a7e3a9b55b7b,1009002820602149:31011109d220,win,2,3,3,mate in 2,1,1,1,0,0,0,0,2,26
a052b0b406e1,8012000900b1168:8032804aa07,win,2,3,3,mate in 2,1,1,1,0,0,0,0,2,26
a7b175b17bfa,1800188608263:8000004054017d18,win,2,3,3,mate in 2,1,1,1,0,0,0,0,2,27
715a39591b62,100880031017040b:8007100c80089054,win,7,13,29,mate in 15,2,5,1,0,0,4,1,6,28
de7a8cd6df78,10090040a00d8019:300d10403864,win,3,5,5,mate in 3,2,1,1,0,0,0,0,3,26
e3d548ad8a36,4405350514201:401100040206905e,win,2,3,3,mate in 2,1,1,1,0,0,0,0,2,28
c2b4ab72353d,201c624c63:2218022008b11c,win,7,13,13,mate in 7,2,5,1,1,0,3,3,4,28
f4086747c30b,128282808d900:808010181612069,win,2,3,3,mate in 2,1,1,1,0,0,0,1,1,27
6cf26e05e2bf,20040196284608:40802280001b8a1,win,2,3,3,mate in 2,1,1,1,0,0,0,0,2,26
cdb95c08767e,2004810484b68:4800028a039483,win,2,3,3,mate in 2,0,2,1,1,0,0,0,2,27
ea10632402bd,21800300322039:80000030b1099142,win,3,5,5,mate in 3,1,2,1,1,0,0,0,3,27
d2a90f4b2d90,2060212020e304:20018000d003103b,win,2,3,3,mate in 2,1,1,1,0,0,0,0,2,27
c9fdd37f8733,188401a603820:8402001a0098249,win,6,11,11,mate in 6,5,1,1,0,0,0,2,4,26
be7e8a3a0e74,40000d00b1e82:1008100c0004c14d,win,2,3,3,mate in 2,0,2,1,1,0,0,0,2,26
1047dd17cea4,9010189518210:8800880812081949,win,2,3,3,mate in 2,1,1,1,0,0,0,0,2,27
752e6e793c9e,1881110918a2:1008010a0882a509,win,2,3,3,mate in 2,1,1,1,0,0,0,1,1,27
628f0db7d0b6,1480649a940:8048840099001609,win,2,3,3,mate in 2,1,1,1,0,0,0,0,2,27
ae9486aa21e1,1009002099411820:8000990900288149,win,2,3,3,mate in 2,0,2,1,1,0,0,0,2,27
4190fc9b5637,109024810498300:9040910183001049,win,2,3,3,mate in 2,1,1,1,0,0,0,0,2,27
837d787f191c,992210221a018:a2002008b00812a1,win,2,3,3,mate in 2,0,2,1,1,0,0,0,2,28
dcb4f78384dd,28500244231401:500000299008c03a,win,8,15,29,mate in 15,1,7,1,0,0,6,5,3,27
5a59076b982c,1081910140084a09:1004080918191a2,win,2,3,3,mate in 2,1,1,1,0,0,0,1,1,28
b05b7eaaba27,1009110005809424:a990290189,win,2,3,3,mate in 2,0,2,1,1,0,0,0,2,26
5afa3dc63d80,120800205200a618:360824385021,win,2,3,3,mate in 2,1,1,1,0,0,0,0,2,27
e4af9a97bf8e,10089803010b1801:80010108980083ca,win,2,3,3,mate in 2,1,1,1,0,0,0,0,2,28
5718dc9e3a57,20448842a8601:40000021341116e,win,3,5,5,mate in 3,1,2,1,1,0,0,0,3,27
681c79a82b3f,8188010101a5088:88a88808913,win,2,3,3,mate in 2,1,1,1,0,0,0,0,2,26
e42470ff77d3,18001100d08383:1804881095058,win,3,5,5,mate in 3,1,2,1,1,0,0,0,3,26
b5aef8e2ff39,511400001c18d:5d14e1842,win,2,3,3,mate in 2,0,2,1,1,0,0,0,2,27
9da644e2ce67,10080009c144c058:8001900010191307,win,3,5,5,mate in 3,2,1,1,0,0,0,1,2,28
52d33d062158,2180001401c945:10001061c1641420,win,2,3,3,mate in 2,1,1,1,0,0,0,0,2,27
8b172b8dfc2e,5102110301093:100000042905a92c,win,2,3,3,mate in 2,1,1,1,0,0,0,0,2,27
6bd3ad7b8733,100a100014300c51:20003a080a902a,win,2,3,3,mate in 2,1,1,1,0,0,0,0,2,26
946ddf9048ed,13188a1805080:208800015009a909,win,2,3,3,mate in 2,0,2,1,1,0,0,0,2,27
633ecc33d48c,190188009214a:9008000112109a15,win,2,3,3,mate in 2,1,1,1,0,0,0,0,2,27
682891d5fe9e,121889818381:208088012187818,win,2,3,3,mate in 2,0,2,1,1,0,0,0,2,28
0d792517ae17,18090084c28b:120802001a091814,win,2,3,3,mate in 2,0,2,1,1,0,0,0,2,26
b997d50f19f1,18090086c28b:120902001a091814,win,2,3,3,mate in 2,0,2,1,1,0,0,0,2,28
07e8f64a1fe1,97000600d2c08:600004091c00d025,win,3,5,5,mate in 3,2,1,1,0,0,0,0,3,28
bd396ee05d90,3128a4209424:9020800011092949,win,3,5,7,mate in 4,0,3,1,0,0,2,2,1,28
8eb178752df1,114014448b502:14008048b00140c9,win,3,5,5,mate in 3,1,2,1,1,0,0,1,2,28
ffb9e22940c6,28008492048391:4103801b8102c,win,6,11,17,mate in 9,0,6,0,0,1,5,4,2,28
2067d4ae0871,140c0802154a1:40144da805a,win,2,3,3,mate in 2,1,1,1,0,0,0,0,2,27
a445f10eff35,18408840170a8:80000021102e8c07,win,2,3,3,mate in 2,1,1,1,0,0,0,0,2,27
211add1a2aa8,10049900186c2:80088200024a380d,win,3,5,5,mate in 3,2,1,1,0,0,0,0,3,27
59d5a6932f09,100608068d0a2:1020900110012159,win,2,3,3,mate in 2,0,2,1,1,0,0,1,1,26
0ef0b033c5e3,219040184039408:400821812180293,win,2,3,3,mate in 2,1,1,1,0,0,0,0,2,28
ed1e6a2216b5,300960009011c001:400010096008301e,win,2,3,3,mate in 2,1,1,1,0,0,0,0,2,26
fe0363359616,300960009015c001:400010196008301e,win,2,3,3,mate in 2,1,1,1,0,0,0,0,2,28
096af32e235c,18c6014441824:58823a44b,win,3,5,5,mate in 3,1,2,1,1,0,0,0,3,28
8ffcd326995d,d020104208239:42c921d1404,win,2,3,3,mate in 2,1,1,1,0,0,0,0,2,27
03d3bd28f302,1005810681698:1802210611a061,win,7,13,31,mate in 16,1,6,0,0,1,5,4,3,28
5e9baaa07b7f,4094241106d:902009408e602,win,6,11,13,mate in 7,1,5,0,0,1,4,4,2,26
b194f60da38e,20100d40084a0d:840201225b0a2,win,2,3,3,mate in 2,1,1,1,0,0,0,0,2,27
6f0e6e425d56,402091488828b:1208100602071c04,win,3,5,5,mate in 3,1,2,1,1,0,0,0,3,28
2a86b52c1ff4,28980184081c01:8000042818a1a0a8,win,2,3,3,mate in 2,1,1,1,0,0,0,0,2,27
793312f61bde,10810008005c901c:810c5108101c1,win,7,13,33,mate in 17,0,7,0,0,0,7,5,2,26
ed77522ed079,1800502061076:8204024090418681,win,2,3,3,mate in 2,1,1,1,0,0,0,0,2,27
b9cb0e50e1ac,1148c900d0028:9008800104809685,win,2,3,3,mate in 2,0,2,1,1,0,0,0,2,27
b26928d1335f,20000d910910a2:800981200024810d,win,2,3,3,mate in 2,0,2,1,1,0,0,0,2,26
72e1400b3df2,20008d910910a2:8009812000a4810d,win,2,3,3,mate in 2,0,2,1,1,0,0,0,2,28
2919d4d9ceae,10005804d4d28:c0004500b2d5,win,3,5,7,mate in 4,1,2,1,1,0,0,0,3,28
5ed209567fe9,60120112019051:10010060006c432c,win,3,5,5,mate in 3,2,1,1,0,0,0,0,3,27
349bb311f9b5,380021948c043:1008114980031908,win,2,3,3,mate in 2,1,1,1,0,0,0,1,1,28
8e33dae118dc,22104100819854:10000022906a00ab,win,2,3,3,mate in 2,1,1,1,0,0,0,0,2,27
ea5288f0ba93,82108800480ab40:800021092114b3,win,3,5,5,mate in 3,2,1,1,0,0,0,0,3,27
7836b3890fac,1482920206c08:824004c0990a3,win,5,9,9,mate in 5,3,2,1,1,0,0,0,5,27
669d33d15e34,18841020094cc:100012009c416a01,win,4,7,7,mate in 4,2,2,1,1,0,0,0,4,27
9bc8786a7070,91000844b880a:14000c09180014c1,win,2,3,3,mate in 2,1,1,1,0,0,0,0,2,26
105583261f89,20940004008e143:4000024b82431208,win,2,3,3,mate in 2,1,1,1,0,0,0,0,2,27
c8fdbcfc1e2c,4500450808385:10018081830d5008,win,2,3,3,mate in 2,1,1,1,0,0,0,0,2,27
8c0a25678c23,9002015023686:8980a98139,win,3,5,5,mate in 3,1,2,1,1,0,0,1,2,28
ac46ce96de26,409c08088414a:409479895,win,2,3,3,mate in 2,1,1,1,0,0,0,0,2,27
3d0f9478ad00,9509100055082:10800008d098801d,win,2,3,3,mate in 2,0,2,1,1,0,0,0,2,27
2e66b84c0d80,5821110041219:10000483518964,win,2,3,3,mate in 2,1,1,1,0,0,0,0,2,27
77b989e070ef,218880890099101:800002100b140a1e,win,8,15,27,mate in 14,2,6,1,0,0,5,3,5,28
fc05dff09fb6,109100890001e88:1000050105498161,win,2,3,3,mate in 2,1,1,1,0,0,0,0,2,27
6ec9af9e1dce,29a400b0005418:294429a825,win,3,5,7,mate in 4,1,2,1,1,0,0,0,3,28
260b564efcdb,209800a11039802:800212018208038d,win,2,3,3,mate in 2,0,2,1,1,0,0,1,1,28
85460fefff69,21061007090b2:610002108b2249,win,8,15,15,mate in 8,7,1,1,0,0,0,0,8,28
bd6ac1ce992c,4114000055424d:400555400b412,win,3,5,5,mate in 3,2,1,1,0,0,0,0,3,28
887c2e958e23,a0800802c8c45:800e0942512a,win,5,9,11,mate in 6,2,3,1,0,0,2,2,3,27
242e568cbaec,21122090809038:10000081067106c1,win,5,9,9,mate in 5,4,1,1,0,0,0,0,5,27
bc02c01c0776,4802180e180a8:80210084000c1a45,win,2,3,3,mate in 2,1,1,1,0,0,0,0,2,26
30be30effd75,4301802883218:10080084305408c5,win,2,3,3,mate in 2,1,1,1,0,0,0,0,2,27
a675c73c4024,9080c92189014:9000901108050a89,win,6,11,19,mate in 10,1,5,1,0,0,4,4,2,28
b1982bd6e46d,10985403458:109001010198303,win,6,11,11,mate in 6,1,5,1,0,0,4,4,2,26
13145ef0823b,1081020110b82019:30906201d2a0,win,3,5,5,mate in 3,1,2,1,1,0,0,0,3,28
536b435e2574,2020340112a092:80128002a024012d,win,5,9,9,mate in 5,3,2,1,1,0,0,0,5,27
1abf2b4e8573,1e401c000850a:c0080008240b7001,win,2,3,3,mate in 2,0,2,1,1,0,0,0,2,26
c499a3faaafd,90040a0093a05:800080095240c0c8,win,3,5,5,mate in 3,1,2,1,1,0,0,0,3,26
6eb922bdbbad,120082502b10a:2008840190094481,win,4,7,7,mate in 4,2,2,1,1,0,0,0,4,26
90da96619876,120082d02b10a:2008840190094c81,win,4,7,7,mate in 4,2,2,1,1,0,0,0,4,28
b22cab3c347f,201428748b:82e0878824,win,3,5,9,mate in 5,1,2,1,1,0,0,0,3,26
2e5424dc569f,100094230d032:800880109009220d,win,2,3,3,mate in 2,1,1,1,0,0,0,0,2,26
dd8ab7567ea1,100800a929a46:1043904d0099,win,2,3,3,mate in 2,1,1,1,0,0,0,0,2,28
fbd9faf4cd6a,1940908029045:8080294490c8a,win,9,17,33,mate in 17,3,6,1,0,0,5,4,5,27
0e2c8abaaa0d,2202000246984a:22902027a5,win,4,7,7,mate in 4,3,1,1,0,0,0,0,4,26
341504999ced,14404050199c2:8041c0c6440d,win,4,7,7,mate in 4,3,1,1,0,0,0,1,3,28
09f32d3e8366,2004292645064:405200400aa60b,win,2,3,3,mate in 2,1,1,1,0,0,0,0,2,28
0a8863ff30ed,190c180a41081:908000001849886c,win,7,13,33,mate in 17,3,4,1,0,0,3,5,2,27
20123464b3a8,988000802d02e:8802002b80292801,win,2,3,3,mate in 2,1,1,1,0,0,0,0,2,27
618ceb91dd17,2901a4918a:10011000b0092825,win,11,21,23,mate in 12,1,10,1,0,0,9,9,2,26
5425e0c6ed0e,2081000509180da:248024a7a21,win,4,7,7,mate in 4,2,2,1,1,0,0,0,4,28
54b456c8311d,23800012218238:90001223800a1007,win,2,3,3,mate in 2,1,1,1,0,0,0,0,2,27
8aa95ddbc5e9,100801003210386c:1008090cc791,win,8,15,31,mate in 16,3,5,1,0,0,4,6,2,28
3001bc18baa7,20320a1d52:200034080460a229,win,9,17,21,mate in 11,2,7,1,0,0,6,4,5,27
52caf94d0bf9,3104080c4132c:10400083100384c3,win,3,5,5,mate in 3,0,3,1,1,0,1,0,3,28
f11acb1de4c8,11828080690ac:8800390294903,win,2,3,3,mate in 2,1,1,1,0,0,0,1,1,28
49c332c64b76,30090400140d880c:b00da0003681,win,3,5,5,mate in 3,2,1,1,0,0,0,0,3,28
42323e024ddf,1100913504058:18411040099301,win,2,3,3,mate in 2,1,1,1,0,0,0,0,2,26
1f3284503fa2,40104029048d20c:2020506072443,win,7,13,31,mate in 16,2,5,0,0,1,4,4,3,28
82445d8c60e1,1048004a2392a:8000989098691,win,4,7,7,mate in 4,3,1,1,0,0,0,1,3,28
bbb7b64a2cd7,1982001602850a:41981191215,win,2,3,3,mate in 2,0,2,1,1,0,0,0,2,28
cc2a2603af37,102801001013150a:103a0528c031,win,2,3,3,mate in 2,1,1,1,0,0,0,0,2,27
d51da28297bc,80308004884b00c:1003900b4883,win,2,3,3,mate in 2,1,1,1,0,0,0,0,2,26
994ddcc8cfac,81000015029568:1000118100812a83,win,2,3,3,mate in 2,1,1,1,0,0,0,1,1,26
7f3388d4dadd,83504309405:80058400880d0838,win,2,3,3,mate in 2,1,1,1,0,0,0,0,2,27
f24db4d2fe1d,a0880020096c18:800000a089a081a3,win,14,27,37,mate in 19,3,11,1,0,0,10,6,8,27
ef02a0c09f78,210044a001c047:802101643538,win,4,7,7,mate in 4,3,1,1,0,0,0,1,3,27
243e009c476e,d0110991588:100110108d008835,win,3,5,5,mate in 3,2,1,1,0,0,0,1,2,28
892bd261452a,1081049b0028043:8001a10001493308,win,9,17,31,mate in 16,1,8,0,0,1,7,2,7,28
8ad630ac1113,29003001a5085:100100009c058c1a,win,2,3,3,mate in 2,0,2,1,1,0,0,0,2,27
c054a9ce0f06,5000086c185c8:8000804501061a07,win,3,5,5,mate in 3,1,2,1,1,0,0,0,3,28
820b2db4596b,118010c04c709:1008000c90093826,win,7,13,17,mate in 9,1,6,0,0,1,5,5,2,28
97dd523365e4,102801aa08a0a:12081009000930a1,win,2,3,3,mate in 2,1,1,1,0,0,0,0,2,26
4c829f949b4e,200004100ba34a:106280741035,win,2,3,3,mate in 2,1,1,1,0,0,0,0,2,27
39963ad1ab64,10001e14085cc:2080218808896801,win,2,3,3,mate in 2,1,1,1,0,0,0,0,2,28
109cf49c9b39,10510909810a8:8008800905018511,win,3,5,5,mate in 3,2,1,1,0,0,0,1,2,26
9e46e719c18e,108310826b1:10008a22994e,win,2,3,3,mate in 2,1,1,1,0,0,0,0,2,27
3b256d3f8cef,100a0004a021a905:8000900a110e102a,win,4,7,7,mate in 4,3,1,1,0,0,0,0,4,28
b1e8d32e32cf,194000d801c205:4000081901181d18,win,2,3,3,mate in 2,1,1,1,0,0,0,0,2,28
24e5a53039fc,990021401254a:22009a04ad011,win,3,5,5,mate in 3,2,1,1,0,0,0,0,3,28
f676e4e37437,9320081489448:1100014932012301,win,9,17,27,mate in 14,4,5,0,0,1,4,4,5,28
5d8708431261,81940006119404:9400008190880299,win,2,3,3,mate in 2,1,1,1,0,0,0,0,2,27
08705140c3c8,1100802d01878:1000000110298783,win,3,5,7,mate in 4,1,2,1,1,0,0,0,3,26
e782e422da8f,1008018843208390:100122010c85069,win,2,3,3,mate in 2,1,1,1,0,0,0,0,2,28
8beade40ec52,c8000a0686168:8000600c44049415,win,2,3,3,mate in 2,1,1,1,0,0,0,0,2,28
9d9ef2c7dc95,12090080d2809084:8052090009430b,win,3,5,5,mate in 3,2,1,1,0,0,0,0,3,28
2470c5c85cd1,2860b0e001801:2090000800b861a,win,3,5,7,mate in 4,1,2,1,1,0,0,0,3,26
d7e21aab8da2,2860b1e001801:6090000800b861a,win,3,5,7,mate in 4,1,2,1,1,0,0,0,3,28
1de63b60fde3,1010503881944:110010881005c289,win,6,11,11,mate in 6,2,4,1,1,0,2,1,5,27
157c90e9ccfc,183082040a381:800020019389104a,win,2,3,3,mate in 2,1,1,1,0,0,0,0,2,27
2c94f308da51,b010b00188902:80108903501d,win,2,3,3,mate in 2,1,1,1,0,0,0,1,1,26
4f3541ee7cad,9844891008508:9400110104495041,win,2,3,3,mate in 2,1,1,1,0,0,0,0,2,27
ea48011f81af,40088a00c158c:8010441b0e031,win,2,3,3,mate in 2,1,1,1,0,0,0,0,2,27
b5157d89f866,10090008c485140a:1007102ac0a5,win,3,5,5,mate in 3,1,2,1,1,0,0,0,3,28
6b959217b717,b8e082469:80a0021438b06,win,2,3,3,mate in 2,1,1,1,0,0,0,0,2,28
9f236059493a,182d10218805:100900008d0c1528,win,2,3,3,mate in 2,0,2,1,1,0,0,0,2,27
041d03415ee7,a80001402bc601:184a8848010aa,win,10,19,31,mate in 16,1,9,1,0,0,8,6,4,28
9a4346ea54f0,1208000b0144904c:11204920b0303,win,3,5,7,mate in 4,1,2,1,1,0,0,0,3,28
4e00059191b6,90008c485140a:1003102ac0a5,win,3,5,5,mate in 3,1,2,1,1,0,0,0,3,26
03b0a3660554,c02803098e009:8000900c82051294,win,9,17,31,mate in 16,1,8,1,0,0,7,5,4,28
e7ed7eca9e30,140908990881008:108801400141c1c1,win,2,3,3,mate in 2,0,2,1,1,0,0,0,2,27
9e3e825a1111,1218801c4548:8c00052019217,win,2,3,3,mate in 2,1,1,1,0,0,0,1,1,27
52923917fb17,20b00198014049:100100602068b920,win,2,3,3,mate in 2,1,1,1,0,0,0,0,2,27
d827317945fd,9010c1888b801:10008818105419c,win,2,3,3,mate in 2,1,1,1,0,0,0,1,1,28
494e18059776,c13748168:127000093217,win,2,3,3,mate in 2,1,1,1,0,0,0,0,2,28
d23e9853869d,100c080ad8088102:8002d0040006580d,win,2,3,3,mate in 2,1,1,1,0,0,0,0,2,28
1c1553b3b191,10080228884c8203:418441220186c,win,2,3,3,mate in 2,0,2,1,1,0,0,0,2,28
bc5bd6595a42,99148004b8041:814000039100590a,win,4,7,7,mate in 4,2,2,1,1,0,0,1,3,28
b641510b4656,1822990809118:9008108002290aa1,win,4,7,7,mate in 4,2,2,1,1,0,0,1,3,28
7440fcadc58f,190080c01e409:9008080190081b20,win,2,3,3,mate in 2,0,2,1,1,0,0,0,2,26
71840fe72006,81104110416418:208028a09ae1,win,3,5,5,mate in 3,2,1,1,0,0,0,0,3,27
eb982013a691,180628028a142:8000010151435029,win,5,9,11,mate in 6,3,2,1,1,0,0,0,5,27
faf1f8439ecc,91008001ba283:9002800390005078,win,2,3,3,mate in 2,0,2,1,1,0,0,0,2,28
bbd58144113a,43b0813c14:410080006680eb,win,2,3,3,mate in 2,1,1,1,0,0,0,0,2,28
ff1c240e66b7,108918194089000:90010408018105c9,win,4,7,7,mate in 4,3,1,1,0,0,0,0,4,27
fc4dcb8342b7,28002c150c9201:8000900082210d3c,win,2,3,3,mate in 2,1,1,1,0,0,0,0,2,28
b1015ea8e0f4,226422890a2:2840081006430d,win,2,3,3,mate in 2,1,1,1,0,0,0,0,2,26
765416e86ac5,108e0816050c1:804081010881892a,win,2,3,3,mate in 2,1,1,1,0,0,0,0,2,28
a55dbee99916,2900c080e2902:180c08029001900d,win,2,3,3,mate in 2,1,1,1,0,0,0,1,1,27
27e40dc27f5b,2090000510b4109:1000530902009282,win,6,11,13,mate in 7,4,2,1,1,0,0,1,5,26
efc13b73e97f,209a000210d4108:30d8200b205,win,2,3,3,mate in 2,1,1,1,0,0,0,0,2,26
b152257405db,120042501944e:81008101800c6321,win,2,3,3,mate in 2,1,1,1,0,0,0,1,1,28
117ef08b1ef4,21800090710a21:800000710200905e,win,2,3,3,mate in 2,1,1,1,0,0,0,0,2,26
798edb9aedbd,491000144d2068:1000044d00209c85,win,2,3,3,mate in 2,1,1,1,0,0,0,0,2,28
87d4280fc317,1085260818099:2000600108527842,win,3,5,5,mate in 3,2,1,1,0,0,0,1,2,28
fcc57fa02a41,4128800808399:10880005120d5804,win,2,3,3,mate in 2,1,1,1,0,0,0,1,1,27
81e09c50422a,1080c8c09c012:8041100161c0d,win,2,3,3,mate in 2,1,1,1,0,0,0,0,2,26
c3aba0847ac0,1080cac09c012:8041100163c0d,win,2,3,3,mate in 2,1,1,1,0,0,0,0,2,28
4909e952033c,908022c0ad00c:2400d50052c03,win,2,3,3,mate in 2,1,1,1,0,0,0,0,2,28
48f5b02cee31,5090068d413:80040c50121ec,win,2,3,3,mate in 2,1,1,1,0,0,0,0,2,28
b9c84339bc6c,900045023a03a:4000400b800c5305,win,2,3,3,mate in 2,1,1,1,0,0,0,0,2,28
ec5de9b4ebaa,5740020049094:1000000554116409,win,2,3,3,mate in 2,1,1,1,0,0,0,0,2,26
fbc6a1116d6b,1009900880019188:8000010131486843,win,2,3,3,mate in 2,0,2,1,1,0,0,0,2,27
aa595ad69c83,96808a0018098:158587941,win,2,3,3,mate in 2,1,1,1,0,0,0,0,2,27
a30944b59a17,30103010103684:300020002029883b,win,2,3,3,mate in 2,1,1,1,0,0,0,0,2,27
cf4076a08706,da0a8e181:10d01a00105102c,win,7,13,13,mate in 7,0,7,1,1,0,5,4,3,28
69d1ff7c10bd,199021c0089020:90000018103140d9,win,2,3,3,mate in 2,0,2,1,1,0,0,0,2,27
ecf36d4873ac,1880888589814:9808100114010469,win,2,3,3,mate in 2,1,1,1,0,0,0,0,2,28
847c6b2ae069,30002014068585:210160031103a,win,2,3,3,mate in 2,1,1,1,0,0,0,0,2,26
0442a8bbe1d6,100804280001558a:1000d4388831,win,7,13,13,mate in 7,1,6,1,1,0,4,2,5,26
c16bbc416a09,1008004000e984c3:40108990007a28,win,4,7,7,mate in 4,2,2,1,1,0,0,1,3,28
10d423c3dd12,108940040105d005:4108950882198,win,3,5,7,mate in 4,1,2,1,1,0,0,0,3,28
58c460ef83c6,1280000021ad611:1000112a1120212a,win,4,7,7,mate in 4,0,4,1,1,0,2,2,2,28
b1822e583c40,119000928ac01:98008009b0011128,win,4,7,7,mate in 4,2,2,1,1,0,0,1,3,27
cd1037a65246,350029001301a:50000009480ec805,win,2,3,3,mate in 2,1,1,1,0,0,0,0,2,27
3a583cee674d,104000093201d03:800081240004a23c,win,7,13,29,mate in 15,1,6,0,0,1,5,5,2,26
eebccad6af38,78c060203c:202020003018d841,win,3,5,5,mate in 3,2,1,1,0,0,0,0,3,26
760420aaf258,9104910508508:1000801084093057,win,2,3,3,mate in 2,1,1,1,0,0,0,0,2,27
e654fb63a4d3,801040090289685:8210c87282a,win,4,7,7,mate in 4,2,2,1,1,0,0,0,4,28
86d57004a56d,50001801002c5b:9400c59d104,win,2,3,3,mate in 2,1,1,1,0,0,0,0,2,27
517d6e03aa91,410044180d9418:8080984c048c5,win,2,3,3,mate in 2,1,1,1,0,0,0,0,2,28
fb7231ecdea3,1830102021d0a:8008000a91098261,win,3,5,7,mate in 4,1,2,1,1,0,0,0,3,27
b8f4e35b27c2,211885141017:1100404300ba508,win,2,3,3,mate in 2,1,1,1,0,0,0,0,2,28
8d0bae11918b,920001092a193:900ba8095808,win,2,3,3,mate in 2,1,1,1,0,0,0,0,2,28
e87657a11478,240002300019057:3024003660328,win,2,3,3,mate in 2,1,1,1,0,0,0,0,2,27
ba52261c7daa,1800291290548:80001401044290a3,win,2,3,3,mate in 2,1,1,1,0,0,0,0,2,26
edb39f7bfb8c,1006901c0d083:28800080292378,win,2,3,3,mate in 2,1,1,1,0,0,0,1,1,28
c813fc293348,10188005101d1003:8003101a8002803c,win,2,3,3,mate in 2,1,1,1,0,0,0,0,2,28
550b63e7439b,9500110989408:1000009844016097,win,7,13,29,mate in 15,0,7,0,0,1,6,3,4,27
883001e3979c,9192087490:8000820060b18229,win,2,3,3,mate in 2,1,1,1,0,0,0,1,1,27
2e4aaaa0003f,11041221830c8:48020890c18213,win,8,15,19,mate in 10,0,8,1,1,0,6,5,3,27
534fd1d47b22,1009c20d19041:20002001920c229c,win,3,5,5,mate in 3,2,1,1,0,0,0,1,2,28
34fe8200c5ad,91001c8288a02:1000802812035029,win,3,5,5,mate in 3,1,2,1,1,0,0,0,3,26
9e4332d833b2,20809083130d1:8010082808a892a,win,8,15,31,mate in 16,3,5,0,0,1,4,4,4,28
20d8080c618c,19044024400d5:8044000190319228,win,4,7,7,mate in 4,2,2,1,1,0,0,1,3,27
f03765271b59,18140988009428:1001001014392a11,win,2,3,3,mate in 2,1,1,1,0,0,0,0,2,27
f33632a351c9,20a00020413546:2000006084b0c0b1,win,2,3,3,mate in 2,1,1,1,0,0,0,1,1,27
61c07fa493e4,954090000312c:10040004550dc401,win,2,3,3,mate in 2,1,1,1,0,0,0,0,2,27
dfa1a040b9e5,4900512850b020:3008900948d9,win,2,3,3,mate in 2,1,1,1,0,0,0,0,2,28
fa6af2003801,15601d4a4:180808088234b,win,3,5,5,mate in 3,1,2,1,1,0,0,1,2,26
3e50841636bb,190089c00d840:9000040101492709,win,3,5,5,mate in 3,2,1,1,0,0,0,0,3,27
a864b45a12f4,a88000a981291:8200120a9002890a,win,5,9,9,mate in 5,1,4,1,0,0,3,4,1,28
b8b3e7c7be7f,40080a50138c9:8140c108c8704,win,3,5,5,mate in 3,2,1,1,0,0,0,0,3,28
d7cab44a0bcd,20802908489064:800908408025081b,win,2,3,3,mate in 2,1,1,1,0,0,0,0,2,27
8210fb2ec0df,18008290813a41:8019005a80ba,win,11,21,35,mate in 18,1,10,1,0,0,9,8,3,28
8c62a1f18c69,5129100911082:80000412068a1d,win,2,3,3,mate in 2,1,1,1,0,0,0,0,2,26
02eab2374756,1001084493c12:2049203080e9,win,3,5,5,mate in 3,1,2,1,1,0,0,0,3,26
d79fc2d26d61,1001284493c12:2049203280e9,win,3,5,5,mate in 3,1,2,1,1,0,0,0,3,28
3a33bf3d1725,9800b90008849:80021000205b3092,win,4,7,7,mate in 4,2,2,1,1,0,0,1,3,27
521f6c16eada,900c3802200a9:802800c99452,win,2,3,3,mate in 2,1,1,1,0,0,0,0,2,26
71761f0ccc4a,900c3842200a9:20802800c99452,win,2,3,3,mate in 2,1,1,1,0,0,0,0,2,28
d52bf4e464ee,1800b3048a00a:1048104080035841,win,3,5,5,mate in 3,2,1,1,0,0,0,0,3,26
e32807ba3320,186108200b20c:8200000104594451,win,9,17,21,mate in 11,3,6,1,1,0,4,4,5,26
e92f00462752,2501011100d1018:100002442250a245,win,4,7,7,mate in 4,2,2,1,1,0,0,0,4,27
5a6bbab0af47,91008800a29828:1398190093,win,3,5,5,mate in 3,1,2,1,1,0,0,0,3,26
b639bc2cdaec,122002043a854:200008030b00130b,win,7,13,13,mate in 7,1,6,1,0,0,5,5,2,26
98fb121173a3,1900c021d0328:1008031191009015,win,3,5,5,mate in 3,1,2,1,1,0,0,0,3,28
185e7cddaabd,20801830118238:8019002182283041,win,3,5,5,mate in 3,2,1,1,0,0,0,0,3,27
510566d820f4,1082009118410a5:20011180200ba10a,win,5,9,13,mate in 7,1,4,0,0,0,4,3,2,28
da9d7e12367b,3600a8001d00a:20000001600e2955,win,4,7,7,mate in 4,2,2,1,1,0,0,0,4,27
cb0c0a2118cf,8180808d896:1818100010512069,win,3,5,5,mate in 3,2,1,1,0,0,0,0,3,27
74af5c5414f0,81109398051:8019802890001928,win,2,3,3,mate in 2,1,1,1,0,0,0,1,1,27
74f5d2264359,1840308236418:4820c4089a23,win,2,3,3,mate in 2,1,1,1,0,0,0,0,2,28
865854fd187e,10090104811d2108:8104900910009095,win,2,3,3,mate in 2,1,1,1,0,0,0,0,2,28
5d681d83e7b6,6011004004158b:10040601160c074,win,6,11,13,mate in 7,3,3,1,0,0,2,0,6,27
2558e8809a07,20910080221420d:221904cb062,win,2,3,3,mate in 2,1,1,1,0,0,0,0,2,27
961bce9601de,1a8802844d008:80000005908128c5,win,3,5,9,mate in 5,1,2,1,1,0,0,0,3,26
74a28bd95b86,20001952318601:1184208408503c,win,2,3,3,mate in 2,0,2,1,1,0,0,0,2,28
125af43100bb,110d09004941c:1040800504d900c1,win,6,11,15,mate in 8,0,6,0,0,1,5,4,2,28
ef79d0a6328f,1881044004c18408:4001881180018c5,win,2,3,3,mate in 2,1,1,1,0,0,0,0,2,26
c0f335c7f4b4,114c90002140d:95cd81c2,win,2,3,3,mate in 2,1,1,1,0,0,0,0,2,27
df83b87de3de,9140408249161:1000000994094c1c,win,10,19,19,mate in 10,1,9,1,0,0,8,6,4,28
9bb5d911ce29,104800100941499:8001010491098304,win,5,9,9,mate in 5,0,5,1,1,0,3,4,1,26
43e24ed37a14,21941100011c90:8010002096308229,win,2,3,3,mate in 2,0,2,1,1,0,0,0,2,27
407c972bca30,11040e04810c9:3040a0011201e200,win,3,5,5,mate in 3,1,2,1,1,0,0,1,2,26
7ea56cd48c42,214009028890c8:8026050614a21,win,4,7,7,mate in 4,3,1,1,0,0,0,0,4,27
6ecd742f213b,90000894458443:8009000b818bc,win,2,3,3,mate in 2,1,1,1,0,0,0,0,2,28
a08ecf38c383,50100080aa168a:100000501250e071,win,10,19,27,mate in 14,2,8,1,1,0,6,4,6,28
240cb5a8edb4,20000903c11099:101a090288364,win,3,5,5,mate in 3,1,2,1,1,0,0,0,3,27
a45d37657c7e,1942012091e04:10000001852281ab,win,3,5,5,mate in 3,2,1,1,0,0,0,0,3,28
4d58c4c1d37f,208000a8c08e49:80002020063831b0,win,3,5,5,mate in 3,1,2,1,1,0,0,0,3,28
96f8a8e5d3ce,9100100497106:40004a50128259,win,2,3,3,mate in 2,0,2,1,1,0,0,0,2,27
a3a51d9d997f,2100000303d314:10001214060206b,win,9,17,35,mate in 18,1,8,1,0,0,7,7,2,26
5dccc79711ca,1000d0ca59088:80808ca080080c25,win,3,5,5,mate in 3,1,2,1,1,0,0,1,2,28
66fd55052d09,20004c9048051c:c0020022592e1,win,2,3,3,mate in 2,0,2,1,1,0,0,0,2,27
2e6a644ea677,9900130c11180:900000c88018a059,win,2,3,3,mate in 2,1,1,1,0,0,0,1,1,27
e6ca70118f38,10008148d6109:84005e1009484,win,3,5,5,mate in 3,1,2,1,1,0,0,0,3,26
1f359bb37946,2000008c0612d3:83012308d2c,win,2,3,3,mate in 2,1,1,1,0,0,0,0,2,27
a4addbc1a872,81102108202925:20088091899488,win,10,19,35,mate in 18,4,6,1,0,0,5,3,7,27
d93d07f7755a,208004055c81148:104013080200ee80,win,2,3,3,mate in 2,1,1,1,0,0,0,0,2,28
9efa7b8bd4db,284441408c149:44002c0471606,win,6,11,11,mate in 6,5,1,1,0,0,0,2,4,28
73f39f62d854,881000014298649:2008a1888038b0,win,2,3,3,mate in 2,1,1,1,0,0,0,0,2,28
cb21e1d0d256,1a801a101100e:8800000c480ce901,win,9,17,33,mate in 17,2,7,1,0,0,6,6,3,27
4878f62b305d,30091008425d:100900006401b4a2,win,3,5,5,mate in 3,2,1,1,0,0,0,1,2,27
f4b18723214a,201041940188d0:1040082008603529,win,3,5,5,mate in 3,2,1,1,0,0,0,0,3,27
b7d6e041d5ca,200402641b161:400203010a461e,win,3,5,5,mate in 3,2,1,1,0,0,0,0,3,28
d6555dca6c5a,110816042c0d:100004008908d312,win,3,5,9,mate in 5,0,3,0,0,0,3,2,1,26
82d85e7362a1,20802811618043:80041809815b8,win,3,5,5,mate in 3,1,2,1,1,0,0,0,3,27
f2cbd819df92,910114041d404:1000000c101c205b,win,2,3,3,mate in 2,1,1,1,0,0,0,0,2,26
b89c87de7892,990114041d404:1000000c901c205b,win,2,3,3,mate in 2,1,1,1,0,0,0,0,2,28
a38669ab133e,81000b10818c0a:800884808c0a1081,win,3,5,5,mate in 3,2,1,1,0,0,0,0,3,26
e23ed2605122,81100b10818c0a:800a84808c0a1081,win,3,5,5,mate in 3,2,1,1,0,0,0,0,3,28
c331fa7e59dc,50088c80ec004:848051081188b,win,3,5,5,mate in 3,1,2,1,1,0,0,0,3,27
d645d9216d53,10611692429:100210082006d146,win,8,15,15,mate in 8,1,7,1,1,0,5,6,2,28
7b2fe5043f41,19080198095008:4000d0184010aa11,win,9,17,17,mate in 9,1,8,1,1,0,6,6,3,27
cba1d747304e,183c00239822:280001981c041d,win,8,15,31,mate in 16,2,6,1,1,0,4,5,3,28
28e552298c79,10200c4518d40:400044103007219,win,2,3,3,mate in 2,1,1,1,0,0,0,0,2,26
b7f422051769,100800200064c478:24100c10181185,win,4,7,7,mate in 4,2,2,1,1,0,0,0,4,26
46e7fe27184c,1900019809500c:8000981800108913,win,2,3,3,mate in 2,1,1,1,0,0,0,0,2,26
97e67d7217cd,1901019809500c:8000981801108913,win,2,3,3,mate in 2,1,1,1,0,0,0,0,2,28
458ea9e5b500,904009948a148:9000914904011c01,win,2,3,3,mate in 2,0,2,1,1,0,0,0,2,28
89c49b392e8b,38c008409150c:840000030806e813,win,2,3,3,mate in 2,1,1,1,0,0,0,1,1,28
451bde01bb4d,100809088c088112:8000940051025c09,win,2,3,3,mate in 2,0,2,1,1,0,0,0,2,27
0e71f84c3035,9800c6004812c:8004402190297001,win,8,15,33,mate in 17,2,6,1,0,0,5,4,4,27
444f0fb9e5c8,1028840098198401:800010380420583c,win,2,3,3,mate in 2,1,1,1,0,0,0,0,2,28
9afadeb3c866,1028140d04a58:48001b099183,win,2,3,3,mate in 2,1,1,1,0,0,0,0,2,28
2319a3b1b158,580004249c08a:db0043a45,win,3,5,5,mate in 3,1,2,1,1,0,0,0,3,27
9018b3a5d1d6,102800020074801d:1078100a5062,win,3,5,5,mate in 3,1,2,1,1,0,0,0,3,26
39b23b9695cd,20953090c005:300110004005389a,win,2,3,3,mate in 2,1,1,1,0,0,0,1,1,27
01b393bb31a0,9000091a59244:100010a9020801ab,win,2,3,3,mate in 2,0,2,1,1,0,0,0,2,28
ada8adc1c04f,2010031112910e:100b802880290031,draw,6,11,36,draw,1,5,0,0,1,4,3,3,28
e993e899a8c3,904021a110498:a09040a9a03,win,2,3,3,mate in 2,1,1,1,0,0,0,0,2,26
d6e6b17aa618,90060c048152a:4000090527c045,win,2,3,3,mate in 2,1,1,1,0,0,0,0,2,28
87f170b33c26,2000096890519:9080908200029282,win,2,3,3,mate in 2,1,1,1,0,0,0,0,2,26
ff2c96b23772,100901080411851c:80109011910c1801,win,4,7,7,mate in 4,1,3,1,0,0,2,3,1,28
89ad0c9b6021,9882c80609005:80041041180d0868,win,6,11,11,mate in 6,2,4,1,0,0,3,1,5,28
ba57bcec680b,100810002218d341:10101091103209a,win,3,5,5,mate in 3,1,2,1,1,0,0,0,3,28
99322990c792,109004094015043:950901488508,win,2,3,3,mate in 2,1,1,1,0,0,0,0,2,26
595de37e4774,2000b0398041a:18031004039381,win,6,11,15,mate in 8,0,6,0,0,1,5,4,2,27
2274812ec90c,28020817281c02:11001920080083a9,win,2,3,3,mate in 2,1,1,1,0,0,0,0,2,28
dc317d18fac6,160288028a288:800017c015c21,win,2,3,3,mate in 2,1,1,1,0,0,0,0,2,27
cea194e9f39a,120200164a05c:15520191121,win,2,3,3,mate in 2,0,2,1,1,0,0,0,2,26
746ca7fe363b,120280164a05c:20015520191121,win,2,3,3,mate in 2,0,2,1,1,0,0,0,2,28
5a06f6a7dbaa,100008691a15a:8000848100045e85,win,12,23,31,mate in 16,2,10,1,0,0,9,7,5,28
daeaff5f0482,190008c005d009:4101510182096,win,2,3,3,mate in 2,1,1,1,0,0,0,1,1,26
99619ca3e333,104228060928a:8001140b0c71,win,2,3,3,mate in 2,1,1,1,0,0,0,1,1,26
1a63b153901a,1881101910b1:1809000889808948,win,2,3,3,mate in 2,1,1,1,0,0,0,0,2,27
ec9379bf25b0,201000d1303d00:100044202401c239,win,3,5,5,mate in 3,2,1,1,0,0,0,1,2,27
ef5053361d0e,20900a108c9044:108000a0802340ab,win,2,3,3,mate in 2,1,1,1,0,0,0,0,2,27
53cdb88fbe0b,21400050591c18:106904a0c0e1,win,2,3,3,mate in 2,1,1,1,0,0,0,0,2,28
b5f997995b5e,910000179a038:100015990001945,win,2,3,3,mate in 2,1,1,1,0,0,0,0,2,28
3bf940b32597,200984008001b0c1:800020092c484c0c,win,2,3,3,mate in 2,1,1,1,0,0,0,0,2,27
876daa5d62f8,198801800dc04:98000001848121c9,win,2,3,3,mate in 2,0,2,1,1,0,0,0,2,27
2b4a72112cc5,40916248303:10081204010914ac,win,3,5,5,mate in 3,1,2,1,1,0,0,0,3,27
3d03e8bea2ec,10190100059a9:180100109b38012,win,2,3,3,mate in 2,1,1,1,0,0,0,0,2,27
b3879d5b000b,50801b08820a1:800090040805990c,win,2,3,3,mate in 2,1,1,1,0,0,0,0,2,26
c382f4b22831,90010b8019883:2308b009a2018,win,2,3,3,mate in 2,1,1,1,0,0,0,1,1,28
44bc5947d1b1,104001c84d18a:180d00092e15,win,2,3,3,mate in 2,0,2,1,1,0,0,0,2,28
07df8a7eb0a2,2810009081b540:10000029046842a9,win,3,5,7,mate in 4,1,2,1,1,0,0,0,3,27
5cfefb448c5c,409006124013060:1000340810688419,win,2,3,3,mate in 2,1,1,1,0,0,0,1,1,27
6755c1c2fd16,9002938019812:300030000228622d,win,3,5,5,mate in 3,2,1,1,0,0,0,0,3,28
41e156ef920f,18000309ba003:8008109b80001098,win,2,3,3,mate in 2,1,1,1,0,0,0,1,1,26
83d4ef736929,4114081201380c:100800412c4c0641,win,2,3,3,mate in 2,1,1,1,0,0,0,0,2,27
9fec788a1506,20380910215801:10090020280ca0ac,win,4,7,7,mate in 4,3,1,1,0,0,0,0,4,27
089439716406,1009800080848057:8000104910493088,win,2,3,3,mate in 2,0,2,1,1,0,0,0,2,26
e98880ddae81,201100510b6209:2002a022491a6,win,2,3,3,mate in 2,1,1,1,0,0,0,0,2,28
cf9761ae6f08,20109108c8909:90006814310c6,win,2,3,3,mate in 2,1,1,1,0,0,0,0,2,27
0911e6ca8690,1801400c5004110a:400018018809c815,win,10,19,31,mate in 16,1,9,1,1,0,7,5,5,27
5f58acce9f51,452001200d401c:4c90c0b1c1,win,2,3,3,mate in 2,0,2,1,1,0,0,1,1,27
9ea2f0bee8da,100810038202880b:2800818893284,win,2,3,3,mate in 2,1,1,1,0,0,0,0,2,26
c5af84ccb7eb,114800064097408:400051481148115,win,6,11,15,mate in 8,1,5,1,0,0,4,4,2,28
31579a9d2c35,1402868e489:4c0045011b62,win,3,5,5,mate in 3,2,1,1,0,0,0,0,3,28
a20b80a1cdc3,18040e0a0542a:8000a11441a2c1,win,7,13,25,mate in 13,2,5,1,0,0,4,4,3,28
c5834b524323,208400a409cc10:8400002900a031a9,win,4,7,7,mate in 4,2,2,1,1,0,0,0,4,27
667ef7654e43,108100c09400a8c0:8000940120c91409,win,2,3,3,mate in 2,1,1,1,0,0,0,1,1,27
ece6475d92df,18201b2091062:900830080040a30d,win,2,3,3,mate in 2,1,1,1,0,0,0,0,2,28
5a22e0f90fe7,9c000e828c018:c020002910013825,win,6,11,11,mate in 6,5,1,1,0,0,0,0,6,28
22c13c660197,20b04010003508a:1400120a16080605,win,2,3,3,mate in 2,1,1,1,0,0,0,0,2,27
7a14c9edde1b,1009c000c5008528:8000100910197211,win,2,3,3,mate in 2,1,1,1,0,0,0,0,2,28
c7ab8c6b1af3,104028010c71a:8011152b1821,win,2,3,3,mate in 2,0,2,1,1,0,0,0,2,27
072db3fb8f16,89004414429414:489808d00cb,win,3,5,5,mate in 3,1,2,1,1,0,0,0,3,28
e3a5cd0c249f,10081101240d8181:200124089180340c,win,2,3,3,mate in 2,1,1,1,0,0,0,0,2,28
e125824c7396,c800d99088001:900119000005190c,win,2,3,3,mate in 2,1,1,1,0,0,0,0,2,26
f5a020ab923a,c12401300c381:1200000c80cd104c,win,3,5,5,mate in 3,1,2,1,1,0,0,0,3,28
84c48002bbed,89984108c3:89080000ac922c,win,10,19,25,mate in 13,1,9,0,0,1,8,5,5,27
1424c2228d43,101400948944c:40040184074b03,win,4,7,7,mate in 4,3,1,1,0,0,0,0,4,27
dd5da0a17a5e,204aa8122e:2048808000ecc1,win,2,3,3,mate in 2,1,1,1,0,0,0,0,2,26
8e7c0315319b,204ea8122e:2048808002ecc1,win,2,3,3,mate in 2,1,1,1,0,0,0,0,2,28
43cc2ff820d6,108210108005113c:82109acc83,win,9,17,33,mate in 17,1,8,1,0,0,7,4,5,28
f08a8ec9284b,142108222106a:415051c611,win,2,3,3,mate in 2,1,1,1,0,0,0,1,1,26
6216540b3950,1800124011d64:800020008048e29b,win,5,9,13,mate in 7,3,2,1,1,0,0,0,5,27
821956ee1299,102002705b403:10009101d000432c,win,2,3,3,mate in 2,1,1,1,0,0,0,0,2,28
334307bd846d,420001c882c0b:10085a0079084,win,3,5,5,mate in 3,2,1,1,0,0,0,1,2,26
fcd9fd4413fe,8a100a8082180c:80801b0c8383,win,2,3,3,mate in 2,0,2,1,1,0,0,0,2,27
6dbfbffc02fb,1c800da00818a:8200020900895e01,win,4,7,7,mate in 4,3,1,1,0,0,0,0,4,28
44384c3da382,1008300551b8:100000100258ae45,win,3,5,7,mate in 4,1,2,1,1,0,0,0,3,27
d60280be0b94,24284c0a0106c:80220246e283,win,2,3,3,mate in 2,1,1,1,0,0,0,0,2,28
7d381274d858,10d1104092b:1090002802b9094,win,2,3,3,mate in 2,1,1,1,0,0,0,0,2,27
80b81391cc74,81024006589380:240009190810459,win,2,3,3,mate in 2,1,1,1,0,0,0,0,2,28
327bacb6f706,21882161e1:21008014809e1c,win,2,3,3,mate in 2,1,1,1,0,0,0,0,2,27
184d50651a47,90005a20c1029:1000b0281021a204,win,2,3,3,mate in 2,0,2,1,1,0,0,0,2,26
5d2e56c50ebb,90005a20c1029:1000b0281021a214,win,2,3,3,mate in 2,0,2,1,1,0,0,0,2,27
1dddf627a127,90005a21c1029:1000b0281021a214,win,2,3,3,mate in 2,0,2,1,1,0,0,0,2,28
62bfad647ac8,103884328036:388400100d3409,win,3,5,5,mate in 3,2,1,1,0,0,0,0,3,28
2bbc3d078e63,10804944380c2:1000100108845c0d,win,2,3,3,mate in 2,1,1,1,0,0,0,0,2,26
71d94b9933d7,5110063012308:11000005100cd015,win,2,3,3,mate in 2,1,1,1,0,0,0,0,2,26
22702140cd9c,10044b204922c:42001014929d1,win,8,15,19,mate in 10,1,7,0,0,0,7,4,4,28
04d8ffb952b8,182080228c49a:80084001c0111b21,win,3,5,7,mate in 4,1,2,1,1,0,0,0,3,28
3dccdc891616,290440b0093401:30290460806e,win,2,3,3,mate in 2,1,1,1,0,0,0,0,2,28
7d66b962941d,15000425d120c:1008000d9000e151,win,2,3,3,mate in 2,1,1,1,0,0,0,0,2,28
6a3392244986,20820986102419:804206029d320,win,2,3,3,mate in 2,1,1,1,0,0,0,0,2,28
211ec37d80bf,1904003401299:10000011d011c942,win,3,5,5,mate in 3,1,2,1,1,0,0,0,3,27
4919a3a35b64,10240a2c32089:800a800b00089252,win,3,5,9,mate in 5,0,3,0,0,0,3,2,1,28
1a94cab7ceed,312004a205828:100000039003a603,win,5,9,13,mate in 7,0,5,0,0,0,5,3,2,26
a4421c95591e,21901881004c01c:21103991381,win,3,5,5,mate in 3,2,1,1,0,0,0,1,2,28
37318f39f6f2,43004a0a88309:81a8110470a4,win,2,3,3,mate in 2,1,1,1,0,0,0,0,2,28
a6c6974bd414,1102002228a93:800082039005102c,win,4,7,7,mate in 4,2,2,1,1,0,0,0,4,26
25a319f4b12b,210009481aa0c:8486020614c3,win,3,5,5,mate in 3,2,1,1,0,0,0,0,3,27
2379ebcf37f2,2a9a2082a2:8281800000b3849,win,3,5,5,mate in 3,1,2,1,1,0,0,0,3,27
c98b053710dd,3900b98818:188080a40074a1,win,12,23,33,mate in 17,2,10,1,0,0,9,8,4,27
ab09b169f299,2082358d301:8200a0409001245c,win,10,19,23,mate in 12,4,6,0,0,1,5,5,5,28
8f0b9c82ddc1,20088808b18188:88012011085831,win,3,5,5,mate in 3,1,2,1,1,0,0,0,3,26
0d28262891ad,8900200a28b062:820088900814a89,win,2,3,3,mate in 2,0,2,1,1,0,0,0,2,28
68f9c46324d9,1008308489498:2104090832843,win,3,5,7,mate in 4,1,2,1,1,0,0,1,2,26
e2deb0d08827,5420407d228:2001682d57,win,2,3,3,mate in 2,1,1,1,0,0,0,0,2,28
1e6691082008,5004082c89308:2008285100500c5,win,5,9,9,mate in 5,3,2,1,1,0,0,1,4,26
0018a11e2732,1100690851a02:100202810a0a808d,win,8,15,31,mate in 16,2,6,1,0,0,5,5,3,27
7ef24f6b0d65,410010462161a:10000024120d00e5,win,6,11,13,mate in 7,1,5,1,0,0,4,4,2,26
c49ce5430cc9,100928003109108a:210011890880a901,win,2,3,3,mate in 2,1,1,1,0,0,0,0,2,28
0df4fea41bb9,108818100290189:1002891c09066,win,2,3,3,mate in 2,0,2,1,1,0,0,0,2,27
d21bbbb6e818,1004181c83581:900090001c018878,win,3,5,5,mate in 3,1,2,1,1,0,0,0,3,28
66962f63ff5a,2804182098704:800002020842386b,win,3,5,5,mate in 3,2,1,1,0,0,0,1,2,27
244b87128e34,c4000c0229063:8000900c100d440c,win,2,3,3,mate in 2,0,2,1,1,0,0,0,2,26
d0d5d750ae68,c4000c4229063:8000900c100d448c,win,2,3,3,mate in 2,1,1,1,0,0,0,0,2,28
3f1f8e1f4aba,10c00110b1e02:1090e04812d,win,2,3,3,mate in 2,1,1,1,0,0,0,0,2,26
e0e32c502e2b,90c00110b1e02:1090e0481ad,win,2,3,3,mate in 2,1,1,1,0,0,0,0,2,28
f7a7a06fe77d,120a000a7461:100000605261820e,win,2,3,3,mate in 2,1,1,1,0,0,0,0,2,27
8942fe785eb7,11c000814b528:10201534014815,win,2,3,3,mate in 2,1,1,1,0,0,0,0,2,28
3f3dcc6db9d2,90000d9211803:90292008e128,win,2,3,3,mate in 2,1,1,1,0,0,0,0,2,26
65961528b51b,114006024d02e:2000600d14092501,win,2,3,3,mate in 2,1,1,1,0,0,0,1,1,28
f0f5667a52f0,8b08a880028881:8020800308a9102a,win,2,3,3,mate in 2,1,1,1,0,0,0,0,2,28
192eb97d9b10,110900082082e809:110199091186,win,2,3,3,mate in 2,0,2,1,1,0,0,0,2,28
4342e14105c6,208101093288601:800083080010713a,win,8,15,35,mate in 18,1,7,0,0,0,7,5,3,28
88d627a30da3,4910008804b805:8000884910494058,win,4,7,7,mate in 4,3,1,1,0,0,0,0,4,27
830e3c1525c0,1a3880b8128:181080001a01c93,win,3,5,5,mate in 3,2,1,1,0,0,0,1,2,28
e8a203b35b72,18a0490024a0d:10030a2db022,win,2,3,3,mate in 2,1,1,1,0,0,0,0,2,28
26a018460b80,24008d008d8201:10220522070ac,win,2,3,3,mate in 2,0,2,1,1,0,0,0,2,27
3c9b1393ccba,100802020809a843:40304832421208,win,7,13,15,mate in 8,2,5,1,0,0,4,4,3,26
e8a0fb79066a,312300a389:1220018b11834,win,2,3,3,mate in 2,1,1,1,0,0,0,0,2,27
da777f128135,9900280394038:800000195002b883,win,3,5,5,mate in 3,2,1,1,0,0,0,1,2,28
c2de9063d743,1044404c49608:4009081900101c5,win,4,7,7,mate in 4,3,1,1,0,0,0,1,3,26
3064d1079f3e,102192248201c:2082000d011d241,win,2,3,3,mate in 2,1,1,1,0,0,0,1,1,27
73c2b1c2b4f9,ca408a0101803:14060ca63c,win,7,13,29,mate in 15,2,5,1,0,0,4,3,4,27
efa3de533002,1009400090217805:80009029680880a8,win,2,3,3,mate in 2,0,2,1,1,0,0,0,2,28
c4b588e51f2b,1994089001d000:9000001104182699,win,3,5,5,mate in 3,2,1,1,0,0,0,0,3,27
133ddd39662d,18410245ad008:8008200990012453,win,2,3,3,mate in 2,1,1,1,0,0,0,0,2,28
15f0cbcff125,c80087085b002:6007800a409d,win,2,3,3,mate in 2,1,1,1,0,0,0,0,2,28
162822fd34cf,48106180a9011:8108115290e,win,2,3,3,mate in 2,1,1,1,0,0,0,1,1,26
672e494f32a4,100b900a04108009:401d00b5512,win,10,19,27,mate in 14,3,7,1,0,0,6,7,3,27
98c132475007,100800011219b204:101ca006401b,win,2,3,3,mate in 2,1,1,1,0,0,0,0,2,26
60171f439c50,9a00190013424:a0000028602ac00b,win,2,3,3,mate in 2,1,1,1,0,0,0,0,2,27
bc3d7b2b5d56,20a82009001c608:8000000a060e1067,win,2,3,3,mate in 2,1,1,1,0,0,0,0,2,27
9922a652fb24,10202d4049602:820084010203401d,win,2,3,3,mate in 2,1,1,1,0,0,0,1,1,26
90f295cfd031,8901c051808019:1019005953c0,win,2,3,3,mate in 2,1,1,1,0,0,0,0,2,28
489015ed5bba,144204021e608:c0008009b6081021,win,2,3,3,mate in 2,1,1,1,0,0,0,0,2,27
58a0b0d1c9ae,9806010e111a0:806000098018c059,win,2,3,3,mate in 2,1,1,1,0,0,0,0,2,28
79111ae47fb8,31001b4018584:300024820082301b,win,2,3,3,mate in 2,1,1,1,0,0,0,0,2,28
d850cdce7a37,1009800c2089a201:32019204149c,win,2,3,3,mate in 2,1,1,1,0,0,0,0,2,28
dcee4c93dbaf,1908950043028:9080000480a9c085,win,2,3,3,mate in 2,1,1,1,0,0,0,0,2,27
81ca48f00f74,180100886589210:801c0118005e9,win,2,3,3,mate in 2,1,1,1,0,0,0,0,2,28
cc40f1205408,2104094415c01:10010003080aa0ca,win,3,5,5,mate in 3,1,2,1,1,0,0,0,3,26
0fcb992815fd,5100884018349:10088405110c1404,win,2,3,3,mate in 2,0,2,1,1,0,0,0,2,26
bcf08ef2ba0d,1409021a1b41:100009d01a49a,win,2,3,3,mate in 2,1,1,1,0,0,0,0,2,28
45d49553e58e,1038c3211031:112841001018c308,win,2,3,3,mate in 2,1,1,1,0,0,0,0,2,28
04f8e4569e29,100c8480a15b:10800490101c5484,win,2,3,3,mate in 2,1,1,1,0,0,0,0,2,28
70c39c65a31b,1100990590128:80150012290d3,win,4,7,7,mate in 4,1,3,1,0,0,2,3,1,27
26a7e5681339,908880ac04a28:84000610029b0c1,win,2,3,3,mate in 2,1,1,1,0,0,0,0,2,28
b163d6f70473,5088089808204d:80800510051d812,win,5,9,9,mate in 5,4,1,1,0,0,0,0,5,28
cfaa22c8b970,108190823c012:80000501c19ad,win,2,3,3,mate in 2,1,1,1,0,0,0,0,2,27
d5b02d8a7a69,90080022d0499:22d84808264,win,2,3,3,mate in 2,1,1,1,0,0,0,1,1,26
fb11b6b61e79,18180209221921:80100199019801a,win,5,9,9,mate in 5,1,4,1,1,0,2,3,2,28
cf4c4908b873,244804404a095:4000003009b540a,win,2,3,3,mate in 2,1,1,1,0,0,0,0,2,26
26a72f64e256,9000055884788:100054090001b813,win,2,3,3,mate in 2,0,2,1,1,0,0,0,2,28
6d28d5aefc1e,992610041c200:1200000892283069,win,2,3,3,mate in 2,0,2,1,1,0,0,0,2,27
8a46c808068a,5c80440046809:40000001a9499144,win,4,7,9,mate in 5,1,3,1,0,0,2,2,2,27
a7f2d39cbc35,9502824e9:840200205db14,win,5,9,9,mate in 5,3,2,1,1,0,0,1,4,27
3693796a3b8d,18a0b02024209:8208000098099832,win,2,3,3,mate in 2,0,2,1,1,0,0,0,2,27
b3d505035c21,1008101218118805:80008009800e501a,win,4,7,7,mate in 4,2,2,1,1,0,0,0,4,26
33c690df3842,18008d90b8801:900a51030000510a,win,3,5,5,mate in 3,2,1,1,0,0,0,1,2,28
ee04d830afb3,907801a892:18028096502d,win,2,3,3,mate in 2,1,1,1,0,0,0,0,2,27
9e851cb70307,1280100922a9802:8000822821002729,win,2,3,3,mate in 2,1,1,1,0,0,0,0,2,28
732e514369b5,138180028a0b:1000a13891184,win,2,3,3,mate in 2,0,2,1,1,0,0,0,2,26
ae26d535045b,21108c008498c:840023182b013,win,2,3,3,mate in 2,1,1,1,0,0,0,0,2,27
6cebd877b1a1,2008080a91c89:80002a0c42c066,win,2,3,3,mate in 2,1,1,1,0,0,0,0,2,27
6915e7df28cc,200002d04382c4:4000602420742b,win,2,3,3,mate in 2,1,1,1,0,0,0,0,2,27
647f76ffef1e,c098400ab21:20902000a29144a,win,2,3,3,mate in 2,1,1,1,0,0,0,0,2,27
a39fd3db34c0,d004c0006812a:2002380691055,win,3,5,5,mate in 3,2,1,1,0,0,0,0,3,27
cbb539e03030,1002da048c048:8004014253c25,win,2,3,3,mate in 2,1,1,1,0,0,0,1,1,27
26e220074dd0,3809000189288009:8000b80830013920,win,2,3,3,mate in 2,1,1,1,0,0,0,0,2,28
1cb2bd9b3aab,7101108851806:800886101a8099,win,2,3,3,mate in 2,1,1,1,0,0,0,0,2,28
e4103657ac10,108140055682041:104001682000d528,win,2,3,3,mate in 2,1,1,1,0,0,0,0,2,28
5345e1f45301,2000d20074305:d20024228302a,win,2,3,3,mate in 2,1,1,1,0,0,0,0,2,27
a45b1d40663d,10c1004830019440:108104e860a9,win,2,3,3,mate in 2,1,1,1,0,0,0,0,2,27
435572dc2221,11184040d2588:8040911a0d025,win,3,5,5,mate in 3,1,2,1,1,0,0,0,3,28
2b4e01ed0504,141185e189:3010b000a0101c14,win,4,7,9,mate in 5,0,4,1,0,0,3,3,1,28
e4af9dc52c61,191071005b:110060018899a4,win,2,3,3,mate in 2,0,2,1,1,0,0,0,2,27
c726aa333399,9108b9001c408:5000c400448a1083,win,3,5,7,mate in 4,1,2,1,1,0,0,0,3,28
8fa819eed88d,81840117810508:400038088009ac5,win,3,5,5,mate in 3,2,1,1,0,0,0,0,3,28
7d9c4fa37b5d,114841009037:1040800090594548,win,2,3,3,mate in 2,0,2,1,1,0,0,0,2,27
d46f67c48a24,490000832112a9:816910488944,win,3,5,7,mate in 4,2,1,0,0,1,0,1,2,28
a496fa9cc1d3,29848030091089:8080002984a0a520,win,2,3,3,mate in 2,1,1,1,0,0,0,0,2,28
3b747fb6b1bc,1002018543c28:800490029c055,win,4,7,7,mate in 4,3,1,1,0,0,0,1,3,26
0f1b1d3df0ab,4291ca8059:480098081119a2,win,2,3,3,mate in 2,1,1,1,0,0,0,0,2,28
5b088de38944,20803161285081:801100008011a578,win,2,3,3,mate in 2,1,1,1,0,0,0,0,2,28
2a7bf620214e,108802103810a841:1088828852b8,win,2,3,3,mate in 2,0,2,1,1,0,0,0,2,28
cef7a01f4821,81b20020212249:a00000819280d8a0,win,2,3,3,mate in 2,1,1,1,0,0,0,0,2,28
484e7e116421,1864494240441:8440002102419324,win,2,3,3,mate in 2,1,1,1,0,0,0,0,2,28
b5c9004cfdf4,1100d00385831:100840005905830c,win,8,15,19,mate in 10,2,6,0,0,1,5,6,2,28
57c1158e8e31,1108002981794:108004091401882b,win,3,5,5,mate in 3,2,1,1,0,0,0,0,3,28
18e53476f7f3,18a0018a49214:100035821108a9,win,5,9,9,mate in 5,1,4,1,0,0,3,3,2,28
a8270a98079e,2004b4001294a:494000284ad081,win,2,3,3,mate in 2,1,1,1,0,0,0,1,1,27
534e96777fa9,9c00816089180:601c1014619,win,2,3,3,mate in 2,1,1,1,0,0,0,0,2,26
199c9435c098,9c08816089180:601c1814619,win,2,3,3,mate in 2,1,1,1,0,0,0,0,2,28
1d7a8810f9fb,1120802c91281:120000c19000e868,win,4,7,7,mate in 4,3,1,1,0,0,0,0,4,27
c0d159e3fc76,1315010118051:90108001a1483108,win,2,3,3,mate in 2,1,1,1,0,0,0,0,2,27
c3eeea4d660a,1008009000a18549:11009111810b2,win,4,7,7,mate in 4,3,1,1,0,0,0,1,3,26
e06c0e1d62e2,1008009000a38549:11009151810b2,win,4,7,7,mate in 4,3,1,1,0,0,0,1,3,28
fb541330f1f3,1008028901a18128:1120d2085291,win,6,11,13,mate in 7,1,5,1,0,0,4,4,2,28
5d2bc392b0e4,280080118ba501:10011129042010aa,win,2,3,3,mate in 2,1,1,1,0,0,0,0,2,28
a5709e69c47d,4a40114499041:8009000ca0046c0c,win,9,17,25,mate in 13,1,8,0,0,0,8,5,4,28
f737545cdded,20080810e39081:a00630808086a,win,2,3,3,mate in 2,0,2,1,1,0,0,0,2,26
649f91dba954,1008003014341582:140c000b807d,win,2,3,3,mate in 2,1,1,1,0,0,0,0,2,28
db5614cfc545,189082010b10a1:80001990b0811a,win,2,3,3,mate in 2,1,1,1,0,0,0,0,2,28
008ae151ee90,8100085201a219:8728120885084,win,2,3,3,mate in 2,1,1,1,0,0,0,0,2,27
19a263357e4f,20800089a0cb002:9000920020014a2d,win,2,3,3,mate in 2,0,2,1,1,0,0,0,2,27
64e26d420e16,30500c004c518:100c00305033007,win,2,3,3,mate in 2,1,1,1,0,0,0,0,2,27
93d07445e814,9000200509e328:9080b01c97,win,8,15,33,mate in 17,0,8,1,1,0,6,6,2,28
2af666ce3379,1421000000bd013:14259502948,win,10,19,31,mate in 16,3,7,1,0,0,6,3,7,27
0e1fb05213df,81044061095009:218104c0a5c0,win,3,5,5,mate in 3,2,1,1,0,0,0,0,3,26
114b2de62ac6,81044061095809:218104c0a7c0,win,2,3,3,mate in 2,1,1,1,0,0,0,0,2,28
b9bf46d61f99,204260cab02:20000008833143d,win,3,5,5,mate in 3,1,2,1,1,0,0,0,3,27
7f2e1bf016d7,490723c4c:800080300084c2b3,win,2,3,3,mate in 2,1,1,1,0,0,0,0,2,28
64d66527b1b9,1022892013582:800010c288a3d,win,9,17,35,mate in 18,1,8,1,0,0,7,3,6,28
fd4d3ac290a4,812008210811ac:300811811081a401,win,2,3,3,mate in 2,1,1,1,0,0,0,0,2,27
046462c902e4,190109d2089001:300c21001114318,win,2,3,3,mate in 2,1,1,1,0,0,0,0,2,28
478119d9c2ab,20000702818355:300a0006630aa,win,7,13,15,mate in 8,0,7,1,1,0,5,5,2,28
bf2c15942a2b,4051021140850a2:1000040600278c0d,win,6,11,17,mate in 9,1,5,1,1,0,3,1,5,28
e0ca7bd7a4e1,10024030c906c:8004804980610301,win,2,3,3,mate in 2,0,2,1,1,0,0,1,1,26
60b50ca8149f,108018a131a02:9800901210008099,win,2,3,3,mate in 2,1,1,1,0,0,0,0,2,26
3ffa4e00d438,194389488009:1901800010031952,win,3,5,5,mate in 3,2,1,1,0,0,0,1,2,28
ba6a1eb9f818,110c09048803a:10480009018111c1,win,2,3,3,mate in 2,1,1,1,0,0,0,0,2,26
39b250e43746,11040314190c4:304020050004250b,win,2,3,3,mate in 2,1,1,1,0,0,0,0,2,26
99ce338a6e22,19040314190c4:304020058004250b,win,2,3,3,mate in 2,1,1,1,0,0,0,0,2,28
1ed9508c741f,d0124224c43:50100005901b124,win,2,3,3,mate in 2,1,1,1,0,0,0,0,2,28
2fda9b9963df,24492611883:1800088ca36c,win,3,5,5,mate in 3,1,2,1,1,0,0,0,3,28
666baab9ca16,8120d3384c:3300290088293,win,8,15,15,mate in 8,2,6,1,0,0,5,6,2,28
d9be14d150f8,90409908272:20647d8d,win,4,7,7,mate in 4,2,2,1,1,0,0,0,4,27
75b748cc7f67,101801010109018d:101101890309032,win,2,3,3,mate in 2,0,2,1,1,0,0,0,2,27
3b582d0c0da5,19029a0208928:90280000100970d1,win,2,3,3,mate in 2,0,2,1,1,0,0,0,2,28
0c05e2195166,c100480114307:a520eb038,win,2,3,3,mate in 2,1,1,1,0,0,0,0,2,27
d1d0a568e263,104178c038104:10090001141c9b,win,2,3,3,mate in 2,1,1,1,0,0,0,0,2,28
1455d9c483e7,20500010817c14:100000a0442280eb,win,5,9,9,mate in 5,3,2,1,1,0,0,1,4,27
2eb3eb95beef,2038081088d082:10000022a8222929,win,2,3,3,mate in 2,1,1,1,0,0,0,0,2,27
8eda1e63d01e,4e19889442:100080660bad,win,7,13,15,mate in 8,1,6,0,0,1,5,5,2,28
b61eeb93c9bc,1009000001c181cc:910998083801,win,2,3,3,mate in 2,1,1,1,0,0,0,0,2,26
16ed91ea26e8,21a028ab82:20081487142d,win,2,3,3,mate in 2,1,1,1,0,0,0,0,2,27
b676827358db,1002006a12d88:989089235,win,3,5,5,mate in 3,2,1,1,0,0,0,1,2,26
d276b317a8a9,1090010210d8908:210908103495,win,2,3,3,mate in 2,1,1,1,0,0,0,0,2,26
04d1daf59055,1090410210d8908:21090c103495,win,2,3,3,mate in 2,1,1,1,0,0,0,0,2,28
a864ad220b99,205018101c140c:100800204021e931,draw,12,23,37,draw,4,8,0,0,0,8,6,6,27
a136f54bc96c,90101020d1382:8e0182c80d,win,2,3,3,mate in 2,1,1,1,0,0,0,0,2,26
62ad73373f87,92d0c009504:4090400112d0829,win,2,3,3,mate in 2,1,1,1,0,0,0,0,2,27
ae1c2dd92454,2830085400d006:14000420a02a2429,win,2,3,3,mate in 2,1,1,1,0,0,0,0,2,27
7da31b71691e,4900190c04c0c:104100440005b0c1,win,2,3,3,mate in 2,1,1,1,0,0,0,0,2,26
9c172dfaa46e,c000000a2c7a2:e000c385d,win,2,3,3,mate in 2,0,2,1,1,0,0,0,2,26
37ed7989b032,2080001845124c1:1020822089b18,win,11,21,25,mate in 13,2,9,1,0,0,8,8,3,26
65f29e1a25af,2088001845124c1:102082208db18,win,6,11,17,mate in 9,2,4,1,1,0,2,1,5,28
9f59b93ab9e6,4018000106a8073:800004098405548c,win,2,3,3,mate in 2,1,1,1,0,0,0,0,2,28
cc1060ee3e2d,1048100184094508:100481044b0c5,win,9,17,21,mate in 11,1,8,0,0,1,7,7,2,26
034bb099e267,40047800b004d:b000802549312,win,2,3,3,mate in 2,0,2,1,1,0,0,0,2,27
df9b84579cd4,21040800495458:8002196208a25,win,3,5,5,mate in 3,2,1,1,0,0,0,0,3,27
59d796707396,1008085882088051:8000900018551a0c,win,2,3,3,mate in 2,1,1,1,0,0,0,0,2,27
e7c69c84cb5b,1281020000a88a18:1089920111a1,win,3,5,5,mate in 3,2,1,1,0,0,0,0,3,26
91815c0e35e5,10080002905c010b:50115801029054,win,2,3,3,mate in 2,0,2,1,1,0,0,0,2,27
072cdca71cd5,9c0a840809032:80a00001802960c9,win,2,3,3,mate in 2,1,1,1,0,0,0,1,1,28
ec72aa02f701,1500c60041c0a:100800019809e005,win,2,3,3,mate in 2,0,2,1,1,0,0,0,2,26
8f6fc33921b6,9000682219207:8029700e6028,win,3,5,5,mate in 3,2,1,1,0,0,0,0,3,28
4494781459a7,12141190190401:409800a0402903a,win,2,3,3,mate in 2,0,2,1,1,0,0,0,2,27
c039e700e32e,108014081029056:8000800c405c4129,win,8,15,33,mate in 17,2,6,1,0,0,5,3,5,27
9fa60a76003c,288005800c8198:8001002801211a65,win,2,3,3,mate in 2,0,2,1,1,0,0,0,2,27
9337d076abca,d89918805:80018810100c1198,win,2,3,3,mate in 2,1,1,1,0,0,0,0,2,26
99f910faee2a,310000408d4349:35017090b4,win,2,3,3,mate in 2,0,2,1,1,0,0,0,2,28
af82fde7ced3,4c0001808b152:c0001004c144480d,win,2,3,3,mate in 2,1,1,1,0,0,0,0,2,27
a679c9be0794,190012020e1684:100d1411803b,win,4,7,7,mate in 4,2,2,1,1,0,0,0,4,28
45de44fb5796,102002024daa4:20000251219201b,win,2,3,3,mate in 2,1,1,1,0,0,0,0,2,27
b41b3cc51306,283028802881c2:14033c03229,win,2,3,3,mate in 2,1,1,1,0,0,0,0,2,28
0c788a958e49,21684108b050:2100001020714329,win,9,17,21,mate in 11,1,8,0,0,1,7,7,2,27
94113be68b26,104800a0102109b:800a0104900d8904,win,2,3,3,mate in 2,1,1,1,0,0,0,0,2,27
f3edb2a749b7,2a0006a8088a03:a0280226603c,win,2,3,3,mate in 2,1,1,1,0,0,0,0,2,28
1e754ff74952,12100830062905:100001120118909a,win,2,3,3,mate in 2,1,1,1,0,0,0,0,2,26
c27498e496a0,101808009a08a201:301820501958,win,2,3,3,mate in 2,1,1,1,0,0,0,0,2,26
de982793f666,18100884501d08:800084101809c251,win,2,3,3,mate in 2,0,2,1,1,0,0,0,2,27
fc8607279285,3440010499544:40008003c406402b,win,2,3,3,mate in 2,0,2,1,1,0,0,0,2,28
f37eb6564ba8,4180219800a0a8:800008c002e11a41,win,2,3,3,mate in 2,0,2,1,1,0,0,0,2,27
84c54a3e41b5,2828008108890c1:2828342430e,win,2,3,3,mate in 2,1,1,1,0,0,0,0,2,27
eac6a63f605d,100780162805c:48000380191923,win,2,3,3,mate in 2,1,1,1,0,0,0,0,2,28
61e79a257132,5088971c21:88108800004880de,win,2,3,3,mate in 2,1,1,1,0,0,0,0,2,28
594f2b0d9ac2,2018180019d011:101800201920292c,win,2,3,3,mate in 2,1,1,1,0,0,0,0,2,27
87bd115dc316,20008c808c724:4002009318db,win,3,5,5,mate in 3,2,1,1,0,0,0,1,2,27
56acff289828,1400108e81825:8c0d005c0c8,win,2,3,3,mate in 2,1,1,1,0,0,0,0,2,26
5ea347e2c0d0,20004811691228:801200610ad51,win,2,3,3,mate in 2,1,1,1,0,0,0,1,1,27
c96fd03bad73,108a19024b00a:80100c088948a5,win,2,3,3,mate in 2,1,1,1,0,0,0,0,2,28
77a81508787c,1008080189098032:8001901810101909,win,2,3,3,mate in 2,1,1,1,0,0,0,0,2,26
81f045fe6d3f,28802a1021400b:90001000c00e9924,win,2,3,3,mate in 2,1,1,1,0,0,0,0,2,27
edcea8e027f6,1524010095441:500800094240831c,win,2,3,3,mate in 2,0,2,1,1,0,0,0,2,27
ddbbada5a6d4,4801982180309:8019020400459054,win,8,15,29,mate in 15,4,4,1,1,0,2,2,6,27
bb8451b85247,38800110098449:1007880705230,win,3,5,5,mate in 3,1,2,1,1,0,0,0,3,27
e654e2aceeb0,10088101030c106c:8004100c9001a303,win,3,5,5,mate in 3,1,2,1,1,0,0,0,3,28
e779b5d1ecaa,c1100896018c08:100804c100c812c1,win,2,3,3,mate in 2,1,1,1,0,0,0,0,2,28
1d5a0817cfa1,1809080080438143:100918185e18,win,7,13,17,mate in 9,2,5,0,0,0,5,4,3,28
73fe150b650e,4024186401e21:20000041805c1ce,win,3,5,5,mate in 3,2,1,1,0,0,0,0,3,28
adae5c0808bd,990108000bc14:9000000d501d4009,win,2,3,3,mate in 2,0,2,1,1,0,0,0,2,27
1b3254aa608c,c100cc8005098:1000c800109d8805,win,2,3,3,mate in 2,1,1,1,0,0,0,0,2,27
110d97054ba3,3a000602283a2:22392817011,win,4,7,7,mate in 4,2,2,1,1,0,0,0,4,28
83cf5058bb6d,148004880299842:1100134203ad,win,2,3,3,mate in 2,1,1,1,0,0,0,1,1,28
d7d1e27d8016,1c000a103404b:820094048b384,win,2,3,3,mate in 2,1,1,1,0,0,0,0,2,27
fade1844a409,2b040804a3841:304000033001c08e,win,3,5,5,mate in 3,2,1,1,0,0,0,0,3,28
fbc4ab43dd32,4020186401e21:2000004180581ce,win,3,5,5,mate in 3,2,1,1,0,0,0,0,3,26
247778a57ec8,c8d00040a9104:100c99040c0b,win,3,5,7,mate in 4,0,3,1,1,0,1,0,3,26
25434d08b6f2,c8d00040b9104:1000100c99040c0b,win,2,3,3,mate in 2,1,1,1,0,0,0,0,2,28
ee2d03fdb01f,140004880299842:1100134003ad,win,2,3,3,mate in 2,1,1,1,0,0,0,0,2,26
e65bb1de2699,10020b841b042:100098014020482d,win,2,3,3,mate in 2,1,1,1,0,0,0,0,2,26
17c318fc0039,1808280e10a31:251021290ce,win,2,3,3,mate in 2,1,1,1,0,0,0,0,2,28
57c1ae11850f,102083e0c6408:8480140219a25,win,5,9,13,mate in 7,1,4,0,0,1,3,3,2,28
66004b192d23,280889088092a:880802084390d1,win,2,3,3,mate in 2,1,1,1,0,0,0,0,2,27
7fb8114c08ec,21902188019028:9000000050b04a95,win,2,3,3,mate in 2,1,1,1,0,0,0,1,1,27
84f7ef33fea2,9104888099006:1000000311420969,win,3,5,5,mate in 3,2,1,1,0,0,0,0,3,26
7e4ce11d67b1,60986099007:1409900410040698,win,3,5,9,mate in 5,0,3,0,0,0,3,2,1,28
3906827bcf3c,21230015203448:2000021a2098b21,win,2,3,3,mate in 2,1,1,1,0,0,0,0,2,28
134833cff983,9102110081a29:100000088131c1d2,win,2,3,3,mate in 2,0,2,1,1,0,0,0,2,27
c19a1dfc90cd,24340ec232:a01313d0d,win,4,7,7,mate in 4,2,2,1,1,0,0,0,4,28
cc267ff33d54,2084428d861:603244270c,win,3,5,5,mate in 3,2,1,1,0,0,0,1,2,26
7250096d19ae,10481422861b:10000600224c30e4,win,3,5,5,mate in 3,2,1,1,0,0,0,1,2,28
91667afd96b8,1490911c1a:41004800c0c80a5,win,5,9,9,mate in 5,3,2,1,1,0,0,1,4,26
c0d6a9fb2d0c,10400146480b6:1000902180811541,win,2,3,3,mate in 2,1,1,1,0,0,0,1,1,26
fd5462d43aaf,10401a482250b:2480a0800041d0c4,win,3,5,5,mate in 3,1,2,1,1,0,0,1,2,28
e80b4485dfd2,1081200084289c28:200018a138812081,win,2,3,3,mate in 2,1,1,1,0,0,0,0,2,28
f4aae4632813,11800980d8162:8000810301025c0d,win,2,3,3,mate in 2,0,2,1,1,0,0,0,2,28
e8490fbe5ce3,81200084289c28:200008a138812081,win,2,3,3,mate in 2,1,1,1,0,0,0,0,2,26
1a25bacf11cc,210000b2a080ac:8200a22100013a01,win,2,3,3,mate in 2,1,1,1,0,0,0,0,2,26
b588f89d3ad8,1808aa0c89002:80801041100320c9,win,2,3,3,mate in 2,0,2,1,1,0,0,0,2,26
51fae4f9c978,1808aa0c8d002:90801041100320c9,win,2,3,3,mate in 2,0,2,1,1,0,0,0,2,28
fbbc84f361da,1029008051029282:502900a94129,win,3,5,9,mate in 5,0,3,1,0,0,2,2,1,28
155a0a9a16ec,d011083094308:8100800d00149055,win,2,3,3,mate in 2,1,1,1,0,0,0,0,2,28
a1a6f2150226,9000a3228b022:200220180034a1d,win,2,3,3,mate in 2,1,1,1,0,0,0,0,2,28
00e64084f7f1,1008480c50cc8:8080804116009225,win,3,5,5,mate in 3,1,2,1,1,0,0,0,3,27
37af1694acd5,89008281019205:8109088a098a,win,2,3,3,mate in 2,1,1,1,0,0,0,1,1,26
d544a93d6065,100484038d0b2:400110c7284d,win,2,3,3,mate in 2,1,1,1,0,0,0,0,2,28
b731765287cf,411040104c4684:28906819069,win,7,13,13,mate in 7,1,6,1,1,0,4,3,4,27
7df3b09e0518,20882138018128:8000200080b03c95,win,2,3,3,mate in 2,0,2,1,1,0,0,0,2,27
2b5cdadbc3c3,1008104014c3001d:410489000894e2,win,2,3,3,mate in 2,1,1,1,0,0,0,0,2,28
92271fa069b9,1000912085453:8004040712b2c,win,3,5,5,mate in 3,2,1,1,0,0,0,0,3,27
ec2e8320ca90,118890088a0a8:1088202038211801,win,3,5,5,mate in 3,1,2,1,1,0,0,0,3,26
9b23db9f9b15,42808a9828902:80a0006000c708d,win,2,3,3,mate in 2,1,1,1,0,0,0,1,1,28
df4644f5fbaf,11081901134a0:1000042044a8c819,win,7,13,15,mate in 8,1,6,1,0,0,5,4,3,27
a2a5cdf3cc7e,108100898299002:100001010102692d,win,3,5,5,mate in 3,2,1,1,0,0,0,0,3,26
7f159ba5d8fe,990050310a205:12000208b00d1118,win,4,7,9,mate in 5,0,4,1,0,0,3,2,2,28
a6a7f7431be2,501803104174:1800005009368b,win,2,3,3,mate in 2,1,1,1,0,0,0,0,2,27
70c0f6a75b4c,950200a2a5082:1200020950810a29,win,2,3,3,mate in 2,1,1,1,0,0,0,0,2,28
cf005a1c3ade,3140005c48145:183900b148a,win,2,3,3,mate in 2,1,1,1,0,0,0,0,2,28
20197d554bd8,81490253089:800802108908934,win,3,5,5,mate in 3,2,1,1,0,0,0,1,2,26
9224eeb97ad8,89490253089:800902108908934,win,3,5,5,mate in 3,2,1,1,0,0,0,1,2,28
00940e9911f6,114043009c604:800098c04384b,win,7,13,15,mate in 8,3,4,1,0,0,3,3,4,27
c7e3e5143a6d,1004a90286849:800a800102439222,win,10,19,33,mate in 17,2,8,1,0,0,7,6,4,28
dbe58ad16346,98084a1009185:a0002009108d2058,win,6,11,13,mate in 7,1,5,1,1,0,3,3,3,28
a460758cce79,10880088007500e:1001110711088181,win,2,3,3,mate in 2,1,1,1,0,0,0,0,2,27
f20009b60639,209009820c1203:900900241021812c,win,8,15,31,mate in 16,1,7,1,0,0,6,3,5,27
789ba1e25aa7,102870092231:2120018030d14a,win,3,5,5,mate in 3,2,1,1,0,0,0,0,3,27
69734c593431,2001002309461c:228c420b161,win,2,3,3,mate in 2,1,1,1,0,0,0,0,2,27
57ad1847d324,2900070c240c8:904060428001b003,win,8,15,33,mate in 17,3,5,1,1,0,3,4,4,27
4abf6d6de919,900081c0aca11:4018241346e,win,7,13,21,mate in 11,2,5,0,0,0,5,3,4,28
ef4f437730ed,100902c914009480:400940082c90249,win,9,17,31,mate in 16,2,7,1,0,0,6,4,5,28
30c9ab44b23e,1c20812407a08:82080001e8098045,win,2,3,3,mate in 2,0,2,1,1,0,0,0,2,28
cf436b5297ba,209080b0823408:10000022032883a3,win,3,5,5,mate in 3,2,1,1,0,0,0,1,2,27
c5f7f8dcf68c,9210191413008:90009048200881c1,win,2,3,3,mate in 2,1,1,1,0,0,0,0,2,26
a1ee3c51c433,9210191417008:90009048200881c3,win,2,3,3,mate in 2,1,1,1,0,0,0,0,2,28
0a2be5d1a7a5,5800161245128:800060048409a415,win,7,13,13,mate in 7,2,5,1,0,0,4,3,4,28
736a0d51ce46,10080012131c1802:100c0003839d,win,2,3,3,mate in 2,1,1,1,0,0,0,0,2,26
8da8ab501940,9009800318511:80108021908810ac,win,2,3,3,mate in 2,1,1,1,0,0,0,1,1,27
4b00c27af7ee,104000a0cb207:10001a0514014c28,win,2,3,3,mate in 2,1,1,1,0,0,0,0,2,27
4c30f410afed,100205e003e12:40010133c12d,win,4,7,7,mate in 4,3,1,1,0,0,0,0,4,28
7060adec7be3,1009002918217:100003b00a34a8,win,8,15,23,mate in 12,1,7,1,0,0,6,5,3,27
2e1a11a544a8,1401625122c:400062081488541,win,2,3,3,mate in 2,1,1,1,0,0,0,0,2,26
d3ef99bd4447,9082808708540:800184091a39,win,2,3,3,mate in 2,1,1,1,0,0,0,0,2,26
f81d36fc1710,9802059385:8080810491980018,win,2,3,3,mate in 2,0,2,1,1,0,0,1,1,26
af688a74a91d,3810001009944c:1000803880304a31,win,2,3,3,mate in 2,1,1,1,0,0,0,0,2,27
3c73b44c8a64,1180090883498:100000814c31c821,win,5,9,9,mate in 5,4,1,1,0,0,0,1,4,27
d34cfa7b38f4,9400834c180c8:1000340140087c05,win,2,3,3,mate in 2,1,1,1,0,0,0,0,2,28
3eeefd57e673,10080810423a10a2:52081800ca59,win,2,3,3,mate in 2,1,1,1,0,0,0,0,2,28
f6e09425598c,853202138c:200132000085a043,win,2,3,3,mate in 2,1,1,1,0,0,0,1,1,26
2c1914a993eb,158002023c831:500200235800340a,win,2,3,3,mate in 2,1,1,1,0,0,0,1,1,28
0b12d94d2caa,142097000d088:c008800082492a41,win,2,3,3,mate in 2,1,1,1,0,0,0,0,2,27
6f9926eb0cc1,1c00059095088:c00801098000a905,win,2,3,3,mate in 2,1,1,1,0,0,0,0,2,26
bf1043f71a45,1c00079095088:c00809098000a905,win,2,3,3,mate in 2,1,1,1,0,0,0,0,2,28
123342c86b3f,11200840cb1c8:1000040112414e15,win,2,3,3,mate in 2,0,2,1,1,0,0,0,2,28
1bda482b0467,1912208a18908:81000801910a10a3,win,5,9,15,mate in 8,1,4,0,0,1,3,3,2,28
4a727ee199ec,1909c00980c1:1009804019405908,win,2,3,3,mate in 2,1,1,1,0,0,0,0,2,27
e46a1e05cce4,9150814011901:10000001015a865a,win,2,3,3,mate in 2,0,2,1,1,0,0,0,2,27
10c81bc0f42e,920002a28c928:80008009c1013291,win,4,7,7,mate in 4,3,1,1,0,0,0,0,4,28
4e2b643587a3,108850094085120:800010282121a609,win,8,15,33,mate in 17,1,7,1,0,0,6,6,2,27
f728974bdc6c,21080ac0215805:8002c021080a80aa,win,2,3,3,mate in 2,0,2,1,1,0,0,0,2,28
8ca3cacafe90,1008804b00128051:804110109049180a,win,2,3,3,mate in 2,1,1,1,0,0,0,0,2,27
57341f02d4ee,110019218203b:900880080023d304,win,2,3,3,mate in 2,1,1,1,0,0,0,0,2,28
b228440b8680,1820252009232:82000001a08b6089,win,3,5,7,mate in 4,1,2,1,1,0,0,0,3,27
8c074d50999f,1100290a94861:880088014802928a,win,2,3,3,mate in 2,0,2,1,1,0,0,0,2,28
01cff2a55770,1009200839051804:419050008e309,win,2,3,3,mate in 2,1,1,1,0,0,0,0,2,28
5d96a55e245c,1880a8803c084:88080005100c182b,win,3,5,5,mate in 3,1,2,1,1,0,0,0,3,27
2f4cdecd9c79,10090001c1044509:8000950814099004,win,4,7,7,mate in 4,0,4,1,1,0,2,1,3,26
873d42ec0f84,10090001c1844509:8000950814099084,win,4,7,7,mate in 4,0,4,1,1,0,2,1,3,28
0871a402050c,10090009c900c809:4100d90010093180,win,2,3,3,mate in 2,1,1,1,0,0,0,1,1,28
8518ee4e13b7,108811182109201:9001100811090518,win,3,5,9,mate in 5,0,3,0,0,0,3,2,1,26
2fb6eeb9bf9a,20ca5312e:20420900a8e91,win,2,3,3,mate in 2,1,1,1,0,0,0,0,2,28
2b040875e3d0,8010001ba013108:10081a0800088ac3,win,6,11,13,mate in 7,0,6,1,0,0,5,4,2,27
6fed8ae8f123,222002800d241a:2000042025229125,win,3,5,5,mate in 3,1,2,1,1,0,0,2,1,27
00db30716187,142851900c9:4190042c516,win,3,5,5,mate in 3,2,1,1,0,0,0,0,3,26
39f40c4521e0,40482920ec408:400820c04801b86,win,3,5,5,mate in 3,2,1,1,0,0,0,0,3,28
09609e9183f4,11140104a412a:1040000341059045,win,2,3,3,mate in 2,1,1,1,0,0,0,0,2,26
65c304f3177d,20080090380d51:800090280c0092a8,win,2,3,3,mate in 2,1,1,1,0,0,0,0,2,26
73b530231259,2a0020204a102a4:a0920e940b,win,3,5,5,mate in 3,2,1,1,0,0,0,1,2,27
a7db36dac6ea,100088248436a:800880211021b011,win,3,5,7,mate in 4,1,2,1,1,0,0,0,3,26
b307141e8939,10204082c9c84:804088186810229,win,2,3,3,mate in 2,1,1,1,0,0,0,0,2,27
89a40d87c152,2102080651338:218003110a8047,win,2,3,3,mate in 2,0,2,1,1,0,0,0,2,28
c2ea6816cbc6,11288910101c8:1108810102889a01,win,2,3,3,mate in 2,1,1,1,0,0,0,1,1,27
6ecd9b36d77e,9802a02829068:8200028180290383,win,2,3,3,mate in 2,0,2,1,1,0,0,0,2,28
4725a1e9f36f,300c00085ac0a:8407844210c5,win,2,3,3,mate in 2,1,1,1,0,0,0,0,2,27
9f294acdb06d,118003021d02a:1000002b080a2911,win,3,5,7,mate in 4,1,2,1,1,0,0,0,3,26
7d438e321e6a,10080080409a2295:80120a9200d40a,win,12,23,35,mate in 18,3,9,1,0,0,8,5,7,28
091f25468efd,5810500b11a:1880008c08b4481,win,2,3,3,mate in 2,1,1,1,0,0,0,0,2,27
a25ddec10238,100810a18021c128:21400850981093,win,2,3,3,mate in 2,1,1,1,0,0,0,0,2,28
a8084882ff19,1081100804918283:18009110083d18,win,4,7,7,mate in 4,0,4,1,1,0,2,1,3,28
fa5440a71d33,20100c0064488d:100c002090089172,win,11,21,27,mate in 14,3,8,0,0,0,8,8,3,27
2e6a9054c953,1980019018c005:900010180023183a,win,3,5,5,mate in 3,1,2,1,1,0,0,0,3,27
29a4ac8fe0df,18084200c1cb8:800020019881e045,win,2,3,3,mate in 2,0,2,1,1,0,0,0,2,28
aa7a6f82e65e,110201324a03c:1020020980095341,win,12,23,31,mate in 16,4,8,1,0,0,7,5,7,28
054e67c6f391,19002828111e8:1000008110528e13,win,9,17,33,mate in 17,2,7,0,0,0,7,4,5,28
d00c3b62ff89,1052594080138:500801001359405,win,2,3,3,mate in 2,1,1,1,0,0,0,0,2,28
206beced2a0f,2919a04980a:10006009b0695,win,2,3,3,mate in 2,1,1,1,0,0,0,0,2,28
d684acbfc87a,28042286028303:3800910291c28,win,4,7,7,mate in 4,0,4,1,1,0,2,1,3,28
9602965a9570,108900209288820a:928b002310a1,win,2,3,3,mate in 2,1,1,1,0,0,0,0,2,28
2edf1c28a5b6,108289084918c:8000800509390831,win,3,5,5,mate in 3,1,2,1,1,0,0,0,3,28
8a5f1da5cef5,10883d0884098:c080d00008039803,win,3,5,5,mate in 3,1,2,1,1,0,0,0,3,28
ee8dc29b2178,1041994095020:8802002708659,win,3,5,5,mate in 3,2,1,1,0,0,0,1,2,27
7387c7b2466d,50001024d881c:20cd88052c1,win,2,3,3,mate in 2,0,2,1,1,0,0,0,2,27
e9b09f43d962,9001100159612:801090089308010d,win,2,3,3,mate in 2,1,1,1,0,0,0,0,2,27
11eb45b5366b,18b9008019201:8010000183900998,win,3,5,5,mate in 3,1,2,1,1,0,0,0,3,26
6807826aa5b4,180007e0d5:100031438162a,win,2,3,3,mate in 2,1,1,1,0,0,0,0,2,27
071bd83cb29c,d000816049448:44580492305,win,9,17,17,mate in 9,0,9,1,1,0,7,6,3,26
6ac46cd122f9,900019a01a700:1000980821081859,win,7,13,13,mate in 7,1,6,1,1,0,4,4,3,27
becd6523564f,b40092517:960043106d008,win,2,3,3,mate in 2,1,1,1,0,0,0,0,2,27
13a41a09350e,100811081005a085:8000808481981518,win,2,3,3,mate in 2,1,1,1,0,0,0,1,1,27
7e42b79c2bfd,100913104a1a:10090200c809b101,win,2,3,3,mate in 2,1,1,1,0,0,0,0,2,27
ef3e3d222b1a,50e8204880b:800000d0a1794,win,2,3,3,mate in 2,1,1,1,0,0,0,0,2,26
3273588ff1eb,43080284232c1:20000004108d8d0e,win,3,5,5,mate in 3,1,2,1,1,0,0,0,3,28
e5f409dcd2c5,211200b2209300:1200212101012429,win,4,7,7,mate in 4,3,1,1,0,0,0,0,4,26
2942b57eb228,148002082808685:14801691168,win,3,5,9,mate in 5,0,3,0,0,1,2,2,1,26
e0624e1aaa2b,20143984018021:8409800010385418,win,2,3,,unknown,0,2,0,0,0,2,0,2,27
d5622600a2ec,8900016a00b801:20889089428a,win,2,3,3,mate in 2,1,1,1,0,0,0,0,2,26
4c0081e9a8c9,80100058049d00c:c084828242861,win,10,19,19,mate in 10,2,8,1,0,0,7,8,2,27
9654d31ec4a7,60002202829219:40b16021e6,win,2,3,3,mate in 2,1,1,1,0,0,0,0,2,27
b00a84f9015c,4190c181c48:408000090a1c2b1,win,3,5,5,mate in 3,2,1,1,0,0,0,0,3,27
44cccd7e558d,29821e0ac:4188400861a03,win,2,3,3,mate in 2,1,1,1,0,0,0,0,2,26
16e7b0aa3e2c,1428022080008239:140916295400,win,2,3,3,mate in 2,0,2,1,1,0,0,1,1,26
28821f75ac8f,5c006020a7004:c0080009c005820b,win,8,15,17,mate in 9,2,6,0,0,1,5,4,4,27
f04ab49a9c10,2d44014011047:14000006c046e408,win,7,13,29,mate in 15,2,5,1,0,0,4,4,3,28
45119247b4a2,2402dc1388:1010105018200875,win,14,27,37,mate in 19,3,11,0,0,1,10,9,5,27
d1b805f41e3d,900911000c253:8008e09930a8,win,3,5,5,mate in 3,1,2,1,1,0,0,0,3,27
d4730e4b070b,11000208de608:10006005d00010c5,win,2,3,3,mate in 2,1,1,1,0,0,0,0,2,26
2b565ad7ef4b,1100020cde608:1000600dd00010c5,win,2,3,3,mate in 2,1,1,1,0,0,0,0,2,28
98ef5f7c3b51,1100887019103:200860118080e18,win,2,3,3,mate in 2,1,1,1,0,0,0,0,2,26
7cbdcec1acf7,10080504842c40a1:40010085181950c,win,2,3,3,mate in 2,1,1,1,0,0,0,0,2,28
feed857885e1,b4810004b5101:40004b4910085a,win,2,3,3,mate in 2,1,1,1,0,0,0,0,2,28
a0abbae2c1e2,21104899219004:900080210048096b,win,2,3,3,mate in 2,1,1,1,0,0,0,0,2,28
e1712f55bb22,1904105408451:904000009011192a,win,10,19,19,mate in 10,1,9,1,1,0,7,8,2,26
10abd5829e43,101c19188124:8004882080251819,win,2,3,3,mate in 2,1,1,1,0,0,0,0,2,27
8e6ce7539675,c8088908b0081:108010050014941e,win,2,3,3,mate in 2,0,2,1,1,0,0,0,2,27
ceeb53b7a1ef,10500b0014589:8008a0094508b200,win,2,3,3,mate in 2,1,1,1,0,0,0,0,2,27
21d83230f336,801030099015900:110098012200a249,win,2,3,3,mate in 2,0,2,1,1,0,0,0,2,27
f01306b75f69,80100154212a209:4a00080d5916,win,9,17,21,mate in 11,5,4,0,0,0,4,5,4,28
fd0bfc798785,10289a24010c1:8088a0400089aa08,win,2,3,3,mate in 2,1,1,1,0,0,0,0,2,27
871f2b2d8458,1004810d588c1:4800118908131c,win,2,3,3,mate in 2,1,1,1,0,0,0,0,2,28
c159c56a2b96,20900091104315:1000300623942a,win,2,3,3,mate in 2,1,1,1,0,0,0,0,2,27
811674ce73d8,3900870498041:800840438002701a,win,2,3,3,mate in 2,1,1,1,0,0,0,1,1,28
9a1154234e9c,29c0291880b:180000980e5294,win,2,3,3,mate in 2,1,1,1,0,0,0,1,1,28
a90ef3c21578,1009022806005528:150151298205,win,2,3,3,mate in 2,0,2,1,1,0,0,0,2,28
8838366f138a,510000c4492601:44510010d05a,win,2,3,3,mate in 2,1,1,1,0,0,0,0,2,26
f6071841f6fd,10080140800a81c5:100c11451c0a,win,2,3,3,mate in 2,0,2,1,1,0,0,0,2,26
8f78d13174eb,104818580c144:8000c004400d04a9,win,11,21,25,mate in 13,4,7,0,0,1,6,5,6,26
10eca9f807ba,18011102150b2:208518a54d,win,2,3,3,mate in 2,1,1,1,0,0,0,1,1,27
106115cac6a7,100c808c00c18068:801021902c1485,win,2,3,3,mate in 2,1,1,1,0,0,0,0,2,28
a88b784ba13b,2804190549014:900110020003094b,win,10,19,31,mate in 16,3,7,1,0,0,6,3,7,26
aa5d0d8caaeb,2804191549014:90011002000b094b,win,12,23,31,mate in 16,3,9,1,0,0,8,5,7,28
7c25bb2f80e6,145000503502a:11001023d0208501,win,2,3,3,mate in 2,1,1,1,0,0,0,0,2,27
cdabbbb75d20,1040a9180150a:10009181040b8881,win,3,5,5,mate in 3,1,2,1,1,0,0,0,3,27
2b0e6ddc2eaa,1921888088850:9008080112113209,win,2,3,3,mate in 2,1,1,1,0,0,0,1,1,27
7cbf65ec132c,18000813d241c:800005051400d321,win,2,3,3,mate in 2,1,1,1,0,0,0,0,2,28
c6b9fdeb3ee9,102a210a0c40a:4401460312a1,win,2,3,3,mate in 2,1,1,1,0,0,0,0,2,26
be026e0072c7,112a210a0c40a:204401460312a1,win,2,3,3,mate in 2,1,1,1,0,0,0,0,2,28
78191ea348c7,e850c088a84:880800082950439,win,4,7,9,mate in 5,1,3,1,0,0,2,1,3,28
fcdb93dddcf3,100a10063b24:1000002002a9c48b,win,2,3,3,mate in 2,1,1,1,0,0,0,0,2,27
ce2d368a0c58,2010c12a97:2008e24d468,win,7,13,13,mate in 7,1,6,1,1,0,4,4,3,27
80b6254c1df9,1085000402ab003:1000012a910041a8,win,13,25,33,mate in 17,6,7,1,0,0,6,6,7,26
024f4df41d81,1009201084912281:10893008951c,win,4,7,7,mate in 4,3,1,1,0,0,0,0,4,28
3ce1115b4a23,89100151019022:9000808880886189,win,2,3,3,mate in 2,1,1,1,0,0,0,0,2,27
81fbc9dae70b,1008000184078702:1100a1008584d,win,3,5,5,mate in 3,2,1,1,0,0,0,0,3,26
0a7863e733e6,a069a8199:8408841090011e02,win,6,11,15,mate in 8,1,5,0,0,0,5,4,2,28
03e43cd257b8,8100401444962c:80089828901d1,win,5,9,9,mate in 5,3,2,1,1,0,0,0,5,28
c177feb66bc1,1004199500855:9840980000059308,win,8,15,27,mate in 14,3,5,0,0,0,5,6,2,28
6b7ebf35adcc,1050032033604:140012010520812b,win,3,5,5,mate in 3,1,2,1,1,0,0,0,3,27
c420d3dec71e,200207430d121:2010028103245e,win,4,7,7,mate in 4,2,2,1,1,0,0,0,4,28
948464b8340a,10810400060c043d:400108590819282,win,4,7,9,mate in 5,2,2,1,1,0,0,0,4,28
3925b38ddf16,201008881cb84:802012e146b,win,12,23,35,mate in 18,3,9,1,0,0,8,7,5,27
5639c2bcb0d9,414008492a00b:10000094100d1494,win,2,3,3,mate in 2,1,1,1,0,0,0,0,2,26
686c8f7364df,1801100604061c04:408011809a0cb,win,3,5,5,mate in 3,1,2,1,1,0,0,1,2,27
ba566c13bc81,5084401040650a:80000010c5199051,win,2,3,3,mate in 2,1,1,1,0,0,0,0,2,27
6d2b61ccccda,40400940a8b12:8008810e0104140d,win,3,5,9,mate in 5,1,2,1,1,0,0,0,3,27
194efddceefb,92003084280cd:2000004ca00d3902,win,2,3,3,mate in 2,1,1,1,0,0,0,1,1,28
4fc4efcc9131,100a100a00101287:101c0acd58,win,8,15,29,mate in 15,0,8,1,1,0,6,6,2,27
7e3fe1fd3473,60194a101300c:800a009e8193,win,2,3,3,mate in 2,1,1,1,0,0,0,0,2,28
2853f51c4e02,91001e00b8068:a000a00a10007a03,win,2,3,3,mate in 2,1,1,1,0,0,0,0,2,28
398cb182e2c4,81000208a6a064:88580011a8b,win,2,3,3,mate in 2,1,1,1,0,0,0,0,2,26
20902a8b14bf,908088a129414:80008003140d0a0b,win,3,5,5,mate in 3,1,2,1,1,0,0,0,3,28
0973809aac20,180008001dad4:800000c500c4242b,win,2,3,3,mate in 2,1,1,1,0,0,0,0,2,27
9d7567469cfd,10080011d040128a:d0080099c051,win,2,3,3,mate in 2,1,1,1,0,0,0,0,2,26
8ccfa7041408,10004d0095928:800498012804a005,win,2,3,3,mate in 2,1,1,1,0,0,0,0,2,26
1629c8bf2e68,104cb0091046:1048a0000054a119,win,2,3,3,mate in 2,1,1,1,0,0,0,1,1,27
bdf06046807b,2480044010d81a:20b02c22e5,win,3,5,5,mate in 3,1,2,1,1,0,0,0,3,27
f15b08614169,204481468004d:48002300039432,win,2,3,3,mate in 2,1,1,1,0,0,0,0,2,26
36e0b21dd176,304481468004d:48002300079432,win,2,3,3,mate in 2,1,1,1,0,0,0,0,2,28
688cd2390be2,209060084480c49:440804912019212,win,2,3,3,mate in 2,1,1,1,0,0,0,0,2,28
9de4dde8aea6,3a11122101201:800002028103a11a,win,5,9,15,mate in 8,3,2,1,1,0,0,0,5,26
3998e08acc9e,3804002c898c4:804002039007020b,win,2,3,3,mate in 2,0,2,1,1,0,0,0,2,28
441a86e8985c,1429104124001481:4281069e068,win,2,3,3,mate in 2,1,1,1,0,0,0,1,1,28
572ab54a6283,92010a2089a44:92091011209b,win,2,3,3,mate in 2,0,2,1,1,0,0,0,2,28
892307dc05b8,12300602091a8:2193096a03,win,3,5,5,mate in 3,2,1,1,0,0,0,0,3,27
040c92807f8b,20002112a1890a:12001380090812a1,win,8,15,23,mate in 12,1,7,0,0,1,6,6,2,27
ed198d721933,20810000c510c71:100002191208928a,win,7,13,17,mate in 9,1,6,1,1,0,4,3,4,28
03d41928d1ae,11e0884099500:40801011b002a89,win,2,3,3,mate in 2,1,1,1,0,0,0,0,2,28
c225479950ce,5800811c110c2:10001085800c810d,win,4,7,7,mate in 4,3,1,1,0,0,0,0,4,26
e530b09c05cd,d102400a09085:808089900d2028,win,2,3,3,mate in 2,1,1,1,0,0,0,1,1,26
7acc25b0ec5d,1099100b9404:108804040494009b,win,2,3,3,mate in 2,1,1,1,0,0,0,0,2,27
25bb9cd3c54c,45090749014:101090040400056b,win,2,3,3,mate in 2,1,1,1,0,0,0,0,2,26
dbf813a6d195,581811004c085:c1004004c1891108,win,2,3,3,mate in 2,1,1,1,0,0,0,0,2,27
1895ab28dcac,801000c80a4980a:800881180904a5,win,2,3,3,mate in 2,1,1,1,0,0,0,0,2,26
25e12f5586a2,9003104330038:30040898089c03,win,4,7,7,mate in 4,2,2,1,1,0,0,1,3,27
c0d39481e29a,81900100900cc9:1000049894499010,win,2,3,3,mate in 2,1,1,1,0,0,0,0,2,27
3544cffeb37e,80140012029d402:2800da002a29,win,5,9,11,mate in 6,1,4,0,0,1,3,3,2,26
005ef15ecfe9,100c001004e014b1:148c101c814c,win,4,7,7,mate in 4,2,2,1,1,0,0,0,4,28
6fd65d7072bd,2214008448160d:40080221023c862,win,10,19,29,mate in 15,2,8,1,0,0,7,7,3,28
6861665ad169,200408c4495600:8400c06100208069,win,2,3,3,mate in 2,1,1,1,0,0,0,0,2,26
2f630802c015,200008907c9014:8806000800ceb,win,2,3,3,mate in 2,1,1,1,0,0,0,0,2,26
db655dc843a6,2d002d8581:2984008c00382c,win,2,3,3,mate in 2,1,1,1,0,0,0,0,2,27
96554f53c147,2380001038942c:142384070093,win,2,3,3,mate in 2,0,2,1,1,0,0,0,2,28
74a0a731b563,4280808802181d:80004210c4c1e2,win,8,15,15,mate in 8,1,7,1,1,0,5,4,4,27
8a54429c5b2d,2800099083808a:9000902200283825,win,2,3,3,mate in 2,1,1,1,0,0,0,0,2,27
d6db747c7d8a,1809800058009984:4000580980494049,win,8,15,35,mate in 18,3,5,0,0,0,5,5,3,28
f99659a88c09,10090000105c241a:10490101d145,win,2,3,3,mate in 2,1,1,1,0,0,0,0,2,26
fc15e1928dd8,41008903013288:8024080ca8147,win,2,3,3,mate in 2,0,2,1,1,0,0,0,2,27
65764e32d6d2,18008b01849301:1014101b409e,win,2,3,3,mate in 2,1,1,1,0,0,0,1,1,28
9ec5eb1dafc4,2114080049150c:8006194208863,win,2,3,3,mate in 2,0,2,1,1,0,0,1,1,27
