2 0 5 1 6 3 9 4 12 7 13 8 15 11 1 14 2 0 3 5 4 8 6 14 12 15 13 1 0 2 3 4 5 6 8 13 12 14 2 15 4 0 14 3 15 12
9

1 0 2 3 5 4 8 6 10 9 11 13 12 0 14 2 15 8 3 12 5 3 6 5 10 6 11 8 13 11 14 12 15 13 0 14 2 3 15 12 0 14 2 15 13
4

0 1 2 3 5 4 6 9 7 10 13 11 1 12 4 14 5 15 7 0 10 2 12 3 13 6 15 9 3 14 5 0 9 1 10 2 12 6 14 7 15 13 0 1 3 9 7 13 12 15
5

3 0 7 1 8 2 14 4 15 9 1 10 7 11 10 12 11 13 12 0 13 2 14 3 2 8 3 15 8 0 14 1 15 7 0 10 2 11 3 12 7 13 10 1 12 14 15
5

1 0 3 2 8 5 9 6 10 7 12 11 13 14 15 0 3 1 6 11 7 12 10 14 13 15 0 3 1 6 10 7 11 13 12 1 14 3 15 10 0 12 13 15
2

0 1 2 7 3 8 4 9 5 13 6 14 11 15 12 1 0 3 2 4 5 6 7 12 9 13 0 15 1 2 3 4 5 9 6 13 7 15 12 0 2 3 6 5 13 12 15
14

3 0 7 1 9 2 10 6 12 8 13 11 15 14 1 0 3 10 6 12 7 15 9 0 11 1 10 3 12 6 0 7 1 9 3 15 15 12
11

1 0 5 2 7 3 9 4 12 8 0 10 2 11 3 14 14 15 15 1 0 4 1 5 3 7 5 8 7 11 8 12 11 2 14 4 0 12 3 15 4 5 8 12 15
6

0 1 2 3 5 8 6 9 7 12 11 13 14 15 0 1 3 2 8 5 12 6 15 13 0 14 1 3 2 8 13 12 14 0 15 2 1 8 3 14 12 15 13
9

0 1 2 5 3 6 4 7 8 12 13 14 15 0 1 3 5 4 6 8 7 15 12 1 13 3 14 5 0 6 4 12 7 14 8 15 3 0 12 5 15 14
13

0 2 1 4 3 10 6 13 7 15 8 0 11 7 12 10 14 11 2 12 3 14 4 15 10 0 11 2 14 3 15 4 0 12 2 4 3 11 12 14 15
13

1 0 2 3 4 6 5 10 8 13 9 14 11 0 12 2 15 4 1 9 3 10 5 11 12 15 13 0 14 1 2 3 4 5 10 13 11 15 12 2 0 10 1 11 3 12 4 15
8

0 2 1 7 3 9 5 13 6 15 10 0 12 2 1 3 6 5 7 9 12 10 13 2 15 3 0 6 1 7 5 13 9 0 12 1 15 3 2 9 15 12
10

0 3 1 4 2 5 10 7 11 8 12 14 15 1 0 2 4 3 7 5 8 12 11 15 14 0 1 7 2 8 3 11 4 12 14 15 3 0 11 12 15 14
7

0 2 1 3 7 5 9 6 10 8 11 12 13 14 1 15 2 0 3 7 5 9 6 15 11 1 12 3 14 5 0 9 6 11 7 12 14 15 1 0 7 3 12 6 15
10

0 1 8 2 10 3 11 4 14 6 2 12 3 13 4 15 12 0 14 1 15 10 0 11 1 13 11 2 13 3 14 4 0 12 1 15 4 3 11 14 12 15
9

1 0 3 2 4 5 6 7 10 8 11 12 14 0 15 1 3 2 4 8 6 11 7 12 10 15 14 1 0 4 2 6 3 10 7 11 8 12 15 14 0 3 8 4 12 15
5

0 1 2 3 5 4 9 6 11 7 13 8 0 12 1 14 3 15 4 2 7 6 12 9 0 11 1 13 3 14 6 15 7 2 9 4 13 11 14 12 15 0 11 3 13 12 15
8

1 0 5 2 9 3 11 6 12 7 14 10 15 13 0 2 1 11 3 12 6 13 9 14 10 0 15 1 2 6 3 9 13 10 14 12 0 15 2 1 3 13 10 15 12
5

0 3 1 4 2 5 6 7 9 8 11 10 13 12 15 14 1 0 2 3 5 6 7 11 8 12 9 13 10 14 15 2 0 3 1 5 9 7 10 11 12 13 14 1 15 11 0 12 3 13 7 15
9

2 0 3 1 4 7 5 9 8 13 12 14 15 3 0 4 1 5 2 8 7 9 12 14 13 15 0 2 1 3 4 7 5 12 8 13 9 15 1 0 12 3 13 4 15 5
14

3 0 5 1 6 2 11 4 12 7 15 9 0 10 1 13 2 14 4 3 7 5 9 6 11 12 13 1 14 2 15 3 0 6 5 7 9 12 11 14 13 15 0 11 3 12 13 15
10

2 0 3 1 4 8 5 11 7 15 12 1 14 3 0 7 2 12 4 14 8 15 7 0 8 3 15 4 4 12 12 14 15 3
6

0 2 3 5 4 11 6 12 7 14 10 2 13 3 15 6 0 10 5 15 7 3 11 7 12 11 13 13 14 14 0 0 2 2 5 3 6 7 12 11 15 12 15 14
10

0 2 1 4 3 8 5 10 7 13 9 15 12 1 14 3 0 5 2 7 4 12 8 13 10 1 14 2 15 3 0 4 5 8 7 13 10 14 12 15 3 0 10 8 13 12 15 14
6

0 1 2 3 9 5 10 6 13 7 14 8 15 12 0 5 1 6 3 7 8 9 15 10 0 12 3 13 5 14 6 1 9 8 10 12 13 15 14 0 1 3 12 8 14 15
2

1 0 6 2 8 3 10 4 12 5 13 7 15 11 0 14 3 1 4 2 11 6 14 8 15 12 1 13 2 0 6 3 8 4 13 11 15 12 0 14 3 1 8 12 14 15
7

1 0 2 10 3 11 4 12 5 13 6 15 8 2 14 6 0 12 1 13 3 14 8 1 10 3 11 6 15 8 0 11 12 15 13 0 14 12 3 13 15
4

0 1 2 4 3 5 7 6 8 11 9 15 12 0 14 2 1 3 6 4 7 12 8 14 9 1 15 2 0 3 7 4 8 6 14 12 3 0 4 7 12 8
9

0 3 1 6 2 8 7 10 9 11 12 13 14 15 0 3 1 7 6 9 8 12 10 15 13 0 14 3 1 8 6 9 7 10 12 14 13 15 0 6 3 7 12 8 15
11

1 0 2 8 3 9 4 11 6 12 10 14 13 0 15 2 1 3 10 6 11 8 12 9 13 1 15 3 0 8 2 11 6 12 9 13 3 15 12 0 15 9
14

0 2 1 4 3 5 6 7 8 11 9 12 10 14 15 0 1 3 2 12 5 0 7 1 10 5 11 10 14 11 15 14 2 1 3 2 12 3 15 14 0 15 12
6

1 0 2 5 3 6 9 7 12 8 13 11 15 14 2 0 3 1 5 8 6 9 7 12 14 13 15 1 0 3 2 6 5 8 12 9 0 13 3 14 6 15 8 5 12 9 15
4

0 3 1 4 2 6 5 7 12 8 15 10 0 13 1 5 3 12 4 0 6 1 7 3 8 5 10 6 15 7 4 10 8 12 15 0 1 8 3 12 7 15
2

0 2 1 5 3 7 4 8 11 10 12 13 15 0 3 2 8 7 12 10 13 11 0 15 2 3 10 7 11 12 13 15 7 0 12 3 15
5

2 0 3 1 4 5 11 6 15 7 2 12 6 13 7 14 12 0 13 3 0 5 2 11 5 14 6 15 11 3 12 7 0 13 3 14 5 15 11 2 12 15 14
9

3 0 8 1 10 2 11 4 12 6 13 15 14 0 1 3 2 4 6 10 8 13 12 15 14 1 0 2 3 6 4 8 10 12 13 15 14 0 2 3 12 8 15 14
9

0 2 1 4 3 5 8 7 9 11 10 13 12 14 0 15 2 1 3 8 4 10 7 14 13 15 0 2 1 3 4 7 8 10 13 14 3 15 14 0 15 8
6

0 2 1 5 3 12 4 13 6 15 7 0 8 2 14 3 5 4 8 6 12 7 14 13 0 15 2 3 7 5 8 12 13 14 3 15 12 0 14 8 15 13
1

0 1 3 2 9 4 10 6 11 8 12 13 3 14 4 15 6 0 10 2 11 9 13 12 14 4 15 6 0 15 2 0 3 2 9 3 11 4 12 9 13 11 6 12 15
10

0 1 2 4 3 10 5 11 6 12 7 15 13 1 14 5 0 7 2 13 3 15 4 1 10 2 12 4 14 7 0 10 3 14 5 15 12 0 13 2 1 3 13 4 15 12
6

0 1 2 3 5 4 8 6 12 7 13 9 15 10 0 14 1 2 3 7 4 12 6 14 8 15 10 0 13 1 2 4 3 7 6 10 13 12 0 14 7 15 12 2 14 3 15 13
8

0 2 1 4 3 5 7 6 8 11 9 13 10 14 12 0 15 3 1 9 5 12 6 14 10 15 11 0 13 5 1 6 3 11 9 12 10 3 13 10 14 12 15 13 0 15 14
1

1 0 2 4 3 6 5 7 11 9 12 10 14 15 0 1 3 2 5 7 6 12 9 14 11 0 15 3 1 5 2 6 9 7 11 14 12 15 1 0 3 11 5 12 6 15 7
10

2 0 3 1 4 5 9 6 12 7 15 11 2 14 4 0 6 1 9 3 12 5 14 7 0 15 1 4 3 5 7 6 12 9 15 14 3 0 4 12 5 15 7
11

1 0 3 2 10 5 12 6 13 7 14 8 0 11 1 15 5 2 6 3 7 8 11 10 14 12 15 13 0 2 1 6 3 8 10 11 13 12 0 14 2 15 8 1 11 3 12 10 15
4

0 1 2 3 10 4 11 7 12 8 2 13 7 14 11 15 12 0 14 1 0 3 1 4 3 8 7 10 8 13 10 15 12 2 13 11 3 14 7 15 10 0 13 11 15 12
4

0 1 4 2 7 3 13 5 15 6 0 12 1 14 2 3 5 4 14 7 15 12 0 13 3 1 4 2 7 5 1 12 2 14 7 15 12 0 14 3 15 4
13

2 0 3 1 5 4 6 7 8 9 12 10 14 15 0 2 3 5 7 6 8 9 10 12 0 14 2 15 5 3 6 8 9 10 14 12 0 15 3 2 8 12 15
4

0 3 2 6 5 8 9 10 15 12 0 13 2 14 3 5 9 6 13 10 14 12 3 15 5 0 9 2 12 6 14 10 0 13 2 15 6 3 12 9 14 15
10

0 1 2 3 5 6 7 10 8 12 9 13 14 0 15 2 5 3 6 7 13 8 15 9 0 12 2 14 7 3 9 6 12 8 15 13 3 14 7 0 9 15 12
1

2 0 3 1 5 4 9 6 10 7 12 11 13 15 14 2 0 4 1 6 3 7 5 13 9 0 12 1 14 3 15 5 2 7 4 9 6 12 13 14 1 15 4 0 7 2 12 3 14 5 15 13
10

0 1 2 3 4 6 9 7 10 8 11 12 14 13 0 15 2 1 3 6 4 9 7 12 8 14 10 15 11 3 0 7 2 10 6 11 8 0 14 2 8 3
9

1 0 2 5 3 9 4 13 6 14 7 15 10 0 11 1 12 2 3 4 6 5 9 7 10 11 13 12 14 15 0 3 2 6 4 7 9 13 10 14 11 15 12 4 0 10 3 12 7 13 15 14
11

3 0 5 1 6 2 8 4 9 7 13 10 0 11 3 12 8 14 13 15 14 1 15 4 0 5 3 7 4 9 5 10 7 11 9 12 10 8 11 13 12 14 0 15 4 3 7 8 11 14 12 15
6

0 1 2 8 3 13 4 14 5 15 9 0 12 3 1 5 2 8 4 12 15 13 0 4 2 15 3 0 5 2 8 3 12 8 13 12 15
4

0 1 3 2 4 6 7 8 10 9 12 13 0 14 1 15 2 3 4 8 6 10 7 12 14 13 1 15 4 0 6 2 12 3 15 8 1 10 6 13 8 0 12 3 13 4 15
5

0 1 2 3 5 4 8 9 11 10 12 0 15 1 2 3 4 11 5 12 8 15 9 0 10 2 10 3 11 4 12 8 15 9 0 2 3 8 9 15 12
1

3 0 5 1 11 2 12 4 14 6 15 7 1 13 3 0 4 5 6 11 7 12 13 14 1 15 3 0 6 4 7 5 11 14 12 15 13 3 0 12 14 15
2

1 0 4 2 5 3 6 7 13 9 15 10 0 12 1 14 2 3 7 4 12 5 13 6 15 9 0 10 1 14 4 2 5 3 6 7 9 13 12 14 15 0 2 1 3 12 4 13 5 15 14
10

2 0 3 4 5 6 8 7 10 9 11 12 13 14 15 2 0 3 4 5 6 8 7 11 9 15 10 0 12 2 3 4 7 5 8 6 9 10 15 11 0 12 3 8 7 11 10
15

0 3 2 6 4 11 5 12 7 13 9 15 14 4 0 5 2 6 3 9 7 11 12 13 15 14 3 0 4 2 7 5 13 12 14 15 3 0 5 2 12 15
7

0 1 2 3 9 5 11 7 12 13 14 15 1 0 3 13 5 15 9 0 11 1 12 5 3 15 9 1 11 3 12 5 13 9 0 12 15
13

0 2 1 5 3 6 4 8 9 15 12 2 13 3 14 8 0 9 1 12 4 13 5 1 6 2 14 3 15 5 0 8 4 12 13 14 15 0 2 12 3 15 13
8

1 0 3 2 7 4 8 5 13 9 15 11 0 12 2 14 5 1 7 3 8 4 9 12 11 13 15 14 0 3 1 4 2 5 8 7 11 9 12 0 14 1 15 8 3 12 4 15
13

0 3 2 4 11 5 12 7 13 8 14 15 3 0 4 2 7 8 14 11 15 12 0 13 2 3 11 7 12 8 2 13 3 14 8 15 12 0 14 11 15
6

2 0 7 1 10 3 12 4 14 6 15 11 1 13 4 0 7 2 11 3 13 12 15 14 0 1 2 7 3 11 4 12 0 13 2 15 12 1 15 3
14

2 0 3 6 7 15 8 0 10 2 12 3 13 6 14 8 7 12 10 14 13 3 15 8 0 12 2 13 6 15 7 0 10 2 3 7 8 10 12 15
14

0 1 2 3 6 4 9 5 12 7 14 8 15 10 0 11 2 13 4 1 9 3 10 5 13 6 15 7 1 11 10 12 11 14 13 0 14 3 15 5 3 7 5 9 7 12 12 0 13 15
6

0 2 1 3 5 4 6 9 15 10 0 11 2 12 3 13 4 14 5 1 11 6 12 10 13 14 0 15 1 2 3 4 6 11 12 13 14 15 1 0 4 3 14 6 15 12
10

0 1 2 3 5 4 8 6 12 7 13 10 15 14 0 2 1 7 3 12 4 14 5 15 6 0 10 1 13 4 2 7 3 10 6 12 13 14 0 15 7 2 12 3 14 4 15 13
5

1 0 3 2 4 5 9 7 10 12 13 14 0 15 7 1 9 2 13 3 14 5 15 10 1 12 2 0 3 7 9 14 10 15 12 0 13 3 7 9 12 13 15
5

0 2 1 4 3 5 6 7 10 8 12 9 15 11 0 14 2 3 6 5 8 7 10 12 0 14 2 15 5 3 12 6 14 7 15 8 2 10 3 0 6 14 7 15 12
11

0 1 3 2 4 9 5 10 8 12 11 13 14 15 0 1 2 8 3 9 5 11 13 12 14 15 1 0 3 2 8 5 11 9 12 13 1 14 9 15 11 0 12 2 15 3
4

0 3 1 4 2 5 7 6 9 8 12 10 15 11 0 1 2 4 3 5 7 6 8 9 10 15 12 3 0 7 2 8 4 10 5 15 6 0 12 4 3 7 15 12
2

0 1 4 2 5 3 7 8 9 10 12 13 15 0 3 1 4 2 7 12 8 0 9 2 13 4 15 7 1 9 3 12 13 15 0 1 2 9 3 15 12
8

2 0 3 1 7 4 15 6 0 10 1 11 3 12 6 13 10 14 11 2 13 7 14 12 15 0 2 1 3 7 6 12 14 13 2 15 12 3 15
8

1 0 2 3 4 6 5 7 8 11 10 13 12 0 14 1 15 7 2 10 3 11 4 12 8 13 14 1 15 3 0 4 2 8 7 15 12 2 14 3 0 4 8 7 15 12
14

0 1 2 3 6 4 7 5 13 10 15 12 3 14 4 0 5 2 6 7 10 12 13 15 14 0 3 2 6 4 7 5 12 10 14 13 15 0 2 3 10 4 12 5 14 6 15
7

2 0 6 1 7 3 12 5 13 8 15 14 3 0 7 1 12 2 14 5 15 6 2 8 3 13 5 0 6 1 8 7 0 12 1 14 5 15 12 3 15 6
13

0 1 2 3 5 4 8 7 12 10 15 13 1 14 4 0 5 2 7 3 8 15 10 0 12 1 13 3 14 4 12 5 15 7 0 8 1 10 3 13 4 14 8 7 13 12 15
2

0 3 1 7 2 9 5 10 6 11 13 12 14 0 15 3 2 13 5 2 7 3 10 5 12 7 14 10 15 12 0 14 13 15 3 0 15 12
6

0 1 2 3 4 8 5 10 9 11 12 13 15 14 0 1 3 2 8 4 9 5 11 10 13 12 1 15 2 0 3 9 4 12 5 15 8 0 13 3 12 15
14

0 1 3 2 7 4 10 5 12 6 14 11 1 13 2 15 4 0 11 3 15 6 0 7 1 10 3 12 10 13 13 14 14 2 15 4 1 6 4 7 6 12 7 0 12 3 15 14
5

0 2 1 5 3 8 4 9 10 15 12 0 13 8 14 10 1 12 2 15 3 3 4 8 5 5 13 12 1 1 2 2 4 3 10 4 13 12 15 13 8 15
9

1 0 4 2 6 3 11 5 12 7 14 8 0 13 3 15 11 1 12 2 0 6 1 7 6 8 7 13 12 14 13 2 14 3 2 11 3 0 7 12
5

1 0 4 2 9 3 10 5 11 6 13 7 14 12 1 15 2 0 3 4 11 5 13 12 0 14 1 15 3 2 11 4 14 12 15 13 3 0 12 1 14 11 15
10

0 2 1 3 5 4 6 7 11 8 12 9 13 15 14 1 0 5 2 11 3 12 4 13 6 0 7 2 9 3 14 4 15 5 1 7 11 9 13 12 0 14 2 15 3 1 7 5 11 14 12 15
6

0 2 3 7 4 10 5 11 9 12 14 13 15 0 2 3 10 5 12 9 13 11 3 14 9 15 10 0 11 2 12 13 14 15 9 0 12 3 15
7

0 2 1 3 4 5 7 6 9 8 11 15 12 2 13 3 0 4 6 5 8 11 9 4 12 8 15 9 0 12 2 15 3 0 5 3 6 8 11 11 2 12 15
4

2 0 3 4 5 6 8 7 10 9 11 12 15 13 0 14 4 2 6 3 7 5 9 8 10 11 12 15 3 0 7 2 8 4 9 5 15 6 0 10 3 11 4 12 7 8 10
15

0 3 2 4 5 6 8 7 12 10 13 11 15 14 2 0 3 7 4 10 5 11 6 14 8 15 12 2 13 4 0 8 3 12 5 13 14 15 2 0 4 3 12 5 14 15
10

0 2 1 4 3 6 5 7 9 8 12 10 14 13 2 15 4 0 8 3 9 5 12 7 0 13 3 14 5 15 7 2 8 4 9 12 13 4 14 7 15 12 0 13 3 15 14
10

0 3 1 4 2 7 5 12 6 13 11 15 14 0 1 2 3 4 5 6 0 11 1 12 3 14 4 15 11 2 12 5 0 14 2 15 3 1 4 5 15 12
10

0 2 1 4 3 5 10 8 13 9 0 12 2 15 4 1 9 3 12 10 15 13 0 2 1 3 13 4 1 9 3 10 9 12 12 15 13 0 15 4
8

0 1 2 3 4 6 5 7 9 10 13 12 15 14 0 1 2 4 3 7 5 12 6 13 9 15 10 0 1 2 7 3 9 4 10 5 13 6 15 12 0 2 3 4 5 9 6 15 12
14

1 0 3 2 8 4 10 5 11 6 12 9 2 14 4 15 6 0 8 1 9 3 10 11 0 12 1 14 8 15 11 2 12 3 14 4 15 6 2 9 3 10 4 0 9 8 12 10 15 11
6

0 1 2 3 6 4 13 5 15 7 0 8 1 12 3 2 4 5 7 6 8 12 1 13 3 15 7 0 15 2 2 4 3 5 4 6 5 12 12 13 15 0
8

3 0 4 1 5 6 8 7 9 10 11 15 12 0 14 1 5 3 6 4 9 7 11 8 12 10 0 14 1 15 5 4 6 10 7 11 8 0 9 6 12 7 14 12 15 15 4
10

3 0 4 1 5 2 9 6 10 7 11 8 12 13 14 1 15 3 2 7 4 8 5 9 6 11 12 13 14 3 15 4 2 5 7 6 9 8 13 11 15 12 2 14 3 4 8 12 9 15
10

1 0 3 2 5 4 7 6 8 10 9 13 11 15 12 0 1 2 4 3 6 9 7 15 8 0 12 1 13 3 2 4 7 13 8 15 12 2 0 7 3 8 4 12 15
14

2 0 3 1 5 7 8 15 10 0 11 2 12 5 1 12 3 15 7 0 8 1 11 2 3 7 5 8 12 11 0 15 1 3 2 5 12 8 15
10

1 0 2 4 3 6 7 11 8 14 9 15 12 1 0 6 3 12 4 15 7 0 8 1 9 3 14 8 6 9 7 12 0 14 1 15 12 3 15 7
4

0 1 2 3 6 4 8 9 12 10 13 11 15 14 4 0 6 3 9 8 10 12 11 15 13 6 14 8 0 11 3 13 4 14 9 15 10 0 12 8 3 11 13 12 15 14
2

2 0 4 1 6 3 12 7 14 8 15 10 1 11 3 13 6 0 8 2 10 4 12 7 13 15 2 0 3 1 7 4 8 12 0 13 3 15 4 1 12 2 15
9

0 3 1 4 2 10 5 11 6 13 7 15 9 0 12 2 14 3 4 5 6 7 10 9 2 12 4 14 5 15 6 0 9 3 12 7 15 10 3 14 7 0 10 2 12 4 14 5 15 6
1

2 0 3 1 4 7 5 8 10 9 15 11 0 12 3 13 8 1 11 2 13 4 15 5 2 9 3 10 4 12 5 0 10 1 11 8 13 9 15 12 0 3 1 4 9 11 12 15
7

0 2 1 5 3 6 4 8 7 11 9 14 10 1 12 2 15 3 0 10 4 12 5 15 7 1 8 5 11 8 14 14 0 15 2 0 3 2 4 3 7 4 10 15 12 12 8
1

0 3 1 7 4 8 5 10 6 13 9 15 11 0 12 3 1 4 5 12 7 13 8 4 9 5 11 8 15 11 0 12 1 15 3 0 7 1 9 3 13 9 4 12 5 13 7 15
10

0 1 2 6 3 9 7 11 8 12 10 15 13 0 14 1 3 2 6 12 8 13 9 15 11 0 14 9 1 11 2 12 3 13 8 0 14 2 15 3 12 8 15 14
10

0 2 1 3 9 4 10 5 11 7 14 8 15 12 0 1 2 3 7 5 10 8 11 9 15 12 0 14 2 1 3 7 5 10 8 11 9 12 2 14 3 15 9 0 11 1 12 5 15
6

1 0 2 4 3 5 8 11 10 12 13 1 14 2 15 4 0 8 3 12 5 14 11 15 13 0 1 8 3 11 4 12 5 14 13 0 15 3 8 5 12 11 14 13
6

3 0 5 1 8 2 10 6 11 7 14 9 15 12 1 13 5 0 11 2 13 3 14 8 15 9 2 10 3 12 9 0 12 1 15 5 0 10 1 13 3 15 12
6

0 1 2 3 6 8 7 11 12 15 13 3 14 6 0 8 1 12 2 13 7 15 11 2 0 7 1 11 3 13 6 15 8 0 12 1 7 3 12 6 15 13
10

0 1 7 2 8 3 12 4 13 5 14 9 1 11 2 15 3 0 7 4 9 8 11 15 12 2 13 7 14 9 0 11 1 12 3 13 4 14 8 0 15 1 2 3 8 4 9 12 11 13 14 15
5

3 0 4 1 8 2 10 6 14 12 15 13 6 0 12 1 1 3 3 4 4 8 8 10 10 13 13 14 14 15 15 0 0 12 10 1 12 3 14 13 15
2

0 2 1 4 3 5 6 7 11 8 12 9 15 10 1 14 2 0 6 3 7 4 11 8 12 9 14 10 0 15 2 1 3 4 8 7 10 11 15 12 1 0 4 3 15 12
5

0 2 1 6 3 10 4 11 5 12 7 13 9 0 14 2 15 4 1 15 3 0 5 1 6 5 10 6 12 10 13 12 14 13 2 14 3 3 4 4 15 12 0 14 1 15 13
9

0 1 4 2 6 3 7 9 8 12 11 13 14 1 15 4 0 6 2 7 3 9 8 11 12 14 15 3 0 4 1 14 2 15 6 0 8 1 9 3 11 8 12 12 2 14 4 15
5

0 3 2 4 6 5 10 7 12 8 15 11 4 13 5 0 8 2 13 3 0 6 2 7 3 12 7 15 12 4 15 6 2 8 3 13 4 0 6 7 12 15 13
11

0 1 7 2 12 3 13 4 15 5 2 6 3 9 5 11 11 14 14 0 15 1 0 4 2 9 4 12 11 13 12 1 13 3 15 5 0 9 1 14 3 2 4 12 5 13 9 15
7

0 1 3 2 6 4 13 8 14 10 0 12 2 15 3 1 4 14 10 0 12 2 13 3 15 4 1 12 10 14 13 15 1 0 3 2 12 13 14 15
8

0 1 2 6 3 8 4 10 5 11 7 12 9 13 14 0 15 1 8 3 11 4 12 6 13 7 0 9 1 14 3 15 7 4 9 8 11 12 14 13 0 15 1 3 7 12 11 14 13 15
2

0 2 1 5 3 8 4 9 6 10 7 14 12 15 13 0 1 3 2 8 4 12 5 13 7 0 15 1 3 2 4 5 12 7 0 8 2 15 5 3 8 4 12 15
6

2 0 3 1 7 4 8 10 15 11 1 12 3 13 7 14 8 0 10 4 11 13 12 15 14 4 0 8 1 11 3 12 7 14 10 15 13 3 0 7 4 11 15
12

0 3 1 7 5 9 8 10 11 14 12 15 13 11 0 12 1 13 3 15 5 3 9 9 10 11 0 12 1 15 5 0 13 1 12 3 13 5 15
14

1 0 2 4 3 5 7 6 8 14 9 15 10 1 12 2 13 3 0 4 7 6 9 10 13 12 15 0 2 1 4 3 7 10 9 15 12 3 13 4 0 7 12 13 15
14

0 2 1 7 3 10 4 12 5 1 8 3 9 4 11 5 15 10 0 11 2 12 7 15 8 2 0 3 1 7 4 8 11 15 12 0 1 7 3 8 12 15
13

0 2 3 6 4 8 10 9 12 11 8 13 10 14 11 15 13 0 15 2 0 3 2 4 3 6 13 12 12 14 15 4 0 8 2 14 3 4 14 12 15
9

1 0 2 5 3 8 4 9 6 11 7 12 10 13 15 14 3 1 5 2 7 4 9 6 10 8 11 14 12 15 13 7 2 8 3 11 4 12 6 15 9 3 10 7 8 10 12 15
14

0 1 2 7 3 9 6 11 8 12 10 14 13 15 0 3 1 8 2 9 6 15 7 1 11 2 12 3 13 7 14 9 0 11 8 12 13 0 14 8 15 11 2 12 3 13 14 15
10

3 0 9 1 10 2 12 5 15 6 0 8 1 11 5 13 6 14 8 3 11 10 12 13 14 0 15 1 3 5 6 10 8 11 14 12 15 13 3 0 12 5 13 15 14
10

0 1 4 2 6 3 7 5 9 8 12 10 13 11 0 14 1 15 2 3 4 5 12 7 0 8 4 10 7 15 10 1 12 2 15 3 3 8 7 0 8 4 15 12
5

1 0 3 5 4 6 9 7 10 8 13 12 14 15 5 0 6 1 7 3 8 4 9 10 13 12 14 3 15 5 0 6 1 10 4 12 7 13 8 15 14 3 0 8 12 14 15
9

0 3 1 4 2 11 7 13 8 14 10 15 12 4 0 10 1 11 3 12 7 15 8 1 13 7 14 8 0 10 3 11 4 12 13 14 3 15 4 0 8 1 11 12 15
2

1 0 3 5 4 6 7 9 8 11 10 12 13 14 15 1 0 5 3 8 6 11 7 13 12 15 14 3 0 6 1 11 5 14 7 15 8 0 12 3 13 7 11 12 15
9

0 1 2 3 8 6 9 7 11 10 14 12 15 0 6 1 8 3 11 9 12 10 15 14 6 0 10 1 11 3 12 8 1 9 3 14 10 15 12 0 15 11
14

0 2 3 4 6 5 7 8 13 10 0 11 3 12 5 15 12 2 2 6 3 8 6 11 11 13 12 15 13 0 6 5 12 8 8 15 13 0 15 3
7

0 2 1 6 3 8 4 9 5 11 7 12 13 15 0 1 2 4 3 7 5 8 6 0 11 1 12 6 15 7 2 11 3 12 4 0 5 3 8 4 15 5 12 15
9

2 0 10 1 12 3 13 5 15 6 0 8 1 9 3 11 10 14 14 2 15 6 1 8 2 9 3 11 6 12 9 0 14 8 15 10 1 12 2 0 8 3 12 15 14
5

0 1 2 5 3 6 4 7 8 12 10 14 13 0 15 3 1 4 5 8 6 13 7 15 12 1 14 3 0 5 4 6 7 12 8 14 3 15 12 0 15 14
13

2 0 3 1 9 8 12 10 0 11 1 13 2 14 8 15 11 3 13 12 14 0 15 1 3 2 13 11 0 12 1 14 2 15 12 3 14 13 15
5

0 3 1 5 2 6 4 8 9 12 10 1 11 2 13 4 14 9 15 10 0 11 3 13 5 15 6 0 8 1 12 3 14 6 2 8 4 11 5 14 12 15 13 1 0 6 2 8 3 11 15 12
10

1 0 3 9 4 10 5 11 7 12 13 14 15 1 0 9 3 15 4 0 5 3 11 4 12 5 13 9 14 13 1 14 11 15 12 0 9 3 14 12 15
8

1 0 2 6 3 7 4 9 5 12 11 13 15 14 1 0 2 3 7 4 11 5 13 9 14 12 0 15 2 1 3 4 5 7 9 11 12 13 15 14 3 0 7 2 12 11 13 15
6

0 1 2 3 5 4 8 6 10 7 11 14 12 15 1 0 3 6 4 11 5 14 7 1 10 3 12 4 15 6 0 10 5 11 7 12 15 14 0 5 3 11 12 15 14
6

0 1 2 5 3 11 4 12 6 13 7 14 8 0 9 3 15 5 1 9 2 14 4 15 7 1 11 2 12 3 13 7 0 9 4 13 5 15 11 4 12 7 14 11 0 12 3 15 14
13

2 0 3 6 7 15 8 0 10 2 12 3 13 6 14 8 7 12 10 3 13 8 14 12 15 13 0 15 2 0 6 2 7 6 10 7 3 10 12 15
14

2 0 5 1 7 3 8 6 12 9 15 11 0 13 1 14 8 2 12 3 14 5 0 6 3 7 5 13 6 15 7 1 8 2 12 15 13 3 14 8 0 12 5 13 15
11

3 0 8 1 9 2 10 6 12 14 13 15 0 3 1 6 2 8 9 10 15 12 3 13 12 14 13 0 0 1 3 6 6 9 9 14 14 15 15 12
11

2 0 3 1 4 6 5 7 12 10 15 13 0 14 1 2 7 3 10 4 15 6 0 12 2 13 3 14 4 1 6 7 14 10 0 12 1 13 3 15 4 2 7 10 12 15 13
5

2 0 3 1 5 6 8 10 9 12 11 14 13 15 1 0 3 2 5 10 8 13 11 14 12 15 3 0 10 1 11 2 13 8 14 12 15 2 0 3 13 11 14 12 15
6

0 1 2 3 7 4 8 9 10 14 11 15 12 1 13 2 0 7 3 8 4 10 9 11 12 13 14 15 0 4 2 8 3 9 7 10 11 12 13 14 4 15 10 0 12 3 13 11 15 14
1

2 0 4 1 6 3 11 5 14 8 15 9 1 10 3 12 4 0 10 2 12 6 15 8 0 9 2 11 6 14 8 1 9 3 12 10 14 1 15 2 0 8 3 12 6 15
4

0 2 1 4 3 9 6 11 7 15 8 3 12 4 14 7 0 8 1 9 2 12 6 14 11 0 15 1 4 3 8 6 9 7 14 11 15 12 0 11 3 12 15 14
2

0 1 3 2 9 4 12 5 0 7 1 8 7 14 8 15 1 2 7 3 3 5 5 12 12 14 14 15 3 0 0 2 2 15 12 1 15
6

1 0 4 2 5 3 6 7 13 8 15 9 3 11 6 12 8 14 12 0 13 1 14 4 0 5 3 9 4 15 5 1 6 9 8 12 0 15 1 3 9 4 12 6 15 8
13

1 0 2 7 3 8 4 9 6 11 13 12 15 14 0 2 1 4 3 12 6 15 7 0 11 1 13 2 14 6 3 11 4 12 7 0 14 3 15 14 12 15
13

2 0 4 1 7 3 9 5 10 8 11 13 12 0 15 1 2 4 3 9 5 10 13 12 15 0 2 1 3 9 4 10 5 13 12 15 0 2 1 3 15 12
8

0 2 1 4 3 6 9 8 11 10 12 13 0 15 2 1 3 4 6 13 12 15 0 1 6 2 13 3 1 4 3 12 4 15 12 0 15
14

0 2 3 4 5 6 8 7 9 10 11 13 12 15 14 4 0 5 2 6 3 9 7 11 8 12 10 15 13 0 14 3 2 4 6 5 7 8 12 9 14 10 15 13 0 2 3 8 4 12 5 15
14

2 0 4 1 5 3 7 9 8 10 13 11 1 12 2 14 7 15 8 0 11 3 12 5 15 10 0 13 3 14 5 1 10 2 12 7 13 8 2 11 3 15 8 0 10 5 12 15
6

1 0 6 3 8 4 15 7 0 11 3 12 4 13 12 14 13 1 15 7 0 8 3 11 4 1 8 7 11 12 3 13 7 15 12 0 15 11
14

2 0 3 1 6 4 7 5 8 11 12 0 15 7 1 8 2 12 3 0 4 1 5 5 11 7 15 12 2 15 3 2 4 3 8 7 11 8 0 12 4 15
9

1 0 2 7 3 9 4 10 5 12 6 14 13 15 0 3 1 5 4 13 6 14 9 15 10 3 12 9 0 10 1 12 4 14 5 15 6 1 13 3 0 4 12 6 13 9 15
14

3 0 4 2 5 7 6 12 9 14 11 0 13 3 15 4 6 12 7 13 9 14 15 6 0 7 3 12 4 13 3 15 6 0 12 13 15
14

0 1 2 5 3 8 4 9 6 14 7 15 12 1 13 2 0 6 3 12 5 15 7 0 9 2 14 3 1 7 15 9 0 12 3 14 12 15
6

3 0 4 1 9 2 12 5 14 6 15 7 0 8 1 13 3 2 5 6 12 7 13 9 14 15 1 0 13 2 15 3 0 5 2 7 5 14 7 3 13 14
6

2 0 4 1 5 3 8 6 11 9 12 10 13 15 2 0 3 1 11 5 12 6 15 8 1 13 3 0 5 2 6 11 8 12 13 15 0 1 2 6 3 15 12
9

0 3 1 4 2 5 6 7 13 10 14 12 15 0 2 1 3 5 4 6 7 12 10 14 13 15 0 5 1 7 3 10 13 12 14 0 15 1 3 13 12 15
2

1 0 2 7 3 8 4 10 6 11 13 12 0 14 2 15 3 4 7 6 8 11 12 14 13 15 3 0 4 2 6 8 7 11 13 12 14 0 15 2 11 3 12 4 15 13
1

2 0 4 1 5 3 7 6 8 11 9 14 12 1 15 2 0 4 3 5 6 7 9 8 11 12 0 14 2 15 3 6 4 8 5 9 7 11 15 12 8 14 11 0 12 3 14 4 15 7
1

1 0 3 7 5 8 10 9 13 12 0 14 3 15 10 5 15 7 5 12 7 13 13 14 14 0 0 3 3 10 13 12 12 15 15 7
14

0 2 1 3 6 4 9 5 10 7 15 12 2 14 3 0 5 1 7 4 1 9 2 10 3 12 4 14 9 15 12 0 15 5 3 7 9 14 12 0 14 4 15
6

2 0 5 1 8 3 9 4 11 7 12 13 14 0 15 2 1 4 3 5 12 8 13 9 14 11 0 15 1 2 5 3 9 4 11 12 14 13 15 0 3 1 4 2 11 14 12 15
10

1 0 4 2 10 3 13 6 14 7 15 8 2 12 3 0 8 1 10 4 12 7 3 13 4 14 7 15 14 0 15 1 0 2 1 8 3 12 12 13 13 2 15
9

0 1 2 7 3 11 9 12 13 14 0 15 3 1 7 2 15 9 1 12 2 13 3 14 9 0 14 7 0 12 2 13 7 15 9 1 12 3 14 13 15
11

0 1 5 2 9 3 10 14 12 15 13 0 2 1 3 5 9 13 10 14 12 0 15 1 2 3 5 10 9 15 12 0 13 3 14 9 5 10 14 12 15 13
1

3 0 4 1 6 2 7 8 10 9 12 11 14 15 0 2 3 4 8 6 11 9 12 10 3 15 6 0 9 11 10 12 12 15 15 3
5

1 0 3 2 5 4 8 6 10 7 11 9 15 12 0 13 3 14 5 2 6 4 7 9 10 11 12 15 13 2 0 5 3 13 4 15 6 0 10 3 12 4 2 12 15
1

1 0 2 3 8 4 9 6 10 11 12 13 15 14 0 1 3 2 11 4 13 6 15 8 0 9 1 12 3 12 4 13 6 15 8 0 9 1 9 3 12 13 15
2

2 0 8 1 12 3 14 4 15 5 2 10 4 13 5 0 10 1 12 3 15 8 0 13 1 14 4 2 13 3 15 8 0 10 2 12 3 14 8 1 10 4 12 15
5

2 0 3 5 4 10 6 11 8 12 9 13 14 3 15 6 0 8 2 9 4 11 5 13 10 15 12 2 14 3 0 4 6 8 15 9 0 11 11 12 12 13 13 3 15
10

2 0 7 1 8 3 12 9 14 10 15 13 3 0 8 1 10 2 12 7 1 9 7 13 8 14 13 15 15 0 0 2 2 3 3 10 7 12 12 14 14 1 15 8
13

1 0 3 5 4 7 6 13 8 0 10 1 11 4 12 10 14 12 15 13 3 14 5 0 7 1 8 3 15 7 5 8 10 12 13 14 0 15 3 1 5 10 7 13 12 14 15
4

0 1 4 3 8 5 13 7 14 11 15 12 1 0 5 3 8 4 12 7 14 11 15 13 0 1 4 3 11 5 12 7 13 8 15 0 1 12 3 15 7
14

2 0 3 7 4 8 6 9 10 12 15 13 0 4 2 12 3 13 6 15 7 2 8 4 0 6 3 7 13 8 2 12 7 15 8 0 12 3 15
9

0 1 3 4 7 6 8 10 11 12 13 14 0 15 1 6 3 7 4 10 12 11 15 13 0 14 3 1 7 4 10 12 11 13 14 15 4 0 7 3 10 11 12 15
8

0 1 3 2 5 4 8 7 9 12 10 15 14 2 0 5 1 8 3 9 4 12 7 14 15 0 2 1 5 3 9 4 14 7 15 12 0 1 5 2 7 3 9 4 12 14 15
8

1 0 2 8 3 9 4 11 5 12 10 2 14 3 15 4 0 5 1 12 9 14 15 0 2 1 4 3 12 5 14 9 0 15 3 1 15 12
6

0 1 2 5 3 9 4 14 6 0 10 1 12 2 13 5 15 6 3 12 9 13 14 0 15 5 1 6 2 9 3 12 13 14 15 3 0 6 2 12 5 15 13
9

0 2 1 3 4 5 7 6 9 12 10 14 11 0 15 1 4 3 7 6 9 11 10 12 0 14 3 15 7 1 9 4 12 6 14 11 15 1 0 4 3 7 6 9 11 12 15 14
8

0 1 5 2 10 3 11 6 12 8 14 9 0 13 1 15 8 2 9 3 10 5 12 11 15 13 0 14 2 8 3 9 5 12 10 14 11 15 13 0 2 3 9 8 11 10 15 12
1

0 2 1 3 4 5 6 8 7 9 10 15 12 0 13 1 14 3 2 7 6 8 12 9 13 10 15 14 3 0 7 1 9 2 12 6 14 10 15 3 0 12 2 14 7 15
13

0 1 4 2 6 3 9 5 12 7 14 8 1 13 2 15 3 0 5 12 8 13 9 14 15 1 0 2 5 3 8 9 13 12 14 15 3 0 8 2 12 13 15
11

2 0 4 1 6 3 9 5 12 7 13 11 15 14 0 1 2 3 5 4 6 11 7 12 13 14 15 1 0 2 4 3 5 6 12 7 13 15 14 2 0 5 1 12 6 13 14 15
9

1 0 3 2 8 4 11 9 13 10 0 12 1 14 3 15 4 8 9 11 14 12 0 13 3 15 11 1 12 4 14 9 0 13 1 15 14 3 15 12
2

1 0 2 9 3 10 5 11 8 15 12 0 13 3 14 9 1 10 5 13 11 0 12 3 14 5 15 9 1 11 10 12 13 14 0 15 3 1 12 11 14 15
2

0 1 2 4 3 5 7 8 15 11 2 12 3 14 7 0 11 1 12 8 2 14 12 15 14 0 0 1 1 3 3 7 12 8 8 15 15 2
11

1 0 3 2 7 4 12 8 14 11 0 13 2 15 3 1 8 7 12 11 13 15 14 3 0 8 1 12 2 0 7 1 11 3 14 12 15 14 2 15 8
4

2 0 3 1 4 6 5 7 11 8 12 13 3 14 4 15 6 0 11 1 14 2 15 5 0 12 2 13 3 1 5 4 6 11 12 14 13 0 15 2 1 3 5 12 6 13 14 15
7

0 1 4 2 7 3 11 5 12 8 14 13 15 0 3 1 4 2 8 7 13 12 1 14 2 15 3 0 7 4 14 12 15 13 0 3 4 7 12 13 14 15
8

0 2 1 3 4 6 5 11 7 12 9 13 14 15 0 1 2 6 3 11 4 13 7 14 9 15 12 0 3 1 11 2 13 4 14 7 15 12 0 11 1 12 3 13 4 15 14
9

0 2 1 5 3 8 6 9 10 11 14 12 15 13 0 2 1 6 3 8 11 10 13 12 15 0 3 1 6 2 8 11 13 12 2 15 12 0 13 3 15 8
14

0 2 1 9 3 10 7 11 12 15 13 0 14 3 1 7 2 13 10 0 11 1 12 2 14 7 15 10 3 11 13 12 15 14 0 1 2 3 10 7 13 12 15
8

0 1 2 3 4 8 5 9 7 10 12 15 14 0 3 1 4 2 9 5 14 8 15 12 0 2 1 4 3 5 14 8 1 9 2 12 3 15 4 0 8 12 15 14
6

1 0 4 2 6 3 9 8 11 10 15 12 3 13 8 14 9 0 10 1 14 2 15 4 0 6 2 11 3 12 4 13 6 1 11 8 14 9 15 10 0 12 11 3 12 15
13

0 2 5 3 6 4 8 9 11 10 12 14 13 0 15 3 2 11 6 15 9 3 12 9 13 11 14 12 0 13 15 14 3 0 11 12 15
6

2 0 3 1 4 6 5 9 8 10 11 15 12 2 13 4 0 8 1 10 3 11 5 13 9 15 12 0 1 2 4 3 8 5 12 9 13 10 15 11 0 3 10 9 11 12 13 15
6

1 0 2 5 3 6 10 8 11 13 12 14 0 15 2 1 3 10 5 11 6 12 8 13 14 0 15 2 6 3 10 5 11 8 12 14 13 15 0 6 2 11 3 12 8 13 15 14
1

1 0 4 3 6 5 7 9 8 10 12 11 15 13 0 7 1 8 3 9 4 11 5 15 6 0 10 1 12 5 13 10 3 12 4 0 7 3 9 4 13 7 15 12 1 13 5 15
11

1 0 2 8 3 9 4 14 7 15 10 0 11 1 12 7 13 9 3 11 4 12 8 13 10 15 14 0 1 3 8 4 9 10 12 11 14 13 0 15 1 8 3 9 11 10 12 14 15
7

3 0 7 2 9 4 10 5 11 6 12 15 14 3 0 5 4 7 10 12 11 4 14 5 15 10 0 11 3 15 7 0 12 3 14 4 5 7 11 12 15 14
8

2 0 4 1 8 3 9 6 10 7 14 12 15 1 0 6 2 7 3 10 4 12 9 14 15 0 1 4 2 9 3 10 6 15 12 0 14 2 1 3 12 4 14 6 15 10
11

0 3 1 6 4 8 5 14 7 15 9 1 11 3 12 5 0 6 4 7 11 8 12 9 14 0 15 3 1 4 5 8 6 11 12 15 14 0 3 5 8 6 11 12 15 14
13

1 0 3 2 6 4 7 8 12 9 15 10 0 14 1 3 2 9 4 10 6 0 12 1 14 2 15 6 3 9 14 10 15 12 2 0 9 3 10 15 12
11

3 0 4 1 5 2 6 7 12 9 14 13 1 15 2 0 3 5 4 7 6 9 12 13 0 14 4 15 5 1 6 2 9 3 13 7 14 12 15 0 2 3 9 5 14 6 15 12
4

0 2 3 7 4 8 6 15 11 0 12 2 13 3 14 6 4 12 7 13 8 0 14 3 15 4 2 7 8 12 13 14 0 15 14 3 15 12
9

0 1 3 2 4 7 6 9 8 12 13 15 14 2 0 3 1 4 7 9 8 12 13 1 14 2 15 3 0 4 8 7 9 13 12 0 14 1 15 3 4 8 9 14 12 15
6

0 2 1 4 3 6 8 11 9 13 10 14 12 15 1 0 2 3 4 6 9 8 13 10 14 12 15 0 1 8 2 10 3 12 4 0 9 1 13 3 14 12 2
14

0 1 3 4 6 5 9 7 10 8 11 12 15 13 3 0 5 1 10 6 11 7 12 9 13 0 15 3 6 5 11 7 13 9 15 10 0 12 3 12 5 15
11

2 0 3 1 4 5 10 7 13 9 15 11 0 12 3 14 5 1 10 2 11 4 14 12 0 13 2 15 4 1 5 3 10 11 1 12 3 13 4 15 5 0 11 2 12 10 15
14

2 0 3 1 4 7 5 8 6 9 11 10 12 13 14 0 15 2 1 11 3 12 8 1 9 8 15 12 0 8 2 2 3 3 0 12 1
4

3 0 7 1 8 2 14 4 15 6 1 10 7 11 10 12 11 13 12 0 13 2 14 3 2 8 3 15 8 0 14 1 15 7 0 10 2 11 3 12 10 13 11 1 12 14 15
6

3 0 5 1 7 2 12 4 14 6 1 8 6 10 7 13 10 15 12 0 14 2 15 3 1 4 2 5 4 13 5 0 7 3 14 10 15 12 0 13 3 2 12 4 13 7 15
6

1 0 5 2 8 3 9 4 11 6 14 7 15 12 0 13 2 1 3 5 4 8 7 0 12 2 14 3 15 8 1 12 4 14 7 1 15 2 0 12 3 15 4
13

0 1 2 3 7 4 8 11 12 14 13 15 0 2 8 3 12 4 14 7 15 0 2 8 3 12 4 15 14 0 4 3 15 12
13

2 0 3 7 4 8 5 12 11 13 15 14 4 0 8 2 11 3 12 5 15 7 0 13 4 14 5 2 12 3 13 8 14 11 0 15 2 4 3 12 8 15 13
7

0 2 4 3 7 5 9 8 13 11 14 12 15 0 12 2 13 3 0 4 2 5 3 7 4 8 5 9 7 14 9 15 13 8 14 12 15 0 3 2 8 4 12 9 14 13 15
11

1 0 4 2 8 3 10 5 12 13 14 15 2 0 3 1 10 4 14 5 15 12 2 0 4 1 10 3 12 14 0 15 3 10 12
8

3 0 6 1 8 2 12 9 13 11 0 14 1 15 2 3 8 9 13 11 14 12 0 15 2 1 9 3 11 8 15 12 0 13 1 14 3 2 8 11 12 15
6

0 1 2 3 5 4 8 9 11 10 12 14 15 0 1 3 2 11 4 12 8 15 9 0 10 2 10 3 11 4 12 8 15 9 0 2 3 8 9 15 12
1

0 1 2 3 4 5 9 6 11 8 12 13 15 14 1 0 2 3 4 11 5 13 6 15 8 2 12 5 14 6 0 8 1 12 3 14 4 15 11 0 8 3 12 4 15
13

0 3 1 5 4 6 7 10 9 11 13 12 15 14 0 1 4 3 5 15 7 0 10 1 11 3 12 4 13 5 14 7 12 10 14 11 15 13 3 0 5 4 7 12 11 15 13
2

0 2 1 6 3 7 4 9 5 11 8 12 10 13 14 15 0 1 2 5 3 7 6 8 11 10 12 13 0 14 2 15 5 1 7 3 10 8 12 14 13 15 1 0 2 12 3 14 15
9

1 0 3 2 5 4 8 6 10 9 11 13 12 14 2 15 4 0 6 1 8 3 9 11 10 12 0 14 1 15 8 2 11 3 12 4 14 6 15 9 2 10 3 0 4 8 9 10 12 11 15
13

0 1 4 2 9 3 10 7 12 8 14 13 15 0 1 4 2 7 3 8 12 9 13 15 14 1 0 3 2 8 4 9 7 12 15 13 0 14 1 3 7 4 8 14 12 15
5

0 1 2 3 5 4 6 15 7 0 12 1 13 5 14 6 3 12 7 13 0 15 6 1 13 3 0 5 1 7 3 15 15 5
10

1 0 3 2 6 8 7 9 10 11 12 13 14 15 0 1 7 2 11 3 12 8 0 13 1 14 2 15 7 3 8 11 12 0 14 1 15 3 2 7 8 12 11 15 14
13

0 1 2 7 3 8 5 9 11 10 14 12 15 13 0 1 3 2 7 5 8 10 9 13 12 14 1 15 2 0 5 3 10 7 13 8 14 9 1 12 3 15 12 0 15
13

0 1 2 3 5 4 6 9 7 10 8 12 11 13 15 0 1 2 6 3 8 4 10 9 12 11 15 13 1 0 8 2 9 3 13 4 0 6 2 10 3 11 13 12 12 15 15 8
1

0 2 1 3 6 4 8 5 12 7 14 9 15 10 0 13 2 1 3 8 4 9 5 13 7 15 12 2 14 7 0 8 3 9 4 14 12 0 13 3 15 12 2 15 9
6

3 0 5 1 9 2 10 4 12 11 14 13 15 1 0 5 2 12 3 13 4 0 11 2 14 3 15 5 1 15 11 0 12 1 13 2 14 12 3 14 15
9

0 1 3 2 4 7 5 12 6 13 8 15 10 2 11 4 14 5 0 6 1 8 3 11 7 12 14 13 15 0 1 5 2 8 3 11 4 12 6 14 7 15 13 0 4 1 12 3 15 8
9

5 0 8 2 10 3 14 4 15 6 0 7 5 11 6 12 7 13 11 3 12 8 14 10 15 13 0 7 3 10 5 13 8 14 11 15 12 0 3 5 8 7 13 12 15 14
4

1 0 2 3 4 5 6 8 7 10 11 12 13 14 15 2 0 4 1 14 3 15 5 0 7 1 8 2 10 4 11 7 12 10 3 12 8 14 11 15 0 1 3 2 10 7 12 8 14 11 15
5

2 0 7 1 8 3 11 4 12 5 15 10 2 13 3 14 4 0 5 10 7 11 12 13 15 0 3 2 4 5 10 7 12 11 13 3 15 4 0 12 5 15
8

2 0 3 1 4 7 6 8 12 9 13 11 14 15 0 3 1 4 2 13 7 14 8 0 11 1 12 2 15 7 3 11 4 12 8 0 14 3 15 8 4 12 11 15
10

2 0 6 1 9 3 10 4 12 11 15 13 0 14 11 1 12 2 13 3 14 4 0 6 2 10 3 15 4 6 10 11 14 12 2 15 3 0 4 11 6 15 12
1

0 3 1 4 5 9 6 10 15 11 3 12 5 13 6 0 12 1 13 4 3 11 4 15 6 0 11 1 12 5 0 13 3 15 11 15 12
8

1 0 3 2 4 6 8 11 12 13 14 0 15 1 3 2 13 6 14 8 1 12 6 15 8 0 15 2 0 3 2 12 3 13 12 1 15
4

1 0 2 5 3 9 4 14 6 15 7 2 8 3 10 4 11 5 12 7 0 8 1 11 6 12 14 0 15 1 3 2 4 5 6 8 7 11 12 14 0 15 2 1 7 3 12 11 15 14
6

1 0 2 5 3 11 4 12 7 14 8 4 13 8 15 12 0 14 2 15 3 0 5 3 2 4 8 5 15 12 0 2 12 3 15
13

2 0 3 4 6 9 7 11 8 14 10 0 12 2 13 3 15 8 4 9 7 12 10 0 11 2 14 7 15 8 3 10 9 11 12 14 0 15 9 2 10 3 12 7 15 11
6

0 3 4 6 5 8 7 10 12 13 14 15 3 0 4 5 6 7 8 3 10 4 12 5 13 6 15 8 0 10 7 13 12 15 3 0 6 4 13 5 15 12
14

3 0 6 2 8 4 9 5 13 7 14 10 15 12 0 2 3 4 5 6 15 7 0 8 5 12 6 13 8 14 12 2 13 3 0 4 2 7 4 14 7 15 12 3 14 8 15
10

0 2 5 3 9 4 10 7 11 8 12 13 3 15 5 0 10 2 13 7 15 8 2 9 7 11 9 12 13 0 15 3 0 5 5 11 9 12 12 3 15
4

2 0 3 1 4 7 5 9 8 13 12 14 15 3 0 4 1 5 2 8 7 9 12 15 13 2 14 3 0 7 1 12 4 13 5 15 8 0 9 3 1 4 12 5 13 9 15
14

0 2 1 5 3 6 9 8 10 13 11 14 12 15 1 0 2 3 6 10 13 11 14 12 3 15 6 0 10 1 12 2 13 11 15 14 0 3 1 10 12 11 15 13
5

0 1 5 2 7 3 9 4 11 13 12 15 14 5 0 7 1 13 3 14 4 0 11 1 12 3 15 4 5 11 7 14 12 0 13 1 15 4 3 5 11 7 13 12 15
2

0 3 1 5 2 6 4 7 9 8 13 12 15 14 1 0 2 3 4 5 7 6 12 9 15 13 1 0 3 2 6 4 9 5 13 7 3 12 5 15 7 0 12 1 15 6
14

0 1 3 2 4 5 6 12 7 13 8 1 14 3 15 4 0 8 2 12 5 14 6 2 13 3 15 8 0 12 1 13 4 15 6 0 14 3 8 4 12 6 15
9

3 0 5 2 7 4 8 6 12 9 13 11 0 14 2 15 3 5 4 7 9 12 11 0 13 2 14 5 15 9 3 11 4 13 7 14 12 15 0 3 2 5 4 11 7 12 15 14
8

0 3 1 4 2 8 7 13 9 0 11 2 12 3 14 9 15 12 4 14 7 15 8 7 11 8 13 12 0 13 2 14 3 8 9 9 11 11 15 12 0 14 3 15 13
1

0 1 2 4 3 6 5 7 8 12 10 15 11 2 13 5 0 6 1 7 3 12 4 15 8 0 13 1 3 2 4 7 5 8 6 12 15 13 0 3 1 6 4 13 7 15 12
11

1 0 3 2 4 5 7 8 14 10 15 11 4 12 7 13 11 0 13 2 15 3 0 5 2 8 3 12 5 14 8 4 13 7 14 11 15 12 0 3 2 5 4 7 11 8 12 15
10

1 0 2 3 7 4 8 5 9 12 10 14 13 0 15 1 2 9 3 13 4 14 5 15 7 1 8 4 12 5 0 7 2 8 3 12 9 13 15 14 3 0 5 2 7 8 14 12 15 13
11

0 2 1 6 3 8 5 9 14 11 1 12 3 13 6 15 13 0 15 2 0 8 2 11 6 12 8 14 11 3 13 12 14 15 0 14 8 15 12
10

0 3 2 5 4 8 7 14 10 15 11 0 12 2 13 3 4 7 5 10 8 13 11 14 12 0 15 2 7 3 12 4 13 5 14 8 0 11 3 15 13 4 14 11 15 12
10

3 0 4 1 6 2 10 8 12 9 14 11 0 15 1 3 8 6 10 9 12 11 14 1 15 8 0 9 3 10 6 12 11 15 8 0 9 3 12 10 15
11

0 1 2 3 8 5 10 7 11 9 13 12 0 14 1 15 2 3 7 5 11 8 13 12 14 15 0 2 1 7 3 11 5 14 8 0 12 2 13 3 15 7 1 13 11 15 12
6

3 0 4 1 5 2 7 10 8 11 15 12 0 13 4 14 7 1 11 2 12 3 15 8 0 13 1 3 2 4 8 7 15 11 0 12 3 13 7 1 11 2 12 4 13 15
6

3 0 4 1 5 7 11 8 14 12 15 13 1 3 4 5 11 7 12 8 13 14 1 15 3 4 5 8 7 11 14 12 1 13 8 15 12 5
3

3 0 4 1 8 2 9 6 10 11 14 12 15 13 6 0 12 1 1 3 3 4 4 8 8 10 10 13 13 14 14 15 15 0 0 12 12 1 14 3 15 13
2

2 0 3 9 4 10 5 11 7 12 13 14 15 0 2 3 10 4 11 7 12 14 13 0 15 10 2 11 3 12 7 13 15 14 0 2 11 3 12 7 14 15
6

0 1 4 2 7 3 13 5 15 6 0 12 1 14 2 3 5 4 6 7 14 12 15 1 0 2 3 5 4 12 7 14 1 15 7 0 12 3 14 4 15 5
6

0 1 2 6 3 7 9 8 11 10 12 13 14 15 2 0 8 1 10 3 0 11 3 12 11 15 15 1 1 2 3 8 11 10 15 12 12 0
7

0 2 1 8 3 11 4 12 7 14 13 15 0 3 1 4 7 13 8 15 11 0 12 1 14 3 12 4 13 7 3 8 7 14 8 15 12 0 14 1 15 13
11

0 1 2 3 5 6 11 9 12 10 14 13 15 0 1 5 2 12 3 14 6 15 9 0 10 1 13 2 3 6 10 9 13 12 15 14 3 0 9 12 15
13

2 0 4 3 9 6 10 7 11 8 14 12 0 15 2 3 6 10 8 11 9 15 12 2 14 9 0 11 3 14 6 0 10 3 12 12 15 14 10 15
4

2 0 5 1 10 3 12 6 13 8 15 9 0 11 1 14 3 2 10 6 14 8 15 9 1 11 2 12 3 13 6 0 9 8 14 10 15 12 2 0 8 3 12 15 14
5

0 3 1 5 2 7 4 8 6 9 11 10 12 14 13 15 0 2 5 3 7 4 8 13 9 5 11 9 12 11 14 12 15 13 0 15 2 0 3 3 4 4 8 9 2 11 15 12
10

0 2 1 4 3 6 5 9 10 11 13 12 3 14 4 15 5 0 6 1 10 2 11 9 12 13 15 14 0 1 2 4 3 9 6 11 13 12 14 15 1 0 12 3 13 11 14 15
10

2 0 7 1 8 3 11 4 12 6 15 9 0 14 1 2 3 7 4 11 6 12 9 14 15 2 0 3 1 9 4 11 6 12 7 14 0 15 2 3 12 11 14
15

0 2 1 3 7 4 9 5 13 6 15 11 1 12 2 14 3 0 5 4 6 7 13 9 15 11 0 12 1 4 3 5 7 6 0 9 3 12 6 15 12 1 15 9
2

0 2 1 4 3 5 7 6 8 11 10 12 14 0 15 2 1 3 5 4 11 8 12 10 1 14 4 15 5 0 10 2 14 3 15 8 0 11 2 12 3 1 8 4 10 5 12 15 14
6

1 0 2 3 4 6 9 8 14 11 15 12 0 13 1 2 4 3 11 8 15 9 0 12 2 13 4 14 9 1 11 3 14 8 15 12 0 13 2 1 3 4 8 11 12 15 13
6

3 0 5 1 10 2 12 4 14 6 15 11 0 13 2 1 3 5 4 12 10 13 11 0 14 2 15 3 1 5 11 15 12 0 13 2 14 12 3 14 15
10

1 0 2 3 6 7 10 9 11 12 13 14 15 6 0 10 2 13 3 14 7 0 9 2 12 3 15 7 6 13 9 15 10 0 12 2 3 15 12
14

0 2 1 3 4 6 5 10 8 12 11 3 13 4 14 8 15 10 0 11 1 12 5 0 14 3 15 4 5 10 8 12 11 14 0 15 3 5 4 8 12 15
9

0 1 2 3 7 4 8 15 11 3 12 7 14 8 0 11 1 14 2 0 4 1 12 2 15 4 3 12 7 15 11 0 14 3 12 4 15 11
8

0 2 1 8 3 10 4 12 5 13 6 14 15 1 0 2 8 3 13 6 2 12 3 14 6 15 8 0 14 1 15 12 0 13 8 2 12 3 13 14 15
10

1 0 2 3 5 4 7 8 12 10 13 11 15 14 0 1 3 2 5 7 12 10 15 11 2 14 7 0 10 1 11 3 15 5 0 12 3 14 5 2 12 11 14 15
9

0 1 2 5 3 6 9 8 13 10 15 11 0 12 2 14 6 1 12 3 13 10 14 11 0 15 10 1 11 2 14 3 15 6 1 12 2 13 6 0 12 3 15 14
5

0 2 1 3 4 5 6 8 7 13 9 15 10 0 12 1 14 4 2 6 3 7 5 8 12 9 13 10 1 14 4 15 7 0 8 2 9 3 14 5 15 10 0 12 3 13 7 4 8 13 12 15
6

2 0 5 1 8 3 9 6 11 10 12 14 13 15 2 0 3 1 11 5 12 6 15 8 1 13 3 0 5 2 6 11 8 12 13 15 0 1 2 6 3 15 12
9

0 1 2 3 6 5 7 10 8 15 9 1 12 9 13 12 14 13 0 15 2 0 3 1 7 2 10 7 14 10 3 12 9 14 13 15 1 0 7 2 12 3 15
5

2 0 4 1 5 3 7 6 8 10 9 11 0 12 1 15 3 2 4 5 12 6 0 8 1 10 5 15 8 3 10 4 0 12 5 15 12 4 15 8
10

0 2 1 4 3 7 5 10 12 14 1 15 2 0 3 4 10 5 12 7 0 15 4 2 5 3 0 7 2 12 3 15 7 12 15
6

1 0 3 2 4 5 7 6 8 11 9 14 10 15 12 0 13 3 1 8 2 11 4 13 6 15 9 1 10 3 12 4 0 9 2 12 6 13 8 1 15 2 0 3 4 8 12 15
14

0 1 2 3 6 4 7 8 9 12 11 13 14 1 15 2 0 3 8 7 14 9 15 11 1 12 7 0 8 2 11 3 2 9 3 12 7 14 12 15 14 0 15
6

0 1 2 3 7 4 9 8 11 12 14 13 15 1 0 2 8 3 13 7 14 9 15 11 1 12 7 0 8 2 11 3 2 9 3 12 7 14 12 15 14 0 15
13

0 1 2 3 6 5 7 8 9 12 11 13 14 1 15 2 0 3 8 7 14 9 15 11 1 12 7 0 8 2 11 3 2 9 3 12 7 14 12 15 14 0 15
6

0 1 2 3 7 5 9 8 11 12 14 13 15 1 0 2 8 3 13 7 14 9 15 11 1 12 7 0 8 2 11 3 2 9 3 12 7 14 12 15 14 0 15
13

0 1 2 3 7 6 9 8 11 12 14 13 15 1 0 2 8 3 14 7 15 9 1 11 7 12 8 0 11 2 2 3 3 9 7 12 12 14 14 15 15 0
11

0 1 2 3 4 6 7 8 9 12 11 13 14 1 15 2 0 3 8 7 14 9 15 11 1 12 7 0 8 2 11 3 2 9 3 12 7 14 12 15 14 0 15
6

0 1 2 3 5 6 7 8 9 12 11 13 14 1 15 2 0 3 8 7 14 9 15 11 1 12 7 0 8 2 11 3 2 9 3 12 7 14 12 15 14 0 15
6

0 1 2 3 7 6 9 8 10 12 11 13 14 1 15 2 0 3 8 7 14 9 15 11 1 12 7 0 8 2 11 3 2 9 3 12 7 14 12 15 14 0 15
6

0 1 2 3 7 6 9 8 11 12 14 13 15 1 0 2 6 3 8 7 14 9 15 11 1 12 7 0 8 2 11 3 2 9 3 12 7 14 12 15 14 0 15
6

0 1 2 3 7 8 9 10 11 12 14 13 15 1 0 2 8 3 13 7 14 9 15 11 1 12 7 0 8 2 11 3 2 9 3 12 7 14 12 15 14 0 15
13

0 1 2 3 4 8 7 12 9 13 11 1 14 2 15 3 0 7 8 9 14 11 15 12 1 13 7 0 8 2 11 3 2 9 3 12 7 14 12 15 14 0 15
13

0 1 2 3 7 8 9 12 10 13 11 1 14 2 15 3 0 7 8 9 14 11 15 12 1 13 7 0 8 2 11 3 2 9 3 12 7 14 12 15 14 0 15
13

0 1 2 3 7 8 9 12 11 13 14 1 15 2 0 3 8 7 14 9 15 11 1 12 7 13 8 0 11 2 1 3 2 9 3 12 7 14 12 15 14 0 15
13

0 1 2 3 7 8 9 12 11 13 14 1 15 2 0 3 8 7 14 9 15 11 1 12 7 13 8 0 11 2 2 3 3 9 7 12 8 14 12 15 14 0 15
13

0 1 2 3 7 8 9 12 11 13 14 1 15 2 0 3 8 7 14 9 15 11 1 12 7 13 8 0 11 2 2 3 3 9 7 12 9 14 12 15 14 0 15
13

0 1 2 3 6 8 7 12 9 13 11 1 14 2 15 3 0 7 8 9 14 11 15 12 1 0 7 2 8 3 11 9 2 12 3 14 7 15 12 0 14 1 15
6

0 1 2 3 7 8 9 12 11 13 14 1 15 2 0 3 8 7 13 9 14 11 15 12 1 0 7 2 8 3 11 9 2 12 3 14 7 15 12 0 14 1 15
13

0 2 1 5 3 6 4 7 11 8 12 0 13 1 15 4 2 5 3 7 8 12 11 15 0 1 2 3 7 4 8 5 15 11 2 12 5 0 7 1 12 3 15 4
14

0 2 1 5 3 7 4 8 6 10 11 0 12 1 15 4 2 5 3 7 8 12 11 15 0 1 2 3 7 4 8 5 15 11 2 12 5 0 7 1 12 3 15 4
9

0 2 1 5 3 7 4 8 11 10 12 0 13 1 15 4 2 5 3 7 8 12 11 15 0 1 2 3 7 4 8 5 15 11 2 12 5 0 7 1 12 3 15 4
14

0 2 1 5 3 7 4 8 6 13 11 0 12 1 15 4 2 5 3 7 8 12 11 15 0 1 2 3 7 4 8 5 15 11 2 12 5 0 7 1 12 3 15 4
9

0 2 1 5 3 7 4 8 9 13 11 0 12 1 15 4 2 5 3 7 8 12 11 15 0 1 2 3 7 4 8 5 15 11 2 12 5 0 7 1 12 3 15 4
6

0 2 1 5 3 7 4 8 9 14 11 0 12 1 15 4 2 5 3 7 8 12 11 15 0 1 2 3 7 4 8 5 15 11 2 12 5 0 7 1 12 3 15 4
6

0 2 1 5 3 7 4 8 9 0 11 1 12 4 15 5 2 7 3 9 8 12 11 15 0 1 2 3 7 4 8 5 15 11 2 12 5 0 7 1 12 3 15 4
6

0 1 3 2 7 4 8 5 10 11 15 12 0 2 1 3 12 5 15 7 3 8 5 10 7 11 8 0 11 1 0 2 2 10 8 12 10 15 12 3 15 5
4

0 1 4 2 6 3 11 5 12 7 15 8 1 13 2 14 3 0 6 4 8 7 12 15 13 1 0 3 6 4 7 12 8 13 1 15 8 0 12 3 13 6 15
9

0 1 4 2 6 3 12 5 15 7 1 8 2 13 3 14 5 0 6 4 8 7 12 15 13 1 0 3 6 4 7 12 8 13 1 15 8 0 12 3 13 6 15
9

0 1 4 2 6 3 12 5 15 7 1 8 2 13 3 14 6 0 8 4 12 7 13 15 0 1 2 3 6 4 7 12 8 13 1 15 8 0 12 3 13 6 15
9

0 1 4 2 6 3 12 5 15 7 1 8 2 13 3 14 6 0 8 4 12 7 13 15 0 1 6 3 7 4 8 12 1 13 4 15 8 0 12 3 13 6 15
9

0 1 4 2 6 3 12 5 15 7 1 8 2 13 3 14 6 0 8 4 12 7 13 15 0 1 6 3 7 4 8 12 1 13 7 15 8 0 12 3 13 6 15
9

0 1 4 2 6 3 10 7 12 8 15 9 1 13 2 14 3 0 6 4 8 7 12 15 13 1 0 3 6 4 7 12 8 13 1 15 8 0 12 3 13 6 15
5

0 1 4 2 6 3 11 7 12 8 15 9 1 13 2 14 3 0 6 4 8 7 12 15 13 1 0 3 6 4 7 12 8 13 1 15 8 0 12 3 13 6 15
5

0 1 4 2 6 3 12 7 15 8 1 9 2 13 3 14 6 0 8 4 12 7 13 15 0 1 6 3 7 4 8 12 1 13 7 15 8 0 12 3 13 6 15
5

0 1 4 2 6 3 12 7 15 8 1 10 2 13 3 14 6 0 8 4 12 7 13 15 14 1 0 3 6 4 7 12 8 13 1 15 8 0 12 3 13 6 15
14

0 1 4 2 6 3 12 7 15 8 1 11 2 13 3 14 6 0 8 4 12 7 13 15 14 1 0 3 6 4 7 12 8 13 1 15 8 0 12 3 13 6 15
14

0 1 4 2 6 3 12 7 15 8 1 13 2 14 3 0 6 4 8 7 12 14 13 15 0 1 6 3 7 4 8 12 1 13 8 15 12 0 13 3 15 6
14

0 1 4 2 5 3 6 7 12 8 15 13 1 14 2 0 3 4 6 7 8 14 12 15 13 1 0 3 6 4 7 12 8 13 1 15 8 0 12 3 13 6 15
14

0 1 4 2 6 3 9 7 12 8 15 13 1 14 2 0 3 4 6 7 8 14 12 15 13 1 0 3 6 4 7 12 8 13 1 15 8 0 12 3 13 6 15
14

0 1 4 2 6 3 10 7 12 8 15 13 1 14 2 0 3 4 6 7 8 14 12 15 13 1 0 3 6 4 7 12 8 13 1 15 8 0 12 3 13 6 15
14

0 1 4 2 6 3 11 7 12 8 15 13 1 14 2 0 3 4 6 7 8 14 12 15 13 1 0 3 6 4 7 12 8 13 1 15 8 0 12 3 13 6 15
14

0 1 4 2 6 3 12 7 15 8 1 13 2 14 3 0 6 4 8 7 12 14 13 15 0 1 2 3 6 4 7 12 8 13 1 15 8 0 12 3 13 6 15
14

0 1 4 2 6 3 12 7 15 8 1 13 2 14 3 0 6 4 8 7 12 14 13 15 0 1 6 3 7 4 8 12 1 13 4 15 8 0 12 3 13 6 15
14

0 1 4 2 6 3 12 7 15 8 1 13 2 14 3 0 6 4 8 7 12 14 13 15 0 1 6 3 7 4 8 12 1 13 7 15 8 0 12 3 13 6 15
14

0 1 4 2 6 3 12 7 15 8 1 13 2 14 3 0 6 4 8 7 12 15 13 1 14 2 0 3 6 4 7 12 8 13 1 15 8 0 12 3 13 6 15
14

0 1 4 2 6 3 12 7 15 8 1 13 2 14 3 0 6 4 8 7 12 15 13 1 14 3 0 4 6 12 7 13 8 15 1 0 8 3 12 4 13 6 15
14

0 1 4 2 6 3 12 7 15 8 1 13 2 14 3 0 6 4 8 7 12 15 13 1 14 3 0 4 6 12 7 13 8 15 1 0 8 3 12 6 13 7 15
14

0 1 2 3 6 8 7 12 9 13 11 1 14 2 15 3 0 7 8 9 14 11 15 12 1 0 7 2 8 3 11 9 2 12 3 14 7 15 12 0 14 8 15
6

0 1 2 3 7 8 9 12 11 13 14 1 15 2 0 3 8 7 13 9 14 11 15 12 1 0 7 2 8 3 11 9 2 12 3 14 7 15 12 0 14 8 15
13

0 1 2 3 6 8 7 12 9 13 11 1 14 2 15 3 0 7 8 9 14 11 15 12 1 0 7 2 8 3 11 9 2 12 3 14 7 15 12 0 14 9 15
6

0 1 2 3 7 8 9 12 11 13 14 1 15 2 0 3 8 7 13 9 14 11 15 12 1 0 7 2 8 3 11 9 2 12 3 14 7 15 12 0 14 9 15
13

0 1 2 3 7 8 9 12 11 13 14 1 15 2 0 3 8 7 13 9 14 11 15 12 1 0 7 2 8 3 11 9 2 12 3 14 7 15 12 0 14 11 15
13

2 0 4 1 7 3 9 6 10 8 11 12 13 15 14 2 0 3 1 7 6 8 9 10 12 11 14 13 15 2 0 3 7 6 9 12 10 14 11 15 13 0 3 9 12 11 15
1

2 0 4 1 7 3 9 6 10 8 11 12 13 15 14 2 0 3 4 7 6 8 9 10 12 11 14 13 15 2 0 3 7 6 9 12 10 14 11 15 13 0 3 9 12 11 15
4

2 0 4 3 7 5 9 6 10 8 11 12 13 15 14 2 0 3 4 7 6 8 9 10 12 11 14 13 15 2 0 3 7 6 9 12 10 14 11 15 13 0 3 9 12 11 15
4

2 0 4 3 7 5 9 6 10 8 11 12 13 15 14 2 0 3 5 7 6 8 9 10 12 11 14 13 15 2 0 3 7 6 9 12 10 14 11 15 13 0 3 9 12 11 15
5

1 0 2 3 4 6 7 8 9 12 10 15 11 2 13 3 14 4 0 7 6 8 9 10 12 11 14 13 15 2 0 3 7 6 9 12 10 14 11 15 13 0 3 9 12 11 15
4

2 0 4 3 5 6 7 8 9 12 10 15 11 2 13 3 14 4 0 7 6 8 9 10 12 11 14 13 15 2 0 3 7 6 9 12 10 14 11 15 13 0 3 9 12 11 15
4

2 0 4 3 7 6 9 8 10 12 11 15 13 2 14 3 0 4 6 7 9 8 12 10 14 11 15 13 0 2 7 3 9 6 10 12 11 14 13 15 2 0 3 9 12 11 15
4

2 0 4 3 7 6 9 8 10 12 11 15 13 2 14 3 0 4 6 7 9 8 12 10 14 11 15 13 0 2 7 3 9 6 10 12 11 14 13 15 3 0 6 9 12 11 15
4

2 0 4 3 7 6 9 8 10 12 11 15 13 2 14 3 0 4 6 7 9 8 12 10 14 11 15 13 0 2 7 3 9 6 10 12 11 14 13 15 3 0 7 9 12 11 15
4

2 0 4 3 7 6 9 8 10 12 11 15 13 2 14 3 0 4 6 7 9 8 12 10 14 11 15 13 0 2 7 3 9 6 10 12 11 14 13 15 3 0 10 9 12 11 15
4

2 0 4 3 7 6 9 8 10 12 11 15 13 2 14 3 0 4 6 7 9 8 12 10 14 11 15 13 0 2 7 3 9 6 10 12 11 14 13 15 3 0 12 9 13 11 15
4

2 0 4 3 7 6 9 8 10 12 11 15 13 2 14 3 0 7 6 8 9 10 12 11 14 13 15 2 0 3 7 6 9 8 10 12 11 14 13 15 3 0 12 9 15 11
14

1 0 2 3 4 6 7 8 9 12 10 15 11 2 13 3 14 7 0 8 6 10 9 11 12 13 14 2 15 3 0 6 7 8 9 12 10 14 11 15 13 0 3 9 12 11 15
8

2 0 4 3 5 6 7 8 9 12 10 15 11 2 13 3 14 7 0 8 6 10 9 11 12 13 14 2 15 3 0 6 7 8 9 12 10 14 11 15 13 0 3 9 12 11 15
8

2 0 4 3 7 6 9 8 10 12 11 15 13 2 14 3 0 7 4 8 6 10 9 11 12 13 14 2 15 3 0 6 7 12 9 14 10 15 11 0 13 2 3 9 12 11 15
4

2 0 4 3 7 6 9 8 10 12 11 15 13 2 14 3 0 7 4 8 6 10 9 11 12 13 14 2 15 3 0 6 7 12 9 14 10 15 11 0 13 6 3 9 12 11 15
4

2 0 4 3 7 6 9 8 10 12 11 15 13 2 14 3 0 7 4 8 6 10 9 11 12 13 14 2 15 3 0 6 7 12 9 14 10 15 11 0 13 7 3 9 12 11 15
4

2 0 4 3 7 6 9 8 10 12 11 15 13 2 14 3 0 7 4 8 6 10 9 11 12 13 14 2 15 3 0 6 7 12 9 14 10 15 11 0 13 9 3 10 12 11 15
4

2 0 3 1 5 4 6 7 11 8 12 10 13 14 0 15 2 3 7 8 11 10 12 13 2 15 3 0 10 7 12 8 13 11 3 15 8 0 13 2 15 12
9

2 0 3 1 5 4 9 7 11 8 12 10 13 14 0 15 2 3 7 8 11 10 12 13 2 15 3 0 10 7 12 8 13 11 3 15 8 0 13 2 15 12
6

2 0 3 1 5 4 11 7 12 8 13 10 0 14 2 15 7 3 11 8 12 10 2 13 3 15 10 0 12 7 13 8 3 11 7 15 8 0 13 2 15 12
11

2 0 3 1 5 4 11 7 12 8 13 10 0 14 2 15 7 3 11 8 12 10 2 13 3 15 10 0 12 7 13 8 3 11 8 15 11 0 13 2 15 12
7

2 0 3 1 5 6 11 7 12 8 13 10 0 14 2 15 7 3 11 8 12 10 2 13 3 15 10 0 12 7 13 8 3 11 7 15 8 0 13 2 15 12
11

2 0 3 1 5 6 11 7 12 8 13 10 0 14 2 15 7 3 11 8 12 10 2 13 3 15 10 0 12 7 13 8 3 11 8 15 11 0 13 2 15 12
7

2 0 3 1 5 7 11 8 12 9 13 10 0 14 2 15 7 3 11 8 12 10 2 13 3 15 10 0 12 7 13 8 3 11 7 15 8 0 13 2 15 12
11

2 0 3 1 5 7 11 8 12 9 13 10 0 14 2 15 7 3 11 8 12 10 2 13 3 15 10 0 12 7 13 8 3 11 8 15 11 0 13 2 15 12
7

0 1 2 4 3 5 7 6 9 8 11 13 12 14 0 15 2 1 9 3 12 4 14 5 15 8 0 13 1 3 2 5 4 9 8 12 15 13 1 14 8 0 9 2 13 3 15 12
5

2 0 3 1 5 7 6 8 11 10 12 14 13 15 0 3 2 8 7 10 11 13 12 15 2 0 3 7 10 8 12 11 13 15 3 0 8 2 13 7 15 12
9

2 0 3 1 5 7 9 8 11 10 12 14 13 15 0 3 2 8 7 10 11 13 12 15 2 0 3 7 10 8 12 11 13 15 3 0 8 2 13 7 15 12
6

0 2 1 3 9 5 10 7 11 8 13 12 0 15 5 1 12 2 13 3 15 8 1 9 2 11 3 0 5 9 8 12 11 13 15 0 3 8 5 12 15
10

0 2 1 3 9 5 11 7 13 8 14 12 0 15 5 1 12 2 13 3 15 8 1 9 2 11 3 0 5 9 8 12 11 13 15 0 3 8 5 12 15
14

0 2 1 3 9 4 10 5 11 7 13 8 0 12 5 15 12 1 13 2 15 3 1 8 2 9 3 11 5 0 8 9 11 12 15 13 3 0 5 8 15 12
10

0 2 1 3 9 4 11 5 13 7 14 8 0 12 5 15 12 1 13 2 15 3 1 8 2 9 3 11 5 0 8 9 11 12 15 13 3 0 5 8 15 12
14

0 2 1 3 9 4 11 5 13 7 0 8 5 12 7 15 12 1 13 2 15 3 1 8 2 9 3 11 5 0 8 9 11 12 15 13 3 0 5 8 15 12
7

0 2 1 3 9 5 10 6 11 7 13 8 0 12 5 15 12 1 13 2 15 3 1 8 2 9 3 11 5 0 8 9 11 12 15 13 3 0 5 8 15 12
10

0 2 1 3 9 5 11 6 13 7 14 8 0 12 5 15 12 1 13 2 15 3 1 8 2 9 3 11 5 0 8 9 11 12 15 13 3 0 5 8 15 12
14

0 2 1 3 9 5 11 6 13 7 0 8 5 12 7 15 12 1 13 2 15 3 1 8 2 9 3 11 5 0 8 9 11 12 15 13 3 0 5 8 15 12
7

0 2 1 3 4 5 9 7 11 8 13 10 0 12 5 15 12 1 13 2 15 3 1 8 2 9 3 11 5 0 8 9 11 12 15 13 3 0 5 8 15 12
10

0 2 1 3 6 5 9 7 11 8 13 10 0 12 5 15 12 1 13 2 15 3 1 8 2 9 3 11 5 0 8 9 11 12 15 13 3 0 5 8 15 12
10

0 2 1 3 9 5 11 7 13 8 0 10 5 12 12 15 13 1 15 2 1 3 2 8 3 9 5 11 8 0 11 9 15 12 1 13 3 0 5 8 15 12
10

0 2 1 3 9 5 11 7 13 8 0 10 5 12 12 15 13 1 15 2 1 3 2 8 3 9 5 11 8 0 11 9 15 12 2 13 3 0 5 8 15 12
10

0 2 1 3 9 5 11 7 13 8 0 10 5 12 12 15 13 1 15 2 1 3 2 8 3 9 5 11 8 0 11 9 15 12 3 13 5 0 9 8 15 12
10

0 2 1 3 9 5 11 7 13 8 0 10 5 12 12 15 13 1 15 2 1 3 2 8 3 9 5 11 8 0 11 9 15 12 3 13 5 0 11 8 15 12
10

0 2 1 3 9 5 11 7 13 8 0 10 5 12 12 15 13 1 15 2 1 3 2 8 3 9 5 11 8 0 11 9 15 12 3 13 5 0 13 8 15 12
10

0 2 1 3 4 5 9 7 11 8 13 12 0 14 5 15 12 1 13 2 15 3 1 8 2 9 3 11 5 0 8 9 11 12 15 13 3 0 5 8 15 12
14

0 2 1 3 6 5 9 7 11 8 13 12 0 14 5 15 12 1 13 2 15 3 1 8 2 9 3 11 5 0 8 9 11 12 15 13 3 0 5 8 15 12
14

0 2 1 3 9 5 11 7 13 8 0 12 5 14 12 15 13 1 15 2 1 3 2 8 3 9 5 11 8 0 11 9 15 12 1 13 3 0 5 8 15 12
14

0 2 1 3 9 5 11 7 13 8 0 12 5 14 12 15 13 1 15 2 1 3 2 8 3 9 5 11 8 0 11 9 15 12 2 13 3 0 5 8 15 12
14

0 2 1 3 9 5 11 7 13 8 0 12 5 14 12 15 13 1 15 2 1 3 2 8 3 9 5 11 8 0 11 9 15 12 3 13 5 0 9 8 15 12
14

0 2 1 3 9 5 11 7 13 8 0 12 5 14 12 15 13 1 15 2 1 3 2 8 3 9 5 11 8 0 11 9 15 12 3 13 5 0 11 8 15 12
14

0 2 1 3 9 5 11 7 13 8 0 12 5 14 12 15 13 1 15 2 1 3 2 8 3 9 5 11 8 0 11 9 15 12 3 13 5 0 13 8 15 12
14

0 2 1 3 9 5 10 7 11 8 13 12 0 15 5 1 12 2 13 3 15 8 1 9 2 11 3 0 5 9 8 12 11 13 15 0 3 1 5 8 15 12
10

0 2 1 3 9 5 11 7 13 8 14 12 0 15 5 1 12 2 13 3 15 8 1 9 2 11 3 0 5 9 8 12 11 13 15 0 3 1 5 8 15 12
14

0 2 1 3 9 5 10 7 11 8 13 12 0 15 5 1 12 2 13 3 15 8 1 9 2 11 3 0 5 9 8 12 11 13 15 0 3 2 5 8 15 12
10

0 2 1 3 9 5 11 7 13 8 14 12 0 15 5 1 12 2 13 3 15 8 1 9 2 11 3 0 5 9 8 12 11 13 15 0 3 2 5 8 15 12
14

0 2 1 4 3 5 7 6 11 8 13 12 14 15 2 0 4 1 5 3 12 7 2 8 3 13 4 14 5 15 8 0 12 1 13 14 15 0 3 2 4 8 13 12 15
11

0 2 1 4 3 5 7 8 11 9 13 12 14 15 2 0 4 1 5 3 12 7 2 8 3 13 4 14 5 15 8 0 12 1 13 14 15 0 3 2 4 8 13 12 15
11

0 2 1 4 3 5 7 8 11 10 13 12 14 15 2 0 4 1 5 3 12 7 2 8 3 13 4 14 5 15 8 0 12 1 13 14 15 0 3 2 4 8 13 12 15
11

0 2 1 4 3 5 6 8 7 11 13 12 14 15 2 0 4 1 5 3 12 7 2 8 3 13 4 14 5 15 8 0 12 1 13 14 15 0 3 2 4 8 13 12 15
11

0 2 1 4 3 5 7 8 9 11 13 12 14 15 2 0 4 1 5 3 12 7 2 8 3 13 4 14 5 15 8 0 12 1 13 14 15 0 3 2 4 8 13 12 15
11

0 2 1 4 3 5 7 8 10 11 13 12 14 15 2 0 4 1 5 3 12 7 2 8 3 13 4 14 5 15 8 0 12 1 13 14 15 0 3 2 4 8 13 12 15
11

0 2 1 4 3 5 7 8 11 12 13 15 14 0 2 1 4 3 5 7 12 8 2 13 3 14 4 15 5 0 8 1 12 7 13 14 15 0 3 2 4 8 13 12 15
11

0 2 1 4 3 5 7 8 11 12 13 15 14 0 2 1 4 3 5 7 12 8 2 13 3 14 4 15 5 0 8 1 12 14 13 0 15 1 3 2 4 8 13 12 15
11

0 2 1 4 3 5 7 8 11 12 13 15 14 0 2 1 4 3 5 7 12 8 2 13 3 14 4 15 5 0 8 1 12 14 13 0 15 2 3 5 4 8 13 12 15
11

0 2 1 3 9 5 10 7 11 8 13 12 0 15 5 1 12 2 13 3 15 8 1 9 2 11 3 0 5 9 8 12 11 13 15 0 3 8 5 9 15 12
10

0 2 1 3 9 5 11 7 13 8 14 12 0 15 5 1 12 2 13 3 15 8 1 9 2 11 3 0 5 9 8 12 11 13 15 0 3 8 5 9 15 12
14

0 1 2 3 9 5 10 6 15 8 0 11 1 12 3 13 10 14 11 5 12 8 14 9 0 13 3 15 5 1 8 11 9 14 10 15 12 0 13 3 1 10 9 12 15
2

0 1 9 3 10 5 15 6 0 8 1 11 3 12 6 13 10 14 11 5 12 8 14 9 0 13 3 15 5 1 8 11 9 14 10 15 12 0 13 3 1 10 9 12 15
6

0 1 4 2 9 3 10 5 15 6 0 8 1 11 3 12 10 13 11 14 12 5 14 8 0 9 3 13 5 15 8 1 9 11 10 14 12 15 13 0 1 3 9 10 15 12
2

0 1 7 2 9 3 10 5 15 6 0 8 1 11 3 12 10 13 11 14 12 5 14 8 0 9 3 13 5 15 8 1 9 11 10 14 12 15 13 0 1 3 9 10 15 12
2

0 1 9 2 10 3 15 5 0 6 1 8 3 11 10 12 11 13 12 14 14 5 0 8 3 9 5 13 8 15 9 1 10 11 12 14 13 15 1 0 8 3 9 10 15 12
2

0 1 9 2 10 3 15 5 0 6 1 8 3 11 10 12 11 13 12 14 14 5 0 8 3 9 5 13 8 15 9 1 10 11 12 14 13 15 1 0 9 3 11 10 15 12
2

0 1 9 2 10 3 15 5 0 6 1 8 3 11 10 12 11 13 12 14 14 5 0 8 3 9 5 13 8 15 9 1 10 11 12 14 13 15 1 0 9 3 14 10 15 12
2

0 1 2 3 9 4 10 5 15 6 0 8 1 11 3 12 10 13 11 14 12 5 14 8 0 9 3 13 5 15 8 1 9 11 10 14 12 15 13 0 1 3 9 10 15 12
2

0 1 9 3 10 4 15 5 0 6 1 8 3 11 6 12 10 13 11 14 12 5 14 8 0 9 3 13 5 15 8 1 9 11 10 14 12 15 13 0 1 3 9 10 15 12
6

0 1 9 3 10 4 15 5 0 6 1 8 3 11 10 12 11 13 12 14 14 5 0 8 3 9 5 13 8 15 9 1 10 11 12 14 13 15 1 0 5 3 9 10 15 12
13

0 1 9 3 10 4 15 5 0 6 1 8 3 11 10 12 11 13 12 14 14 5 0 8 3 9 5 13 8 15 9 1 10 11 12 14 13 15 1 0 9 3 13 10 15 12
5

0 1 2 3 9 5 10 6 15 7 0 8 1 11 3 12 10 13 11 14 12 5 14 8 0 9 3 13 5 15 8 1 9 11 10 14 12 15 13 0 1 3 9 10 15 12
2

0 1 9 3 10 5 15 6 0 7 1 8 3 11 6 12 10 13 11 14 12 5 14 8 0 9 3 13 5 15 8 1 9 11 10 14 12 15 13 0 1 3 9 10 15 12
6

0 1 9 3 10 5 15 6 0 7 1 8 3 11 10 12 11 13 12 14 14 5 0 8 3 9 5 13 8 15 9 1 10 11 12 14 13 15 1 0 5 3 9 10 15 12
13

0 1 9 3 10 5 15 6 0 7 1 8 3 11 10 12 11 13 12 14 14 5 0 8 3 9 5 13 8 15 9 1 10 11 12 14 13 15 1 0 9 3 13 10 15 12
5

0 1 4 3 9 5 10 6 15 8 0 11 1 12 3 13 10 14 11 4 12 5 14 8 0 9 3 13 5 15 8 1 9 11 10 14 12 15 13 0 1 3 9 10 15 12
4

0 1 4 3 9 5 10 6 15 8 0 11 1 12 3 13 10 14 11 5 12 6 14 8 0 9 3 13 5 15 8 1 9 11 10 14 12 15 13 0 1 3 9 10 15 12
6

0 1 7 3 9 5 10 6 15 8 0 11 1 12 3 13 10 14 11 5 12 6 14 8 0 9 3 13 5 15 8 1 9 11 10 14 12 15 13 0 1 3 9 10 15 12
6

0 1 9 3 10 5 15 6 0 8 1 11 3 12 10 13 11 14 12 5 14 6 0 8 3 9 5 13 8 15 9 1 10 11 12 14 13 15 1 0 8 3 9 10 15 12
6

0 1 9 3 10 5 15 6 0 8 1 11 3 12 10 13 11 14 12 5 14 6 0 8 3 9 5 13 8 15 9 1 10 11 12 14 13 15 1 0 9 3 11 10 15 12
6

0 1 9 3 10 5 15 6 0 8 1 11 3 12 10 13 11 14 12 5 14 6 0 8 3 9 5 13 8 15 9 1 10 11 12 14 13 15 1 0 9 3 14 10 15 12
6

0 1 2 3 9 5 10 6 15 8 0 11 1 12 3 13 10 14 11 5 12 8 14 9 0 13 3 15 5 1 8 11 9 14 10 15 12 0 13 3 1 5 9 10 15 12
2

0 1 9 3 10 5 15 6 0 8 1 11 3 12 6 13 10 14 11 5 12 8 14 9 0 13 3 15 5 1 8 11 9 14 10 15 12 0 13 3 1 5 9 10 15 12
6

0 1 2 3 9 5 10 6 15 8 0 11 1 12 3 13 10 14 11 5 12 8 14 9 0 13 3 15 5 1 8 11 9 14 10 15 12 0 13 3 1 8 9 10 15 12
2

0 1 9 3 10 5 15 6 0 8 1 11 3 12 6 13 10 14 11 5 12 8 14 9 0 13 3 15 5 1 8 11 9 14 10 15 12 0 13 3 1 8 9 10 15 12
6

0 1 9 3 10 5 15 6 0 8 1 11 3 12 10 13 11 14 12 5 14 8 0 9 3 13 5 15 8 1 9 11 10 14 12 15 13 0 1 3 5 8 9 10 15 12
13

0 1 9 3 10 5 15 6 0 8 1 11 3 12 10 13 11 14 12 5 14 8 0 9 3 13 5 15 8 1 9 11 10 14 12 15 13 0 1 3 9 8 13 10 15 12
5

0 1 2 3 5 4 7 6 10 9 11 13 12 14 1 15 2 0 6 3 9 7 15 10 0 11 1 12 7 13 11 14 12 3 13 6 15 10 3 14 7 0 10 11 14 12 15
2

0 1 2 3 5 4 7 6 10 9 11 13 12 14 1 15 5 0 6 3 9 7 15 10 0 11 1 12 7 13 11 14 12 3 13 6 15 10 3 14 7 0 10 11 14 12 15
5

0 1 2 3 5 6 7 8 10 9 11 13 12 14 1 15 2 0 6 3 9 7 15 10 0 11 1 12 7 13 11 14 12 3 13 6 15 10 3 14 7 0 10 11 14 12 15
2

0 1 2 3 5 6 7 8 10 9 11 13 12 14 1 15 5 0 6 3 9 7 15 10 0 11 1 12 7 13 11 14 12 3 13 6 15 10 3 14 7 0 10 11 14 12 15
5

0 1 2 3 5 6 7 9 10 13 11 14 12 15 1 0 6 2 9 3 15 7 0 10 1 11 7 12 11 13 12 14 13 3 15 6 3 10 7 14 10 0 14 11 15 12
2

0 1 2 3 4 6 5 9 7 13 10 14 11 15 12 0 1 2 6 3 9 7 15 10 0 11 1 12 7 13 11 14 12 3 13 6 15 10 3 14 7 0 10 11 14 12 15
2

0 1 2 3 5 6 7 9 8 13 10 14 11 15 12 0 1 2 6 3 9 7 15 10 0 11 1 12 7 13 11 14 12 3 13 6 15 10 3 14 7 0 10 11 14 12 15
2

0 1 2 3 5 6 7 9 10 13 11 14 12 15 1 0 6 2 9 3 15 7 0 10 1 11 7 12 9 13 11 14 12 3 13 6 15 10 3 14 7 0 10 11 14 12 15
2

0 1 2 3 5 6 7 9 10 13 11 14 12 15 1 0 6 2 9 3 15 7 0 10 1 11 7 12 11 13 12 14 13 3 15 6 1 10 3 14 7 0 10 11 14 12 15
2

0 1 2 3 5 6 7 9 10 13 11 14 12 15 1 0 6 2 9 3 15 7 0 10 1 11 7 12 11 13 12 14 13 3 15 6 3 10 6 14 7 0 10 11 14 12 15
2

0 1 2 3 5 6 7 9 10 13 11 14 12 15 1 0 6 2 9 3 15 7 0 10 1 11 7 12 11 13 12 14 13 3 15 6 3 10 7 14 10 0 13 11 14 12 15
2

0 1 2 3 4 6 5 9 7 13 10 14 11 15 12 0 1 3 6 5 9 7 15 10 0 11 1 12 7 13 11 14 12 3 13 6 15 10 3 14 7 0 10 11 14 12 15
5

0 1 2 3 5 6 7 9 8 13 10 14 11 15 12 0 1 3 6 5 9 7 15 10 0 11 1 12 7 13 11 14 12 3 13 6 15 10 3 14 7 0 10 11 14 12 15
5

0 1 2 3 5 6 7 9 10 13 11 14 12 15 1 0 6 3 9 5 15 7 0 10 1 11 7 12 9 13 11 14 12 3 13 6 15 10 3 14 7 0 10 11 14 12 15
5

0 1 2 3 5 6 7 9 10 13 11 14 12 15 1 0 6 3 9 5 15 7 0 10 1 11 7 12 11 13 12 14 13 3 15 6 3 10 7 14 10 0 13 11 14 12 15
5

0 1 2 3 5 6 7 9 10 13 11 14 12 15 1 0 2 3 6 7 9 10 15 11 0 12 1 13 7 14 11 3 12 6 13 9 15 10 3 14 7 0 10 11 14 12 15
2

0 1 2 3 5 6 7 9 10 13 11 14 12 15 1 0 5 3 6 7 9 10 15 11 0 12 1 13 7 14 11 3 12 6 13 9 15 10 3 14 7 0 10 11 14 12 15
5

0 1 2 3 5 6 7 9 10 13 11 14 12 15 1 0 2 3 6 7 9 10 15 11 0 12 1 13 7 14 11 3 12 6 13 10 15 14 3 0 7 1 10 11 14 12 15
2

0 1 2 3 5 6 7 9 10 13 11 14 12 15 1 0 5 3 6 7 9 10 15 11 0 12 1 13 7 14 11 3 12 6 13 10 15 14 3 0 7 1 10 11 14 12 15
5

2 0 3 1 5 7 6 8 11 10 12 14 13 15 0 3 2 8 7 10 11 13 12 15 2 0 3 7 10 8 12 11 13 15 3 0 8 2 13 11 15 12
9

2 0 3 1 5 7 9 8 11 10 12 14 13 15 0 3 2 8 7 10 11 13 12 15 2 0 3 7 10 8 12 11 13 15 3 0 8 2 13 11 15 12
6

0 1 2 3 5 6 7 9 10 13 11 14 12 15 1 0 2 3 6 7 9 10 15 11 0 12 1 13 7 14 11 3 12 6 13 10 15 14 3 0 7 6 10 11 14 12 15
2

0 1 2 3 5 6 7 9 10 13 11 14 12 15 1 0 5 3 6 7 9 10 15 11 0 12 1 13 7 14 11 3 12 6 13 10 15 14 3 0 7 6 10 11 14 12 15
5

0 2 1 3 9 5 10 7 11 8 13 12 0 15 5 1 12 2 13 3 15 8 1 9 2 11 3 0 5 9 8 12 11 13 15 0 3 8 5 11 15 12
10

0 2 1 3 9 5 11 7 13 8 14 12 0 15 5 1 12 2 13 3 15 8 1 9 2 11 3 0 5 9 8 12 11 13 15 0 3 8 5 11 15 12
14

0 2 1 3 9 5 11 7 13 8 0 12 5 15 7 1 12 2 13 3 15 8 1 9 2 11 3 0 5 9 8 12 11 13 15 0 3 8 5 11 15 12
7

0 2 1 4 3 5 8 9 10 13 11 15 12 0 14 1 2 3 11 4 12 8 13 9 15 0 3 1 4 2 9 8 11 12 15 13 0 3 1 8 2 11 4 12 15
14

0 2 1 4 3 6 8 9 10 13 11 15 12 0 14 1 2 3 11 4 12 8 13 9 15 0 3 1 4 2 9 8 11 12 15 13 0 3 1 8 2 11 4 12 15
14

0 2 1 4 3 7 8 9 10 13 11 15 12 0 14 1 2 3 11 4 12 8 13 9 15 0 3 1 4 2 9 8 11 12 15 13 0 3 1 8 2 11 4 12 15
14

0 2 1 4 3 9 8 13 10 14 11 15 12 0 2 1 11 3 12 4 13 8 15 9 3 0 4 1 9 2 11 8 15 12 0 13 1 3 2 8 4 11 15 12
14

0 2 1 4 3 9 5 13 8 14 10 15 11 0 12 1 2 3 11 4 12 8 13 9 15 0 3 1 4 2 9 8 11 12 15 13 0 3 1 8 2 11 4 12 15
14

0 2 1 4 3 9 6 13 8 14 10 15 11 0 12 1 2 3 11 4 12 8 13 9 15 0 3 1 4 2 9 8 11 12 15 13 0 3 1 8 2 11 4 12 15
14

0 2 1 4 3 9 7 13 8 14 10 15 11 0 12 1 2 3 11 4 12 8 13 9 15 0 3 1 4 2 9 8 11 12 15 13 0 3 1 8 2 11 4 12 15
14

0 2 1 4 3 9 8 13 10 14 11 15 12 0 2 1 10 3 11 4 12 8 13 9 15 0 3 1 4 2 9 8 11 12 15 13 0 3 1 8 2 11 4 12 15
14

0 2 1 4 3 9 8 13 10 14 11 15 12 0 2 1 11 3 12 4 13 8 15 9 3 0 4 1 9 2 11 8 15 12 0 13 1 3 2 8 4 11 9 12 15
14

0 2 1 4 3 9 8 13 10 14 11 15 12 0 2 1 11 3 12 4 13 8 15 9 3 0 4 1 9 2 11 8 15 12 0 13 1 3 2 8 4 11 13 12 15
14

0 2 1 4 3 9 8 13 10 15 11 0 12 1 14 3 2 4 11 8 12 9 13 10 15 0 3 1 4 2 9 8 11 12 15 13 0 3 1 8 2 11 4 12 15
14

0 2 1 4 3 9 8 13 10 15 11 0 12 1 14 3 2 4 11 8 12 9 13 0 15 1 3 2 4 8 9 12 11 13 15 3 0 8 1 9 2 11 4 12 15
14

0 1 2 3 9 5 10 6 15 8 0 11 1 12 3 13 10 14 11 5 12 8 14 9 0 13 3 15 5 1 8 11 9 14 10 15 12 0 13 3 1 10 9 11 15 12
2

0 1 9 3 10 5 15 6 0 8 1 11 3 12 6 13 10 14 11 5 12 8 14 9 0 13 3 15 5 1 8 11 9 14 10 15 12 0 13 3 1 10 9 11 15 12
6

0 1 9 3 10 5 15 6 0 8 1 11 3 12 10 13 11 14 12 5 14 8 0 9 3 13 5 15 8 1 9 11 10 14 12 15 13 0 1 3 5 10 9 11 15 12
13

0 1 9 3 10 5 15 6 0 8 1 11 3 12 10 13 11 14 12 5 14 8 0 9 3 13 5 15 8 1 9 11 10 14 12 15 13 0 1 3 9 10 13 11 15 12
5

3 0 4 1 9 2 10 5 12 6 13 11 0 14 1 15 2 3 12 4 13 6 15 9 0 10 1 14 2 3 6 4 9 10 15 12 2 13 6 14 12 0 14 3 15 13
10

3 0 4 1 9 2 10 5 12 6 13 11 0 14 1 15 2 3 12 4 13 6 15 9 0 10 1 14 2 3 6 4 9 10 15 12 2 13 10 14 12 0 14 3 15 13
6

3 0 4 1 9 2 10 6 12 7 13 11 0 14 1 15 2 3 12 4 13 6 15 9 0 10 1 14 2 3 6 4 9 10 15 12 2 13 6 14 12 0 14 3 15 13
10

3 0 4 1 9 2 10 6 12 7 13 11 0 14 1 15 2 3 12 4 13 6 15 9 0 10 1 14 2 3 6 4 9 10 15 12 2 13 10 14 12 0 14 3 15 13
6

3 0 4 1 9 2 10 6 12 8 13 11 0 14 1 15 2 3 12 4 13 6 15 9 0 10 1 14 2 3 6 4 9 10 15 12 2 13 6 14 12 0 14 3 15 13
10

3 0 4 1 9 2 10 6 12 8 13 11 0 14 1 15 2 3 12 4 13 6 15 9 0 10 1 14 2 3 6 4 9 10 15 12 2 13 10 14 12 0 14 3 15 13
6

3 0 4 1 9 2 10 6 12 11 13 14 0 15 1 3 2 4 12 6 13 9 15 10 0 11 1 14 2 3 6 4 9 10 15 12 2 13 6 14 12 0 14 3 15 13
10

3 0 4 1 9 2 10 6 12 11 13 14 0 15 1 3 2 4 12 6 13 9 15 10 0 11 1 14 2 3 6 4 9 10 15 12 2 13 10 14 12 0 14 3 15 13
6

3 0 4 1 9 2 10 6 12 11 13 14 0 15 1 3 2 4 12 6 13 9 15 10 0 14 1 3 2 4 6 10 9 12 15 13 2 14 6 0 12 1 14 3 15 13
10

3 0 4 1 9 2 10 6 12 11 13 14 0 15 1 3 2 4 12 6 13 9 15 10 0 14 1 3 2 4 6 10 9 12 15 13 2 14 10 0 12 1 14 3 15 13
6

3 0 4 1 9 2 10 6 12 11 13 14 0 15 1 3 2 4 12 6 13 9 15 10 0 14 1 3 2 4 6 10 9 12 15 13 2 14 6 0 12 3 14 4 15 13
10

3 0 4 1 9 2 10 6 12 11 13 14 0 15 1 3 2 4 12 6 13 9 15 10 0 14 1 3 2 4 6 10 9 12 15 13 2 14 10 0 12 3 14 4 15 13
6

3 0 4 1 9 2 10 6 12 11 13 14 0 15 1 3 2 4 12 6 13 9 15 10 0 14 1 3 2 4 6 10 9 12 15 13 2 14 6 0 12 3 14 9 15 13
10

3 0 4 1 9 2 10 6 12 11 13 14 0 15 1 3 2 4 12 6 13 9 15 10 0 14 1 3 2 4 6 10 9 12 15 13 2 14 10 0 12 3 14 9 15 13
6

0 1 2 3 4 8 5 9 11 10 12 13 0 14 9 15 10 2 11 3 13 4 14 8 15 12 0 4 2 9 3 10 8 11 12 14 13 15 4 0 9 3 11 8 12 10 15 13
5

0 3 1 8 2 9 4 10 11 13 12 14 0 15 9 1 10 2 11 3 13 4 14 8 15 12 0 4 2 9 3 10 8 11 12 14 13 15 4 0 9 3 11 8 12 10 15 13
1

2 0 4 3 7 6 9 8 10 12 11 15 13 2 14 3 0 7 4 8 6 10 9 11 12 13 14 2 15 3 0 6 7 12 9 14 10 15 11 0 13 9 3 11 12 13 15
4

1 0 8 2 12 3 13 4 15 5 2 7 3 9 4 14 12 0 13 1 15 7 0 8 1 9 7 14 8 2 9 3 12 4 13 14 2 15 3 0 7 4 8 12 14 13 15
6

1 0 8 2 11 3 12 4 13 7 15 9 2 10 3 14 4 0 12 1 13 7 15 8 0 9 1 14 7 2 8 3 9 4 12 14 13 15 2 0 3 4 8 12 14 13 15
6

1 0 8 2 12 3 13 4 15 7 2 9 3 10 4 14 10 0 12 1 13 7 15 8 0 9 1 14 7 2 8 3 9 4 12 14 13 15 2 0 3 4 8 12 14 13 15
6

1 0 8 2 12 3 13 4 15 7 2 9 3 11 4 14 12 0 13 1 15 7 0 8 1 9 7 14 8 2 9 3 12 4 13 14 2 15 3 0 8 4 14 12 15 13
11

0 2 1 3 9 5 10 7 11 8 13 12 0 15 5 1 12 2 13 3 15 8 1 9 2 11 3 0 5 9 8 12 11 13 15 0 3 8 5 12 15 13
10

0 2 1 3 9 5 11 7 13 8 14 12 0 15 5 1 12 2 13 3 15 8 1 9 2 11 3 0 5 9 8 12 11 13 15 0 3 8 5 12 15 13
14

0 1 2 3 9 5 10 6 15 8 0 11 1 12 3 13 10 14 11 5 12 8 14 9 0 13 3 15 5 1 8 11 9 14 10 15 12 0 13 3 1 10 9 12 15 13
2

0 1 9 3 10 5 15 6 0 8 1 11 3 12 6 13 10 14 11 5 12 8 14 9 0 13 3 15 5 1 8 11 9 14 10 15 12 0 13 3 1 10 9 12 15 13
6

0 1 2 3 5 6 7 9 10 13 11 14 12 15 1 0 2 3 6 7 9 10 15 11 0 12 1 13 7 14 11 3 12 6 13 10 15 14 3 0 7 11 10 12 14 13 15
2

0 1 2 3 5 6 7 9 10 13 11 14 12 15 1 0 5 3 6 7 9 10 15 11 0 12 1 13 7 14 11 3 12 6 13 10 15 14 3 0 7 11 10 12 14 13 15
5

0 2 1 4 3 9 8 13 10 15 11 0 12 1 14 3 2 4 11 8 12 9 13 0 15 1 3 2 4 8 9 12 11 13 15 3 0 8 1 11 2 12 4 13 15
14

0 1 4 3 5 7 6 10 8 12 9 13 11 1 14 4 15 5 0 10 3 11 7 13 9 14 12 15 0 7 1 9 3 10 4 12 11 13 15 14 12 0 13 3 15 14
6

0 1 2 3 5 4 9 6 10 7 11 8 12 15 14 1 0 4 2 5 3 6 7 9 12 11 15 14 2 0 4 1 9 3 11 5 14 6 0 12 1 15 6 2 12 3 15 14
8

0 1 2 3 5 4 9 6 11 7 12 8 14 15 0 1 2 4 3 5 7 6 12 9 15 11 2 14 4 0 7 1 9 3 11 5 14 6 0 12 1 15 6 2 12 3 15 14
8

0 1 2 3 5 4 9 6 11 7 12 8 14 15 0 1 2 4 3 5 7 6 12 9 15 11 2 14 4 0 9 1 11 3 14 5 0 6 1 12 4 15 6 2 12 3 15 14
8

0 1 2 3 5 4 9 6 11 7 12 8 14 15 0 1 2 4 3 5 7 6 12 9 15 11 2 14 4 0 9 1 11 3 14 5 0 6 1 12 5 15 6 2 12 3 15 14
8

0 1 2 3 5 4 9 6 11 7 12 8 14 15 0 1 2 4 3 5 7 6 12 9 15 11 2 14 4 0 9 1 11 3 14 5 0 6 1 12 6 15 9 2 12 3 15 14
8

0 1 2 3 5 4 9 6 11 7 12 8 14 15 0 1 2 4 3 5 7 6 12 9 15 11 2 14 4 0 9 1 11 3 14 5 0 6 1 12 6 15 11 2 12 3 15 14
8

0 1 2 3 5 4 8 6 9 7 11 10 12 15 14 1 0 4 2 5 3 6 7 9 12 11 15 14 2 0 4 1 9 3 11 5 14 6 0 12 1 15 6 2 12 3 15 14
8

0 1 2 3 5 4 9 6 11 7 12 10 13 15 14 1 0 4 2 5 3 6 7 9 12 11 15 14 2 0 4 1 9 3 11 5 14 6 0 12 1 15 6 2 12 3 15 14
13

0 1 2 3 5 4 9 6 11 7 12 13 14 15 0 1 2 4 3 5 7 6 12 9 15 11 2 14 4 0 7 1 9 3 11 5 14 6 0 12 1 15 6 2 12 3 15 14
13

0 1 2 3 5 4 9 6 11 7 12 13 14 15 0 1 2 4 3 5 7 6 12 9 15 11 2 14 4 0 9 1 11 3 14 5 0 6 1 12 4 15 6 2 12 3 15 14
13

0 1 2 3 5 4 9 6 11 7 12 13 14 15 0 1 2 4 3 5 7 6 12 9 15 11 2 14 4 0 9 1 11 3 14 5 0 6 1 12 5 15 6 2 12 3 15 14
13

0 1 2 3 5 4 9 6 11 7 12 13 14 15 0 1 2 4 3 5 7 6 12 9 15 11 2 14 4 0 9 1 11 3 14 5 0 6 1 12 6 15 9 2 12 3 15 14
13

0 1 2 3 5 4 9 6 11 7 12 13 14 15 0 1 2 4 3 5 7 6 12 9 15 11 2 14 4 0 9 1 11 3 14 5 0 6 1 12 6 15 11 2 12 3 15 14
13

0 1 2 3 5 4 8 6 9 7 11 15 12 1 14 4 0 5 2 6 3 8 7 9 12 11 15 14 2 0 4 1 9 3 11 5 14 6 0 12 1 15 6 2 12 3 15 14
10

0 1 2 3 5 4 9 6 10 7 11 15 12 1 14 4 0 5 2 6 3 9 7 10 12 11 15 14 2 0 4 1 9 3 11 5 14 6 0 12 1 15 6 2 12 3 15 14
8

0 1 2 3 5 4 9 6 10 7 11 15 12 1 14 4 0 5 2 6 3 9 7 11 12 14 15 0 2 1 4 3 9 5 11 6 14 12 0 15 1 2 6 3 12 5 15 14
8

0 1 2 3 5 4 9 6 11 7 12 15 13 1 14 4 0 5 2 6 3 9 7 11 12 14 15 0 2 1 4 3 9 5 11 6 14 12 0 15 1 2 6 3 12 5 15 14
13

0 1 2 3 5 4 9 6 10 7 11 15 12 1 14 4 0 5 2 6 3 9 7 11 12 14 15 0 2 1 4 3 9 5 11 6 14 12 0 15 1 2 6 3 12 9 15 14
8

0 1 2 3 5 4 9 6 11 7 12 15 13 1 14 4 0 5 2 6 3 9 7 11 12 14 15 0 2 1 4 3 9 5 11 6 14 12 0 15 1 2 6 3 12 9 15 14
13

0 1 2 3 5 4 9 6 10 7 11 15 12 1 14 4 0 5 2 6 3 9 7 11 12 14 15 0 2 1 4 3 9 5 11 6 14 12 0 15 1 2 6 3 12 11 15 14
8

0 1 2 3 5 4 9 6 11 7 12 15 13 1 14 4 0 5 2 6 3 9 7 11 12 14 15 0 2 1 4 3 9 5 11 6 14 12 0 15 1 2 6 3 12 11 15 14
13

0 2 1 4 3 5 7 8 11 12 13 15 14 0 2 1 4 3 5 7 12 8 2 13 3 14 4 15 5 0 8 1 12 14 13 0 15 2 3 8 4 12 13 14 15
11

0 1 2 3 9 5 10 6 15 8 0 11 1 12 3 13 10 14 11 5 12 8 14 9 0 13 3 15 5 1 8 11 9 14 10 15 12 0 13 3 1 10 9 12 15 14
2

0 1 9 3 10 5 15 6 0 8 1 11 3 12 6 13 10 14 11 5 12 8 14 9 0 13 3 15 5 1 8 11 9 14 10 15 12 0 13 3 1 10 9 12 15 14
6

0 1 9 3 10 5 15 6 0 8 1 11 3 12 10 13 11 14 12 5 14 8 0 9 3 13 5 15 8 1 9 11 10 14 12 15 13 0 1 3 5 10 9 12 15 14
13

0 1 9 3 10 5 15 6 0 8 1 11 3 12 10 13 11 14 12 5 14 8 0 9 3 13 5 15 8 1 9 11 10 14 12 15 13 0 1 3 9 10 13 12 15 14
5

2 0 3 1 6 4 7 5 12 10 14 11 15 13 0 3 1 4 2 11 7 12 10 14 13 1 15 2 0 4 3 7 12 11 14 13 1 15 4 0 7 3 11 15 12
9

2 0 3 1 7 4 12 5 14 10 15 11 0 13 1 3 2 4 7 11 10 12 13 14 15 1 0 2 3 4 10 7 12 11 14 13 1 15 4 0 7 3 11 15 12
9

2 0 3 1 6 4 7 8 12 10 14 11 15 13 0 3 1 4 2 11 7 12 10 14 13 1 15 2 0 4 3 7 12 11 14 13 1 15 4 0 7 3 11 15 12
9

2 0 3 1 7 4 12 8 14 10 15 11 0 13 1 3 2 4 7 11 10 12 13 14 15 1 0 2 3 4 12 7 14 11 1 13 2 15 4 0 7 3 11 15 12
9

2 0 3 1 5 4 7 10 12 11 14 13 15 3 0 4 1 11 2 12 7 14 10 1 13 2 15 4 0 7 3 10 12 11 14 13 1 15 4 0 7 3 11 15 12
5

0 2 1 10 3 11 4 12 6 14 9 1 13 2 15 3 0 6 4 11 10 14 12 15 13 0 1 6 2 10 3 11 4 13 12 14 15 0 1 3 11 4 12 15 14
9

0 2 1 7 3 10 4 11 5 12 6 14 13 1 15 2 0 3 4 6 10 11 12 14 13 15 1 0 2 6 3 10 4 11 12 13 15 14 1 0 11 3 12 4 14 15
9

0 2 1 7 3 10 4 11 6 12 9 14 13 1 15 2 0 3 4 6 10 11 12 14 13 15 1 0 2 6 3 10 4 11 12 13 15 14 1 0 11 3 12 4 14 15
5

0 2 1 8 3 10 4 11 6 12 13 14 15 1 0 2 4 3 10 6 12 11 13 14 1 15 2 0 3 6 4 10 12 11 15 13 1 14 2 0 11 3 12 4 14 15
8

0 2 1 8 3 10 4 11 6 12 13 14 15 1 0 2 4 3 10 6 12 11 13 14 1 15 2 0 3 6 4 10 12 11 15 13 1 14 6 0 11 3 12 4 14 15
8

0 2 1 8 3 10 4 11 6 12 13 14 15 1 0 2 4 3 10 6 12 11 13 14 1 15 2 0 3 6 4 10 12 11 15 13 1 14 10 0 11 3 12 4 14 15
8

0 2 1 8 3 10 4 11 6 12 13 14 15 1 0 2 4 3 10 6 12 11 13 14 1 15 2 0 3 6 4 10 12 11 15 13 1 14 11 0 12 3 13 4 14 15
8

0 2 1 9 3 10 4 11 5 12 6 14 13 1 15 2 0 3 4 6 10 11 12 14 13 15 1 0 2 6 3 10 4 11 12 13 15 14 1 0 11 3 12 4 14 15
7

0 2 1 9 3 10 4 11 6 12 7 14 13 1 15 2 0 3 4 6 10 11 12 14 13 15 1 0 2 6 3 10 4 11 12 13 15 14 1 0 11 3 12 4 14 15
5

0 1 2 3 4 6 5 7 8 12 9 14 11 15 13 2 0 4 3 7 5 11 12 13 14 3 15 4 0 12 2 13 5 15 7 0 11 3 14 5 2 15 12
8

0 1 2 3 4 7 5 12 9 14 10 15 11 1 13 2 0 4 3 7 5 11 12 13 14 3 15 4 0 12 2 13 5 15 7 0 11 3 14 5 2 15 12
1

0 1 2 3 4 7 5 12 8 14 9 15 11 2 13 4 0 7 3 9 5 11 12 13 14 3 15 4 0 12 2 13 5 15 7 0 11 3 14 5 2 15 12
8

0 1 2 3 4 7 5 12 8 14 9 15 11 2 13 4 0 7 3 11 5 13 12 3 14 4 15 12 0 13 2 15 5 0 7 3 11 4 14 5 2 15 12
8

0 1 2 3 4 7 5 12 9 14 10 15 11 2 13 4 0 7 3 11 5 13 12 3 14 4 15 12 0 13 2 15 5 0 7 3 11 5 14 7 2 15 12
11

0 1 2 3 4 7 5 12 9 14 10 15 11 2 13 4 0 7 3 11 5 13 12 3 14 4 15 12 0 13 2 15 5 0 7 3 11 5 14 11 2 15 12
7

0 2 1 4 3 5 6 9 7 14 10 15 12 0 1 4 2 10 3 12 5 0 6 1 9 4 14 6 15 9 2 14 3 15 10 0 12 3 1 12 2 15 4
5

0 2 1 3 4 10 5 12 6 13 8 0 14 1 15 3 5 6 10 8 13 12 15 14 0 5 1 8 3 10 6 13 12 14 15 1 0 3 6 12 14 15
7

0 3 1 9 4 10 5 12 6 13 8 0 14 1 15 3 5 6 10 8 13 12 15 14 0 5 1 8 3 10 6 13 12 14 15 1 0 3 6 12 14 15
7

0 3 1 9 5 10 6 12 7 13 8 0 14 1 15 3 5 6 10 8 13 12 15 14 0 5 1 8 3 10 6 13 12 14 15 1 0 3 6 12 14 15
4

0 3 1 10 4 11 5 12 6 13 8 0 14 1 15 3 5 6 10 8 13 12 15 14 0 5 1 8 3 10 6 13 12 14 15 1 0 3 6 12 14 15
7

0 3 1 10 5 11 6 12 7 13 8 0 14 1 15 3 5 6 10 8 13 12 15 14 0 5 1 8 3 10 6 13 12 14 15 1 0 3 6 12 14 15
4

0 3 1 10 5 12 6 13 7 0 8 1 14 3 15 6 5 7 10 8 13 12 15 14 0 5 1 8 3 10 6 13 12 14 15 1 0 3 6 12 14 15
4

2 0 3 1 4 7 6 9 8 10 12 13 14 0 15 2 3 4 7 6 9 12 10 14 13 15 0 2 3 4 6 7 10 9 12 13 14 0 15 3 7 4 9 12 13 15
2

2 0 3 1 4 7 6 9 11 10 12 13 14 0 15 2 3 4 7 6 9 12 10 14 13 15 0 2 3 4 6 7 10 9 12 13 14 0 15 3 7 4 9 12 13 15
2

2 0 3 1 4 7 6 9 12 10 14 13 15 0 3 2 7 4 9 6 10 12 13 14 0 15 3 2 6 4 10 7 12 9 14 13 15 0 6 3 7 4 9 12 13 15
2

2 0 3 1 4 7 6 9 12 10 14 13 15 0 3 2 7 4 9 6 10 12 13 14 0 15 3 2 6 4 10 7 12 9 14 13 15 0 7 3 9 4 10 12 13 15
2

2 0 3 1 4 7 6 9 12 10 14 13 15 0 3 2 7 4 9 6 10 12 13 14 0 15 3 2 6 4 10 7 12 9 14 13 15 0 7 3 9 4 13 12 14 15
2

1 0 2 7 3 8 4 9 6 10 12 13 14 0 15 2 3 4 7 6 9 12 10 14 13 15 0 2 3 4 6 7 10 9 12 13 14 0 15 3 7 4 9 12 13 15
2

2 0 3 7 4 8 6 9 11 10 12 13 14 0 15 2 3 4 7 6 9 12 10 14 13 15 0 2 3 4 6 7 10 9 12 13 14 0 15 3 7 4 9 12 13 15
2

2 0 3 7 4 8 6 9 12 10 14 13 15 0 3 2 7 4 9 6 10 12 13 14 0 15 3 2 6 4 10 7 12 9 14 13 15 0 6 3 7 4 9 12 13 15
2

2 0 3 7 4 8 6 9 12 10 14 13 15 0 3 2 7 4 9 6 10 12 13 14 0 15 3 2 6 4 10 7 12 9 14 13 15 0 7 3 9 4 10 12 13 15
2

2 0 3 7 4 8 6 9 12 10 14 13 15 0 3 2 7 4 9 6 10 12 13 14 0 15 3 2 6 4 10 7 12 9 14 13 15 0 7 3 9 4 13 12 14 15
2

1 0 2 7 3 9 4 10 6 11 12 13 14 0 15 2 3 4 7 6 9 12 10 14 13 15 0 2 3 4 6 7 10 9 12 13 14 0 15 3 7 4 9 12 13 15
2

2 0 3 7 4 9 6 10 8 11 12 13 14 0 15 2 3 4 7 6 9 12 10 14 13 15 0 2 3 4 6 7 10 9 12 13 14 0 15 3 7 4 9 12 13 15
2

2 0 3 7 4 9 6 10 12 11 14 13 15 0 3 2 7 4 9 6 10 12 13 14 0 15 3 2 6 4 10 7 12 9 14 13 15 0 6 3 7 4 9 12 13 15
2

2 0 3 7 4 9 6 10 12 11 14 13 15 0 3 2 7 4 9 6 10 12 13 14 0 15 3 2 6 4 10 7 12 9 14 13 15 0 7 3 9 4 10 12 13 15
2

2 0 3 7 4 9 6 10 12 11 14 13 15 0 3 2 7 4 9 6 10 12 13 14 0 15 3 2 6 4 10 7 12 9 14 13 15 0 7 3 9 4 13 12 14 15
2

0 3 1 10 4 12 5 13 6 0 8 1 14 3 15 6 5 8 10 12 13 14 15 5 0 8 1 10 3 13 6 14 12 1 15 3 0 5 6 12 14 15
7

0 3 1 10 5 12 6 13 7 0 8 1 14 3 15 6 5 8 10 12 13 14 15 5 0 8 1 10 3 13 6 14 12 1 15 3 0 5 6 12 14 15
4

2 0 3 7 4 9 6 10 8 13 12 0 14 2 15 4 3 6 7 12 9 14 10 15 13 2 0 4 3 7 6 9 10 13 12 0 14 3 15 4 7 6 9 12 13 15
2

1 0 3 5 4 7 6 8 11 12 15 14 1 0 3 6 4 7 5 12 8 14 11 1 15 3 0 4 7 5 8 6 11 14 12 3 15 6 0 7 1 12 4 15 14
11

3 0 5 1 6 4 8 7 13 10 14 11 15 12 1 0 3 13 4 15 6 0 7 1 8 3 10 4 11 6 12 7 8 10 12 11 13 3 15 8 0 12 4 15 7
5

3 0 6 1 8 4 9 7 13 10 14 11 15 12 1 0 3 13 4 15 6 0 7 1 8 3 10 4 11 6 12 7 8 10 12 11 13 3 15 8 0 12 4 15 7
9

3 0 6 1 8 4 13 7 14 10 15 11 1 12 3 0 4 13 6 15 7 0 8 1 10 3 11 4 12 6 14 7 8 10 12 11 13 3 15 8 0 12 4 15 7
14

3 0 5 1 6 2 8 4 13 7 14 10 15 11 1 12 3 0 4 13 6 15 7 0 8 1 10 3 11 4 12 6 8 7 12 10 13 11 15 3 0 8 4 12 7 15
5

3 0 6 1 8 2 9 4 13 7 14 10 15 11 1 12 3 0 4 13 6 15 7 0 8 1 10 3 11 4 12 6 8 7 12 10 13 11 15 3 0 8 4 12 7 15
9

2 0 3 1 6 4 8 5 13 7 14 10 15 11 1 12 3 0 4 13 6 15 7 0 8 1 10 3 11 4 12 6 8 7 12 10 13 11 15 3 0 8 4 12 7 15
5

3 0 6 1 8 4 13 5 14 7 15 10 1 11 3 12 4 0 6 13 7 15 8 0 10 1 11 3 12 4 8 6 12 7 13 10 15 11 0 3 1 8 4 12 7 15
5

3 0 6 1 8 4 13 5 14 7 15 10 1 11 3 12 4 0 6 13 7 15 8 0 10 1 11 3 12 4 8 6 12 7 13 10 15 11 0 3 4 8 6 12 7 15
5

3 0 6 1 8 4 13 5 14 7 15 10 1 11 3 12 4 0 6 13 7 15 8 0 10 1 11 3 12 4 8 6 12 7 13 10 15 11 0 3 4 8 7 12 10 15
5

3 0 6 1 8 4 13 5 14 7 15 10 1 11 3 12 4 0 6 13 7 15 8 0 10 1 11 3 12 4 8 6 12 7 13 10 15 11 0 3 4 8 7 12 11 15
5

3 0 6 1 8 4 13 5 14 7 15 10 1 11 3 12 4 0 6 13 7 15 8 0 10 1 11 3 12 4 8 6 12 7 13 10 15 11 0 3 4 8 7 12 13 15
5

2 0 3 1 6 4 8 7 13 9 14 10 15 11 1 12 3 0 4 13 6 15 7 0 8 1 10 3 11 4 12 6 8 7 12 10 13 11 15 3 0 8 4 12 7 15
9

3 0 6 1 8 4 13 7 14 9 15 10 1 11 3 12 4 0 6 13 7 15 8 0 10 1 11 3 12 4 8 6 12 7 13 10 15 11 0 3 1 8 4 12 7 15
9

3 0 6 1 8 4 13 7 14 9 15 10 1 11 3 12 4 0 6 13 7 15 8 0 10 1 11 3 12 4 8 6 12 7 13 10 15 11 0 3 4 8 6 12 7 15
9

3 0 6 1 8 4 13 7 14 9 15 10 1 11 3 12 4 0 6 13 7 15 8 0 10 1 11 3 12 4 8 6 12 7 13 10 15 11 0 3 4 8 7 12 10 15
9

3 0 6 1 8 4 13 7 14 9 15 10 1 11 3 12 4 0 6 13 7 15 8 0 10 1 11 3 12 4 8 6 12 7 13 10 15 11 0 3 4 8 7 12 11 15
9

3 0 6 1 8 4 13 7 14 9 15 10 1 11 3 12 4 0 6 13 7 15 8 0 10 1 11 3 12 4 8 6 12 7 13 10 15 11 0 3 4 8 7 12 13 15
9

2 0 3 1 6 4 8 7 13 10 14 11 15 12 1 0 3 13 4 14 6 15 7 0 8 1 10 3 11 4 12 6 8 7 12 10 13 11 15 3 0 8 4 12 7 15
14

3 0 6 1 8 4 13 7 14 10 15 11 1 12 3 0 4 13 6 14 7 15 8 0 10 1 11 3 12 4 8 6 12 7 13 10 15 11 0 3 1 8 4 12 7 15
14

3 0 6 1 8 4 13 7 14 10 15 11 1 12 3 0 4 13 6 14 7 15 8 0 10 1 11 3 12 4 8 6 12 7 13 10 15 11 0 3 4 8 6 12 7 15
14

3 0 6 1 8 4 13 7 14 10 15 11 1 12 3 0 4 13 6 14 7 15 8 0 10 1 11 3 12 4 8 6 12 7 13 10 15 11 0 3 4 8 7 12 10 15
14

3 0 6 1 8 4 13 7 14 10 15 11 1 12 3 0 4 13 6 14 7 15 8 0 10 1 11 3 12 4 8 6 12 7 13 10 15 11 0 3 4 8 7 12 11 15
14

3 0 6 1 8 4 13 7 14 10 15 11 1 12 3 0 4 13 6 14 7 15 8 0 10 1 11 3 12 4 8 6 12 7 13 10 15 11 0 3 4 8 7 12 13 15
14

3 0 5 1 6 4 8 7 13 10 14 11 15 12 1 0 3 13 4 15 6 0 7 1 8 3 10 4 11 6 12 7 8 10 12 11 13 1 15 3 0 8 4 12 7 15
5

3 0 6 1 8 4 9 7 13 10 14 11 15 12 1 0 3 13 4 15 6 0 7 1 8 3 10 4 11 6 12 7 8 10 12 11 13 1 15 3 0 8 4 12 7 15
9

3 0 6 1 8 4 13 7 14 10 15 11 1 12 3 0 4 13 6 15 7 0 8 1 10 3 11 4 12 6 14 7 8 10 12 11 13 1 15 3 0 8 4 12 7 15
14

0 3 1 10 4 12 5 13 6 0 8 1 14 3 15 6 5 8 10 12 13 14 15 5 0 8 1 10 3 13 6 14 12 1 15 3 0 8 6 12 14 15
7

0 3 1 10 5 12 6 13 7 0 8 1 14 3 15 6 5 8 10 12 13 14 15 5 0 8 1 10 3 13 6 14 12 1 15 3 0 8 6 12 14 15
4

3 0 5 1 6 4 8 7 13 10 14 11 15 12 1 0 3 13 4 15 6 0 7 1 8 3 10 4 11 6 12 7 8 10 12 11 13 3 15 6 0 8 4 12 7 15
5

3 0 6 1 8 4 9 7 13 10 14 11 15 12 1 0 3 13 4 15 6 0 7 1 8 3 10 4 11 6 12 7 8 10 12 11 13 3 15 6 0 8 4 12 7 15
9

3 0 6 1 8 4 13 7 14 10 15 11 1 12 3 0 4 13 6 15 7 0 8 1 10 3 11 4 12 6 14 7 8 10 12 11 13 3 15 6 0 8 4 12 7 15
14

0 1 2 10 3 11 7 12 8 13 9 0 14 1 15 3 2 7 9 8 12 10 13 11 15 14 3 0 7 1 8 2 9 11 12 14 13 0 15 7 1 9 3 12 11 15
10

0 3 1 10 4 12 5 13 6 0 8 1 14 3 15 6 5 8 10 12 13 14 15 5 0 8 1 10 3 13 6 14 12 1 15 3 0 10 6 12 14 15
7

0 3 1 10 5 12 6 13 7 0 8 1 14 3 15 6 5 8 10 12 13 14 15 5 0 8 1 10 3 13 6 14 12 1 15 3 0 10 6 12 14 15
4

2 0 3 7 4 9 6 10 8 13 12 0 14 2 15 4 3 6 7 12 9 14 10 15 13 2 0 4 3 7 6 9 10 13 12 0 14 3 15 4 7 10 9 12 13 15
2

0 2 1 3 5 4 6 9 8 10 12 11 13 14 15 0 1 2 3 5 8 6 12 9 14 10 15 11 3 0 5 2 6 11 10 15 12 6 0 10 2 12 3 15 11
9

0 2 1 3 5 4 6 7 8 9 12 10 13 11 15 14 1 0 3 2 7 5 8 6 12 9 14 10 15 11 3 0 5 2 6 11 10 15 12 6 0 10 2 12 3 15 11
9

0 2 1 3 5 4 6 9 8 10 12 11 13 14 15 0 1 2 3 4 8 5 12 6 14 9 15 10 1 11 3 0 5 2 6 11 10 15 12 6 0 10 2 12 3 15 11
9

0 2 1 3 5 4 6 9 8 10 12 11 13 14 15 0 1 2 3 4 8 5 12 6 14 9 15 10 3 11 5 0 6 2 8 11 10 15 12 6 0 10 2 12 3 15 11
9

0 2 1 3 5 4 6 9 8 10 12 11 13 14 15 0 1 2 3 4 8 5 12 6 14 9 15 10 3 11 5 0 6 2 10 11 12 15 14 6 0 10 2 12 3 15 11
9

0 2 1 3 5 4 6 9 8 10 12 11 13 14 15 0 1 2 3 4 8 5 12 6 14 9 15 10 3 11 5 0 6 2 10 11 12 15 0 6 2 10 3 12 5 15 11
9

0 2 1 3 5 4 6 9 8 10 12 11 13 14 15 0 1 2 3 5 8 6 12 9 14 10 15 11 3 13 5 0 6 2 10 11 12 15 0 6 2 10 3 12 11 15
9

0 2 1 3 5 4 6 9 8 10 12 11 13 14 15 0 1 2 3 5 4 6 8 9 12 10 14 11 15 13 3 0 5 2 6 11 10 15 12 6 0 10 2 12 3 15 11
9

0 2 1 3 5 4 6 9 8 10 12 11 13 14 15 0 1 2 3 5 8 6 12 9 14 10 15 11 1 13 3 0 5 2 6 11 10 15 12 6 0 10 2 12 3 15 11
9

0 2 1 3 5 4 6 9 8 10 12 11 13 14 15 0 1 2 3 5 8 6 12 9 14 10 15 11 3 13 5 0 6 2 8 11 10 15 12 6 0 10 2 12 3 15 11
9

0 2 1 3 5 4 6 9 8 10 12 11 13 14 15 0 1 2 3 5 8 6 12 9 14 10 15 11 3 13 5 0 6 2 10 11 12 15 13 6 0 10 2 12 3 15 11
9

0 2 1 3 5 4 6 9 8 10 12 11 13 14 15 0 1 2 3 5 8 6 12 9 14 10 15 11 3 13 5 0 6 2 10 11 12 15 14 6 0 10 2 12 3 15 11
9

0 2 1 3 5 4 6 9 8 10 12 11 13 14 15 0 1 2 3 5 8 6 12 9 14 10 15 11 3 13 5 0 6 2 10 11 12 15 0 6 2 10 3 12 5 15 11
9

0 2 1 3 5 4 6 9 8 10 12 11 13 14 15 0 1 2 3 5 4 6 8 9 12 10 14 11 15 0 3 1 5 2 6 11 10 15 12 6 0 10 2 12 3 15 11
9

0 2 1 3 5 4 6 9 8 10 12 11 13 14 15 0 1 2 3 5 8 6 12 9 14 10 15 11 3 0 5 1 6 2 8 11 10 15 12 6 0 10 2 12 3 15 11
9

0 2 1 3 5 4 6 9 8 10 12 11 13 14 15 0 1 2 3 5 8 6 12 9 14 10 15 11 3 0 5 1 6 2 10 11 12 15 14 6 0 10 2 12 3 15 11
9

0 2 1 3 5 4 6 9 8 10 12 11 13 14 15 0 1 2 3 5 8 6 12 9 14 10 15 11 3 0 5 1 6 2 10 11 12 15 0 6 2 10 3 12 5 15 11
9

0 2 1 3 5 4 6 9 8 10 12 11 13 14 15 0 1 2 3 5 4 6 8 9 12 10 14 11 15 0 3 2 5 8 6 11 10 15 12 6 0 10 2 12 3 15 11
9

0 2 1 3 5 4 6 9 8 10 12 11 13 14 15 0 1 2 3 5 8 6 12 9 14 10 15 11 1 0 3 2 5 8 6 11 10 15 12 6 0 10 2 12 3 15 11
9

0 2 1 3 5 4 6 9 8 10 12 11 13 14 15 0 1 2 3 5 8 6 12 9 14 10 15 11 3 0 5 2 6 8 10 11 12 15 14 6 0 10 2 12 3 15 11
9

0 2 1 3 5 4 6 9 8 10 12 11 13 14 15 0 1 2 3 5 8 6 12 9 14 10 15 11 3 0 5 2 6 8 10 11 12 15 0 6 2 10 3 12 5 15 11
9

0 2 1 3 5 4 6 9 8 10 12 11 13 14 15 0 1 2 3 5 8 6 12 9 14 10 15 11 3 0 5 2 6 8 10 11 12 15 0 6 2 10 3 12 8 15 11
9

0 2 1 3 5 4 6 9 8 10 12 11 13 14 15 0 1 2 3 5 4 6 8 9 12 10 14 11 15 0 3 2 5 11 6 14 10 15 12 6 0 10 2 12 3 15 11
9

0 2 1 3 5 4 6 9 8 10 12 11 13 14 15 0 1 2 3 5 8 6 12 9 14 10 15 11 1 0 3 2 5 11 6 14 10 15 12 6 0 10 2 12 3 15 11
9

0 2 1 3 5 4 6 9 8 10 12 11 13 14 15 0 1 2 3 5 8 6 12 9 14 10 15 11 3 0 5 2 6 11 8 14 10 15 12 6 0 10 2 12 3 15 11
9

0 2 1 3 5 4 6 9 8 10 12 11 13 14 15 0 1 2 3 5 8 6 12 9 14 10 15 11 3 0 5 2 6 11 10 14 12 15 0 6 2 10 3 12 5 15 11
9

0 2 1 3 5 4 6 9 8 10 12 11 13 14 15 0 1 2 3 5 8 6 12 9 14 10 15 11 3 0 5 2 6 11 10 14 12 15 0 6 2 10 3 12 11 15 14
9

0 2 1 3 5 4 6 9 8 10 12 11 13 14 15 0 1 2 3 5 4 6 8 9 12 10 14 11 15 0 3 2 5 11 6 15 10 5 12 6 0 10 2 12 3 15 11
9

0 2 1 3 5 4 6 9 8 10 12 11 13 14 15 0 1 2 3 5 8 6 12 9 14 10 15 11 1 0 3 2 5 11 6 15 10 5 12 6 0 10 2 12 3 15 11
9

0 2 1 3 5 4 6 9 8 10 12 11 13 14 15 0 1 2 3 5 8 6 12 9 14 10 15 11 3 0 5 2 6 11 8 15 10 5 12 6 0 10 2 12 3 15 11
9

0 2 1 3 5 4 6 9 8 10 12 11 13 14 15 0 1 2 3 5 8 6 12 9 14 10 15 11 3 0 5 2 6 11 10 15 12 5 14 6 0 10 2 12 3 15 11
9

3 0 5 1 6 4 8 7 13 10 14 11 15 12 1 0 3 13 4 15 6 0 7 1 8 3 10 4 11 6 12 7 8 10 12 11 13 3 15 8 0 10 4 12 7 15
5

3 0 6 1 8 4 9 7 13 10 14 11 15 12 1 0 3 13 4 15 6 0 7 1 8 3 10 4 11 6 12 7 8 10 12 11 13 3 15 8 0 10 4 12 7 15
9

3 0 6 1 8 4 13 7 14 10 15 11 1 12 3 0 4 13 6 15 7 0 8 1 10 3 11 4 12 6 14 7 8 10 12 11 13 3 15 8 0 10 4 12 7 15
14

0 2 1 3 4 5 6 10 11 12 15 13 1 14 3 0 5 4 10 14 11 1 12 3 13 5 15 11 0 13 4 15 12 0 14 11 1 12 3 15 14
2

0 2 1 3 4 5 11 10 15 12 1 13 2 14 3 0 5 4 10 14 11 1 12 3 13 5 15 11 0 13 4 15 12 0 14 11 1 12 3 15 14
6

0 2 1 3 4 5 6 7 11 10 15 12 1 13 3 14 5 0 10 4 11 14 12 1 13 3 15 5 0 11 4 13 12 15 14 0 1 11 3 12 14 15
7

0 2 1 3 4 5 8 7 11 10 15 12 1 13 3 14 5 0 10 4 11 14 12 1 13 3 15 5 0 11 4 13 12 15 14 0 1 11 3 12 14 15
7

0 2 1 3 4 5 11 7 15 10 1 12 3 13 5 14 10 0 11 4 12 14 13 1 15 3 0 5 4 11 10 13 12 15 14 0 1 11 3 12 14 15
7

0 2 1 3 4 5 11 7 15 10 1 12 3 13 5 14 10 0 11 4 12 14 13 1 15 3 0 5 4 11 12 13 14 15 1 0 3 11 4 12 14 15
7

0 2 1 3 4 5 11 7 15 10 1 12 3 13 5 14 10 0 11 4 12 14 13 1 15 3 0 5 4 11 12 13 14 15 1 0 3 11 5 12 14 15
7

0 2 1 3 4 5 11 7 15 10 1 12 3 13 5 14 10 0 11 4 12 14 13 1 15 3 0 5 4 11 12 13 14 15 1 0 3 11 13 12 14 15
7

0 2 1 3 4 5 7 8 11 10 15 12 1 13 3 14 5 0 10 4 11 14 12 1 13 3 15 5 0 11 4 13 12 15 14 0 1 11 3 12 14 15
7

0 2 1 3 4 5 9 8 11 10 15 12 1 13 3 14 5 0 10 4 11 14 12 1 13 3 15 5 0 11 4 13 12 15 14 0 1 11 3 12 14 15
9

0 2 1 3 4 5 8 9 11 10 15 12 1 13 3 14 5 0 10 4 11 14 12 1 13 3 15 5 0 11 4 13 12 15 14 0 1 11 3 12 14 15
9

0 2 1 3 4 5 11 9 15 10 1 12 3 13 5 14 10 0 11 4 12 14 13 1 15 3 0 5 4 11 10 13 12 15 14 0 1 11 3 12 14 15
9

0 2 1 3 4 5 11 9 15 10 1 12 3 13 5 14 10 0 11 4 12 14 13 1 15 3 0 5 4 11 12 13 14 15 1 0 3 11 4 12 14 15
9

0 2 1 3 4 5 11 9 15 10 1 12 3 13 5 14 10 0 11 4 12 14 13 1 15 3 0 5 4 11 12 13 14 15 1 0 3 11 5 12 14 15
9

0 2 1 3 4 5 11 9 15 10 1 12 3 13 5 14 10 0 11 4 12 14 13 1 15 3 0 5 4 11 12 13 14 15 1 0 3 11 13 12 14 15
9

0 2 1 3 4 5 8 10 11 12 15 13 1 14 3 0 5 4 10 8 11 14 12 1 13 3 15 5 0 11 4 13 12 15 14 0 1 11 3 12 14 15
8

0 2 1 3 4 5 7 10 11 12 15 13 1 14 3 0 5 4 10 14 11 1 12 3 13 5 15 10 0 11 4 13 12 15 14 0 1 11 3 12 14 15
7

0 2 1 3 4 5 9 10 11 12 15 13 1 14 3 0 5 4 10 14 11 1 12 3 13 5 15 10 0 11 4 13 12 15 14 0 1 11 3 12 14 15
9

0 2 1 3 4 5 7 10 11 12 15 13 1 14 3 0 5 4 10 14 11 1 12 3 13 5 15 11 0 13 4 15 12 0 14 4 1 11 3 12 14 15
7

0 2 1 3 4 5 9 10 11 12 15 13 1 14 3 0 5 4 10 14 11 1 12 3 13 5 15 11 0 13 4 15 12 0 14 4 1 11 3 12 14 15
9

0 2 1 3 4 5 7 10 11 12 15 13 1 14 3 0 5 4 10 14 11 1 12 3 13 5 15 11 0 13 4 15 12 0 14 5 1 11 3 12 14 15
7

0 2 1 3 4 5 9 10 11 12 15 13 1 14 3 0 5 4 10 14 11 1 12 3 13 5 15 11 0 13 4 15 12 0 14 5 1 11 3 12 14 15
9

3 0 5 1 6 4 8 7 13 10 14 11 15 12 1 0 3 13 4 15 6 0 7 1 8 3 10 4 11 6 12 7 8 10 12 11 13 3 15 8 0 11 4 12 7 15
5

3 0 6 1 8 4 9 7 13 10 14 11 15 12 1 0 3 13 4 15 6 0 7 1 8 3 10 4 11 6 12 7 8 10 12 11 13 3 15 8 0 11 4 12 7 15
9

3 0 6 1 8 4 13 7 14 10 15 11 1 12 3 0 4 13 6 15 7 0 8 1 10 3 11 4 12 6 14 7 8 10 12 11 13 3 15 8 0 11 4 12 7 15
14

0 1 2 3 4 7 5 12 8 14 9 15 11 2 13 4 0 7 3 11 5 13 12 3 14 4 15 12 0 13 2 15 5 0 7 3 11 5 14 13 2 15 12
8

0 3 1 10 4 12 5 13 6 0 8 1 14 3 15 6 5 8 10 12 13 14 15 5 0 8 1 10 3 13 6 14 12 1 15 3 0 12 6 13 14 15
7

0 3 1 10 5 12 6 13 7 0 8 1 14 3 15 6 5 8 10 12 13 14 15 5 0 8 1 10 3 13 6 14 12 1 15 3 0 12 6 13 14 15
4

1 0 2 10 3 13 5 15 7 0 8 1 12 3 14 5 7 10 8 13 12 14 15 3 0 8 1 15 5 1 7 3 10 7 12 12 13 13 0 15 8
2

1 0 3 2 5 10 7 13 8 15 11 0 12 1 14 3 7 5 8 10 12 13 15 14 0 3 1 8 5 15 7 1 10 3 12 7 13 12 0 13 8 15
2

1 0 3 2 5 10 7 13 8 15 12 0 14 1 7 3 8 5 12 10 15 13 0 14 1 3 5 8 7 15 10 1 12 3 13 7 14 12 0 13 8 15
2

1 0 3 2 5 10 7 13 8 15 12 0 14 1 7 3 8 5 12 10 15 13 0 14 1 3 5 8 7 15 10 1 12 3 13 7 0 12 5 13 8 15
2

1 0 3 2 5 10 7 13 8 15 12 0 14 1 7 3 8 5 12 10 15 13 0 14 1 3 5 8 7 15 10 1 12 3 13 7 0 12 8 13 10 15
2

1 0 2 4 3 10 5 13 7 15 8 0 12 1 14 3 7 5 8 10 12 13 15 14 0 3 1 8 5 15 7 1 10 3 12 7 13 12 0 13 8 15
2

1 0 3 4 5 10 7 13 8 15 9 0 12 1 14 3 7 5 8 10 12 13 15 14 0 3 1 8 5 15 7 1 10 3 12 7 13 12 0 13 8 15
6

1 0 2 6 3 10 5 13 7 15 8 0 12 1 14 3 7 5 8 10 12 13 15 14 0 3 1 8 5 15 7 1 10 3 12 7 13 12 0 13 8 15
2

1 0 2 9 3 10 5 13 7 15 8 0 12 1 14 3 7 5 8 10 12 13 15 14 0 3 1 8 5 15 7 1 10 3 12 7 13 12 0 13 8 15
2

1 0 3 9 4 10 5 13 7 15 8 0 12 1 14 3 7 5 8 10 12 13 15 14 0 3 1 8 5 15 7 1 10 3 12 7 13 12 0 13 8 15
6

1 0 2 10 3 11 5 13 7 15 8 0 12 1 14 3 7 5 8 10 12 13 15 14 0 3 1 8 5 15 7 1 10 3 12 7 13 12 0 13 8 15
2

1 0 2 10 3 13 5 15 7 0 8 1 12 3 14 5 7 10 8 13 12 14 15 3 0 8 1 14 5 15 7 1 10 3 12 7 13 12 0 13 8 15
2

1 0 3 10 4 13 5 15 7 0 8 1 12 3 14 5 7 10 8 13 12 14 15 3 0 8 1 14 5 15 7 1 10 3 12 7 13 12 0 13 8 15
6

1 0 3 10 5 13 7 15 8 0 9 1 12 3 14 5 7 10 8 13 12 14 15 3 0 8 1 14 5 15 7 1 10 3 12 7 13 12 0 13 8 15
6

2 0 3 1 4 10 5 11 7 14 8 0 12 2 13 7 15 10 3 14 4 15 8 3 11 4 12 8 13 11 0 14 2 15 7 2 10 3 12 7 13 12 0 13 11 15 14
5

2 0 3 1 4 10 6 11 7 14 8 0 12 2 13 7 15 10 3 14 4 15 8 3 11 4 12 8 13 11 0 14 2 15 7 2 10 3 12 7 13 12 0 13 11 15 14
6

2 0 3 1 4 6 5 10 7 11 8 14 12 0 13 2 15 7 3 10 4 14 8 15 11 3 12 4 13 8 0 11 2 14 7 15 10 2 12 3 13 7 0 12 11 13 14 15
6

2 0 3 1 4 6 7 10 8 11 12 14 13 0 15 2 1 7 3 10 4 14 8 15 11 3 12 4 13 8 0 11 2 14 7 15 10 2 12 3 13 7 0 12 11 13 14 15
6

2 0 3 1 4 6 7 10 8 11 12 14 13 0 15 2 3 7 4 10 8 14 11 15 12 3 13 4 0 8 2 11 7 14 10 15 12 2 13 3 0 7 4 12 11 13 14 15
6

2 0 3 1 4 6 7 10 8 11 12 14 13 0 15 2 3 7 4 10 8 14 11 15 12 3 13 4 0 8 2 11 7 14 10 15 12 2 13 3 0 7 8 12 11 13 14 15
6

2 0 3 1 4 6 7 10 8 11 12 14 13 0 15 2 3 7 4 10 8 14 11 15 12 3 13 4 0 8 2 11 7 14 10 15 12 2 13 3 0 7 10 12 11 13 14 15
6

2 0 3 1 4 9 7 10 8 11 12 14 13 0 15 2 1 7 3 10 4 14 8 15 11 3 12 4 13 8 0 11 2 14 7 15 10 2 12 3 13 7 0 12 11 13 14 15
9

2 0 3 1 4 9 7 10 8 11 12 14 13 0 15 2 3 7 4 10 8 14 11 15 12 3 13 4 0 8 2 11 7 14 10 15 12 2 13 3 0 7 4 12 11 13 14 15
9

2 0 3 1 4 9 7 10 8 11 12 14 13 0 15 2 3 7 4 10 8 14 11 15 12 3 13 4 0 8 2 11 7 14 10 15 12 2 13 3 0 7 8 12 11 13 14 15
9

2 0 3 1 4 9 7 10 8 11 12 14 13 0 15 2 3 7 4 10 8 14 11 15 12 3 13 4 0 8 2 11 7 14 10 15 12 2 13 3 0 7 10 12 11 13 14 15
9

1 0 2 10 3 13 5 15 7 0 8 1 12 3 14 5 7 10 8 13 12 14 15 3 0 8 1 15 5 1 7 3 10 5 12 7 13 12 0 13 8 15
2

3 0 5 1 6 4 8 7 13 10 14 11 15 12 1 0 3 13 4 15 6 0 7 1 8 3 10 4 11 6 12 7 8 10 12 11 13 3 15 8 0 12 4 13 7 15
5

3 0 6 1 8 4 9 7 13 10 14 11 15 12 1 0 3 13 4 15 6 0 7 1 8 3 10 4 11 6 12 7 8 10 12 11 13 3 15 8 0 12 4 13 7 15
9

3 0 6 1 8 4 13 7 14 10 15 11 1 12 3 0 4 13 6 15 7 0 8 1 10 3 11 4 12 6 14 7 8 10 12 11 13 3 15 8 0 12 4 13 7 15
14

1 0 2 10 3 13 5 15 7 0 8 1 12 3 14 5 7 10 8 13 12 14 15 3 0 8 1 15 5 1 7 3 10 7 12 10 13 12 0 13 8 15
2

0 2 1 3 4 5 7 10 11 12 15 13 1 14 3 0 5 4 10 14 11 1 12 3 13 5 15 11 0 13 4 15 12 0 14 11 1 12 3 13 14 15
7

0 2 1 3 4 5 9 10 11 12 15 13 1 14 3 0 5 4 10 14 11 1 12 3 13 5 15 11 0 13 4 15 12 0 14 11 1 12 3 13 14 15
9

0 2 1 4 3 7 5 8 6 9 10 11 13 12 0 14 2 15 7 1 8 3 13 9 14 10 15 12 0 2 1 7 3 8 9 12 15 13 1 14 3 0 9 14 12 15 13
6

0 2 1 6 3 7 4 8 5 9 10 11 13 12 0 14 2 15 7 1 8 3 13 9 14 10 15 12 0 2 1 7 3 8 9 12 15 13 1 14 3 0 9 14 12 15 13
6

0 2 1 6 3 7 5 8 10 9 13 11 0 12 2 14 7 15 8 1 11 3 13 9 14 10 15 12 0 2 1 7 3 8 9 12 15 13 1 14 3 0 9 14 12 15 13
6

0 2 1 6 3 7 5 8 10 9 13 11 0 12 2 14 7 15 8 1 13 3 14 9 15 10 0 12 1 2 3 7 9 8 10 12 15 13 1 14 3 0 9 14 12 15 13
6

0 2 1 6 3 7 5 8 10 9 13 11 0 12 2 14 7 15 8 1 13 3 14 9 15 10 0 12 1 2 3 7 9 8 15 12 1 13 2 14 3 0 9 14 12 15 13
6

0 2 1 6 3 7 5 8 10 9 13 11 0 12 2 14 7 15 8 1 13 3 14 9 15 10 0 12 1 2 3 7 9 8 15 12 1 13 3 14 7 0 9 14 12 15 13
6

0 2 1 6 3 7 5 8 10 9 13 11 0 12 2 14 7 15 8 1 13 3 14 9 15 10 0 12 1 2 3 7 9 8 15 12 1 13 3 14 8 0 9 14 12 15 13
6

0 2 1 7 3 8 5 9 10 11 13 12 0 14 2 15 7 1 8 3 13 5 14 9 15 10 0 12 1 2 3 7 9 8 10 12 15 13 1 14 3 0 9 14 12 15 13
5

0 2 1 7 3 8 5 9 6 11 10 12 13 14 0 15 2 1 7 3 8 9 13 10 14 11 15 12 0 2 1 7 3 8 9 12 15 13 1 14 3 0 9 14 12 15 13
6

0 2 1 7 3 8 5 9 10 11 13 12 0 14 2 15 7 1 8 3 13 9 14 10 15 12 0 2 1 7 3 8 9 10 15 12 1 13 3 14 9 0 12 14 13 15
5

0 2 1 7 3 8 5 9 6 11 10 12 13 14 0 15 2 1 7 3 8 9 13 10 14 12 15 2 0 7 1 8 3 10 9 12 15 13 1 14 3 0 9 14 12 15 13
6

0 2 1 7 3 8 5 9 6 11 10 12 13 14 0 15 2 1 7 3 8 9 13 10 14 12 15 2 0 7 1 8 3 12 9 13 15 14 1 0 3 2 9 14 12 15 13
6

0 1 2 4 3 5 6 10 8 12 9 13 11 15 14 1 0 3 2 10 4 11 6 12 13 0 14 1 15 2 3 4 10 6 12 11 14 13 15 2 0 3 1 14 11 15 12
9

0 1 2 4 3 7 6 10 8 12 9 13 11 15 14 1 0 3 2 10 4 11 6 12 13 0 14 1 15 2 3 4 10 6 12 11 14 13 15 2 0 3 1 14 11 15 12
9

0 1 2 4 3 9 6 10 8 12 11 13 14 15 0 1 2 3 4 10 6 11 13 12 14 0 15 1 3 2 10 4 12 6 14 11 15 13 0 2 1 3 11 14 12 15
9

0 1 2 4 3 9 5 10 6 12 8 13 11 15 14 1 0 3 2 10 4 11 6 12 13 0 14 1 15 2 3 4 10 6 12 11 14 13 15 2 0 3 1 14 11 15 12
9

0 1 2 4 3 10 6 12 8 13 9 15 11 1 14 3 0 8 2 10 4 11 6 12 13 0 14 1 15 2 3 4 10 6 12 11 14 13 15 2 0 3 1 14 11 15 12
9

0 1 2 4 3 10 6 12 8 13 9 15 11 1 14 3 0 10 2 11 4 12 6 0 13 1 14 2 15 4 3 6 10 11 12 13 14 2 15 3 0 4 1 14 11 15 12
9

0 1 2 3 4 7 5 12 8 14 9 15 11 2 13 4 0 7 3 11 5 13 12 3 14 4 15 12 0 13 2 15 5 0 7 3 11 5 14 14 2 15 12
8

0 2 1 7 3 8 5 9 6 11 10 12 13 14 0 15 2 1 7 3 8 9 13 10 14 12 15 2 0 7 1 8 3 12 9 13 15 14 1 0 3 7 9 14 12 15 13
6

0 2 1 7 3 8 5 9 6 11 10 12 13 14 0 15 2 1 7 3 8 9 13 10 14 12 15 2 0 7 1 8 3 12 9 13 15 14 1 0 3 8 9 14 12 15 13
6

2 0 3 7 4 9 6 10 8 13 12 0 14 2 15 4 3 6 7 12 9 14 10 15 13 2 0 4 3 7 6 9 10 13 12 0 14 3 15 4 7 12 9 14 13 15
2

0 1 2 4 3 10 6 12 8 13 9 15 11 1 14 3 0 10 2 11 4 12 6 0 13 1 14 2 15 4 3 6 10 11 12 13 14 2 15 3 0 13 1 14 11 15 12
9

2 0 3 1 4 6 8 7 9 10 11 14 12 15 13 2 0 4 1 9 3 12 6 14 8 1 11 2 13 3 15 9 0 11 4 12 6 15 13 0 14 6 2 13 3 14 12 15
7

2 0 3 1 4 6 8 7 9 10 11 14 12 15 13 2 0 4 1 9 3 12 6 14 10 1 11 2 13 3 15 9 0 11 4 12 6 15 13 0 14 6 2 13 3 14 12 15
7

2 0 3 1 4 6 8 7 9 10 11 14 12 15 13 2 0 4 1 9 3 12 6 14 11 1 13 2 15 3 0 9 4 11 6 12 13 15 14 0 1 6 2 13 3 14 12 15
7

2 0 3 1 4 6 8 7 9 10 11 14 12 15 13 2 0 4 1 9 3 12 6 14 11 1 13 2 15 3 0 9 4 11 6 12 13 15 14 0 2 6 3 13 4 14 12 15
7

2 0 3 1 4 6 8 7 9 10 11 14 12 15 13 2 0 4 1 9 3 12 6 14 11 1 13 2 15 3 0 9 4 11 6 12 13 15 14 0 2 6 3 13 9 14 12 15
7

2 0 3 1 4 6 8 7 9 10 11 14 12 15 13 2 0 4 1 9 3 12 6 14 11 1 13 2 15 3 0 9 4 11 6 12 13 15 14 0 2 6 3 13 11 14 12 15
7

2 0 3 1 4 6 7 10 8 14 9 15 11 2 12 4 13 8 0 9 1 12 3 14 6 1 11 2 13 3 15 9 0 11 4 12 6 15 13 0 14 6 2 13 3 14 12 15
7

2 0 3 1 4 6 7 10 8 14 9 15 11 2 12 4 13 9 0 10 1 12 3 14 6 1 11 2 13 3 15 9 0 11 4 12 6 15 13 0 14 6 2 13 3 14 12 15
7

2 0 3 1 4 6 7 10 8 14 9 15 11 2 12 4 13 9 0 12 1 14 3 1 6 2 11 3 13 9 15 11 0 12 4 15 6 0 13 1 14 6 2 13 3 14 12 15
7

2 0 3 1 4 6 7 10 8 14 9 15 11 2 12 4 13 9 0 12 1 14 3 1 6 2 11 3 13 9 15 11 0 12 4 15 6 0 13 4 14 6 2 13 3 14 12 15
7

2 0 3 1 4 6 7 10 8 14 9 15 11 2 12 4 13 9 0 12 1 14 3 1 6 2 11 3 13 9 15 11 0 12 4 15 6 0 13 6 14 9 2 13 3 14 12 15
7

2 0 3 1 4 6 7 10 8 14 9 15 11 2 12 4 13 9 0 12 1 14 3 1 6 2 11 3 13 9 15 11 0 12 4 15 6 0 13 6 14 11 2 13 3 14 12 15
7

0 1 3 2 6 12 8 15 10 0 11 2 13 6 14 11 1 12 3 13 8 14 15 0 1 8 3 11 6 12 13 15 14 0 12 1 13 3 15
10

0 1 3 2 6 12 8 15 10 0 11 2 13 6 14 11 1 12 3 13 8 14 15 0 1 8 3 11 6 12 13 15 14 0 12 1 14 3 15
10

0 1 3 2 6 12 8 15 10 0 11 6 13 10 14 11 1 12 3 13 8 14 15 0 1 8 3 11 6 12 13 15 14 0 12 1 15 3
9

0 1 3 2 6 12 8 15 10 0 11 6 13 10 14 11 1 12 3 13 8 14 15 0 1 8 3 11 6 12 13 15 14 0 12 1 13 3 15
2

0 1 3 2 6 12 8 15 10 0 11 6 13 10 14 11 1 12 3 13 8 14 15 0 1 8 3 11 6 12 13 15 14 0 12 1 14 3 15
2

2 0 3 6 4 7 10 8 14 11 0 12 3 13 4 15 6 8 7 10 11 12 3 14 4 15 8 0 12 6 14 7 15 11 8 0 12 3 14 4 15
13

3 0 4 6 10 7 14 8 0 11 3 12 4 13 6 15 7 8 11 10 3 12 4 14 8 15 10 0 12 6 14 7 15 11 8 0 12 3 14 4 15
13

0 1 2 4 3 6 9 7 10 8 11 12 13 14 15 0 1 4 2 7 3 12 8 15 11 1 13 2 0 3 4 8 7 11 12 13 0 15 12 3 13 8 15
5

0 3 1 8 2 9 6 12 11 14 13 1 15 8 0 11 2 12 3 15 6 0 9 2 13 9 14 11 1 12 3 14 6 15 8 3 0 6 12 8 15
13

0 3 1 5 2 8 6 9 11 12 13 14 15 1 0 8 2 11 3 12 6 15 9 0 13 2 14 9 1 11 3 12 6 14 8 15 0 3 12 6 15 8
13

0 3 1 7 2 8 6 9 11 12 13 14 15 1 0 8 2 11 3 12 6 15 9 0 13 2 14 9 1 11 3 12 6 14 8 15 0 3 12 6 15 8
13

0 3 1 8 2 9 6 12 7 14 11 1 13 8 15 11 0 12 2 13 3 15 6 0 9 2 14 9 1 11 3 12 6 14 8 15 0 3 12 6 15 8
13

0 3 1 8 2 9 6 12 11 14 13 1 15 8 0 11 2 12 3 13 6 15 9 0 14 2 1 9 3 11 6 12 8 14 0 15 1 3 12 6 15 8
13

0 3 1 8 2 9 6 12 11 14 13 1 15 8 0 11 2 12 3 13 6 15 9 0 14 2 1 9 3 11 6 12 8 14 0 15 2 3 12 6 15 8
13

0 3 1 8 2 9 6 12 11 14 13 1 15 8 0 11 2 12 3 13 6 15 9 0 14 2 1 9 3 11 6 12 8 14 0 15 9 3 12 6 15 8
13

0 3 1 8 2 9 6 12 11 14 13 1 15 8 0 11 2 12 3 13 6 15 9 0 14 2 1 9 3 11 6 12 8 14 0 15 11 3 12 6 15 8
13

0 3 1 8 2 9 6 12 11 14 13 1 15 8 0 11 2 12 3 13 6 15 9 0 14 2 1 9 3 11 6 12 8 14 0 15 12 3 14 6 15 8
13

0 3 1 8 2 9 6 12 11 14 13 1 15 8 0 11 2 12 3 15 6 0 9 2 13 9 14 11 1 12 3 14 6 15 8 1 0 3 12 6 15 8
13

0 3 1 8 2 9 6 12 11 14 13 1 15 8 0 11 2 12 3 15 6 0 9 2 13 9 14 11 1 12 3 14 6 15 8 2 0 3 12 6 15 8
13

0 3 1 8 2 9 6 12 11 14 13 1 15 8 0 11 2 12 3 15 6 0 9 2 13 9 14 11 1 12 3 14 6 15 8 3 0 6 12 8 15 9
13

0 3 1 4 8 5 9 11 10 14 12 1 13 4 15 5 0 8 3 9 10 12 11 14 4 15 11 0 12 1 14 3 15 5 3 8 4 10 5 0 12 11 15
13

0 2 1 3 8 4 9 5 10 11 12 14 13 1 15 4 0 5 3 8 10 9 11 12 4 14 11 15 12 0 14 1 15 3 3 5 4 8 5 10 12 0 15 11
13

0 3 1 4 8 5 9 6 10 11 12 14 13 1 15 4 0 5 3 8 10 9 11 12 4 14 11 15 12 0 14 1 15 3 3 5 4 8 5 10 12 0 15 11
13

0 3 1 4 8 5 9 7 10 11 12 14 13 1 15 4 0 5 3 8 10 9 11 12 4 14 11 15 12 0 14 1 15 3 3 5 4 8 5 10 12 0 15 11
13

0 3 1 4 2 5 8 11 9 13 10 14 12 1 15 4 0 5 3 8 10 9 11 12 4 14 11 15 12 0 14 1 15 3 3 5 4 8 5 10 12 0 15 11
13

0 3 1 4 6 5 8 11 9 13 10 14 12 1 15 4 0 5 3 8 10 9 11 12 4 14 11 15 12 0 14 1 15 3 3 5 4 8 5 10 12 0 15 11
13

0 3 1 4 7 5 8 11 9 13 10 14 12 1 15 4 0 5 3 8 10 9 11 12 4 14 11 15 12 0 14 1 15 3 3 5 4 8 5 10 12 0 15 11
13

0 3 1 4 8 5 9 11 10 13 12 14 15 1 0 4 3 5 10 8 11 9 4 12 9 14 11 15 12 0 14 1 15 3 3 5 4 8 5 10 12 0 15 11
13

0 3 1 4 8 5 9 11 10 13 12 14 15 1 0 4 3 5 10 8 11 9 4 12 11 14 12 15 14 0 15 1 1 3 3 5 4 8 5 10 12 0 15 11
13

0 3 1 4 8 5 9 11 10 13 12 14 15 1 0 4 3 5 10 8 11 9 4 12 11 14 12 15 14 0 15 1 4 3 3 5 5 8 8 10 12 0 15 11
13

0 3 1 4 8 5 9 11 10 13 12 14 15 1 0 4 3 5 10 8 11 9 4 12 11 14 12 15 14 0 15 1 4 3 3 5 5 8 12 10 10 0 15 11
13

0 3 1 4 8 5 9 11 10 13 12 14 15 1 0 4 3 5 10 8 11 9 4 12 11 14 12 15 14 0 15 1 4 3 3 5 5 8 12 10 14 0 15 11
13

0 3 1 4 7 5 8 11 9 14 10 1 12 4 15 5 0 7 3 8 10 9 11 12 4 14 11 15 12 0 14 1 15 3 3 5 4 8 5 10 12 0 15 11
7

0 3 1 4 8 5 9 11 10 14 12 1 13 4 15 5 0 8 3 9 10 12 11 14 4 15 11 0 12 1 14 3 15 5 3 8 4 9 5 10 12 0 15 11
13

3 0 6 1 11 2 12 4 13 7 15 8 7 14 8 0 12 2 14 3 15 4 0 11 2 13 3 4 7 8 14 11 2 12 3 13 4 15 8 0 12 11 15
1

3 0 11 1 12 2 13 4 15 7 7 8 8 14 12 0 14 2 15 3 0 4 2 11 3 13 7 4 14 8 2 11 3 12 4 13 8 15 12 0 13 11 15
1

3 0 11 1 12 2 13 4 15 7 7 8 8 14 12 0 14 2 15 3 0 4 2 11 3 13 7 4 14 8 2 11 3 12 4 13 8 15 12 0 14 11 15
1

3 0 9 2 11 4 12 5 13 7 15 8 7 14 8 0 12 2 14 3 15 4 0 11 2 13 3 4 7 8 14 11 2 12 3 13 4 15 8 0 12 11 15
6

3 0 11 2 12 4 13 5 15 7 7 8 8 14 12 0 14 2 15 3 0 4 2 11 3 13 7 4 14 8 2 11 3 12 4 13 8 15 12 0 13 11 15
6

3 0 11 2 12 4 13 5 15 7 7 8 8 14 12 0 14 2 15 3 0 4 2 11 3 13 7 4 14 8 2 11 3 12 4 13 8 15 12 0 14 11 15
6

3 0 9 2 11 4 12 7 13 8 15 10 7 14 8 0 12 2 14 3 15 4 0 11 2 13 3 4 7 8 14 11 2 12 3 13 4 15 8 0 12 11 15
6

3 0 11 2 12 4 13 7 15 8 7 10 8 14 12 0 14 2 15 3 0 4 2 11 3 13 7 4 14 8 2 11 3 12 4 13 8 15 12 0 13 11 15
6

3 0 11 2 12 4 13 7 15 8 7 10 8 14 12 0 14 2 15 3 0 4 2 11 3 13 7 4 14 8 2 11 3 12 4 13 8 15 12 0 14 11 15
6

0 3 1 4 8 5 9 11 10 14 12 1 13 4 15 5 0 8 3 9 10 12 11 14 4 15 11 0 12 1 14 3 15 5 3 8 4 10 5 0 12 1 15 11
13

2 0 3 1 4 5 6 13 7 15 11 0 12 2 1 4 3 7 11 12 13 15 0 1 4 2 7 3 12 11 13 15 2 0 12 3 15 11
9

2 0 3 1 4 9 6 13 7 15 11 0 12 2 1 4 3 7 11 12 13 15 0 1 4 2 7 3 12 11 13 15 2 0 12 3 15 11
5

0 3 1 4 8 5 9 11 10 14 12 1 13 4 15 5 0 8 3 9 10 12 11 14 4 15 11 0 12 1 14 3 15 5 3 8 4 10 5 0 12 8 15 11
13

0 3 1 8 2 9 6 12 11 14 13 1 15 8 0 11 2 12 3 15 6 0 9 2 13 9 14 11 1 12 3 14 6 15 8 3 0 6 12 8 15 11
13

0 3 1 4 8 5 9 11 10 14 12 1 13 4 15 5 0 8 3 9 10 12 11 14 4 15 11 0 12 1 14 3 15 5 3 8 4 10 5 0 12 10 15 11
13

0 2 1 3 7 4 8 6 11 9 12 15 14 0 2 1 4 3 9 7 12 8 0 14 7 15 9 1 12 2 14 3 15 4 3 0 9 2 14 12 15
11

0 2 1 3 6 4 7 9 8 11 12 15 14 0 2 1 4 3 9 7 12 8 0 14 7 15 9 1 12 2 14 3 15 4 3 0 9 2 14 12 15
11

0 2 1 3 7 4 8 9 12 11 13 15 14 0 2 1 4 3 9 7 12 8 0 14 7 15 9 1 12 2 14 3 15 4 3 0 9 2 14 12 15
11

0 2 1 3 7 4 8 9 12 11 14 15 2 0 4 1 9 3 12 7 0 8 7 14 9 15 12 1 14 2 15 3 1 4 3 0 9 2 14 12 15
11

0 2 1 3 7 4 8 9 12 11 14 15 2 0 4 1 9 3 12 7 0 8 7 14 9 15 12 1 14 2 15 3 3 4 4 0 9 2 14 12 15
11

0 2 1 3 7 4 8 9 12 11 14 15 2 0 4 1 9 3 12 7 0 8 7 14 9 15 12 1 14 2 15 3 3 4 7 0 9 2 14 12 15
11

0 2 1 3 7 4 8 9 11 13 12 15 14 0 2 1 4 3 9 7 12 8 0 14 7 15 9 1 12 2 14 3 15 4 3 0 9 2 14 12 15
11

0 2 1 3 7 4 8 9 11 15 12 0 14 1 2 3 4 7 9 8 12 14 0 15 7 1 9 2 12 3 14 4 15 0 3 1 9 2 14 12 15
11

0 1 3 2 4 8 5 13 7 14 12 15 3 0 8 2 12 4 13 7 14 15 3 0 4 7 12 8 13 14 4 15 8 0 14 3 15 12
6

0 2 3 8 4 10 5 13 7 14 12 15 3 0 8 2 12 4 13 7 14 15 3 0 4 7 12 8 13 14 4 15 8 0 14 3 15 12
6

0 2 3 8 4 10 7 13 9 14 12 15 3 0 8 2 12 4 13 7 14 15 3 0 4 7 12 8 13 14 4 15 8 0 14 3 15 12
6

0 2 3 8 4 11 5 13 7 14 12 15 3 0 8 2 12 4 13 7 14 15 3 0 4 7 12 8 13 14 4 15 8 0 14 3 15 12
6

0 2 3 8 4 11 7 13 9 14 12 15 3 0 8 2 12 4 13 7 14 15 3 0 4 7 12 8 13 14 4 15 8 0 14 3 15 12
6

0 2 3 8 4 13 7 14 9 15 12 0 3 2 8 4 12 7 13 9 14 15 3 0 4 7 12 8 13 14 4 15 8 0 14 3 15 12
6

0 2 3 8 4 13 5 14 7 15 12 0 3 2 8 4 12 7 13 15 14 0 3 2 4 7 12 8 13 14 4 15 8 0 14 3 15 12
6

0 2 3 8 4 13 7 14 9 15 12 0 3 2 8 4 12 7 13 15 14 0 3 2 4 7 12 8 13 14 4 15 8 0 14 3 15 12
6

1 0 3 5 9 7 10 11 12 15 13 1 14 5 0 7 3 10 15 11 0 12 1 13 3 14 5 11 7 14 12 15 13 0 1 3 11 12 15
9

1 0 2 4 3 5 10 7 12 11 13 15 14 1 0 5 3 7 15 10 0 11 1 12 3 13 5 14 7 11 12 14 13 15 1 0 11 3 15 12
6

1 0 3 5 9 6 10 7 12 11 13 15 14 1 0 5 3 7 15 10 0 11 1 12 3 13 5 14 7 11 12 14 13 15 1 0 11 3 15 12
9

1 0 2 5 3 7 10 8 12 11 13 15 14 1 0 5 3 7 15 10 0 11 1 12 3 13 5 14 7 11 12 14 13 15 1 0 11 3 15 12
6

1 0 3 5 4 7 10 9 12 11 13 15 14 1 0 5 3 7 15 10 0 11 1 12 3 13 5 14 7 11 12 14 13 15 1 0 11 3 15 12
9

1 0 3 5 8 7 10 9 12 11 13 15 14 1 0 5 3 7 15 10 0 11 1 12 3 13 5 14 7 11 12 14 13 15 1 0 11 3 15 12
9

1 0 3 5 10 7 12 9 13 11 14 15 0 1 3 5 15 7 0 10 1 11 3 12 5 13 7 14 10 11 12 14 13 15 1 0 11 3 15 12
9

1 0 3 5 10 7 12 9 13 11 14 15 0 1 3 5 15 7 0 10 1 11 3 12 5 13 7 14 12 11 13 14 1 15 5 0 11 3 15 12
9

1 0 3 5 10 7 12 9 13 11 14 15 0 1 3 5 15 7 0 10 1 11 3 12 5 13 7 14 12 11 13 14 1 15 7 0 11 3 15 12
9

1 0 3 5 10 7 12 9 13 11 14 15 0 1 3 5 15 7 0 10 1 11 3 12 5 13 7 14 12 11 13 14 1 15 11 0 13 3 15 12
9

1 0 3 5 10 7 12 9 13 11 14 15 0 1 3 5 15 7 0 10 1 11 3 12 5 13 7 14 12 11 13 14 1 15 11 0 14 3 15 12
9

1 0 2 5 3 7 10 11 12 15 13 1 14 5 0 7 3 10 15 11 0 12 1 13 3 14 5 10 7 11 12 14 13 15 1 0 11 3 15 12
6

2 0 3 1 6 4 11 7 13 10 14 12 15 1 0 11 2 12 3 15 6 0 7 1 10 3 13 6 2 11 7 13 12 0 15 2 1 3 15 12
14

2 0 3 1 6 5 11 7 13 10 14 12 15 1 0 11 2 12 3 15 6 0 7 1 10 3 13 6 2 11 7 13 12 0 15 2 1 3 15 12
14

2 0 3 1 6 7 11 8 13 10 14 12 15 1 0 11 2 12 3 15 6 0 7 1 10 3 13 6 2 11 7 13 12 0 15 2 1 3 15 12
14

2 0 3 1 6 7 11 9 13 10 14 12 15 1 0 11 2 12 3 15 6 0 7 1 10 3 13 6 2 11 7 13 12 0 15 2 1 3 15 12
14

2 0 3 1 6 7 11 10 13 12 14 1 15 11 0 12 2 15 3 0 6 1 7 3 10 6 13 10 2 11 7 13 12 0 15 2 1 3 15 12
14

1 0 2 5 3 7 10 11 12 15 13 1 14 5 0 7 3 10 15 11 0 12 1 13 3 14 5 11 7 14 12 15 13 0 1 3 11 5 15 12
6

2 0 3 1 6 7 11 10 13 12 14 1 15 11 0 12 2 15 3 0 6 1 7 3 10 6 13 11 2 13 7 0 12 2 15 3 1 6 15 12
14

1 0 3 5 4 8 6 9 7 12 10 13 11 15 14 3 0 4 1 6 9 7 10 11 12 14 15 0 3 9 6 14 7 15 11 0 12 7 3 12 15
5

1 0 3 5 4 8 6 9 7 12 10 13 11 15 14 3 0 4 1 6 9 7 12 11 15 14 1 0 3 9 6 14 7 15 11 0 12 7 3 12 15
5

1 0 3 5 4 8 6 9 7 12 10 13 11 15 14 3 0 4 1 6 9 7 12 11 15 14 3 0 4 9 6 14 7 15 11 0 12 7 3 12 15
5

1 0 3 5 4 8 6 9 7 12 10 13 11 15 14 3 0 4 1 6 9 7 12 11 15 14 3 0 6 9 7 14 11 15 12 0 3 7 6 12 15
5

1 0 3 5 4 8 6 9 7 12 10 13 11 15 14 3 0 4 1 6 9 7 12 11 15 14 3 0 6 9 7 14 11 15 12 0 3 7 9 12 15
5

1 0 3 5 4 8 6 9 7 12 10 13 11 15 14 3 0 4 1 6 9 7 12 11 15 14 3 0 6 9 7 14 11 15 12 0 3 7 11 12 15
5

1 0 3 5 4 8 6 9 7 12 10 13 11 15 14 3 0 4 1 6 9 7 12 11 15 14 3 0 6 9 7 14 11 15 12 0 3 7 14 12 15
5

1 0 3 5 4 8 6 9 7 12 10 13 11 15 14 3 0 5 1 6 8 7 9 11 12 14 15 0 3 9 6 14 7 15 11 0 12 7 3 12 15
4

1 0 3 5 4 8 6 9 7 12 10 13 11 15 14 3 0 5 1 6 9 7 10 11 12 14 15 0 3 9 6 14 7 15 11 0 12 7 3 12 15
4

1 0 3 5 4 8 6 9 7 12 10 13 11 15 14 3 0 5 1 6 9 7 12 11 15 14 1 0 3 9 6 14 7 15 11 0 12 7 3 12 15
4

1 0 3 5 4 8 6 9 7 12 10 13 11 15 14 3 0 5 1 6 9 7 12 11 15 14 3 0 5 9 6 14 7 15 11 0 12 7 3 12 15
4

1 0 3 5 4 8 6 9 7 12 10 13 11 15 14 3 0 5 1 6 9 7 12 11 15 14 3 0 6 9 7 14 11 15 12 0 3 7 6 12 15
4

1 0 3 5 4 8 6 9 7 12 10 13 11 15 14 3 0 5 1 6 9 7 12 11 15 14 3 0 6 9 7 14 11 15 12 0 3 7 9 12 15
4

1 0 3 5 4 8 6 9 7 12 10 13 11 15 14 3 0 5 1 6 9 7 12 11 15 14 3 0 6 9 7 14 11 15 12 0 3 7 11 12 15
4

1 0 3 5 4 8 6 9 7 12 10 13 11 15 14 3 0 5 1 6 9 7 12 11 15 14 3 0 6 9 7 14 11 15 12 0 3 7 14 12 15
4

1 0 3 5 4 8 6 9 7 12 10 13 11 15 14 3 0 6 1 7 4 8 9 11 12 14 15 0 3 9 6 14 7 15 11 0 12 7 3 12 15
4

1 0 3 5 4 8 6 9 7 12 10 13 11 15 14 3 0 6 1 7 9 8 12 11 13 14 15 0 3 9 6 14 7 15 11 0 12 7 3 12 15
13

1 0 3 5 4 8 6 9 7 12 10 13 11 15 14 3 0 6 1 7 5 10 9 11 12 14 15 0 3 9 6 14 7 15 11 0 12 7 3 12 15
5

1 0 3 5 4 8 6 9 7 12 10 13 11 15 14 3 0 6 1 7 9 10 12 11 13 14 15 0 3 9 6 14 7 15 11 0 12 7 3 12 15
13

1 0 3 5 4 8 6 9 7 12 10 13 11 15 14 3 0 6 1 7 4 11 9 13 12 14 15 0 3 9 6 14 7 15 11 0 12 7 3 12 15
13

1 0 3 5 4 8 6 9 7 12 10 13 11 15 14 3 0 6 1 7 5 11 9 13 12 14 15 0 3 9 6 14 7 15 11 0 12 7 3 12 15
13

1 0 3 5 4 8 6 9 7 12 10 13 11 15 14 3 0 6 1 7 8 11 9 13 12 14 15 0 3 9 6 14 7 15 11 0 12 7 3 12 15
13

1 0 3 5 4 8 6 9 7 12 10 13 11 15 14 3 0 6 1 7 9 11 10 13 12 14 15 0 3 9 6 14 7 15 11 0 12 7 3 12 15
13

1 0 3 5 4 8 6 9 7 12 10 13 11 15 14 3 0 6 1 7 9 11 12 13 15 14 1 0 3 9 6 14 7 15 11 0 12 7 3 12 15
13

1 0 3 5 4 8 6 9 7 12 10 13 11 15 14 3 0 6 1 7 9 11 12 14 13 0 15 1 3 9 6 14 7 15 11 0 12 7 3 12 15
13

0 2 1 3 7 4 8 9 11 15 12 0 14 1 2 3 4 7 9 8 12 14 0 15 7 1 9 2 12 3 14 4 15 0 3 2 9 7 14 12 15
11

0 2 3 8 4 13 5 14 7 15 12 0 3 2 8 4 12 7 13 15 14 0 3 7 4 8 12 14 13 15 4 0 8 3 14 7 15 12
6

1 0 2 5 3 7 10 11 12 15 13 1 14 5 0 7 3 10 15 11 0 12 1 13 3 14 5 11 7 14 12 15 13 0 1 3 11 7 15 12
6

2 0 3 1 6 7 11 10 13 12 14 1 15 11 0 12 2 15 3 0 6 1 7 3 10 6 13 11 2 13 7 0 12 2 15 3 1 7 15 12
14

1 0 3 5 4 8 6 9 7 12 10 13 11 15 14 3 0 6 1 7 9 11 12 14 13 0 15 9 3 14 6 15 7 0 11 6 12 7 3 12 15
13

0 1 2 5 3 12 4 13 7 15 8 0 10 1 14 2 3 8 7 13 12 14 0 15 7 1 8 2 12 3 13 15 14 2 1 7 3 8 14 12 15
9

0 1 2 5 3 12 4 13 7 15 8 0 14 1 3 2 5 8 7 13 12 14 0 15 7 1 8 2 12 3 13 15 14 2 1 7 3 8 14 12 15
9

0 1 2 9 3 12 4 13 6 15 7 0 8 1 14 2 3 8 7 13 12 14 0 15 7 1 8 2 12 3 13 15 14 2 1 7 3 8 14 12 15
5

0 1 2 9 3 12 4 13 7 15 8 0 14 1 3 2 7 8 9 13 12 14 0 15 7 1 8 2 12 3 13 15 14 2 1 7 3 8 14 12 15
5

0 1 2 12 3 13 4 15 7 0 8 1 14 2 3 8 4 13 7 14 12 15 0 1 7 2 8 3 12 15 13 0 14 2 1 7 3 8 14 12 15
4

3 0 4 1 5 2 8 6 9 10 12 15 13 3 0 5 1 10 4 13 6 15 9 6 12 10 3 12 4 13 5 15 9 3 6 4 10 9 15 12
8

3 0 4 1 5 2 9 6 12 10 13 15 0 3 1 5 4 10 6 13 9 15 12 6 1 10 3 12 4 13 5 15 9 3 6 4 10 9 15 12
1

3 0 4 1 5 6 9 8 12 10 13 15 14 3 0 5 1 10 4 13 6 15 9 6 12 10 3 12 4 13 5 15 9 3 6 4 10 9 15 12
8

3 0 4 1 5 6 8 10 9 14 12 15 13 3 0 5 1 10 4 13 6 15 9 6 12 10 3 12 4 13 5 15 9 3 6 4 10 9 15 12
8

3 0 4 1 5 6 9 10 12 14 13 15 0 3 1 5 4 10 6 13 9 15 12 6 1 10 3 12 4 13 5 15 9 3 6 4 10 9 15 12
1

3 0 4 1 5 6 9 10 12 15 13 3 14 5 0 10 1 13 4 15 6 1 9 6 12 10 3 12 4 13 5 15 9 3 6 4 10 9 15 12
1

1 0 3 5 4 8 6 9 7 12 10 13 11 15 14 3 0 6 1 7 9 11 12 14 13 0 15 9 3 14 6 15 7 0 11 7 12 9 3 12 15
13

2 0 3 1 6 7 11 10 13 12 14 1 15 11 0 12 2 15 3 0 6 1 7 3 10 6 13 11 2 13 7 0 12 2 15 3 1 11 15 12
14

0 2 1 8 3 10 6 11 7 13 12 14 1 15 2 0 8 3 11 7 12 13 0 14 2 15 3 1 7 12 8 15 11 0 13 2 1 3 7 11 15 12
9

0 2 1 8 3 10 7 11 9 13 12 14 1 15 2 0 8 3 11 7 12 13 0 14 2 15 3 1 7 12 8 15 11 0 13 2 1 3 7 11 15 12
6

0 2 1 8 3 11 7 13 9 14 12 15 1 0 2 3 8 7 11 9 12 13 0 14 2 15 3 1 7 12 8 15 11 0 13 2 1 3 7 11 15 12
6

0 2 1 8 3 11 6 13 7 14 12 15 1 0 2 3 8 7 11 13 12 14 0 15 2 1 3 12 7 14 8 15 11 0 13 2 1 3 7 11 15 12
9

0 2 1 8 3 11 7 13 9 14 12 15 1 0 2 3 8 7 11 13 12 14 0 15 2 1 3 12 7 14 8 15 11 0 13 2 1 3 7 11 15 12
6

1 0 3 5 4 8 6 9 7 12 10 13 11 15 14 3 0 6 1 7 9 11 12 14 13 0 15 9 3 14 6 15 7 0 11 7 12 11 3 12 15
13

0 1 2 5 3 11 8 12 10 14 13 15 0 1 2 11 3 12 5 14 8 2 13 3 15 5 0 8 1 14 11 15 12 0 13 2 1 3 12 5 14 13 15
10

0 1 2 4 3 5 7 11 8 12 13 14 0 15 2 1 3 11 5 12 8 14 13 2 15 3 0 5 1 8 11 14 12 15 13 0 1 2 12 3 14 5 15 13
7

0 1 2 4 3 5 8 11 10 12 13 14 0 15 2 1 3 11 5 12 8 14 13 2 15 3 0 5 1 8 11 14 12 15 13 0 1 2 12 3 14 5 15 13
10

0 1 2 5 3 6 7 11 8 12 13 14 0 15 2 1 3 11 5 12 8 14 13 2 15 3 0 5 1 8 11 14 12 15 13 0 1 2 12 3 14 5 15 13
7

0 1 2 5 3 6 8 11 10 12 13 14 0 15 2 1 3 11 5 12 8 14 13 2 15 3 0 5 1 8 11 14 12 15 13 0 1 2 12 3 14 5 15 13
10

0 1 2 5 3 7 4 11 8 12 13 14 0 15 2 1 3 11 5 12 8 14 13 2 15 3 0 5 1 8 11 14 12 15 13 0 1 2 12 3 14 5 15 13
7

0 1 2 5 3 7 6 11 8 12 13 14 0 15 2 1 3 11 5 12 8 14 13 2 15 3 0 5 1 8 11 14 12 15 13 0 1 2 12 3 14 5 15 13
7

0 1 2 5 3 7 8 11 9 12 13 14 0 15 2 1 3 11 5 12 8 14 13 2 15 3 0 5 1 8 11 14 12 15 13 0 1 2 12 3 14 5 15 13
7

0 1 2 5 3 7 8 11 13 12 0 14 2 15 3 1 5 11 8 12 13 14 15 2 0 3 1 5 11 8 12 14 13 15 1 0 8 2 12 3 14 5 15 13
7

0 1 2 5 3 7 8 11 13 12 0 14 2 15 3 1 5 11 8 12 13 14 15 2 0 3 1 5 11 8 12 14 13 15 1 0 11 2 12 3 14 5 15 13
7

0 1 2 5 3 9 7 11 8 12 13 14 0 15 2 1 3 11 5 12 8 14 13 2 15 3 0 5 1 8 11 14 12 15 13 0 1 2 12 3 14 5 15 13
7

0 1 2 5 3 9 8 11 10 12 13 14 0 15 2 1 3 11 5 12 8 14 13 2 15 3 0 5 1 8 11 14 12 15 13 0 1 2 12 3 14 5 15 13
10

0 1 2 5 3 10 4 11 8 12 13 14 0 15 2 1 3 11 5 12 8 14 13 2 15 3 0 5 1 8 11 14 12 15 13 0 1 2 12 3 14 5 15 13
10

0 1 2 5 3 10 6 11 8 12 13 14 0 15 2 1 3 11 5 12 8 14 13 2 15 3 0 5 1 8 11 14 12 15 13 0 1 2 12 3 14 5 15 13
10

0 1 2 5 3 10 8 11 9 12 13 14 0 15 2 1 3 11 5 12 8 14 13 2 15 3 0 5 1 8 11 14 12 15 13 0 1 2 12 3 14 5 15 13
10

0 1 2 5 3 10 8 11 13 12 0 14 2 15 3 1 5 11 8 12 13 14 15 2 0 3 1 5 11 8 12 14 13 15 1 0 8 2 12 3 14 5 15 13
10

0 1 2 5 3 10 8 11 13 12 0 14 2 15 3 1 5 11 8 12 13 14 15 2 0 3 1 5 11 8 12 14 13 15 1 0 11 2 12 3 14 5 15 13
10

0 1 2 5 3 11 7 12 8 14 13 15 0 1 2 11 3 12 5 14 8 2 13 3 15 5 0 8 1 14 11 15 12 0 13 2 1 3 12 5 14 8 15 13
7

0 1 2 5 3 11 8 12 10 14 13 15 0 1 2 11 3 12 5 14 8 2 13 3 15 5 0 8 1 14 11 15 12 0 13 2 1 3 12 5 14 8 15 13
10

0 3 2 4 10 6 12 7 13 11 15 14 0 2 11 3 13 4 2 7 4 12 11 14 12 15 13 0 15 3 0 7 3 14 7 2 12 4 14 11 15 13
5

0 1 2 5 3 11 7 12 8 14 13 15 0 1 2 11 3 12 5 14 8 2 13 3 15 5 0 8 1 14 11 15 12 0 13 2 1 3 12 5 14 11 15 13
7

0 1 2 5 3 11 8 12 10 14 13 15 0 1 2 11 3 12 5 14 8 2 13 3 15 5 0 8 1 14 11 15 12 0 13 2 1 3 12 5 14 11 15 13
10

0 2 3 8 4 13 5 14 7 15 12 0 3 2 8 4 12 7 13 15 14 0 3 7 4 8 12 14 13 15 4 0 8 3 14 12 15 13
6

1 0 2 5 3 7 10 11 12 15 13 1 14 5 0 7 3 10 15 11 0 12 1 13 3 14 5 11 7 14 12 15 13 0 1 3 11 12 15 13
6

2 0 3 1 6 7 11 10 13 12 14 1 15 11 0 12 2 15 3 0 6 1 7 3 10 6 13 11 2 13 7 0 12 2 15 3 1 12 15 13
14

0 1 3 2 6 12 8 15 10 0 11 6 13 11 14 12 1 13 3 14 8 0 15 8 1 11 3 12 6 15 13 0 14 1 12 3 15 14
9

0 1 3 2 6 12 8 15 10 0 11 6 13 11 14 12 1 13 3 14 8 0 10 8 15 11 1 12 3 15 6 0 13 1 14 3 12 14 15
10

0 3 1 8 2 9 6 12 11 14 13 1 15 8 0 11 2 12 3 15 6 0 9 2 13 9 14 11 1 12 3 14 6 15 8 3 0 6 12 8 15 14
13

0 3 1 4 8 5 9 11 10 14 12 1 13 4 15 5 0 8 3 9 10 12 11 14 4 15 11 0 12 1 14 3 15 5 3 8 4 10 5 0 12 11 15 14
13

1 0 2 5 3 7 10 11 12 15 13 1 14 5 0 7 3 10 15 11 0 12 1 13 3 14 5 11 7 14 12 15 13 0 1 3 11 12 15 14
6

1 0 3 5 4 8 6 9 7 12 10 13 11 15 14 3 0 6 1 7 9 11 12 14 13 0 15 9 3 14 6 15 7 0 11 7 12 12 3 14 15
13

2 0 3 5 4 8 7 11 12 14 13 2 15 12 0 13 3 15 4 3 5 5 7 7 11 12 14 14 0 15 2 0 13 12 2 13 3 14 15
11

2 0 3 1 4 5 7 8 12 11 13 14 15 2 0 12 3 13 4 15 5 3 7 5 11 7 14 12 0 14 2 15 13 0 2 12 3 13 15 14
11

2 0 3 5 4 8 7 9 12 11 13 14 15 2 0 12 3 13 4 15 5 3 7 5 11 7 14 12 0 14 2 15 13 0 2 12 3 13 15 14
11

2 0 3 5 4 8 7 10 12 11 13 14 15 2 0 12 3 13 4 15 5 3 7 5 11 7 14 12 0 14 2 15 13 0 2 12 3 13 15 14
11

2 0 3 5 4 8 7 11 12 14 13 2 15 8 0 12 3 13 4 15 5 3 7 5 11 7 14 12 0 14 2 15 13 0 2 12 3 13 15 14
11

1 0 2 5 3 8 4 11 7 14 12 2 13 11 15 12 0 13 3 15 4 3 5 5 7 7 14 12 0 14 2 15 13 0 2 12 3 13 15 14
11

2 0 3 5 4 8 7 11 10 14 12 2 13 11 15 12 0 13 3 15 4 3 5 5 7 7 14 12 0 14 2 15 13 0 2 12 3 13 15 14
11

2 0 3 5 4 8 7 11 12 14 13 2 15 11 0 12 3 13 4 15 5 3 7 5 8 7 14 12 0 14 2 15 13 0 2 12 3 13 15 14
11

2 0 3 5 4 8 7 11 12 14 13 2 15 11 0 12 3 13 4 15 5 3 7 5 14 7 0 12 2 14 13 15 2 0 3 12 5 13 15 14
11

2 0 3 5 4 8 7 11 12 14 13 2 15 11 0 12 3 13 4 15 5 3 7 5 14 7 0 12 2 14 13 15 2 0 3 12 7 13 15 14
11

2 0 3 5 4 8 7 11 12 14 13 2 15 12 0 13 3 15 4 3 5 4 7 5 11 7 14 12 0 14 2 15 13 0 2 12 3 13 15 14
11

2 0 3 5 4 8 7 11 12 14 13 2 15 12 0 13 3 15 4 3 5 5 7 7 11 12 14 14 0 15 2 0 13 5 2 12 3 13 15 14
11

2 0 3 5 4 8 7 11 12 14 13 2 15 12 0 13 3 15 4 3 5 5 7 7 11 12 14 14 0 15 2 0 13 7 2 12 3 13 15 14
11

1 0 4 2 5 3 6 8 11 9 12 14 13 3 15 5 0 8 1 11 4 13 9 0 12 4 14 9 15 11 1 12 3 13 8 0 14 1 15 3 12 4 13 15
7

1 0 4 2 5 3 7 8 11 9 12 14 13 3 15 5 0 8 1 11 4 13 9 0 12 4 14 9 15 11 1 12 3 13 8 0 14 1 15 3 12 4 13 15
6

1 0 4 3 5 8 6 9 11 10 12 14 13 3 15 5 0 8 1 11 4 13 9 0 12 4 14 9 15 11 1 12 3 13 8 0 14 1 15 3 12 4 13 15
7

1 0 4 3 5 8 7 9 11 10 12 14 13 3 15 5 0 8 1 11 4 13 9 0 12 4 14 9 15 11 1 12 3 13 8 0 14 1 15 3 12 4 13 15
6

1 0 4 3 5 8 6 9 11 14 12 3 13 5 15 6 0 8 1 11 4 13 9 0 12 4 14 9 15 11 1 12 3 13 8 0 14 1 15 3 12 4 13 15
7

1 0 4 3 5 8 6 9 11 14 12 3 13 5 15 8 0 11 1 13 4 0 9 4 12 5 14 9 15 11 1 12 3 13 8 0 14 1 15 3 12 4 13 15
7

1 0 4 3 5 8 7 9 11 14 12 3 13 5 15 8 0 11 1 13 4 0 9 4 12 5 14 9 15 11 1 12 3 13 8 0 14 1 15 3 12 4 13 15
6

0 2 1 3 6 4 7 5 10 8 11 0 12 6 13 11 15 15 1 1 2 11 3 3 4 4 5 5 10 10 12 12 0 0 2 2 15 3 1 4 5 15 12
7

0 2 1 3 6 4 7 5 10 8 11 0 12 6 14 11 15 15 1 1 2 11 3 3 4 4 5 5 10 10 12 12 0 0 2 2 15 3 1 4 5 15 12
7

0 2 1 3 6 4 7 5 8 13 10 0 11 6 12 11 15 15 1 1 2 11 3 3 4 4 5 5 10 10 12 12 0 0 2 2 15 3 1 4 5 15 12
7

0 2 1 3 6 4 7 5 10 13 11 0 12 6 15 11 1 15 2 1 3 3 4 4 5 5 10 10 12 11 0 12 2 0 6 2 15 3 1 4 5 15 12
7

0 2 1 3 6 4 7 5 8 14 10 0 11 6 12 11 15 15 1 1 2 11 3 3 4 4 5 5 10 10 12 12 0 0 2 2 15 3 1 4 5 15 12
7

0 2 1 3 6 4 7 5 10 14 11 0 12 6 15 11 1 15 2 1 3 3 4 4 5 5 10 10 12 11 0 12 2 0 6 2 15 3 1 4 5 15 12
7

0 1 6 2 8 3 10 4 12 5 14 7 15 13 0 6 2 12 3 13 5 15 7 2 10 3 0 10 5 12 7 13 15 0 10 3 12 5 13 15
1

1 0 4 3 5 8 6 9 11 14 12 3 13 5 15 8 0 11 1 13 4 0 9 4 12 9 14 11 15 12 1 13 3 0 8 1 14 3 15 4 12 8 13 15
7

1 0 4 3 5 8 7 9 11 14 12 3 13 5 15 8 0 11 1 13 4 0 9 4 12 9 14 11 15 12 1 13 3 0 8 1 14 3 15 4 12 8 13 15
6

1 0 4 3 5 8 6 9 11 14 12 3 13 5 15 8 0 11 1 13 4 0 9 4 12 9 14 11 15 12 1 13 3 0 8 1 14 3 15 4 12 9 13 15
7

1 0 4 3 5 8 7 9 11 14 12 3 13 5 15 8 0 11 1 13 4 0 9 4 12 9 14 11 15 12 1 13 3 0 8 1 14 3 15 4 12 9 13 15
6

0 2 1 3 6 4 7 5 8 0 10 6 11 11 12 11 15 15 1 1 3 3 2 3 4 4 5 5 10 10 12 12 0 0 2 2 15 4 1 10 5 15 12
7

0 2 1 3 6 4 7 5 10 0 11 6 12 11 13 11 15 15 1 1 3 3 2 3 4 4 5 5 10 10 12 12 0 0 2 2 15 4 1 10 5 15 12
7

0 2 1 3 6 4 7 5 10 0 11 6 12 11 14 11 15 15 1 1 3 3 2 3 4 4 5 5 10 10 12 12 0 0 2 2 15 4 1 10 5 15 12
7

0 2 1 3 6 4 7 5 10 0 11 6 12 11 15 15 1 1 2 11 3 3 4 4 5 5 10 10 12 12 0 0 2 2 6 3 15 4 1 10 5 15 12
7

1 0 4 3 5 8 6 9 11 14 12 3 13 5 15 8 0 11 1 13 4 0 9 4 12 9 14 11 15 12 1 13 3 0 8 1 14 3 15 4 12 11 13 15
7

1 0 4 3 5 8 7 9 11 14 12 3 13 5 15 8 0 11 1 13 4 0 9 4 12 9 14 11 15 12 1 13 3 0 8 1 14 3 15 4 12 11 13 15
6

0 1 4 2 6 3 9 8 12 11 14 13 15 0 1 6 2 9 3 12 4 15 8 0 11 1 13 3 14 4 9 6 12 8 15 11 0 13 3 12 8 15 11
2

0 1 4 3 6 7 9 8 10 11 12 13 14 0 15 6 1 9 3 12 4 15 8 0 11 1 13 3 14 4 9 6 12 8 15 11 0 13 3 12 8 15 11
7

2 0 4 1 5 3 8 7 10 11 12 14 15 1 0 3 2 5 4 8 12 11 0 14 5 15 11 1 12 2 14 3 15 8 0 2 1 12 3 15 14
7

2 0 4 1 5 3 8 7 12 11 13 14 15 1 0 3 2 5 4 8 12 11 0 14 5 15 11 1 12 2 14 3 15 8 0 2 1 12 3 15 14
7

2 0 4 1 5 3 8 7 12 11 15 14 0 1 2 3 4 5 12 8 0 11 4 14 5 15 11 1 12 2 14 3 15 8 0 2 1 12 3 15 14
7

2 0 4 1 5 3 7 9 8 11 12 14 15 1 0 3 2 5 4 8 12 11 0 14 5 15 11 1 12 2 14 3 15 8 0 2 1 12 3 15 14
7

2 0 4 1 5 3 7 10 8 11 12 14 15 1 0 3 2 5 4 8 12 11 0 14 5 15 11 1 12 2 14 3 15 8 0 2 1 12 3 15 14
7

2 0 4 1 5 3 7 11 8 13 12 14 15 1 0 3 2 5 4 8 12 11 0 14 5 15 11 1 12 2 14 3 15 8 0 2 1 12 3 15 14
7

2 0 4 1 5 3 7 11 8 14 12 1 15 3 0 5 2 8 4 11 12 14 0 15 5 1 11 2 12 3 14 4 15 8 0 2 1 12 3 15 14
7

3 0 5 1 11 4 12 7 15 8 0 10 1 14 3 7 4 12 8 1 10 4 11 8 14 10 15 11 0 12 3 14 7 3 15 12 0 15 8
5

3 0 11 1 12 4 13 5 15 7 0 8 1 10 3 14 4 7 8 12 10 1 11 4 14 8 15 10 0 11 3 12 7 14 15 3 0 12 8 15
5

3 0 11 1 12 4 15 5 0 7 1 8 3 10 4 14 8 7 10 12 11 1 14 4 15 8 0 10 3 11 7 12 15 14 0 3 1 12 8 15
5

3 0 11 1 12 4 15 5 0 7 1 8 3 10 4 14 8 7 10 12 11 1 14 4 15 8 0 10 3 11 7 12 15 14 0 3 4 12 8 15
5

3 0 11 1 12 4 15 5 0 7 1 8 3 10 4 14 8 7 10 12 11 1 14 4 15 8 0 10 3 11 7 12 15 14 0 3 7 12 8 15
5

3 0 11 1 12 4 15 5 0 7 1 8 3 10 4 14 8 7 10 12 11 1 14 4 15 8 0 10 3 11 7 12 15 14 0 3 8 12 10 15
5

3 0 11 1 12 4 15 5 0 7 1 8 3 10 4 14 8 7 10 12 11 1 14 4 15 8 0 10 3 11 7 12 15 14 0 3 8 12 11 15
5

3 0 11 1 12 4 15 5 0 7 1 8 3 10 4 14 8 7 10 12 11 1 14 4 15 8 0 10 3 11 7 12 15 14 0 3 8 12 14 15
5

2 0 3 1 11 4 12 6 15 7 0 8 1 10 3 14 4 7 8 12 10 1 11 4 14 8 15 10 0 11 3 12 7 14 15 3 0 12 8 15
2

3 0 5 1 11 4 12 6 15 7 0 8 1 10 3 14 4 7 8 12 10 1 11 4 14 8 15 10 0 11 3 12 7 14 15 3 0 12 8 15
5

3 0 9 1 11 4 12 6 15 7 0 8 1 10 3 14 4 7 8 12 10 1 11 4 14 8 15 10 0 11 3 12 7 14 15 3 0 12 8 15
9

3 0 5 1 11 4 12 7 15 8 0 10 1 13 3 14 4 7 8 12 10 1 11 4 14 8 15 10 0 11 3 12 7 14 15 3 0 12 8 15
5

3 0 5 1 11 4 12 7 15 8 0 10 1 14 3 7 4 12 8 1 10 4 11 8 14 10 15 11 0 12 3 14 7 1 15 3 0 12 8 15
5

1 0 2 3 5 10 7 11 12 13 14 1 15 2 0 5 3 7 11 10 12 15 13 0 14 5 1 12 2 13 3 14 7 2 10 3 15 12 0 15 1
11

3 0 5 1 11 4 12 7 15 8 0 10 1 14 3 7 4 12 8 1 10 4 11 8 14 10 15 11 0 12 3 14 7 3 15 4 0 12 8 15
5

2 0 4 1 5 3 7 11 8 14 12 1 15 3 0 5 2 8 4 11 12 14 0 15 5 1 11 2 12 3 14 8 15 2 0 5 1 12 3 15 14
7

3 0 5 1 11 4 12 7 15 8 0 10 1 14 3 7 4 12 8 1 10 4 11 8 14 10 15 11 0 12 3 14 7 3 15 7 0 12 8 15
5

0 2 1 3 4 12 5 0 7 7 8 8 13 8 14 14 15 15 1 1 3 3 4 1 12 12 13 3 0 0 4 4 7 7 14 12 15 15 8
2

0 3 1 6 4 12 5 0 7 7 8 8 13 8 14 14 15 15 1 1 3 3 4 1 12 12 13 3 0 0 4 4 7 7 14 12 15 15 8
9

0 3 1 6 4 12 7 0 8 7 10 8 13 8 14 14 15 15 1 1 3 3 4 1 12 12 13 3 0 0 4 4 7 7 14 12 15 15 8
9

0 3 1 9 4 12 5 0 7 7 8 8 13 8 14 14 15 15 1 1 3 3 4 1 12 12 13 3 0 0 4 4 7 7 14 12 15 15 8
6

1 0 6 2 8 3 10 4 12 9 15 14 0 1 2 6 3 10 8 12 9 15 14 0 1 2 8 3 9 10 12 14 15 8 0 12 3 15
6

2 0 4 1 5 3 7 11 8 14 12 1 15 3 0 5 2 8 4 11 12 14 0 15 5 1 11 2 12 3 14 8 15 2 0 8 1 12 3 15 14
7

0 1 2 3 6 4 8 5 9 7 10 11 12 13 15 1 0 2 4 3 5 9 7 12 10 15 13 3 0 7 1 13 5 15 9 0 10 10 12 12 3 15 5
6

0 1 2 3 6 4 8 5 9 7 10 11 12 13 15 1 0 2 5 3 7 9 8 12 10 15 13 3 0 7 1 13 5 15 9 0 10 10 12 12 3 15 5
6

0 1 2 3 6 4 8 5 9 7 10 11 12 13 15 1 0 2 5 3 7 9 10 12 13 15 0 3 1 7 2 13 5 15 9 0 10 10 12 12 3 15 5
6

0 1 2 3 6 4 8 5 9 7 10 11 12 13 15 1 0 2 5 3 7 9 10 12 13 15 0 3 1 7 5 13 9 15 10 0 12 10 1 12 3 15 5
6

0 1 2 3 6 4 8 5 9 7 10 11 12 13 15 1 0 2 5 3 7 9 10 12 13 15 0 3 1 7 5 13 9 15 10 0 12 10 3 12 5 15 7
6

0 1 2 3 6 4 8 5 9 7 10 11 12 13 15 1 0 2 5 3 7 9 10 12 13 15 0 3 1 7 5 13 9 15 10 0 12 10 3 12 5 15 9
6

0 1 2 3 6 4 8 5 9 7 10 11 12 13 15 1 0 2 5 3 7 9 10 12 13 15 0 3 1 7 5 13 9 15 10 0 12 10 3 12 5 15 13
6

0 1 2 3 6 4 8 5 9 7 10 11 12 13 15 14 0 1 4 2 5 3 7 9 10 12 13 15 0 3 1 7 5 13 9 15 10 0 12 10 3 12 5 15
6

0 1 2 3 6 4 8 5 9 7 10 11 12 13 15 1 0 2 5 3 7 4 10 9 11 12 13 15 0 3 1 7 5 13 9 15 10 0 12 10 3 12 5 15
14

0 1 2 3 6 4 8 5 9 7 10 11 12 13 15 1 0 2 5 3 7 8 10 9 11 12 13 15 0 3 1 7 5 13 9 15 10 0 12 10 3 12 5 15
14

0 1 2 3 6 4 8 5 9 7 10 11 12 13 15 1 0 2 5 3 7 9 8 11 10 12 13 15 0 3 1 7 5 13 9 15 10 0 12 10 3 12 5 15
14

0 1 2 3 6 4 8 5 9 7 10 11 12 13 15 1 0 2 5 3 7 9 10 11 13 12 0 15 1 3 2 7 5 13 9 15 10 0 12 10 3 12 5 15
14

0 1 2 3 6 4 8 5 9 7 10 11 12 13 15 1 0 2 5 3 7 9 10 11 13 12 0 15 1 3 5 7 9 13 10 15 12 0 1 10 3 12 5 15
14

0 1 2 3 6 4 8 5 9 7 10 11 12 13 15 1 0 2 5 3 7 9 10 11 13 12 0 15 1 3 5 7 9 13 10 15 12 0 3 10 5 12 7 15
14

0 1 2 3 6 4 8 5 9 7 10 11 12 13 15 1 0 2 5 3 7 9 10 11 13 12 0 15 1 3 5 7 9 13 10 15 12 0 3 10 5 12 9 15
14

0 1 2 3 6 4 8 5 9 7 10 11 12 13 15 1 0 2 5 3 7 9 10 11 13 12 0 15 1 3 5 7 9 13 10 15 12 0 3 10 5 12 13 15
14

0 1 2 3 6 4 8 5 9 7 10 11 12 13 15 1 0 2 5 3 7 9 10 12 11 15 13 2 0 3 1 7 5 13 9 15 10 0 12 10 3 12 5 15
14

0 1 2 3 6 4 8 5 9 7 10 11 12 13 15 1 0 2 5 3 7 9 10 12 11 15 13 3 0 7 1 13 5 15 9 0 10 1 12 10 3 12 5 15
14

3 0 5 1 11 4 12 7 15 8 0 10 1 14 3 7 4 12 8 1 10 4 11 8 14 10 15 11 0 12 3 14 7 3 15 10 0 12 8 15
5

0 1 2 3 6 4 8 5 9 7 10 11 12 13 15 1 0 2 5 3 7 9 10 12 11 15 13 3 0 7 1 13 5 15 9 0 10 7 12 10 3 12 5 15
14

0 1 2 3 6 4 8 5 9 7 10 11 12 13 15 1 0 2 5 3 7 9 10 12 11 15 13 3 0 7 1 13 5 15 9 0 10 9 12 10 3 12 5 15
14

2 0 4 1 5 3 7 11 8 14 12 1 15 3 0 5 2 8 4 11 12 14 0 15 5 1 11 2 12 3 14 8 15 2 0 11 1 12 3 15 14
7

3 0 5 1 11 4 12 7 15 8 0 10 1 14 3 7 4 12 8 1 10 4 11 8 14 10 15 11 0 12 3 14 7 3 15 11 0 12 8 15
5

1 0 3 2 7 9 8 13 11 15 12 3 14 7 0 8 1 13 2 14 9 0 11 1 12 8 15 9 2 12 3 14 11 3 13 8 15 11 0 12 1 15
7

0 1 3 2 4 5 11 6 12 10 13 15 14 0 1 2 3 6 11 10 13 12 0 15 2 1 3 11 6 12 13 2 15 3 0 6 11 13 12 15
8

0 1 3 2 8 5 11 6 12 10 13 15 14 0 1 2 3 6 11 10 13 12 0 15 2 1 3 11 6 12 13 2 15 3 0 6 11 13 12 15
4

0 1 3 2 8 6 11 7 12 10 13 15 14 0 1 2 3 6 11 10 13 12 0 15 2 1 3 11 6 12 13 2 15 3 0 6 11 13 12 15
4

0 1 3 2 4 6 11 10 12 15 13 0 14 2 1 6 3 10 11 12 13 15 0 1 2 10 3 11 6 12 13 2 15 3 0 6 11 13 12 15
8

0 1 3 2 8 6 11 10 12 15 13 0 14 2 1 6 3 10 11 12 13 15 0 1 2 10 3 11 6 12 13 2 15 3 0 6 11 13 12 15
4

0 1 4 3 6 8 9 11 12 13 14 0 15 6 1 9 3 12 4 15 8 0 11 1 13 3 14 4 9 6 12 8 14 11 15 13 0 12 3 13 8 15 11
14

1 0 4 2 5 3 7 6 9 8 12 13 14 1 15 2 0 3 6 4 13 7 14 9 2 12 3 15 4 0 7 6 9 13 12 14 15 12 0 13 14 15
8

1 0 4 2 7 3 9 6 10 8 12 13 14 1 15 2 0 3 6 4 13 7 14 9 2 12 3 15 4 0 7 6 9 13 12 14 15 12 0 13 14 15
8

1 0 4 2 7 3 9 6 11 8 12 13 14 1 15 2 0 3 6 4 13 7 14 9 2 12 3 15 4 0 7 6 9 13 12 14 15 12 0 13 14 15
8

1 0 4 2 7 3 9 6 12 8 14 13 15 1 0 2 6 3 13 4 14 7 1 9 2 12 3 15 4 0 7 6 9 13 12 14 15 12 0 13 14 15
8

1 0 4 2 7 3 9 6 12 8 14 13 15 1 0 2 6 3 13 4 14 7 2 9 3 12 4 15 7 0 9 6 12 13 15 14 0 12 2 13 14 15
8

1 0 4 2 7 3 9 6 12 8 14 13 15 1 0 2 6 3 13 4 14 7 2 9 3 12 4 15 7 0 9 6 12 13 15 14 0 12 6 13 14 15
8

1 0 4 2 7 3 9 6 12 8 14 13 15 1 0 2 6 3 13 4 14 7 2 9 3 12 4 15 7 0 9 6 12 13 15 14 0 12 7 13 14 15
8

1 0 4 2 7 3 9 6 12 8 14 13 15 1 0 2 6 3 13 4 14 7 2 9 3 12 4 15 7 0 9 6 12 13 15 14 0 12 9 13 14 15
8

1 0 4 2 7 3 8 6 9 10 12 13 14 1 15 2 0 3 6 4 13 7 14 9 2 12 3 15 4 0 7 6 9 13 12 14 15 12 0 13 14 15
8

1 0 4 2 7 3 8 6 9 11 12 13 14 1 15 2 0 3 6 4 13 7 14 9 2 12 3 15 4 0 7 6 9 13 12 14 15 12 0 13 14 15
8

1 0 4 2 7 3 9 6 12 11 14 13 15 1 0 2 6 3 13 4 14 7 2 9 3 12 4 15 7 0 9 6 12 13 15 14 0 12 3 13 14 15
11

0 1 2 3 6 4 8 5 9 7 10 11 12 13 15 1 0 2 5 3 7 9 10 12 11 15 13 3 0 7 1 13 5 15 9 0 10 10 12 12 3 13 5 15
14

1 0 4 3 5 8 6 9 11 14 12 3 13 5 15 8 0 11 1 13 4 0 9 4 12 9 14 11 15 12 1 13 3 0 8 1 14 3 15 4 12 14 13 15
7

1 0 4 3 5 8 7 9 11 14 12 3 13 5 15 8 0 11 1 13 4 0 9 4 12 9 14 11 15 12 1 13 3 0 8 1 14 3 15 4 12 14 13 15
6

2 0 5 1 9 3 10 6 14 12 15 13 0 2 1 5 3 9 6 10 12 14 13 0 15 2 5 3 9 6 10 12 13 15 14 0 2 9 3 14 10 15 12
1

2 0 5 3 9 4 10 6 11 12 14 13 15 2 0 5 3 9 6 10 12 14 13 0 15 2 5 3 9 6 10 12 13 15 14 0 2 9 3 14 10 15 12
8

2 0 5 3 9 6 10 8 14 12 15 13 0 2 3 5 6 9 8 10 12 14 13 0 15 2 5 3 9 6 10 12 13 15 14 0 2 9 3 14 10 15 12
4

3 0 5 1 11 4 12 7 15 8 0 10 1 14 3 7 4 12 8 1 10 4 11 8 14 10 15 11 0 12 3 14 7 3 15 12 0 14 8 15
5

0 3 1 12 4 0 7 7 8 8 13 8 14 14 15 15 1 1 3 3 4 1 12 12 13 3 0 0 4 4 7 7 13 12 14 14 15 15 8
13

0 1 3 4 7 8 9 12 10 13 14 15 0 1 3 7 4 10 8 12 14 13 1 15 3 0 7 8 10 12 13 1 14 3 15 13 0 14 8 15 12
4

0 2 1 4 3 9 6 10 8 11 12 14 13 15 0 1 2 6 3 9 4 10 8 12 11 14 0 15 6 1 9 2 14 3 15 4 1 8 3 11 9 12 11 0 12 2 14 6 15
13

0 2 1 4 3 5 6 9 8 10 12 11 13 14 0 15 2 1 3 6 4 9 8 10 11 12 0 14 6 15 9 1 14 2 15 3 1 4 3 8 9 11 11 12 12 0 14 2 15 6
13

0 2 1 4 3 7 6 9 8 10 12 11 13 14 0 15 2 1 3 6 4 9 8 10 11 12 0 14 6 15 9 1 14 2 15 3 1 4 3 8 9 11 11 12 12 0 14 2 15 6
13

0 2 1 4 3 9 5 10 6 11 8 13 12 14 0 15 2 1 3 6 4 9 8 10 11 12 0 14 6 15 9 1 14 2 15 3 1 4 3 8 9 11 11 12 12 0 14 2 15 6
13

0 2 1 4 3 9 6 10 7 11 8 13 12 14 0 15 2 1 3 6 4 9 8 10 11 12 0 14 6 15 9 1 14 2 15 3 1 4 3 8 9 11 11 12 12 0 14 2 15 6
13

0 2 1 4 3 9 6 10 8 11 12 13 0 14 2 15 3 1 4 6 8 9 11 10 0 12 6 14 9 15 10 1 14 2 15 3 1 4 3 8 9 11 11 12 12 0 14 2 15 6
13

0 2 1 4 3 9 6 10 8 11 12 13 0 14 2 15 3 1 4 6 8 9 11 10 0 12 6 14 9 15 14 1 15 2 1 3 3 4 4 8 9 11 11 12 12 0 14 2 15 6
13

0 2 1 4 3 9 6 10 8 11 12 13 0 14 2 15 3 1 4 6 8 9 11 10 0 12 6 14 9 15 14 1 15 2 1 3 3 4 9 8 8 11 11 12 12 0 14 2 15 6
13

0 2 1 4 3 9 6 10 8 11 12 14 13 15 0 1 2 6 3 9 4 10 8 12 11 14 0 15 6 1 9 2 14 3 15 4 1 8 3 10 9 11 11 12 12 0 14 2 15 6
13

0 2 1 4 3 9 6 10 8 11 12 14 0 15 2 1 3 6 4 9 8 10 11 12 0 14 6 15 9 1 14 2 15 3 1 4 3 8 8 10 9 11 11 12 12 0 14 2 15 6
10

0 2 1 4 3 9 6 10 8 11 12 14 13 15 0 1 2 6 3 9 4 10 8 12 11 14 0 15 6 1 9 2 14 3 15 4 1 8 3 11 9 12 11 0 12 2 14 4 15 6
13

0 2 1 4 3 9 6 10 8 11 12 14 13 15 0 1 2 6 3 9 4 10 8 12 11 14 0 15 6 1 9 2 14 3 15 4 1 8 3 11 9 12 11 0 12 2 14 6 15 8
13

2 0 3 1 6 4 11 5 12 7 14 8 15 9 0 2 1 3 4 8 5 11 7 12 9 0 15 1 2 3 7 4 8 9 0 11 1 12 3 15 4 2 11 7 12 8 15
13

2 0 3 1 6 4 11 5 12 7 14 8 15 9 0 2 1 3 4 8 7 11 9 12 14 0 15 1 2 3 7 4 8 9 0 11 1 12 3 15 4 2 11 7 12 8 15
13

2 0 3 1 6 4 11 5 12 7 14 8 15 9 0 2 1 3 4 8 7 11 9 12 15 0 2 1 7 3 8 4 0 9 1 11 3 12 4 15 9 2 11 7 12 8 15
13

2 0 3 1 6 4 11 7 12 8 14 9 15 10 0 2 1 3 4 8 6 11 7 12 9 0 15 1 2 3 7 4 8 9 0 11 1 12 3 15 4 2 11 7 12 8 15
6

2 0 3 1 6 4 11 7 12 8 14 9 15 13 0 2 1 3 4 8 7 11 9 12 13 0 15 1 2 3 7 4 8 9 0 11 1 12 3 15 4 2 11 7 12 8 15
5

2 0 3 1 6 4 11 7 12 8 14 9 15 13 0 2 1 3 4 8 7 11 9 12 14 0 15 1 2 3 7 4 8 9 0 11 1 12 3 15 4 2 11 7 12 8 15
5

2 0 3 1 6 4 11 7 12 8 14 9 15 13 0 2 1 3 4 8 7 11 9 12 15 0 2 1 7 3 8 4 0 9 1 11 3 12 4 15 9 2 11 7 12 8 15
5

2 0 3 1 5 4 6 7 11 8 12 9 14 2 15 3 0 6 1 8 4 11 7 12 9 0 15 1 2 3 7 4 8 9 0 11 1 12 3 15 4 2 11 7 12 8 15
6

2 0 3 1 6 4 11 7 12 8 14 9 15 2 0 3 1 6 4 8 7 11 9 12 14 0 15 1 2 3 7 4 8 9 0 11 1 12 3 15 4 2 11 7 12 8 15
6

2 0 3 1 6 4 11 7 12 8 14 9 15 2 0 3 1 6 4 8 7 11 9 12 15 0 2 1 7 3 8 4 0 9 1 11 3 12 4 15 9 2 11 7 12 8 15
6

2 0 3 1 6 4 11 7 12 8 14 9 15 2 0 3 1 8 4 11 6 12 7 14 9 0 15 1 2 3 7 4 8 9 0 11 1 12 3 15 4 2 11 7 12 8 15
6

2 0 3 1 6 4 11 7 12 8 14 9 15 2 0 3 1 8 4 11 6 12 7 0 9 1 15 3 2 4 7 9 8 11 0 12 1 15 3 2 4 7 11 8 12 9 15
6

3 0 4 1 5 2 8 6 10 7 15 9 0 11 3 12 9 13 12 14 13 1 1 2 2 4 3 5 4 7 5 8 9 11 11 15 12 0 15 7 4 8 7 13 8 0 12 1 13 3 15 11
6

3 0 4 1 5 2 8 6 15 7 0 9 3 11 9 12 12 13 13 14 14 1 1 2 2 4 3 5 4 7 5 8 9 11 11 15 12 0 15 7 4 8 7 13 8 0 12 1 13 3 15 11
6

3 0 4 1 5 2 8 6 15 7 0 9 3 11 9 12 12 13 13 14 3 1 1 2 2 4 4 5 5 7 9 8 12 11 11 15 15 0 2 7 4 8 7 13 8 0 12 1 13 3 15 11
6

3 0 4 1 5 2 8 6 15 7 0 9 3 11 9 12 12 13 13 14 3 1 1 2 2 4 4 5 5 7 9 8 12 11 11 15 15 0 4 7 5 8 7 13 8 0 12 1 13 3 15 11
6

3 0 4 1 5 2 8 6 15 7 0 9 3 11 9 12 12 13 13 14 3 1 1 2 2 4 4 5 5 7 9 8 12 11 11 15 15 0 4 7 7 8 8 13 9 0 12 1 13 3 15 11
6

3 0 4 1 5 2 6 7 8 9 15 10 0 11 3 12 9 13 12 14 13 1 1 2 2 4 3 5 4 7 5 8 9 11 11 15 12 0 15 7 4 8 7 13 8 0 12 1 13 3 15 11
6

3 0 4 1 5 2 6 7 8 9 15 11 0 12 3 13 9 14 12 1 13 2 1 4 2 5 3 7 4 8 5 11 9 14 11 15 12 0 15 7 4 8 7 13 8 0 12 1 13 3 15 11
6

3 0 4 1 5 2 8 7 15 9 0 11 3 12 9 13 12 14 13 1 14 2 1 4 2 5 3 7 4 8 5 11 9 15 11 0 12 7 15 8 4 13 7 14 8 0 12 1 13 3 15 11
14

3 0 4 1 5 2 6 7 8 9 15 11 0 12 3 13 9 14 12 1 13 2 1 4 2 5 3 7 4 8 5 11 9 15 11 0 12 7 15 8 4 13 7 0 8 1 12 3 13 5 15 11
6

3 0 4 1 5 2 6 7 8 9 15 11 0 12 3 13 9 14 12 1 13 2 1 4 2 5 3 7 4 8 5 11 9 15 11 0 12 7 15 8 4 13 7 0 8 1 12 3 13 9 15 11
6

1 0 2 5 3 8 4 9 6 11 10 12 13 14 15 1 0 2 4 3 9 6 12 8 14 10 15 0 1 6 2 8 3 9 4 14 12 15 0 1 8 3 9 4 14 6 15 12
13

1 0 2 7 3 8 4 9 6 11 10 12 13 14 15 1 0 2 4 3 9 6 12 8 14 10 15 0 1 6 2 8 3 9 4 14 12 15 0 1 8 3 9 4 14 6 15 12
13

1 0 2 8 3 9 4 11 6 12 10 13 15 14 0 1 4 2 9 3 11 6 12 8 14 10 15 0 1 6 2 8 3 9 4 14 12 15 0 1 8 3 9 4 14 6 15 12
13

1 0 2 8 3 9 4 11 5 12 6 14 10 1 15 2 0 3 4 5 9 6 12 8 14 10 15 0 1 6 2 8 3 9 4 14 12 15 0 1 8 3 9 4 14 6 15 12
7

1 0 2 8 3 9 4 11 6 12 7 14 10 1 15 2 0 3 4 6 9 7 12 8 14 10 15 0 1 6 2 8 3 9 4 14 12 15 0 1 8 3 9 4 14 6 15 12
5

1 0 2 8 3 9 4 11 5 12 6 14 10 1 15 2 0 3 4 6 9 8 12 10 14 11 15 0 1 6 2 8 3 9 4 14 12 15 0 1 8 3 9 4 14 6 15 12
7

1 0 2 8 3 9 4 11 6 12 7 14 10 1 15 2 0 3 4 6 9 8 12 10 14 11 15 0 1 6 2 8 3 9 4 14 12 15 0 1 8 3 9 4 14 6 15 12
5

1 0 2 8 3 9 4 11 6 12 10 14 13 1 15 2 0 3 4 6 9 8 12 10 14 11 15 0 1 6 2 8 3 9 4 14 12 15 0 1 8 3 9 4 14 6 15 12
13

1 0 2 8 3 9 4 11 5 12 6 14 10 1 15 2 0 3 4 6 9 8 12 10 14 0 15 6 1 8 2 9 3 10 4 14 12 15 0 1 8 3 9 4 14 6 15 12
7

1 0 2 8 3 9 4 11 6 12 7 14 10 1 15 2 0 3 4 6 9 8 12 10 14 0 15 6 1 8 2 9 3 10 4 14 12 15 0 1 8 3 9 4 14 6 15 12
5

1 0 2 8 3 9 4 11 6 12 10 14 13 1 15 2 0 3 4 6 9 8 12 10 14 0 15 6 1 8 2 9 3 10 4 14 12 15 0 1 8 3 9 4 14 6 15 12
13

1 0 3 2 5 4 8 6 9 13 10 15 12 0 14 2 1 3 9 4 13 5 14 6 15 10 0 12 1 2 3 9 5 10 6 12 15 13 0 14 2 1 9 3 10 5 14 6 15 12
11

1 0 3 2 5 4 8 6 9 13 10 15 12 0 14 2 1 3 9 5 13 6 14 8 15 10 0 12 1 2 3 9 5 10 6 12 15 13 0 14 2 1 9 3 10 5 14 6 15 12
11

0 1 2 3 8 4 9 7 11 10 12 13 14 15 3 0 4 1 10 7 11 8 12 9 14 3 15 4 0 9 1 10 7 11 8 14 12 15 3 0 4 7 11 8 15 12
13

1 0 2 3 6 5 7 9 10 14 11 15 12 1 13 2 0 3 9 5 11 10 12 13 14 2 15 3 0 11 1 12 5 13 9 15 10 0 14 1 3 2 12 9 14 13 15
5

1 0 2 3 7 5 8 9 10 14 11 15 12 1 13 2 0 3 9 5 11 10 12 13 14 2 15 3 0 11 1 12 5 13 9 15 10 0 14 1 3 2 12 9 14 13 15
5

1 0 2 3 7 5 10 9 11 14 12 15 13 1 0 2 9 3 11 5 12 10 14 13 15 2 0 3 1 11 5 12 9 13 10 15 14 0 3 1 11 2 12 9 14 13 15
5

1 0 2 3 7 5 10 6 11 9 12 14 13 15 0 1 7 2 9 3 11 5 12 10 14 13 15 2 0 3 1 11 5 12 9 13 10 15 14 0 3 1 12 2 14 9 15 13
6

1 0 2 3 6 5 7 9 10 14 11 15 12 1 13 2 0 3 9 5 11 6 12 10 14 13 15 2 0 3 1 11 5 12 9 13 10 15 14 0 3 1 12 2 14 9 15 13
6

1 0 2 3 6 5 7 9 10 14 11 15 12 1 13 2 0 3 9 5 11 7 12 10 14 13 15 2 0 3 1 11 5 12 9 13 10 15 14 0 3 1 12 2 14 9 15 13
6

1 0 2 3 7 5 8 9 10 14 11 15 12 1 13 2 0 3 9 5 11 7 12 10 14 13 15 2 0 3 1 11 5 12 9 13 10 15 14 0 3 1 12 2 14 9 15 13
11

1 0 2 3 7 5 10 9 11 14 12 15 13 1 0 2 9 3 11 5 12 7 14 10 15 13 0 2 1 3 5 11 9 12 10 13 14 15 3 0 11 1 12 2 14 9 15 13
8

1 0 4 2 9 3 11 5 13 6 15 7 0 8 5 12 8 1 9 2 12 3 13 4 1 6 2 7 4 15 5 0 12 3 13 6 15 7 0 8 3 9 5 1 6 4 7 9 12 13 15
11

1 0 4 2 9 3 11 5 13 6 15 7 0 8 5 10 8 12 9 1 12 2 13 3 1 4 2 6 4 7 5 15 12 0 13 3 15 6 0 7 3 8 5 9 6 1 7 4 12 9 15 13
10

1 0 4 2 9 3 10 5 13 6 15 7 0 8 5 11 8 12 9 1 12 2 13 3 1 4 2 6 4 7 5 15 12 0 13 3 15 6 0 7 3 8 5 9 6 1 7 4 12 9 15 13
10

1 0 4 2 9 3 11 5 13 6 15 7 0 8 5 12 8 14 9 1 12 2 13 3 1 4 2 6 4 7 5 15 12 0 13 3 15 6 0 7 3 8 5 9 6 1 7 4 12 9 15 13
14

1 0 4 2 9 3 13 5 14 6 15 7 0 8 5 12 8 1 9 2 12 3 13 4 1 6 2 7 4 14 5 15 12 0 13 3 15 6 0 7 3 8 5 9 6 1 7 4 12 9 15 13
14

2 0 5 1 7 3 12 4 14 6 0 8 2 10 3 13 6 15 8 1 12 5 13 7 14 10 0 15 1 3 2 8 5 10 7 14 12 15 13 0 1 2 8 3 10 5 14 12 15 13
4

2 0 5 1 7 3 9 4 12 6 14 8 0 10 2 13 3 15 6 1 8 5 12 7 13 10 14 15 0 3 1 8 2 10 5 14 7 15 12 0 13 2 1 3 8 5 10 12 14 13 15
4

2 0 5 1 7 3 11 4 12 6 14 8 0 10 2 13 3 15 6 1 8 5 12 7 13 10 14 15 0 3 1 8 2 10 5 14 7 15 12 0 13 2 1 3 8 5 10 12 14 13 15
4

2 0 5 1 7 3 12 4 14 6 0 8 2 10 3 13 6 15 8 1 12 5 13 7 14 10 0 15 1 3 2 8 5 10 6 14 7 15 12 0 13 2 1 3 8 5 10 12 14 13 15
4

2 0 5 1 7 3 12 4 14 6 0 8 2 10 3 13 6 15 8 1 12 5 13 7 14 10 0 15 1 3 2 8 5 10 7 14 12 15 13 0 1 2 7 3 8 5 10 12 14 13 15
4

2 0 5 1 7 3 12 6 14 8 0 9 2 10 3 13 6 15 8 1 12 5 13 7 14 10 0 15 1 3 2 8 5 10 6 14 7 15 12 0 13 2 1 3 8 5 10 12 14 13 15
11

2 0 5 1 7 3 12 6 14 8 0 9 2 10 3 13 6 15 8 1 12 5 13 7 14 10 0 15 1 3 2 8 5 10 7 14 12 15 13 0 1 2 7 3 8 5 10 12 14 13 15
11

2 0 5 1 7 3 12 6 14 8 0 10 2 11 3 13 6 15 8 1 11 5 12 7 13 10 14 15 0 3 1 8 2 10 5 14 7 15 12 0 13 2 1 3 8 5 10 12 14 13 15
9

2 0 5 1 7 3 12 6 14 8 0 10 2 11 3 13 6 15 8 1 12 5 13 7 14 10 0 15 1 3 2 8 5 10 6 14 7 15 12 0 13 2 1 3 8 5 10 12 14 13 15
9

2 0 5 1 7 3 12 6 14 8 0 10 2 11 3 13 6 15 8 1 12 5 13 7 14 10 0 15 1 3 2 8 5 10 7 14 12 15 13 0 1 2 7 3 8 5 10 12 14 13 15
9

2 0 4 1 5 3 7 6 12 8 14 10 0 13 2 15 3 1 6 5 8 7 12 10 13 15 14 3 0 6 1 8 2 10 5 14 7 15 12 0 13 2 1 3 8 5 10 12 14 13 15
4

1 0 3 2 5 4 8 6 9 13 10 15 12 0 14 2 1 3 9 5 13 6 14 10 15 12 0 2 1 9 3 10 5 12 6 13 15 14 0 1 2 3 9 5 10 6 14 12 15 13
11

1 0 2 5 3 6 4 7 9 8 10 12 14 13 0 15 1 2 3 4 5 6 7 9 10 13 12 15 14 3 0 4 2 7 5 10 6 14 9 0 12 2 13 3 15 7 10 12 15 13
1

1 0 2 5 3 6 4 7 9 12 10 13 14 15 0 1 3 2 5 4 7 6 10 9 12 13 14 15 0 3 2 4 5 7 6 10 9 14 12 0 13 2 15 3 4 7 10 12 15 13
1

1 0 2 5 3 6 4 7 9 12 10 13 14 15 0 1 3 2 5 4 7 6 10 9 12 13 14 15 0 3 2 4 5 7 6 10 9 14 12 0 13 2 15 3 5 7 10 12 15 13
1

1 0 2 5 3 6 4 7 9 12 10 13 14 15 0 1 3 2 5 4 7 6 10 9 12 13 14 15 0 3 2 4 5 7 6 10 9 14 12 0 13 2 15 3 6 7 10 12 15 13
1

1 0 2 5 3 6 4 7 9 12 10 13 14 15 0 1 3 2 5 4 7 6 10 9 12 13 14 15 0 3 2 4 5 7 6 10 9 14 12 0 13 2 15 3 9 7 10 12 15 13
1

1 0 2 5 3 6 4 7 9 12 10 13 14 15 0 1 3 2 5 4 7 6 10 9 12 13 14 15 0 3 2 4 5 7 6 10 9 14 12 0 13 2 15 3 10 7 14 12 15 13
1

1 0 2 5 3 6 4 7 8 12 9 13 10 15 14 2 0 4 3 6 5 9 7 13 10 15 12 3 14 4 0 7 2 10 5 14 6 0 9 2 12 3 13 4 15 7 10 12 15 13
11

1 0 2 5 3 6 4 7 9 12 10 13 14 15 0 2 1 4 3 6 5 9 7 13 10 15 12 3 14 4 0 7 2 10 5 14 6 0 9 2 12 3 13 4 15 7 10 12 15 13
1

1 0 2 5 3 6 4 7 8 12 9 13 10 15 14 2 0 4 3 6 5 9 7 13 10 15 12 3 14 4 0 7 2 10 5 14 6 0 9 2 12 3 13 5 15 7 10 12 15 13
11

1 0 2 5 3 6 4 7 9 12 10 13 14 15 0 2 1 4 3 6 5 9 7 13 10 15 12 3 14 4 0 7 2 10 5 14 6 0 9 2 12 3 13 5 15 7 10 12 15 13
1

2 0 4 1 5 3 7 6 12 8 14 10 0 13 2 15 3 1 6 5 8 7 12 10 13 15 14 3 0 8 1 10 2 14 5 15 7 0 12 2 13 3 1 5 8 7 10 12 14 13 15
4

1 0 2 5 3 6 4 7 8 12 9 13 10 15 14 2 0 4 3 6 5 9 7 13 10 15 12 3 14 4 0 7 2 10 5 14 6 0 9 2 12 3 13 6 15 7 10 12 15 13
11

1 0 2 5 3 6 4 7 9 12 10 13 11 15 14 2 0 4 3 6 5 9 7 13 10 15 12 3 14 4 0 7 2 10 5 14 6 0 9 2 12 3 13 6 15 7 10 12 15 13
8

1 0 2 5 3 6 4 7 9 12 10 13 14 15 0 2 1 4 3 6 5 9 7 13 10 15 12 3 14 4 0 7 2 10 5 14 6 0 9 2 12 3 13 6 15 7 10 12 15 13
1

1 0 2 5 3 6 4 7 8 12 9 13 10 15 14 2 0 4 3 6 5 9 7 13 10 15 12 3 14 4 0 7 2 10 5 14 6 0 9 2 12 3 13 7 15 9 10 12 15 13
11

1 0 2 5 3 6 4 7 9 12 10 13 11 15 14 2 0 4 3 6 5 9 7 13 10 15 12 3 14 4 0 7 2 10 5 14 6 0 9 2 12 3 13 7 15 9 10 12 15 13
8

1 0 2 5 3 6 4 7 9 12 10 13 14 15 0 2 1 4 3 6 5 9 7 13 10 15 12 3 14 4 0 7 2 10 5 14 6 0 9 2 12 3 13 7 15 9 10 12 15 13
1

2 0 3 1 4 5 9 6 15 7 0 8 1 12 3 13 6 14 8 2 12 4 13 7 2 14 3 15 4 0 7 1 14 6 15 8 0 12 1 13 2 3 4 7 12 8 13 14 15
9

2 0 3 1 4 6 15 7 0 8 1 9 3 12 6 13 8 14 12 2 13 4 2 7 3 14 4 15 7 0 14 1 15 6 0 8 1 12 2 13 4 3 12 7 13 8 15 14
9

2 0 3 1 4 6 5 7 15 8 0 9 1 12 3 13 6 14 8 2 12 4 13 7 2 14 3 15 4 0 7 1 14 6 15 8 0 12 1 13 2 3 4 7 12 8 13 14 15
9

2 0 3 1 4 6 9 7 15 8 0 10 1 12 3 13 6 14 8 2 12 4 13 7 2 14 3 15 4 0 7 1 14 6 15 8 0 12 1 13 2 3 4 7 12 8 13 14 15
9

2 0 3 1 4 6 9 7 15 8 0 11 1 12 3 13 6 14 8 2 12 4 13 7 2 14 3 15 4 0 7 1 14 6 15 8 0 12 1 13 2 3 4 7 12 8 13 14 15
9

2 0 3 1 4 6 9 7 15 8 0 12 1 13 3 14 6 2 8 4 12 7 13 14 2 15 3 0 4 1 7 6 14 8 15 12 0 13 1 3 2 6 4 7 12 8 13 14 15
9

0 2 1 4 3 5 11 7 13 8 15 12 1 14 3 0 5 2 8 4 11 7 12 13 14 15 0 2 1 4 3 12 7 13 11 15 14 0 2 1 4 3 7 11 12 14 15
6

0 2 1 4 3 6 5 7 11 8 13 12 15 14 1 0 3 2 8 4 11 7 12 13 14 15 0 2 1 4 3 12 7 13 11 15 14 0 2 1 4 3 7 11 12 14 15
10

0 2 1 4 3 6 10 7 11 8 13 12 15 14 1 0 3 2 8 4 11 7 12 13 14 15 0 2 1 4 3 12 7 13 11 15 14 0 2 1 4 3 7 11 12 14 15
5

0 1 3 2 4 9 6 10 8 11 13 12 14 3 15 9 0 12 2 13 4 0 8 2 10 3 11 4 14 8 15 10 9 11 12 13 0 14 3 15 8 10 9 12 11 14 15
6

0 1 3 2 4 9 8 10 13 11 14 12 15 3 0 9 1 12 2 13 4 0 8 2 10 3 11 4 14 8 15 10 9 11 12 13 0 14 3 15 8 10 9 12 11 14 15
1

0 1 3 2 4 6 7 9 8 10 13 11 14 12 15 3 0 9 2 12 4 13 8 0 10 2 11 3 14 4 15 8 9 10 12 11 0 13 3 14 8 15 9 10 11 12 15 14
6

0 1 3 2 4 6 8 9 13 10 14 11 15 12 0 3 2 9 4 12 8 13 10 0 11 2 14 3 15 4 9 8 12 10 0 11 2 13 3 14 8 15 9 10 11 12 15 14
6

0 1 3 2 4 6 8 9 13 10 14 11 15 12 0 3 2 9 4 12 8 13 10 0 11 2 14 3 15 4 9 8 12 10 0 11 3 13 4 14 8 15 9 10 11 12 15 14
6

0 1 3 2 4 6 8 9 13 10 14 11 15 12 0 3 2 9 4 12 8 13 10 0 11 2 14 3 15 4 9 8 12 10 0 11 3 13 8 14 9 15 11 10 13 12 15 14
6

0 1 3 2 4 7 6 9 8 10 13 11 14 12 15 3 0 9 2 12 4 13 8 0 10 2 11 3 14 4 15 8 9 10 12 11 0 13 3 14 8 15 9 10 11 12 15 14
6

0 1 3 2 4 7 8 9 13 10 14 11 15 12 0 3 1 9 2 12 4 13 8 0 10 2 11 3 14 4 15 8 9 10 12 11 0 13 3 14 8 15 9 10 11 12 15 14
1

0 1 3 2 4 9 7 10 8 11 13 12 14 1 15 3 0 9 2 12 4 13 8 0 10 2 11 3 14 4 15 8 9 10 12 11 0 13 3 14 8 15 9 10 11 12 15 14
1

0 1 3 2 4 9 8 10 13 11 14 12 15 1 0 3 2 9 4 12 8 13 10 0 11 2 14 3 15 4 9 8 12 10 0 11 2 13 3 14 8 15 9 10 11 12 15 14
1

0 1 3 2 4 9 8 10 13 11 14 12 15 1 0 3 2 9 4 12 8 13 10 0 11 2 14 3 15 4 9 8 12 10 0 11 3 13 4 14 8 15 9 10 11 12 15 14
1

0 1 3 2 4 9 8 10 13 11 14 12 15 1 0 3 2 9 4 12 8 13 10 0 11 2 14 3 15 4 9 8 12 10 0 11 3 13 8 14 9 15 11 10 13 12 15 14
1

0 1 3 2 4 9 5 10 8 11 13 12 14 3 15 5 0 9 2 12 4 13 8 0 10 2 11 3 14 4 15 8 9 10 12 11 0 13 3 14 8 15 9 10 11 12 15 14
5

0 1 3 2 4 9 7 10 8 11 13 12 14 3 15 7 0 9 2 12 4 13 8 0 10 2 11 3 14 4 15 8 9 10 12 11 0 13 3 14 8 15 9 10 11 12 15 14
7

0 1 3 2 4 9 6 10 8 11 13 12 14 3 15 9 0 12 2 13 4 0 8 2 10 3 11 4 14 8 15 10 9 11 12 13 0 14 3 15 8 2 9 10 11 12 15 14
6

0 1 3 2 4 9 8 10 13 11 14 12 15 3 0 9 1 12 2 13 4 0 8 2 10 3 11 4 14 8 15 10 9 11 12 13 0 14 3 15 8 2 9 10 11 12 15 14
1

0 1 3 2 4 9 6 10 8 11 13 12 14 3 15 9 0 12 2 13 4 0 8 2 10 3 11 4 14 8 15 10 9 11 12 13 0 14 3 15 8 4 9 10 11 12 15 14
6

0 1 3 2 4 9 8 10 13 11 14 12 15 3 0 9 1 12 2 13 4 0 8 2 10 3 11 4 14 8 15 10 9 11 12 13 0 14 3 15 8 4 9 10 11 12 15 14
1

1 0 4 2 5 3 7 6 9 8 10 13 11 15 12 0 14 1 3 2 5 4 6 7 10 11 13 12 14 15 2 0 4 1 7 3 11 6 13 10 15 12 0 14 3 1 4 13 12 14 15
8

1 0 4 2 5 3 7 6 10 8 11 13 12 15 14 0 3 1 5 2 6 4 10 7 13 11 14 12 2 15 4 0 7 1 11 3 13 6 15 10 0 12 2 14 3 1 4 13 12 14 15
8

1 0 4 2 5 3 7 6 10 8 11 13 12 15 14 0 3 1 5 2 6 4 10 7 13 11 14 12 2 15 4 0 7 1 11 3 13 6 15 10 0 12 3 14 4 1 6 13 12 14 15
8

1 0 4 2 5 3 7 6 10 8 11 13 12 15 14 0 3 1 5 2 6 4 10 7 13 11 14 12 2 15 4 0 7 1 11 3 13 6 15 10 0 12 3 14 4 1 7 13 12 14 15
8

1 0 4 2 5 3 7 6 10 8 11 13 12 15 14 0 3 1 5 2 6 4 10 7 13 11 14 12 2 15 4 0 7 1 11 3 13 6 15 10 0 12 3 14 4 1 10 13 12 14 15
8

1 0 4 2 5 3 7 6 10 8 11 13 12 15 14 0 3 1 5 2 6 4 10 7 13 11 14 12 2 15 4 0 7 1 11 3 13 6 15 10 0 12 3 14 4 1 11 13 12 14 15
8

1 0 4 2 5 3 7 6 8 9 10 13 11 15 12 0 14 1 3 2 5 4 6 7 10 11 13 12 14 15 2 0 4 1 7 3 11 6 13 10 15 12 0 14 3 1 4 13 12 14 15
8

1 0 4 2 5 3 7 6 8 13 10 15 11 0 12 1 14 2 3 4 5 7 6 11 10 12 13 15 14 0 2 1 4 3 7 5 11 6 13 10 15 12 0 14 3 1 4 13 12 14 15
8

1 0 4 2 5 3 7 6 9 13 10 15 11 0 12 1 14 2 3 4 5 7 6 11 10 12 13 15 14 0 2 1 4 3 7 5 11 6 13 10 15 12 0 14 3 1 4 13 12 14 15
9

1 0 4 2 5 3 7 6 8 13 10 15 11 0 12 1 14 2 3 4 5 7 6 11 10 12 13 15 14 0 2 1 4 3 7 6 11 10 13 12 15 14 0 1 3 2 4 13 12 14 15
8

1 0 4 2 5 3 7 6 8 13 10 15 11 0 12 1 14 2 3 4 5 7 6 11 10 12 13 15 14 0 2 1 4 3 7 6 11 10 13 12 15 14 0 1 3 6 4 13 12 14 15
8

1 0 4 2 5 3 7 6 8 13 10 15 11 0 12 1 14 2 3 4 5 7 6 11 10 12 13 15 14 0 2 1 4 3 7 6 11 10 13 12 15 14 0 1 3 7 4 13 12 14 15
8

1 0 4 2 5 3 7 6 8 13 10 15 11 0 12 1 14 2 3 4 5 7 6 11 10 12 13 15 14 0 2 1 4 3 7 6 11 10 13 12 15 14 0 1 3 10 4 13 12 14 15
8

1 0 4 2 5 3 7 6 8 13 10 15 11 0 12 1 14 2 3 4 5 7 6 11 10 12 13 15 14 0 2 1 4 3 7 6 11 10 13 12 15 14 0 1 3 11 4 13 12 14 15
8

1 0 2 5 3 6 4 7 8 12 9 13 10 15 14 2 0 4 3 6 5 9 7 13 10 15 12 3 14 4 0 7 2 10 5 14 6 0 9 2 12 3 13 7 15 12 10 13 15 14
11

1 0 2 5 3 6 4 7 9 12 10 13 14 15 0 2 1 4 3 6 5 9 7 13 10 15 12 3 14 4 0 7 2 10 5 14 6 0 9 2 12 3 13 7 15 12 10 13 15 14
1

0 1 3 2 4 9 6 10 8 11 13 12 14 3 15 9 0 12 2 13 4 0 8 2 10 3 11 4 14 8 15 10 9 11 12 13 0 14 3 15 8 10 9 12 11 13 15 14
6

0 1 3 2 4 9 8 10 13 11 14 12 15 3 0 9 1 12 2 13 4 0 8 2 10 3 11 4 14 8 15 10 9 11 12 13 0 14 3 15 8 10 9 12 11 13 15 14
1

0 2 1 3 5 4 6 7 11 8 13 9 14 10 15 12 0 3 2 5 4 6 9 7 10 8 13 11 15 12 0 14 3 2 7 5 9 6 10 13 11 15 12 0 7 3 12 15
8

0 2 5 3 6 4 11 7 13 8 14 9 15 10 0 12 2 3 4 5 9 6 10 7 13 8 15 11 0 12 3 14 7 2 9 5 10 6 11 13 12 15 14 0 7 3 12 15
8

0 2 5 3 6 4 11 7 13 8 14 9 15 10 0 12 2 3 4 5 9 6 10 7 13 8 15 11 0 12 3 14 7 2 9 5 10 6 11 13 12 15 2 0 7 3 12 15
8

0 2 5 3 6 4 11 7 13 8 14 9 15 10 0 12 2 3 4 5 9 6 10 7 13 8 15 11 0 12 3 14 7 2 9 5 10 6 11 13 12 15 5 0 7 3 12 15
8

0 2 5 3 6 4 11 7 13 8 14 9 15 10 0 12 2 3 4 5 9 6 10 7 13 8 15 11 0 12 3 14 7 2 9 5 10 6 11 13 12 15 6 0 7 3 12 15
8

0 2 5 3 6 4 11 7 13 8 14 9 15 10 0 12 2 3 4 5 9 6 10 7 13 8 15 11 0 12 3 14 7 2 9 5 10 6 11 13 12 15 7 0 9 3 12 15
8

0 2 5 3 6 4 11 7 13 8 14 9 15 10 0 12 2 3 4 5 9 6 10 7 13 8 15 11 0 12 3 14 7 2 9 5 10 6 11 13 12 15 7 0 10 3 12 15
8

0 2 5 3 6 4 11 7 13 8 14 9 15 10 0 12 2 3 4 5 9 6 10 7 13 8 15 11 0 12 3 14 7 2 9 5 10 6 11 13 12 15 7 0 11 3 12 15
8

0 2 5 3 6 4 11 7 13 8 14 9 15 10 0 12 2 3 4 5 9 6 10 7 13 8 15 11 0 12 3 14 7 2 9 5 10 6 11 13 12 15 7 0 12 3 13 15
8

0 2 5 3 6 4 11 7 13 8 14 9 15 10 0 12 2 3 4 5 8 6 9 7 10 11 13 12 15 14 0 2 3 5 7 6 9 8 10 13 11 15 12 0 7 3 12 15
8

1 0 2 7 3 10 4 12 8 13 9 0 11 1 14 3 15 4 7 8 9 10 12 11 1 14 4 15 8 0 11 3 12 7 14 9 15 10 0 1 10 3 11 15 12
2

1 0 3 7 4 10 5 12 8 13 9 0 11 1 14 3 15 4 7 8 9 10 12 11 1 14 4 15 8 0 11 3 12 7 14 9 15 10 0 1 10 3 11 15 12
5

1 0 3 2 4 7 5 10 8 12 9 13 11 0 14 1 15 3 7 4 9 8 12 10 1 11 4 14 8 15 11 0 12 3 14 7 15 9 0 10 10 1 11 3 12 15
2

1 0 3 2 4 7 6 10 8 12 9 13 11 0 14 1 15 3 7 4 9 8 12 10 1 11 4 14 8 15 11 0 12 3 14 7 15 9 0 10 10 1 11 3 12 15
2

1 0 3 2 4 7 8 10 9 12 11 13 14 0 15 1 7 3 9 4 12 8 1 10 4 11 8 14 11 15 12 0 14 3 15 7 0 9 7 10 10 1 11 3 12 15
2

1 0 3 2 4 7 8 10 9 12 11 13 14 0 15 1 7 3 9 4 12 8 1 10 4 11 8 14 11 15 12 0 14 3 15 7 0 9 11 10 10 1 12 3 14 15
2

1 0 2 5 3 7 4 10 8 12 9 13 11 0 14 1 15 3 7 4 9 8 12 10 1 11 4 14 8 15 11 0 12 3 14 7 15 9 0 10 10 1 11 3 12 15
2

1 0 2 6 3 7 4 10 8 12 9 13 11 0 14 1 15 3 7 4 9 8 12 10 1 11 4 14 8 15 11 0 12 3 14 7 15 9 0 10 10 1 11 3 12 15
2

0 1 3 2 5 4 6 10 7 11 8 12 15 13 0 14 2 1 4 3 5 6 7 8 10 14 11 15 12 3 0 5 1 7 4 8 6 11 10 12 14 0 15 1 4 3 12 15
2

1 0 2 7 3 10 4 12 8 13 9 0 11 1 14 3 15 4 7 8 9 10 12 11 1 14 4 15 8 0 11 3 12 7 14 9 15 10 0 1 10 3 11 4 12 15
2

0 3 1 6 2 7 4 8 5 10 11 13 12 0 14 1 15 11 3 12 4 14 5 15 6 0 8 1 10 3 13 4 10 5 12 6 15 8 0 11 3 13 4 14 6 1 10 5 12 15 13
7

0 3 1 6 2 7 4 8 5 10 11 13 12 0 14 1 15 11 3 12 4 14 5 15 6 0 8 1 10 3 13 4 10 5 12 6 15 8 0 11 3 13 4 14 10 1 11 5 12 15 13
7

0 3 1 6 2 8 4 9 5 10 11 13 12 0 14 1 15 11 3 12 4 14 5 15 6 0 8 1 9 3 10 4 13 5 10 6 12 8 15 11 0 13 3 14 4 1 10 5 12 15 13
9

0 3 1 6 2 8 4 9 5 10 11 13 12 0 14 1 15 11 3 12 4 14 5 15 6 0 8 1 10 3 13 4 10 5 12 6 15 8 0 11 3 13 4 14 6 1 10 5 12 15 13
9

0 3 1 6 2 8 4 9 5 10 11 13 12 0 14 1 15 11 3 12 4 14 5 15 6 0 8 1 10 3 13 4 10 5 12 6 15 8 0 11 3 13 4 14 10 1 11 5 12 15 13
9

0 3 1 6 2 8 4 10 5 13 11 0 12 1 14 2 15 11 3 12 4 14 5 15 6 0 8 1 10 3 13 4 10 5 12 6 15 8 0 11 3 13 4 14 6 1 10 5 12 15 13
2

0 3 1 6 2 8 4 10 5 13 11 0 12 1 14 2 15 11 3 12 4 14 5 15 6 0 8 1 10 3 13 4 10 5 12 6 15 8 0 11 3 13 4 14 10 1 11 5 12 15 13
2

0 1 3 2 5 4 6 10 7 11 8 12 15 14 0 1 2 3 4 6 5 8 7 14 10 15 11 3 12 5 0 7 1 8 4 11 6 12 10 0 14 1 15 3 4 5 12 15
2

0 1 2 5 3 8 4 9 6 14 7 15 12 2 13 3 0 4 1 7 5 9 8 12 13 14 15 0 1 5 2 9 3 12 7 13 8 15 14 2 0 3 8 5 9 15 12
6

0 1 2 5 3 8 4 9 6 11 7 14 12 15 13 2 0 3 1 4 5 7 8 9 13 12 15 14 1 0 2 5 3 9 7 12 8 13 14 15 0 2 8 3 9 5 12 15
4

0 1 3 2 5 4 6 10 7 11 8 12 15 14 0 1 2 3 4 6 5 8 7 14 10 15 11 3 12 5 0 7 1 8 4 11 6 12 10 0 14 1 15 3 4 6 12 15
2

0 3 1 6 2 8 4 10 5 13 7 0 11 1 12 11 14 12 15 14 3 15 4 0 5 1 6 3 8 4 10 5 13 6 10 8 12 11 15 13 0 14 3 1 4 5 10 6 12 15 13
7

0 3 1 6 2 8 4 10 5 13 9 0 11 1 12 11 14 12 15 14 3 15 4 0 5 1 6 3 8 4 10 5 13 6 10 8 12 11 15 13 0 14 3 1 4 5 10 6 12 15 13
9

0 3 1 6 2 8 4 10 5 13 11 0 12 1 14 11 15 12 2 14 3 15 4 0 5 1 6 3 8 4 10 5 13 6 10 8 12 11 15 13 0 14 3 1 4 5 10 6 12 15 13
2

1 0 2 7 3 10 4 12 8 13 9 0 11 1 14 3 15 4 7 8 9 10 12 11 1 14 4 15 8 0 11 3 12 7 14 9 15 10 0 1 10 3 11 7 12 15
2

0 1 3 2 5 4 6 10 7 11 8 12 15 14 0 1 2 3 4 6 5 8 7 14 10 15 11 3 12 5 0 7 1 8 4 11 6 12 10 0 14 1 15 3 4 7 12 15
2

3 0 4 1 5 2 7 6 9 8 10 11 13 12 15 0 1 3 2 5 4 6 7 9 8 13 12 15 2 0 5 1 7 3 12 4 15 8 0 9 2 1 3 8 4 15 12
10

3 0 4 1 5 2 7 6 9 8 13 11 15 12 1 0 2 3 4 5 7 6 8 9 12 13 2 15 5 0 7 1 12 3 13 4 15 8 0 9 2 1 3 8 4 15 12
13

3 0 4 1 5 2 7 6 9 8 13 11 14 12 15 0 1 3 2 5 4 6 7 9 8 11 12 13 2 15 5 0 7 1 12 3 15 4 0 8 2 9 3 1 4 8 12 15
7

3 0 4 1 5 2 7 6 9 8 13 11 15 12 1 0 2 3 4 5 7 6 8 9 12 11 2 13 5 15 7 0 12 1 15 3 0 4 2 8 3 9 4 1 5 8 12 15
7

1 0 2 7 3 10 4 12 8 13 9 0 11 1 14 3 15 4 7 8 9 10 12 11 1 14 4 15 8 0 11 3 12 7 14 9 15 10 0 1 10 3 11 8 12 15
2

1 0 3 7 4 10 8 12 9 13 11 0 14 1 15 3 7 4 9 8 12 10 13 11 1 14 4 15 8 0 11 3 12 7 14 9 15 10 0 1 10 3 11 8 12 15
13

0 1 3 2 5 4 6 10 7 11 8 12 15 14 0 1 2 3 4 6 5 8 7 14 10 15 11 3 12 5 0 7 1 8 4 11 6 12 10 0 14 1 15 3 4 8 12 15
2

1 0 3 2 4 5 6 8 10 9 12 11 14 13 0 15 2 4 3 6 8 10 9 13 11 14 12 2 15 6 0 8 3 10 4 12 9 15 11 0 13 2 14 3 9 4 12 8 14 15
1

0 3 1 6 2 8 4 10 5 13 11 0 12 1 14 11 15 12 3 14 4 15 5 0 6 1 8 3 10 4 13 5 10 6 12 8 15 11 0 13 3 14 4 1 10 5 12 8 13 15
14

0 3 1 6 2 8 4 10 5 13 7 0 11 1 12 11 14 12 15 14 3 15 4 0 5 1 6 3 8 4 10 5 13 6 10 8 12 11 15 13 0 14 3 1 4 5 10 8 12 15 13
7

1 0 3 2 4 5 6 8 10 9 12 11 14 13 0 15 2 4 3 6 8 10 9 13 11 14 12 2 15 6 0 8 3 10 4 12 9 15 11 0 13 3 14 4 9 6 12 8 14 15
1

3 0 4 1 5 2 7 6 9 8 13 11 14 12 15 0 1 3 2 5 4 6 7 9 8 13 12 15 2 0 5 1 7 3 12 4 15 8 0 9 2 1 3 7 4 8 12 15
11

3 0 4 1 5 2 7 6 9 8 13 11 15 12 1 0 2 3 4 5 7 6 8 9 12 13 2 15 5 0 7 1 12 3 15 4 0 8 2 9 3 1 4 7 5 8 12 15
11

1 0 2 7 3 10 4 12 8 13 9 0 11 1 14 3 15 4 7 8 9 10 12 11 1 14 4 15 8 0 11 3 12 7 14 9 15 10 0 1 10 3 11 9 12 15
2

0 1 3 2 5 4 6 10 7 11 8 12 15 14 0 1 2 3 4 6 5 8 7 14 10 15 11 3 12 5 0 7 1 8 4 11 6 12 10 0 14 1 15 3 4 10 12 15
2

1 0 3 2 4 5 6 8 10 9 12 11 14 13 0 15 2 4 3 6 8 10 9 13 11 14 12 2 15 6 0 8 3 10 4 12 9 15 11 0 13 3 14 4 9 8 12 10 14 15
1

0 2 1 3 6 4 8 5 9 10 11 14 12 0 13 1 15 3 2 5 6 10 8 11 9 13 12 0 14 3 15 8 1 11 2 12 14 13 0 15 3 2 12 11 14 15
6

0 2 1 3 6 4 8 5 9 10 11 14 12 0 13 1 15 3 2 5 6 10 8 11 9 13 12 0 14 3 15 8 1 11 2 12 5 13 14 15 0 2 3 11 12 15 14
6

0 2 1 3 6 4 8 5 9 10 11 14 12 0 13 1 15 3 2 5 6 10 8 11 9 13 12 0 14 3 15 8 1 11 2 12 9 13 14 15 0 2 3 11 12 15 14
6

0 2 1 3 6 4 8 5 9 10 11 14 12 0 13 1 15 3 2 5 6 10 8 11 9 13 12 0 14 3 15 8 1 11 2 12 10 13 14 15 0 2 3 11 12 15 14
6

0 2 1 3 6 4 8 5 9 10 11 14 12 0 13 1 15 3 2 5 6 10 8 11 9 13 12 0 14 3 15 8 1 11 2 12 14 13 0 15 1 2 3 11 12 15 14
6

0 2 1 3 6 4 8 5 9 10 11 14 12 0 13 1 15 3 2 5 6 10 8 11 9 13 12 0 14 3 15 8 1 11 2 12 14 13 0 15 3 2 8 11 12 15 14
6

0 2 1 3 6 4 8 5 9 10 11 14 12 0 13 1 15 3 2 5 6 10 8 11 9 13 12 0 14 3 15 8 1 11 2 12 14 13 0 15 3 2 12 11 13 15 14
6

0 2 1 3 6 4 8 5 9 7 11 10 12 14 13 0 15 1 2 3 6 5 8 10 9 11 12 13 14 0 15 3 1 8 2 11 10 12 14 13 0 15 3 2 12 11 14 15
6

0 2 1 3 6 4 8 5 9 7 11 10 12 14 13 0 15 1 2 3 6 5 8 10 9 11 12 13 14 0 15 3 1 8 2 11 14 12 0 13 3 15 8 2 12 11 14 15
6

0 2 1 3 6 4 8 5 9 7 11 10 12 14 13 0 15 1 2 3 6 5 8 10 9 11 12 13 14 0 15 3 1 8 2 11 14 12 0 13 3 15 12 2 13 11 14 15
6

0 2 1 3 6 4 7 5 8 10 9 14 11 0 12 1 13 3 15 5 2 10 6 11 8 13 9 0 12 3 14 5 15 8 1 11 2 12 14 13 0 15 3 2 12 11 14 15
6

0 2 1 3 6 4 8 5 9 10 11 14 12 0 13 1 15 3 2 5 6 10 8 11 9 13 12 0 14 3 15 5 1 8 2 11 10 12 14 13 0 15 3 2 12 11 14 15
6

0 2 1 3 6 4 8 5 9 10 11 14 12 0 13 1 15 3 2 5 6 10 8 11 9 13 12 0 14 3 15 5 1 8 2 11 14 12 0 13 1 15 3 2 12 11 14 15
6

0 2 1 3 6 4 8 5 9 10 11 14 12 0 13 1 15 3 2 5 6 10 8 11 9 13 12 0 14 3 15 5 1 8 2 11 14 12 0 13 3 15 8 2 12 11 14 15
6

0 2 1 3 6 4 8 5 9 10 11 14 12 0 13 1 15 3 2 5 6 10 8 11 9 13 12 0 14 3 15 5 1 8 2 11 14 12 0 13 3 15 12 2 13 11 14 15
6

0 2 1 3 6 4 7 5 8 10 9 14 11 0 12 1 13 3 15 5 2 10 6 11 8 13 9 0 12 3 14 8 15 9 1 11 2 12 14 13 0 15 3 2 12 11 14 15
6

0 2 1 3 6 4 8 5 9 10 11 14 12 0 13 1 15 3 2 5 6 10 8 11 9 13 12 0 14 3 15 8 1 9 2 11 10 12 14 13 0 15 3 2 12 11 14 15
6

0 2 1 3 6 4 8 5 9 10 11 14 12 0 13 1 15 3 2 5 6 10 8 11 9 13 12 0 14 3 15 8 1 9 2 11 14 12 0 13 3 15 8 2 12 11 14 15
6

0 2 1 3 6 4 8 5 9 10 11 14 12 0 13 1 15 3 2 5 6 10 8 11 9 13 12 0 14 3 15 8 1 9 2 11 14 12 0 13 3 15 12 2 13 11 14 15
6

0 2 1 3 6 4 7 5 8 10 9 14 11 0 12 1 13 3 15 5 2 10 6 11 8 13 9 0 12 3 14 8 15 10 1 11 2 12 14 13 0 15 3 2 12 11 14 15
6

0 2 1 3 6 4 8 5 9 10 11 14 12 0 13 1 15 3 2 5 6 10 8 11 9 13 12 0 14 3 15 8 1 10 2 11 14 12 0 13 3 15 8 2 12 11 14 15
6

0 2 1 3 6 4 8 5 9 10 11 14 12 0 13 1 15 3 2 5 6 10 8 11 9 13 12 0 14 3 15 8 1 10 2 11 14 12 0 13 3 15 12 2 13 11 14 15
6

0 2 1 3 6 4 7 5 8 10 9 14 11 0 12 1 13 3 15 5 2 10 6 11 8 13 9 0 12 3 14 8 15 11 1 12 2 13 14 15 0 1 3 2 12 11 14 15
6

0 2 1 3 6 4 8 5 9 10 11 14 12 0 13 1 15 3 2 5 6 10 8 11 9 13 12 0 14 3 15 8 1 11 2 12 5 13 14 15 0 1 3 2 12 11 14 15
6

0 2 1 3 6 4 8 5 9 10 11 14 12 0 13 1 15 3 2 5 6 10 8 11 9 13 12 0 14 3 15 8 1 11 2 12 10 13 14 15 0 1 3 2 12 11 14 15
6

0 2 1 3 6 4 8 5 9 10 11 14 12 0 13 1 15 3 2 5 6 10 8 11 9 13 12 0 14 3 15 8 1 11 2 12 14 13 0 15 3 1 8 2 12 11 14 15
6

0 2 1 3 6 4 8 5 9 10 11 14 12 0 13 1 15 3 2 5 6 10 8 11 9 13 12 0 14 3 15 8 1 11 2 12 14 13 0 15 3 1 12 2 13 11 14 15
6

0 2 1 3 6 5 7 9 8 12 10 14 11 1 15 2 0 3 8 5 9 6 14 7 15 10 0 11 2 12 3 7 5 8 6 9 10 14 11 15 12 0 2 3 5 11 12 15
1

0 1 3 2 5 4 6 10 7 11 8 12 15 14 0 1 2 3 4 6 5 8 7 14 10 15 11 3 12 5 0 7 1 8 4 11 6 12 10 0 14 1 15 3 4 11 12 15
2

0 3 1 6 2 8 4 10 5 13 7 0 11 1 12 11 14 12 15 14 3 15 4 0 5 1 6 3 8 4 10 5 13 6 10 8 12 11 15 13 0 14 3 1 4 5 10 11 12 15 13
7

0 3 1 6 2 8 4 10 5 13 9 0 11 1 12 11 14 12 15 14 3 15 4 0 5 1 6 3 8 4 10 5 13 6 10 8 12 11 15 13 0 14 3 1 4 5 10 11 12 15 13
9

0 3 1 6 2 8 4 10 5 13 11 0 12 1 14 11 15 12 2 14 3 15 4 0 5 1 6 3 8 4 10 5 13 6 10 8 12 11 15 13 0 14 3 1 4 5 10 11 12 15 13
2

0 2 1 3 6 4 7 5 8 10 9 14 11 0 12 1 13 3 15 5 2 10 6 11 8 13 9 0 12 3 14 8 15 11 1 12 2 13 14 15 0 2 3 8 12 11 14 15
6

0 2 1 3 6 4 8 5 9 10 11 14 12 0 13 1 15 3 2 5 6 10 8 11 9 13 12 0 14 3 15 8 1 11 2 12 10 13 14 15 0 2 3 8 12 11 14 15
6

0 2 1 3 6 4 8 5 9 10 11 14 12 0 13 1 15 3 2 5 6 10 8 11 9 13 12 0 14 3 15 8 1 11 2 12 14 13 0 15 3 2 12 8 13 11 14 15
6

1 0 3 2 4 5 6 8 10 9 12 11 14 13 0 15 2 4 3 6 8 10 9 13 11 14 12 2 15 6 0 8 3 10 4 12 9 15 11 0 13 3 14 4 9 8 12 11 14 15
1

0 2 1 3 6 4 8 5 9 10 11 14 12 0 13 1 15 3 2 5 6 10 8 11 9 13 12 0 14 3 15 8 1 11 2 12 9 13 14 15 0 2 3 9 12 11 14 15
6

0 2 1 3 6 4 8 5 9 10 11 14 12 0 13 1 15 3 2 5 6 10 8 11 9 13 12 0 14 3 15 8 1 11 2 12 10 13 14 15 0 2 3 10 12 11 14 15
6

0 1 4 2 5 3 6 8 11 9 15 10 0 12 1 13 3 14 6 2 8 9 11 10 12 13 15 14 1 0 2 9 3 11 6 15 8 0 12 3 13 12 14 15 11
9

0 1 5 2 6 3 11 8 15 9 0 10 1 12 3 13 5 14 6 2 8 9 11 10 12 13 15 14 1 0 2 9 3 11 6 15 8 0 12 3 13 12 14 15 11
9

0 1 5 2 6 3 11 8 15 9 0 10 1 12 3 13 6 14 8 2 11 9 12 10 15 13 1 14 2 0 3 9 6 11 8 15 12 0 13 3 14 12 1 15 11
9

0 1 5 2 6 3 11 8 15 9 0 10 1 12 3 13 6 14 8 2 11 9 12 10 15 13 1 14 2 0 3 9 6 11 8 15 12 0 13 3 14 12 2 15 11
9

0 1 5 2 6 3 11 8 15 9 0 10 1 12 3 13 6 14 8 2 11 9 12 10 15 13 1 14 2 0 3 9 6 11 8 15 12 0 13 3 14 12 8 15 11
9

0 1 5 2 6 3 11 8 15 9 0 10 1 12 3 13 6 14 8 2 11 9 12 10 15 13 1 14 2 0 3 9 6 11 8 15 12 0 13 3 14 12 11 15 13
9

0 1 5 2 6 3 11 8 15 9 0 10 1 12 3 13 6 14 8 2 11 9 12 10 15 13 1 14 2 0 3 9 6 11 8 15 12 0 13 3 14 12 11 15 14
9

0 1 5 2 6 3 11 8 15 9 0 10 1 12 3 13 5 14 6 2 8 9 11 10 12 13 15 14 1 0 2 9 3 10 6 11 8 15 12 0 13 3 14 12 11 15
6

0 1 5 2 6 3 11 8 15 9 0 10 1 12 3 13 6 14 8 2 11 9 12 10 15 13 1 14 2 0 3 9 6 10 8 11 12 15 13 0 14 3 1 12 11 15
6

0 1 5 2 6 3 11 8 15 9 0 10 1 12 3 13 6 14 8 2 11 9 12 10 15 13 1 14 2 0 3 9 6 10 8 11 12 15 13 0 14 3 2 12 11 15
6

0 1 5 2 6 3 11 8 15 9 0 10 1 12 3 13 6 14 8 2 11 9 12 10 15 13 1 14 2 0 3 9 6 10 8 11 12 15 13 0 14 3 8 12 11 15
6

0 1 5 2 6 3 11 8 15 9 0 10 1 12 3 13 6 14 8 2 11 9 12 10 15 13 1 14 2 0 3 9 6 10 8 11 12 15 13 0 14 3 11 12 13 15
6

0 1 5 2 6 3 11 8 15 9 0 10 1 12 3 13 6 14 8 2 11 9 12 10 15 13 1 14 2 0 3 9 6 10 8 11 12 15 13 0 14 3 11 12 14 15
6

0 1 2 3 6 4 8 5 10 7 12 9 13 14 15 0 2 1 4 3 5 6 7 8 10 13 12 0 14 2 15 3 1 4 6 10 7 13 8 14 12 15 0 1 2 4 3 12 13 15 14
5

0 1 2 3 6 4 8 5 10 7 12 11 13 14 15 0 2 1 4 3 5 6 7 8 10 13 12 0 14 2 15 3 1 4 6 10 7 13 8 14 12 15 0 1 2 4 3 12 13 15 14
5

0 1 2 3 6 4 8 5 10 7 12 14 13 0 15 1 2 3 4 5 7 6 10 8 12 13 14 0 15 2 1 3 6 4 7 10 8 13 12 14 0 15 2 1 3 4 13 12 14 15
5

0 1 2 3 6 4 8 5 10 7 11 14 12 0 13 1 15 3 2 5 4 6 7 8 10 13 12 0 14 2 15 3 1 4 6 10 7 13 8 14 12 15 0 1 2 4 3 12 13 15 14
5

0 1 2 3 6 4 8 5 10 7 12 14 13 0 15 1 2 3 4 5 7 6 10 8 12 13 14 0 15 2 1 3 6 4 7 10 8 13 12 14 0 15 2 1 3 4 6 12 13 15 14
5

0 1 2 3 6 4 8 5 10 7 12 14 13 0 15 1 2 3 4 5 7 6 10 8 12 13 14 0 15 2 1 3 6 4 7 10 8 13 12 14 0 15 2 1 3 4 7 12 13 15 14
5

0 1 2 3 6 4 8 5 10 7 12 14 13 0 15 1 2 3 4 5 7 6 10 8 12 13 14 0 15 2 1 3 6 4 7 10 8 13 12 14 0 15 2 1 3 4 8 12 13 15 14
5

0 1 2 3 6 4 8 5 10 7 12 14 13 0 15 1 2 3 4 5 7 6 10 8 12 13 14 0 15 2 1 3 6 4 7 10 8 13 12 14 0 15 2 1 3 4 10 12 13 15 14
5

0 1 5 2 6 3 11 8 15 9 0 10 1 12 3 13 5 14 6 2 8 9 11 10 12 13 15 14 1 0 2 9 3 11 6 15 8 0 12 3 13 6 14 12 11 15
10

0 1 2 3 6 4 8 5 10 7 12 14 13 0 15 1 2 3 4 6 5 8 7 13 10 0 12 2 14 3 15 4 1 10 6 13 7 14 8 15 12 1 0 4 2 6 3 12 13 15 14
5

3 0 4 1 6 2 7 5 9 8 13 11 14 12 15 2 0 4 1 6 3 11 5 12 7 14 9 15 0 3 2 6 4 9 5 11 7 0 12 2 14 7 15 12 3 15 11
13

3 0 4 1 6 2 7 5 9 8 14 11 15 12 0 2 1 4 3 6 5 11 7 12 8 14 9 15 0 3 2 6 4 9 5 11 7 0 12 2 14 7 15 12 3 15 11
8

3 0 4 1 6 2 7 5 9 10 14 11 15 12 0 2 1 4 3 6 5 11 7 12 9 14 0 15 2 3 4 6 5 9 7 11 12 0 14 2 15 7 3 12 11 15 14
10

3 0 4 1 6 2 7 5 9 11 14 12 15 13 0 2 1 4 3 6 5 11 7 12 9 14 0 15 2 3 4 6 5 9 7 11 12 0 14 2 15 7 3 12 11 15
13

3 0 4 1 6 2 7 5 8 11 9 12 14 13 15 2 0 4 1 6 3 11 5 12 7 14 9 15 0 3 2 6 4 9 5 11 7 0 12 2 14 7 15 12 3 15 11
13

3 0 4 1 6 2 7 5 9 11 14 12 15 13 0 2 1 4 3 6 5 11 7 12 9 14 0 15 1 3 2 6 4 9 5 11 7 0 12 2 14 7 15 12 3 15 11
13

3 0 4 1 6 2 7 5 9 11 14 12 15 13 0 2 1 4 3 6 5 11 7 12 9 14 0 15 2 3 4 6 5 9 7 11 12 0 14 2 15 7 3 12 4 15 11
13

3 0 4 1 6 2 7 5 9 11 14 12 15 13 0 2 1 4 3 6 5 11 7 12 9 14 0 15 2 3 4 6 5 9 7 11 12 0 14 2 15 7 3 12 5 15 11
13

3 0 4 1 6 2 7 5 9 11 14 12 15 13 0 2 1 4 3 6 5 11 7 12 9 14 0 15 2 3 4 6 5 9 7 11 12 0 14 2 15 7 3 12 6 15 11
13

3 0 4 1 6 2 7 5 9 11 14 12 15 13 0 2 1 4 3 6 5 11 7 12 9 14 0 15 2 3 4 6 5 9 7 11 12 0 14 2 15 7 3 12 9 15 11
13

3 0 4 1 6 2 7 5 9 11 14 12 15 13 0 2 1 4 3 6 5 11 7 12 9 14 0 15 2 3 4 6 5 9 7 11 12 0 14 2 15 7 3 12 11 15 14
13

3 0 4 1 6 2 7 5 9 11 13 12 14 2 15 4 0 6 1 11 3 12 5 14 7 15 9 1 0 3 2 6 4 9 5 11 7 0 12 2 14 7 15 12 3 15 11
13

0 1 2 3 6 4 8 5 10 7 12 14 13 0 15 1 2 3 4 6 5 8 7 13 10 0 12 2 14 3 15 4 1 10 6 13 7 14 8 15 12 1 0 4 2 7 3 12 13 15 14
5

3 0 4 1 6 2 7 5 9 11 13 12 14 2 15 4 0 6 1 11 3 12 5 14 7 15 9 3 0 6 2 9 4 11 5 0 7 2 12 4 14 7 15 12 3 15 11
13

3 0 4 1 6 2 7 5 9 11 13 12 14 2 15 4 0 6 1 11 3 12 5 14 7 15 9 3 0 6 2 9 4 11 5 0 7 2 12 5 14 7 15 12 3 15 11
13

3 0 4 1 6 2 7 5 9 11 13 12 14 2 15 4 0 6 1 11 3 12 5 14 7 15 9 3 0 6 2 9 4 11 5 0 7 2 12 6 14 7 15 12 3 15 11
13

0 1 2 3 6 4 8 5 10 7 12 14 13 0 15 1 2 3 4 6 5 8 7 13 10 0 12 2 14 3 15 4 1 10 6 13 7 14 8 15 12 1 0 4 2 8 3 12 13 15 14
5

3 0 4 1 6 2 7 5 9 11 13 12 14 2 15 4 0 6 1 11 3 12 5 14 7 15 9 3 0 6 2 9 4 11 5 0 7 2 12 7 14 9 15 12 3 15 11
13

0 1 2 3 6 4 8 5 10 7 12 14 13 0 15 1 2 3 4 6 5 8 7 13 10 0 12 2 14 3 15 4 1 10 6 13 7 14 8 15 12 1 0 4 2 10 3 12 13 15 14
5

0 1 2 3 4 5 7 6 10 8 11 9 12 14 3 15 5 0 6 2 7 4 8 11 9 12 14 0 15 5 2 6 3 7 11 8 12 9 14 0 15 2 3 11 9 12 14 15
1

0 1 2 3 4 5 7 6 11 8 12 9 3 14 5 15 6 0 7 2 8 4 9 11 14 12 15 0 2 5 3 6 11 7 12 8 14 9 15 0 3 2 5 11 9 12 14 15
1

0 1 2 3 4 5 7 6 11 8 12 9 3 14 5 15 6 0 7 2 8 4 9 11 14 12 15 0 2 5 3 6 11 7 12 8 14 9 15 0 3 2 6 11 9 12 14 15
1

0 1 2 3 4 5 7 6 11 8 12 9 3 14 5 15 6 0 7 2 8 4 9 11 14 12 15 0 2 5 3 6 11 7 12 8 14 9 15 0 3 2 7 11 9 12 14 15
1

0 1 2 3 4 5 7 6 11 8 12 9 3 14 5 15 6 0 7 2 8 4 9 11 14 12 15 0 2 5 3 6 11 7 12 8 14 9 15 0 3 2 8 11 9 12 14 15
1

0 3 1 5 2 6 4 8 7 9 11 10 12 14 3 15 5 0 6 2 7 4 8 11 9 12 14 0 15 5 2 6 3 7 11 8 12 9 14 0 15 2 3 11 9 12 14 15
1

0 3 2 5 4 6 7 8 11 9 12 14 13 15 3 0 5 2 6 4 7 11 8 12 9 13 14 0 15 5 2 6 3 7 11 8 12 9 14 0 15 2 3 11 9 12 14 15
13

0 3 1 5 2 6 4 8 7 9 11 14 12 15 3 0 5 2 6 4 7 11 8 12 9 0 14 5 15 6 2 7 3 8 11 9 12 0 14 2 15 8 3 11 9 12 14 15
1

1 0 3 2 4 5 6 8 10 9 12 11 14 13 0 15 2 4 3 6 8 10 9 13 11 14 12 2 15 6 0 8 3 10 4 12 9 15 11 0 13 3 14 4 9 8 12 13 14 15
1

2 0 5 1 9 3 11 6 12 7 13 10 15 14 3 0 6 1 10 2 12 5 13 7 14 9 0 11 1 15 2 3 5 12 7 13 9 14 11 0 15 11 3 13 7 15 12
10

0 2 1 3 6 4 7 5 8 10 9 14 11 0 12 1 13 3 15 5 2 10 6 11 8 13 9 0 12 3 14 8 15 11 1 12 2 13 14 15 0 2 3 11 12 13 14 15
6

0 2 1 3 6 4 8 5 9 10 11 14 12 0 13 1 15 3 2 5 6 10 8 11 9 13 12 0 14 3 15 8 1 11 2 12 10 13 14 15 0 2 3 11 12 13 14 15
6

0 2 1 3 6 4 8 5 9 10 11 14 12 0 13 1 15 3 2 5 6 10 8 11 9 13 12 0 14 3 15 8 1 11 2 12 14 13 0 15 3 2 8 11 12 13 14 15
6

1 0 2 4 3 8 5 9 10 14 11 15 12 0 13 1 2 3 9 4 12 8 14 10 15 13 0 1 2 3 9 4 10 12 13 15 14 0 1 2 3 12 4 13 9 15 14
8

1 0 2 4 3 8 6 9 10 14 11 15 12 0 13 1 2 3 9 4 12 8 14 10 15 13 0 1 2 3 9 4 10 12 13 15 14 0 1 2 3 12 4 13 9 15 14
8

1 0 2 4 3 8 7 9 10 14 11 15 12 0 13 1 2 3 9 4 12 8 14 10 15 13 0 1 2 3 9 4 10 12 13 15 14 0 1 2 3 12 4 13 9 15 14
8

1 0 2 4 3 8 10 9 11 14 12 15 13 0 2 1 9 3 11 4 12 8 14 10 15 13 0 1 2 3 9 4 10 12 13 15 14 0 1 2 3 12 4 13 9 15 14
8

1 0 2 4 3 8 10 9 11 14 12 15 13 0 2 1 9 3 12 4 14 8 15 10 0 13 2 1 9 3 10 4 13 12 14 15 1 0 3 2 4 12 9 13 10 15 14
8

1 0 2 4 3 8 5 9 10 14 11 15 12 0 13 1 2 3 9 4 12 5 14 8 15 10 0 13 2 1 9 3 10 4 13 12 14 15 1 0 3 2 4 12 9 13 14 15
5

1 0 2 4 3 8 6 9 10 14 11 15 12 0 13 1 2 3 9 4 12 6 14 8 15 10 0 13 2 1 9 3 10 4 13 12 14 15 1 0 3 2 4 12 9 13 14 15
6

0 2 1 3 6 4 8 5 9 10 11 13 12 14 15 0 2 1 3 6 4 10 8 11 13 12 14 15 1 0 4 2 6 3 10 11 12 13 15 14 3 0 4 14 11 15 12
5

0 2 1 3 6 4 8 5 11 10 12 13 15 14 2 0 3 1 4 6 8 10 13 11 14 12 1 15 4 0 6 2 10 3 12 11 15 13 3 14 4 0 11 14 12 15 13
5

0 2 1 3 6 4 8 7 11 10 12 13 15 14 2 0 3 1 4 6 8 10 13 11 14 12 1 15 4 0 6 2 10 3 12 11 15 13 3 14 4 0 11 14 12 15
8

0 2 1 3 6 4 8 7 9 10 11 13 12 14 15 0 2 1 3 6 4 10 8 11 13 12 14 15 1 0 4 2 6 3 10 11 12 13 15 14 3 0 4 14 11 15 12
7

0 2 1 3 5 4 6 9 8 10 11 13 12 14 15 0 2 1 3 6 4 10 8 11 13 12 14 15 1 0 4 2 6 3 10 11 12 13 15 14 3 0 4 14 11 15 12
5

0 2 1 3 6 4 7 9 8 10 11 13 12 14 15 0 2 1 3 6 4 10 8 11 13 12 14 15 1 0 4 2 6 3 10 11 12 13 15 14 3 0 4 14 11 15 12
7

1 0 2 7 3 10 4 12 8 13 9 0 11 1 14 3 15 4 7 8 9 10 12 11 1 14 4 15 8 0 11 3 12 7 14 9 15 10 0 1 10 3 11 14 12 15
2

0 1 3 2 5 4 6 10 7 11 8 12 15 14 0 1 2 3 4 6 5 8 7 14 10 15 11 3 12 5 0 7 1 8 4 11 6 12 10 0 14 1 15 3 4 14 12 15
2

0 3 1 6 2 8 4 10 5 13 11 0 12 1 14 11 15 12 3 14 4 15 5 0 6 1 8 3 10 4 13 5 10 6 12 8 15 11 0 13 3 14 4 1 10 5 12 14 13 15
8

0 3 1 6 2 8 4 10 5 13 7 0 11 1 12 11 14 12 15 14 3 15 4 0 5 1 6 3 8 4 10 5 13 6 10 8 12 11 15 13 0 14 3 1 4 5 10 14 12 15 13
7

1 0 3 2 4 7 5 8 6 10 12 11 14 13 15 0 1 4 2 5 3 13 7 14 10 15 11 1 12 2 0 3 4 5 10 7 13 11 14 12 15 0 1 2 3 7 10 14 12 15 13
9

1 0 3 2 4 7 5 8 12 10 14 11 15 13 1 0 2 4 3 5 7 13 8 14 10 15 11 1 12 2 0 3 4 5 10 7 13 11 14 12 15 0 1 2 3 7 10 14 12 15 13
9

1 0 3 2 4 7 5 8 12 10 14 11 15 13 1 0 2 4 3 5 7 13 10 14 11 15 12 1 0 2 4 3 10 5 13 7 14 11 15 12 1 0 3 2 4 7 10 14 12 15 13
9

1 0 3 2 4 7 5 8 12 10 14 11 15 13 1 0 2 4 3 5 7 13 10 14 11 15 12 1 0 2 4 3 10 5 13 7 14 11 15 12 1 0 3 2 5 7 10 14 12 15 13
9

1 0 3 2 4 7 5 8 12 10 14 11 15 13 1 0 2 4 3 5 7 13 10 14 11 15 12 1 0 2 4 3 10 5 13 7 14 11 15 12 1 0 3 2 10 7 11 14 12 15 13
9

1 0 3 2 4 7 5 8 6 10 12 11 14 13 15 0 1 4 2 5 3 6 7 13 10 14 11 15 12 1 0 2 4 3 10 5 13 7 14 11 15 12 1 0 3 2 10 7 12 14 13 15
9

1 0 3 2 4 7 5 8 6 10 12 11 14 13 15 0 1 4 2 5 3 8 7 13 10 14 11 15 12 1 0 2 4 3 10 5 13 7 14 11 15 12 1 0 3 2 10 7 12 14 13 15
9

1 0 3 2 4 7 5 8 6 10 12 11 14 13 15 0 1 4 2 5 3 13 7 14 10 15 11 1 12 2 0 3 4 5 10 7 13 11 14 12 15 0 1 2 3 4 10 7 12 14 13 15
9

1 0 3 2 4 7 5 8 6 10 12 11 14 13 15 0 1 4 2 5 3 13 7 14 10 15 11 1 12 2 0 3 4 5 10 7 13 11 14 12 15 0 1 2 3 5 10 7 12 14 13 15
9

0 2 7 3 8 4 9 5 10 11 14 12 2 13 5 15 8 0 10 3 11 4 13 7 2 9 3 12 4 14 5 15 7 0 8 9 13 10 14 12 15 8 0 14 3 15 12
11

0 1 6 2 7 3 8 4 9 5 10 11 14 12 2 13 5 15 8 0 10 3 11 4 13 7 2 9 3 12 4 14 5 15 8 0 13 9 14 10 15 12 0 8 3 14 12 15
1

0 2 1 3 7 4 8 5 9 6 10 11 14 12 2 13 5 15 8 0 10 3 11 4 13 7 2 9 3 12 4 14 5 15 8 0 13 9 14 10 15 12 0 8 3 14 12 15
1

0 2 7 3 8 4 9 5 10 6 14 11 2 12 5 13 8 15 10 0 11 3 13 4 2 7 3 9 4 12 5 14 7 15 8 0 13 9 14 10 15 12 0 8 3 14 12 15
11

0 2 7 3 8 4 9 5 10 6 14 11 2 12 5 13 8 15 10 0 11 3 13 4 2 7 3 9 4 12 5 14 8 15 13 0 14 9 15 10 0 12 3 8 4 14 12 15
6

0 2 1 3 7 4 8 5 9 11 10 12 14 13 2 15 5 0 8 3 10 4 11 7 13 9 2 12 3 14 4 15 5 0 8 7 13 9 14 10 15 12 0 8 3 14 12 15
1

0 2 7 3 8 4 9 5 10 11 14 12 2 13 5 15 8 0 10 3 11 4 13 7 2 9 3 12 4 14 5 15 7 0 8 9 13 10 14 12 15 2 0 8 3 14 12 15
11

0 2 7 3 8 4 9 5 10 11 14 12 2 13 5 15 8 0 10 3 11 4 13 7 2 9 3 12 4 14 5 15 7 0 8 9 13 10 14 12 15 4 0 8 3 14 12 15
11

0 2 7 3 8 4 9 5 10 11 14 12 2 13 5 15 8 0 10 3 11 4 13 7 2 9 3 12 4 14 5 15 7 0 8 9 13 10 14 12 15 5 0 8 3 14 12 15
11

0 2 7 3 8 4 9 5 10 11 14 12 2 13 5 15 8 0 10 3 11 4 13 7 2 9 3 12 4 14 5 15 7 0 8 9 13 10 14 12 15 7 0 8 3 14 12 15
11

1 0 4 3 5 7 8 13 9 1 11 3 12 4 14 7 15 12 0 13 5 15 8 0 9 5 14 9 1 12 3 13 4 15 7 0 8 7 14 8 3 14 12 15 13
11

1 0 4 3 5 7 8 10 9 13 11 1 12 3 14 4 15 7 0 12 5 13 8 15 9 0 14 5 1 9 3 12 4 13 7 15 8 0 14 7 3 8 12 14 13 15
11

1 0 2 3 4 7 5 11 8 13 9 1 12 3 14 4 15 7 0 12 5 13 8 15 9 0 14 5 1 9 3 12 4 13 7 15 8 0 14 7 3 8 12 14 13 15
11

1 0 4 3 5 7 6 11 8 13 9 1 12 3 14 4 15 7 0 12 5 13 8 15 9 0 14 5 1 9 3 12 4 13 7 15 8 0 14 7 3 8 12 14 13 15
11

1 0 4 3 5 7 8 11 9 13 10 1 12 3 14 4 15 7 0 12 5 13 8 15 9 0 14 5 1 9 3 12 4 13 7 15 8 0 14 7 3 8 12 14 13 15
11

1 0 4 3 5 7 8 11 9 13 12 1 14 3 15 4 0 7 5 12 8 13 9 15 14 0 1 5 3 9 4 12 7 13 8 15 14 0 1 7 3 8 12 14 13 15
11

1 0 4 3 5 7 8 11 9 13 12 1 14 3 15 4 0 7 5 12 8 13 9 15 14 0 1 5 3 9 4 12 7 13 8 15 14 0 3 7 4 8 12 14 13 15
11

1 0 4 3 5 7 8 11 9 13 12 1 14 3 15 4 0 7 5 12 8 13 9 15 14 0 1 5 3 9 4 12 7 13 8 15 14 0 3 7 5 8 12 14 13 15
11

1 0 4 3 5 7 8 11 9 13 12 1 14 3 15 4 0 7 5 12 8 13 9 15 14 0 1 5 3 9 4 12 7 13 8 15 14 0 3 7 9 8 12 14 13 15
11

1 0 4 3 5 7 8 13 9 1 10 3 12 4 14 7 15 10 0 12 5 13 8 15 9 0 14 5 1 9 3 12 4 13 7 15 8 0 14 7 3 8 12 14 13 15
11

0 2 7 3 8 4 9 5 10 11 14 12 2 13 5 15 8 0 10 3 11 4 13 7 2 9 3 12 4 14 5 15 7 0 8 9 13 10 14 12 15 8 0 9 3 14 12 15
11

0 2 7 3 8 4 9 5 10 11 14 12 2 13 5 15 8 0 10 3 11 4 13 7 2 9 3 12 4 14 5 15 7 0 8 9 13 10 14 12 15 8 0 10 3 14 12 15
11

1 0 3 2 4 7 5 8 6 10 12 11 14 13 15 0 1 4 2 5 3 13 7 14 10 15 11 1 12 2 0 3 4 5 10 7 13 11 14 12 15 0 1 2 3 7 10 11 12 14 13 15
9

3 0 4 1 6 2 11 5 13 7 14 8 15 10 0 12 2 1 7 3 10 4 11 6 12 14 0 15 2 1 4 3 6 7 10 11 12 14 15 0 1 2 3 12 7 14 10 15 11
13

3 0 4 1 6 2 11 5 14 7 15 8 0 10 2 12 7 1 8 3 10 4 11 6 12 14 0 15 2 1 4 3 6 7 10 11 12 14 15 0 1 2 3 12 7 14 10 15 11
8

3 0 4 1 6 2 11 7 13 8 14 9 15 10 0 12 2 1 7 3 10 4 11 6 12 14 0 15 2 1 4 3 6 7 10 11 12 14 15 0 1 2 3 12 7 14 10 15 11
13

3 0 4 1 6 2 11 7 14 8 15 9 0 10 2 12 7 1 8 3 10 4 11 6 12 14 0 15 2 1 4 3 6 7 10 11 12 14 15 0 1 2 3 12 7 14 10 15 11
8

3 0 4 1 5 2 6 7 11 8 14 10 15 12 0 13 2 1 7 3 10 4 11 6 12 14 0 15 2 1 4 3 6 7 10 11 12 14 15 0 1 2 3 12 7 14 10 15 11
13

3 0 4 1 6 2 9 7 11 8 14 10 15 12 0 13 2 1 7 3 10 4 11 6 12 14 0 15 2 1 4 3 6 7 10 11 12 14 15 0 1 2 3 12 7 14 10 15 11
13

3 0 4 1 6 2 11 7 14 8 15 10 0 12 2 1 7 3 10 4 11 6 12 8 0 14 2 15 4 1 6 3 10 7 12 11 15 14 1 0 3 2 7 12 10 14 11 15
8

3 0 4 1 5 2 6 7 11 8 14 10 15 12 0 1 2 3 7 4 10 6 11 8 12 14 0 15 2 1 4 3 6 7 10 11 12 14 15 0 1 2 3 12 7 14 10 15 11
8

3 0 4 1 6 2 9 7 11 8 14 10 15 12 0 1 2 3 7 4 10 6 11 8 12 14 0 15 2 1 4 3 6 7 10 11 12 14 15 0 1 2 3 12 7 14 10 15 11
8

3 0 4 1 6 2 11 7 14 8 15 10 0 12 2 1 7 3 10 4 11 6 12 8 0 14 2 15 4 1 6 3 10 7 12 11 15 14 1 0 3 2 4 12 7 14 10 15 11
8

3 0 4 1 6 2 11 7 14 8 15 10 0 12 2 1 7 3 10 4 11 6 12 8 0 14 2 15 4 1 6 3 10 7 12 11 15 14 1 0 3 2 6 12 7 14 10 15 11
8

3 0 4 1 6 2 11 7 13 8 14 10 15 12 0 1 2 3 7 4 10 6 11 14 12 15 0 1 2 3 4 7 6 11 10 14 12 0 15 2 1 4 3 12 7 14 10 15 11
13

3 0 4 1 6 2 11 7 14 8 15 10 0 12 2 1 7 3 8 4 10 6 11 14 12 15 0 1 2 3 4 7 6 11 10 14 12 0 15 2 1 4 3 12 7 14 10 15 11
8

3 0 4 1 6 2 11 7 13 8 14 10 15 12 0 1 2 3 7 4 10 6 11 14 12 15 0 1 2 3 4 7 6 11 10 14 12 0 15 2 1 6 3 12 7 14 10 15 11
13

3 0 4 1 6 2 11 7 14 8 15 10 0 12 2 1 7 3 8 4 10 6 11 14 12 15 0 1 2 3 4 7 6 11 10 14 12 0 15 2 1 6 3 12 7 14 10 15 11
8

3 0 4 1 6 2 7 5 9 11 13 12 14 2 15 4 0 6 1 11 3 12 5 14 7 15 9 3 0 6 2 9 4 11 5 0 7 2 12 7 14 12 15 14 3 15 11
13

1 0 2 3 4 5 8 7 12 11 13 14 15 1 0 2 4 3 5 12 7 13 8 15 11 0 14 4 1 7 2 11 3 13 8 0 12 8 14 11 15 12 1 14 3 15 4
13

1 0 3 2 4 5 7 8 12 11 14 13 15 0 4 1 5 3 8 7 11 14 12 15 13 0 1 4 3 5 8 7 11 13 12 3 14 8 15 11 0 12 7 14 13 15
2

1 0 3 2 4 5 6 8 7 11 12 13 14 0 15 1 4 3 5 7 8 14 11 15 12 0 13 4 1 5 3 7 8 13 11 3 12 8 14 11 15 12 0 14 7 15 13
2

1 0 3 2 4 5 7 8 9 11 12 13 14 0 15 1 4 3 5 7 8 14 11 15 12 0 13 4 1 5 3 7 8 13 11 3 12 8 14 11 15 12 0 14 7 15 13
2

1 0 3 2 4 5 7 8 10 11 12 13 14 0 15 1 4 3 5 7 8 14 11 15 12 0 13 4 1 5 3 7 8 13 11 3 12 8 14 11 15 12 0 14 7 15 13
2

1 0 3 2 4 5 7 8 12 11 14 13 15 0 4 1 5 3 8 7 11 14 12 15 13 0 1 4 3 5 8 7 11 13 12 3 14 8 15 11 0 12 1 14 7 15 13
2

1 0 3 2 4 5 7 8 12 11 14 13 15 0 4 1 5 3 8 7 11 14 12 15 13 0 1 4 3 5 8 7 11 13 12 3 14 8 15 11 0 12 4 14 7 15 13
2

1 0 3 2 4 5 7 8 12 11 14 13 15 0 4 1 5 3 8 7 11 14 12 15 13 0 1 4 3 5 8 7 11 13 12 3 14 8 15 11 0 12 5 14 7 15 13
2

1 0 2 5 3 6 4 8 7 11 12 13 14 0 15 1 4 3 5 7 8 14 11 15 12 0 13 4 1 5 3 7 8 13 11 3 12 8 14 11 15 12 0 14 7 15 13
2

1 0 3 5 4 6 7 8 12 11 14 13 15 0 4 1 5 3 6 7 8 14 11 15 12 0 13 4 1 5 3 7 8 13 11 3 12 8 14 11 15 12 0 14 7 15 13
6

1 0 3 5 4 8 6 10 7 11 12 13 14 0 15 1 4 3 5 7 8 14 11 15 12 0 13 4 1 5 3 7 8 13 11 3 12 8 14 11 15 12 0 14 7 15 13
9

1 0 2 5 3 8 4 11 7 13 12 0 14 1 15 3 4 7 5 14 8 15 11 0 12 4 13 5 1 7 3 13 8 1 11 3 12 8 14 11 15 12 0 14 7 15 13
2

1 0 3 5 4 8 7 11 9 13 12 0 14 1 15 3 4 7 5 14 8 15 11 0 12 4 13 5 1 7 3 13 8 1 11 3 12 8 14 11 15 12 0 14 7 15 13
9

1 0 2 5 3 8 4 11 7 13 12 0 14 1 15 3 4 7 5 14 8 15 11 0 12 4 13 5 1 7 3 13 8 3 11 4 12 8 14 11 15 12 0 14 7 15 13
2

1 0 2 5 3 8 4 11 7 13 12 0 14 1 15 3 4 7 5 14 8 15 11 0 12 4 13 5 1 7 3 13 8 3 11 5 12 8 14 11 15 12 0 14 7 15 13
2

0 2 1 5 3 9 4 10 7 11 8 12 13 15 14 0 1 7 3 9 4 10 8 12 11 0 13 1 14 4 15 7 3 10 11 12 13 15 14 3 0 13 4 14 10 15 12
8

0 2 1 6 3 9 4 10 7 11 8 12 13 15 14 0 1 7 3 9 4 10 11 12 13 0 14 1 15 4 3 7 9 10 11 12 13 15 14 3 0 13 4 14 10 15 12
6

0 2 1 9 3 10 4 11 7 12 8 15 13 0 14 2 1 7 3 9 4 10 8 12 11 0 13 1 14 4 15 7 3 10 11 12 13 15 14 3 0 13 4 14 10 15 12
8

0 2 1 9 3 10 4 11 7 12 8 15 13 0 14 7 1 8 3 9 4 10 11 12 13 0 14 1 15 4 3 7 11 10 13 12 14 15 0 3 4 13 10 14 12 15
8

0 2 1 9 3 10 4 11 5 12 7 15 8 0 13 7 14 8 1 9 3 10 4 12 11 0 13 1 14 4 15 7 3 10 11 12 13 15 14 3 0 13 4 14 10 15 12
8

0 2 1 9 3 10 4 11 7 12 8 15 13 0 14 7 1 8 2 9 3 10 4 12 11 0 13 1 14 4 15 7 3 10 11 12 13 15 14 3 0 13 4 14 10 15 12
8

0 2 1 9 3 10 4 11 7 12 8 15 13 0 14 7 1 8 3 9 4 10 11 12 13 0 14 1 15 4 3 7 9 10 11 12 13 15 14 3 0 13 4 14 10 15 12
8

0 2 1 9 3 10 4 11 7 12 8 15 13 0 14 7 1 8 3 9 4 10 11 12 13 0 14 1 15 4 3 7 11 10 13 12 14 15 0 3 1 13 4 14 10 15 12
8

0 2 1 9 3 10 4 11 7 12 8 15 13 0 14 7 1 8 3 9 4 10 11 12 13 0 14 1 15 4 3 7 11 10 13 12 14 15 0 3 4 13 7 14 10 15 12
8

0 2 1 9 3 10 4 11 7 12 8 15 13 0 14 7 1 8 3 9 4 10 11 12 13 0 14 1 15 4 3 7 11 10 13 12 14 15 0 3 4 13 10 14 11 15 12
8

0 2 1 9 3 10 4 11 7 12 8 15 13 0 14 7 1 9 3 10 4 12 8 0 11 1 13 4 14 7 15 10 3 12 11 15 13 1 14 3 0 13 4 14 10 15 12
8

0 2 7 3 8 4 9 5 10 11 14 12 2 13 5 15 8 0 10 3 11 4 13 7 2 9 3 12 4 14 5 15 7 0 8 9 13 10 14 12 15 8 0 13 3 14 12 15
11

3 0 4 1 5 2 11 6 15 7 0 8 1 12 6 14 8 3 11 4 1 12 3 14 8 15 15 0 0 6 3 11 6 12 12 14 14 1 15
10

3 0 4 1 9 2 11 6 15 7 0 8 1 12 6 14 8 3 11 4 1 12 3 14 8 15 15 0 0 6 3 11 6 12 12 14 14 1 15
10

3 0 4 1 11 2 15 6 0 7 1 8 6 12 7 14 8 3 11 4 1 12 3 14 8 15 15 0 0 6 3 11 6 12 12 14 14 1 15
10

3 0 4 1 11 2 15 6 0 7 1 8 6 12 8 14 11 3 1 4 3 12 4 14 8 15 15 0 0 6 3 11 6 12 12 14 14 1 15
10

3 0 4 1 11 2 15 6 0 7 1 8 6 12 8 14 11 3 1 4 3 12 8 14 3 15 15 0 0 6 6 11 8 12 12 14 14 1 15
10

3 0 4 1 11 2 15 6 0 7 1 8 6 12 8 14 11 3 1 4 3 12 8 14 3 15 15 0 0 6 6 11 11 12 12 14 14 1 15
10

3 0 4 1 11 6 15 7 0 8 1 10 6 12 7 14 8 3 11 4 1 12 3 14 8 15 15 0 0 6 3 11 6 12 12 14 14 1 15
2

2 0 3 1 4 6 11 7 15 8 0 12 1 13 6 14 8 3 11 4 1 12 3 14 8 15 15 0 0 6 3 11 6 12 12 14 14 1 15
13

3 0 4 1 11 6 15 7 0 8 1 12 6 13 7 14 8 3 11 4 1 12 3 14 8 15 15 0 0 6 3 11 6 12 12 14 14 1 15
13

0 1 3 5 4 6 11 8 12 14 13 15 0 4 1 5 3 12 6 14 8 15 0 1 3 4 5 6 12 15 14 0 12 3 15
13

0 1 3 5 4 6 11 7 12 8 13 14 0 15 1 4 3 5 6 12 8 14 0 15 3 1 5 4 12 6 14 15 12 0 15 3
13

0 1 2 5 3 6 4 8 11 9 12 14 0 15 1 4 3 5 6 12 8 14 0 15 3 1 5 4 12 6 14 15 12 0 15 3
2

0 1 3 5 4 6 7 8 11 9 12 14 0 15 1 4 3 5 6 12 8 14 0 15 3 1 5 4 12 6 14 15 12 0 15 3
4

0 1 3 5 4 6 11 8 12 9 13 14 0 15 1 4 3 5 6 12 8 14 0 15 3 1 5 4 12 6 14 15 12 0 15 3
13

0 1 3 5 4 6 11 8 12 9 0 14 1 15 3 4 6 5 8 12 0 14 3 15 5 1 12 4 14 6 4 15 12 0 15 3
7

0 1 3 5 4 6 11 8 12 10 13 14 0 15 1 4 3 5 6 12 8 14 0 15 3 1 5 4 12 6 14 15 12 0 15 3
13

0 1 3 5 4 6 9 8 11 13 12 14 0 15 1 4 3 5 6 12 8 14 0 15 3 1 5 4 12 6 14 15 12 0 15 3
13

0 1 3 5 4 6 10 8 11 13 12 14 0 15 1 4 3 5 6 12 8 14 0 15 3 1 5 4 12 6 14 15 12 0 15 3
13

0 1 3 5 4 6 11 8 12 13 0 14 1 15 3 4 6 5 8 12 11 14 0 15 3 1 5 4 12 6 14 15 12 0 15 3
13

0 1 3 5 4 6 11 8 12 13 0 14 1 15 3 4 6 5 8 12 0 14 3 15 5 1 8 4 12 6 14 15 12 0 15 3
13

0 1 3 5 4 6 11 8 12 13 0 14 1 15 3 4 6 5 8 12 0 14 3 15 5 1 12 4 14 6 1 15 12 0 15 3
13

0 1 3 5 4 6 11 8 12 13 0 14 1 15 3 4 6 5 8 12 0 14 3 15 5 1 12 4 14 6 5 15 12 0 15 3
13

0 1 3 5 4 6 11 8 12 13 0 14 1 15 3 4 6 5 8 12 0 14 3 15 5 1 12 4 14 6 6 15 12 0 15 3
13

0 1 3 5 4 6 11 8 12 13 0 14 1 15 3 4 6 5 8 12 0 14 3 15 5 1 12 4 14 6 12 15 14 0 15 3
13

0 1 3 5 4 6 11 8 12 14 13 15 0 4 1 5 3 11 6 12 8 14 0 15 3 1 5 4 12 6 14 15 12 0 15 3
13

0 1 3 5 4 6 11 8 12 14 13 15 0 4 1 5 3 12 6 14 8 15 0 1 3 4 5 6 12 8 14 15 12 0 15 3
13

0 1 3 5 4 6 11 8 12 14 13 15 0 4 1 5 3 12 6 14 8 15 0 1 3 4 5 6 12 15 14 0 12 1 15 3
13

0 3 1 4 2 7 10 8 12 15 13 4 14 10 0 12 1 13 3 14 15 0 1 3 10 4 13 12 14 15 4 0 10 1 12 3 15
11

0 3 1 4 5 7 10 8 12 15 13 4 14 10 0 12 1 13 3 14 15 0 1 3 10 4 13 12 14 15 4 0 10 1 12 3 15
11

0 3 1 4 6 7 10 8 12 15 13 4 14 10 0 12 1 13 3 14 15 0 1 3 10 4 13 12 14 15 4 0 10 1 12 3 15
11

0 3 1 4 9 7 10 8 12 15 13 4 14 10 0 12 1 13 3 14 15 0 1 3 10 4 13 12 14 15 4 0 10 1 12 3 15
11

0 3 1 4 10 7 12 8 13 15 14 4 0 10 1 12 3 13 15 14 1 0 10 3 13 4 14 12 4 15 10 0 12 1 13 3 15
11

0 3 1 4 10 7 12 8 13 15 14 4 0 10 1 12 3 13 15 14 1 0 10 3 13 4 14 12 4 15 10 0 12 1 14 3 15
11

0 3 1 4 2 8 10 11 12 15 13 4 14 10 0 12 1 13 3 14 15 0 1 3 10 4 13 12 14 15 4 0 10 1 12 3 15
7

0 3 1 4 5 8 10 11 12 15 13 4 14 10 0 12 1 13 3 14 15 0 1 3 10 4 13 12 14 15 4 0 10 1 12 3 15
7

0 3 1 4 6 8 10 11 12 15 13 4 14 10 0 12 1 13 3 14 15 0 1 3 10 4 13 12 14 15 4 0 10 1 12 3 15
7

0 3 1 4 9 8 10 11 12 15 13 4 14 10 0 12 1 13 3 14 15 0 1 3 10 4 13 12 14 15 4 0 10 1 12 3 15
7

0 3 1 4 10 8 12 11 13 15 14 4 0 10 1 12 3 13 15 14 1 0 10 3 13 4 14 12 4 15 10 0 12 1 13 3 15
7

0 3 1 4 10 8 12 11 13 15 14 4 0 10 1 12 3 13 15 14 1 0 10 3 13 4 14 12 4 15 10 0 12 1 14 3 15
7

0 3 1 4 2 8 10 15 12 4 13 8 14 10 0 12 1 13 3 14 15 0 1 3 10 4 13 12 14 15 4 0 10 1 12 3 15
8

0 3 1 4 5 8 10 15 12 4 13 8 14 10 0 12 1 13 3 14 15 0 1 3 10 4 13 12 14 15 4 0 10 1 12 3 15
8

0 3 1 4 6 8 10 15 12 4 13 8 14 10 0 12 1 13 3 14 15 0 1 3 10 4 13 12 14 15 4 0 10 1 12 3 15
8

0 3 1 4 7 8 10 15 12 4 13 8 14 10 0 12 1 13 3 14 15 0 1 3 10 4 13 12 14 15 4 0 10 1 12 3 15
8

0 3 1 4 9 8 10 15 12 4 13 8 14 10 0 12 1 13 3 14 15 0 1 3 10 4 13 12 14 15 4 0 10 1 12 3 15
8

0 3 1 4 10 8 11 15 12 4 13 8 14 10 0 12 1 13 3 14 15 0 1 3 10 4 13 12 14 15 4 0 10 1 12 3 15
8

0 3 1 4 10 8 12 15 13 4 14 8 0 10 1 12 3 13 15 14 1 0 10 3 13 4 14 12 4 15 10 0 12 1 13 3 15
8

0 3 1 4 10 8 12 15 13 4 14 8 0 10 1 12 3 13 15 14 1 0 10 3 13 4 14 12 4 15 10 0 12 1 14 3 15
8

0 1 2 3 5 4 7 8 9 11 10 12 13 14 0 15 2 1 3 5 9 11 15 12 0 13 1 3 2 9 5 12 11 15 13 0 12 2 15 3
1

0 1 2 3 5 6 7 8 9 11 10 12 13 14 0 15 2 1 3 5 9 11 15 12 0 13 1 3 2 9 5 12 11 15 13 0 12 2 15 3
1

0 1 2 3 4 8 5 11 7 12 9 14 10 15 13 1 0 4 2 5 3 11 9 12 15 13 0 3 2 9 5 12 11 15 13 0 12 2 15 3
6

0 1 2 3 5 8 6 11 7 12 9 14 10 15 13 1 0 5 2 6 3 11 9 12 15 13 0 3 2 9 5 12 11 15 13 0 12 2 15 3
4

0 1 2 3 4 8 5 11 7 12 9 14 10 15 13 1 0 5 2 7 3 11 9 12 15 13 0 3 2 9 5 12 11 15 13 0 12 2 15 3
6

0 1 2 3 5 8 6 11 7 12 9 14 10 15 13 1 0 5 2 7 3 11 9 12 15 13 0 3 2 9 5 12 11 15 13 0 12 2 15 3
4

0 1 2 3 5 8 7 11 9 12 10 14 13 15 0 1 2 5 3 7 9 11 15 12 0 13 1 3 2 9 5 12 11 15 13 0 12 2 15 3
1

0 1 2 3 4 8 5 11 7 12 9 14 10 15 13 1 0 5 2 8 3 11 9 12 15 13 0 3 2 9 5 12 11 15 13 0 12 2 15 3
6

0 1 2 3 5 8 6 11 7 12 9 14 10 15 13 1 0 5 2 8 3 11 9 12 15 13 0 3 2 9 5 12 11 15 13 0 12 2 15 3
4

0 1 2 3 5 8 7 11 9 12 10 14 13 15 0 1 2 5 3 8 9 11 15 12 0 13 1 3 2 9 5 12 11 15 13 0 12 2 15 3
1

0 1 2 3 4 8 5 11 7 12 9 14 10 15 13 1 0 5 2 10 3 11 9 12 15 13 0 3 2 9 5 12 11 15 13 0 12 2 15 3
6

0 1 2 3 5 8 6 11 7 12 9 14 10 15 13 1 0 5 2 10 3 11 9 12 15 13 0 3 2 9 5 12 11 15 13 0 12 2 15 3
4

0 1 2 3 5 8 7 11 9 12 10 14 13 15 0 1 2 5 3 10 9 11 15 12 0 13 1 3 2 9 5 12 11 15 13 0 12 2 15 3
1

0 1 2 3 4 8 5 11 7 12 9 14 10 15 13 1 0 5 2 11 3 12 9 13 15 14 0 3 2 9 5 12 11 15 13 0 12 2 15 3
6

0 1 2 3 5 8 6 11 7 12 9 14 10 15 13 1 0 5 2 11 3 12 9 13 15 14 0 3 2 9 5 12 11 15 13 0 12 2 15 3
4

0 1 2 3 5 8 7 11 9 12 10 14 13 15 0 1 2 5 3 11 9 12 15 13 0 14 1 3 2 9 5 12 11 15 13 0 12 2 15 3
1

0 1 2 3 5 8 7 11 9 12 10 14 13 15 0 1 2 5 3 11 7 12 9 13 15 1 0 3 2 9 5 12 11 15 13 0 12 2 15 3
1

0 1 2 3 5 8 7 11 9 12 10 14 13 15 0 1 2 5 3 11 8 12 9 13 15 1 0 3 2 9 5 12 11 15 13 0 12 2 15 3
1

0 1 2 3 5 8 7 11 9 12 10 14 13 15 0 1 2 5 3 11 9 12 10 13 15 1 0 3 2 9 5 12 11 15 13 0 12 2 15 3
1

0 1 2 3 5 8 7 11 9 12 10 14 13 15 0 1 2 5 3 11 9 12 14 13 15 1 0 3 2 9 5 12 11 15 13 0 12 2 15 3
1

0 1 2 3 5 8 7 11 9 12 10 14 13 15 0 1 2 5 3 11 9 12 15 13 0 1 2 3 5 9 11 12 13 15 5 0 12 2 15 3
1

0 1 2 3 5 8 7 11 9 12 10 14 13 15 0 1 2 5 3 11 9 12 15 13 0 1 2 3 5 9 11 12 13 15 9 0 12 2 15 3
1

0 1 2 3 5 8 7 11 9 12 10 14 13 15 0 1 2 5 3 11 9 12 15 13 0 1 2 3 5 9 11 12 13 15 11 0 12 2 15 3
1

0 1 2 3 5 8 7 11 9 12 10 14 13 15 0 1 2 5 3 11 9 12 15 13 0 1 2 3 5 9 11 12 13 15 12 0 13 2 15 3
1

0 1 8 2 10 3 12 4 14 9 15 13 0 1 2 3 8 4 14 12 0 15 3 1 4 2 12 8 15 14 1 0 12 3 15 4
5

0 1 3 5 4 6 11 8 12 14 13 15 0 4 1 5 3 12 6 14 8 15 0 1 3 4 5 6 12 15 14 0 12 3 15 4
13

0 1 3 5 4 6 11 8 12 14 13 15 0 4 1 5 3 12 6 14 8 15 0 1 3 4 5 6 12 15 14 0 12 3 15 5
13

0 1 2 3 4 8 5 11 7 12 9 14 10 15 13 1 0 5 2 11 3 12 9 13 15 3 0 9 2 12 5 15 11 0 13 2 12 3 15 5
6

0 1 2 3 5 8 6 11 7 12 9 14 10 15 13 1 0 5 2 11 3 12 9 13 15 3 0 9 2 12 5 15 11 0 13 2 12 3 15 5
4

0 1 2 3 5 8 7 11 9 12 10 14 13 15 0 1 2 5 3 11 9 12 15 13 0 3 1 9 2 12 5 15 11 0 13 2 12 3 15 5
1

0 1 3 5 4 6 11 8 12 14 13 15 0 4 1 5 3 12 6 14 8 15 0 1 3 4 5 6 12 15 14 0 12 3 15 6
13

0 1 2 5 3 7 4 8 11 10 13 12 14 1 15 2 0 3 8 4 10 7 12 15 14 2 0 3 1 4 7 10 8 15 12 0 3 2 12 7 15
11

0 1 2 6 3 7 4 8 11 10 13 12 14 1 15 2 0 3 8 4 10 7 12 15 14 2 0 3 1 4 7 10 8 15 12 0 3 2 12 7 15
11

0 1 2 7 3 8 4 9 11 10 13 12 14 1 15 2 0 3 8 4 10 7 12 15 14 2 0 3 1 4 7 10 8 15 12 0 3 2 12 7 15
11

0 1 2 7 3 8 4 10 13 11 14 12 15 1 0 2 8 3 10 4 12 7 14 15 0 2 1 3 7 4 8 10 12 15 3 0 12 2 15 7
11

0 1 2 7 3 8 4 10 9 11 13 12 14 1 15 2 0 3 8 4 10 7 12 15 14 2 0 3 1 4 7 10 8 15 12 0 3 2 12 7 15
11

0 1 2 7 3 8 4 10 11 12 13 1 14 2 15 3 0 4 8 7 10 13 12 15 14 2 0 3 1 4 7 10 8 15 12 0 3 2 12 7 15
11

0 1 2 7 3 8 4 10 11 12 13 1 14 2 15 3 0 4 8 7 10 15 12 2 14 3 0 4 1 10 7 14 8 15 12 0 3 2 12 7 15
11

0 1 2 7 3 8 4 10 11 12 13 1 14 2 15 3 0 4 8 7 10 15 12 2 14 3 0 4 1 10 7 15 8 0 12 1 3 2 12 7 15
11

0 1 2 7 3 8 4 10 11 12 13 1 14 2 15 3 0 4 8 7 10 15 12 2 14 3 0 4 1 10 7 15 8 0 12 2 3 4 12 7 15
11

0 1 2 7 3 8 4 10 11 12 13 1 14 2 15 3 0 4 8 7 10 15 12 2 14 3 0 4 1 10 7 15 8 0 12 2 3 7 12 8 15
11

2 0 4 1 9 3 12 8 13 14 15 0 2 1 8 3 9 4 12 13 15 14 3 0 9 1 14 2 0 8 1 12 3 15 12 2 15 9
4

0 1 2 3 4 8 5 11 7 12 9 14 10 15 13 1 0 5 2 11 3 12 9 13 15 3 0 9 2 12 5 15 11 0 13 2 12 3 15 9
6

0 1 2 3 5 8 6 11 7 12 9 14 10 15 13 1 0 5 2 11 3 12 9 13 15 3 0 9 2 12 5 15 11 0 13 2 12 3 15 9
4

0 1 2 3 5 8 7 11 9 12 10 14 13 15 0 1 2 5 3 11 9 12 15 13 0 3 1 9 2 12 5 15 11 0 13 2 12 3 15 9
1

0 3 1 4 2 5 6 9 7 10 13 12 15 1 0 4 3 9 6 10 7 12 1 13 4 15 9 0 10 3 15 6 0 7 3 12 7 13 12 6 15 9
5

0 3 1 4 2 5 6 9 7 10 8 12 13 1 15 4 0 9 3 10 6 12 7 13 1 15 4 0 9 3 10 6 15 7 0 12 3 13 7 6 12 9 15
5

0 3 1 4 2 5 6 9 7 10 11 12 13 1 15 4 0 9 3 10 6 12 7 13 1 15 4 0 9 3 10 6 15 7 0 12 3 13 7 6 12 9 15
5

0 3 1 4 2 5 6 9 7 10 13 12 15 1 0 4 2 9 3 10 6 12 7 13 1 15 4 0 9 3 10 6 15 7 0 12 3 13 7 6 12 9 15
5

0 3 1 4 2 5 6 9 7 10 13 12 15 1 0 4 3 9 6 10 7 12 1 13 4 15 9 0 10 3 15 6 0 7 1 12 3 13 7 6 12 9 15
5

0 3 1 4 2 5 6 9 7 10 13 12 15 1 0 4 3 9 6 10 7 12 1 13 4 15 9 0 10 3 15 6 0 7 3 12 4 13 7 6 12 9 15
5

0 3 1 4 2 5 6 9 7 10 13 12 15 1 0 4 3 9 6 10 7 12 1 13 4 15 9 0 10 3 15 6 0 7 3 12 7 13 10 6 12 9 15
5

0 3 1 4 2 5 6 9 7 10 13 12 15 1 0 4 3 9 6 10 7 12 1 13 4 15 9 0 10 3 15 6 0 7 3 12 7 13 12 6 13 9 15
5

0 3 1 4 2 9 5 10 6 12 7 1 13 2 15 4 0 9 3 10 6 12 7 13 1 15 4 0 9 3 10 6 15 7 0 12 3 13 7 6 12 9 15
5

0 3 1 4 2 9 5 10 6 12 7 1 13 4 15 9 0 10 3 12 6 13 7 15 1 0 4 3 9 6 10 7 15 12 0 13 3 1 7 6 12 9 15
5

0 3 1 4 2 9 5 10 6 12 7 1 13 4 15 9 0 10 3 12 6 13 7 15 1 0 4 3 9 6 10 7 15 12 0 13 3 4 7 6 12 9 15
5

0 1 3 2 4 5 9 7 10 8 12 14 15 0 1 2 3 7 5 14 8 1 10 7 12 8 15 10 0 12 2 14 3 15 5 0 7 2 12 3 14 10 15
1

0 1 3 2 4 5 6 7 10 8 12 13 15 14 1 0 3 2 5 7 8 14 10 1 12 7 15 8 0 10 2 12 3 14 5 15 7 0 12 2 14 3 15 10
9

0 1 2 7 3 8 4 10 11 12 13 1 14 2 15 3 0 4 8 7 10 15 12 2 14 3 0 4 1 10 7 15 8 0 12 2 3 7 12 10 15
11

0 3 1 4 2 9 5 10 6 12 7 1 13 4 15 9 0 10 3 12 6 13 7 15 1 0 4 3 9 6 10 7 15 12 0 13 3 6 7 9 12 10 15
5

0 1 2 3 4 8 5 11 7 12 9 14 10 15 13 1 0 5 2 11 3 12 9 13 15 3 0 9 2 12 5 15 11 0 13 2 12 3 15 11
6

0 1 2 3 5 8 6 11 7 12 9 14 10 15 13 1 0 5 2 11 3 12 9 13 15 3 0 9 2 12 5 15 11 0 13 2 12 3 15 11
4

0 1 2 3 5 8 7 11 9 12 10 14 13 15 0 1 2 5 3 11 9 12 15 13 0 3 1 9 2 12 5 15 11 0 13 2 12 3 15 11
1

1 0 2 4 3 5 8 7 10 12 13 1 14 2 15 4 0 8 3 13 12 14 1 15 2 0 4 3 8 12 13 14 0 15 1 2 3 12 15
6

1 0 2 4 3 6 8 7 9 12 13 1 14 2 15 4 0 8 3 13 12 14 1 15 2 0 4 3 8 12 13 14 0 15 1 2 3 12 15
5

1 0 2 4 3 6 8 7 13 12 14 1 15 2 0 4 3 8 6 13 12 14 1 15 2 0 4 3 8 12 13 14 0 15 1 2 3 12 15
5

2 0 5 3 8 4 12 6 15 7 0 11 4 13 7 14 11 2 12 3 14 6 15 13 2 0 3 6 11 7 12 14 13 15 0 3 15 12
8

3 0 4 2 8 6 9 7 11 12 15 3 0 7 2 9 4 11 6 3 12 4 15 9 0 12 2 15 6 0 7 3 11 12 15
8

1 0 3 2 4 6 9 7 11 8 15 12 0 3 2 7 4 9 6 11 12 3 15 4 0 9 2 12 6 15 7 0 11 3 15 12
8

3 0 4 2 5 6 9 7 11 8 15 12 0 3 2 7 4 9 6 11 12 3 15 4 0 9 2 12 6 15 7 0 11 3 15 12
8

3 0 4 2 9 6 10 7 11 8 15 12 0 3 2 7 4 9 6 11 12 3 15 4 0 9 2 12 6 15 7 0 11 3 15 12
8

3 0 4 2 9 6 11 7 13 8 15 12 0 3 2 7 4 9 6 11 12 3 15 4 0 9 2 12 6 15 7 0 11 3 15 12
8

3 0 4 2 9 6 11 7 14 8 15 12 0 3 2 7 4 9 6 11 12 3 15 4 0 9 2 12 6 15 7 0 11 3 15 12
8

3 0 4 2 9 6 11 7 15 8 0 12 2 3 4 7 6 9 12 11 15 3 0 4 2 9 6 12 7 15 11 0 2 3 15 12
8

3 0 4 2 9 6 11 7 15 8 0 12 2 3 4 7 6 9 12 11 15 3 0 4 2 9 6 12 7 15 11 0 4 3 15 12
8

3 0 4 2 9 6 11 7 15 8 0 12 2 3 4 7 6 9 12 11 15 3 0 4 2 9 6 12 7 15 11 0 6 3 15 12
8

3 0 4 2 9 6 11 7 15 8 0 12 2 3 4 7 6 9 12 11 15 3 0 4 2 9 6 12 7 15 11 0 7 3 15 12
8

3 0 4 2 9 6 11 7 15 8 0 12 2 3 4 7 6 9 12 11 15 3 0 4 2 9 6 12 7 15 11 0 9 3 15 12
8

3 0 4 2 9 6 11 7 15 8 0 12 2 3 4 7 6 9 12 11 15 3 0 4 2 9 6 12 7 15 11 0 11 3 15 12
8

3 0 4 2 8 6 9 7 11 10 15 12 0 3 2 7 4 9 6 11 12 3 15 4 0 9 2 12 6 15 7 0 11 3 15 12
8

0 1 3 2 7 4 10 5 13 6 0 8 1 12 3 14 4 15 6 2 7 5 10 12 14 13 0 15 6 2 12 3 14 4 3 5 4 7 5 10 6 13 12 15 15 0
7

0 1 3 2 7 4 10 5 13 6 0 8 1 12 3 14 4 15 6 2 7 5 10 12 14 13 0 15 6 2 12 3 14 4 3 5 4 7 5 10 7 13 12 15 15 0
6

0 1 3 2 7 4 10 5 13 6 0 8 1 12 3 14 4 15 6 2 7 5 10 12 14 13 0 15 6 2 12 3 14 4 3 5 4 7 5 10 12 13 13 15 15 0
14

0 1 3 2 7 4 10 5 13 6 0 8 1 12 3 14 4 15 6 2 7 5 10 12 14 13 0 15 6 2 12 3 14 4 3 5 4 7 5 10 12 13 14 15 15 0
13

0 1 3 2 7 4 9 5 10 6 13 12 0 14 1 15 3 2 4 5 6 9 7 12 10 13 14 15 0 2 6 3 12 4 14 5 3 7 4 10 5 13 12 15 15 0
9

0 1 3 2 7 4 10 5 11 6 13 12 0 14 1 15 3 2 4 5 6 11 7 12 10 13 14 15 0 2 6 3 12 4 14 5 3 7 4 10 5 13 12 15 15 0
11

0 1 3 2 7 4 10 5 13 6 0 12 1 14 3 15 4 2 6 5 7 12 10 13 14 15 0 1 6 2 12 3 14 4 3 5 4 7 5 10 7 13 12 15 15 0
6

0 1 3 2 7 4 10 5 13 6 0 12 1 14 3 15 4 2 6 5 7 12 10 13 14 15 0 1 6 2 12 3 14 4 3 5 4 7 5 10 12 13 13 15 15 0
14

0 1 3 2 7 4 10 5 13 6 0 12 1 14 3 15 4 2 6 5 7 12 10 13 14 15 0 2 6 3 12 4 14 5 3 7 4 10 5 13 12 15 14 0 15 6
13

0 1 3 2 7 4 10 5 13 6 0 12 1 14 3 15 4 2 6 5 7 12 10 13 14 15 0 2 6 3 12 4 14 5 3 7 4 10 5 13 12 15 14 0 15 7
13

0 1 3 2 7 4 10 5 13 6 0 12 1 14 3 15 4 2 6 5 7 12 10 13 14 15 0 2 6 3 12 4 14 5 3 7 4 10 5 13 12 15 14 0 15 10
13

0 1 3 2 5 4 9 6 12 7 14 10 15 13 0 2 1 3 5 4 6 9 7 12 10 13 14 15 1 0 12 3 13 4 15 5 3 10 4 14 15 12
2

0 1 3 2 5 4 12 6 14 7 15 10 0 13 1 2 5 3 6 4 7 12 10 13 14 15 1 0 6 2 12 3 13 4 15 5 3 10 4 14 15 12
2

0 1 3 2 5 4 8 6 12 7 14 10 15 13 0 2 1 3 5 4 6 12 7 13 10 15 14 0 1 3 12 4 13 5 15 6 3 10 4 14 15 12
2

0 1 3 2 5 4 9 6 12 7 14 10 15 13 0 2 1 3 5 4 6 12 7 13 10 15 14 0 1 3 12 4 13 5 15 6 3 10 4 14 15 12
2

0 1 3 2 5 4 11 6 12 7 14 10 15 13 0 2 1 3 5 4 6 12 7 13 10 15 14 0 1 3 12 4 13 5 15 6 3 10 4 14 15 12
2

0 1 3 2 5 4 12 6 14 7 15 10 0 13 1 2 5 3 6 4 7 12 10 13 14 15 1 0 7 3 12 4 13 5 15 6 3 10 4 14 15 12
2

0 1 3 2 5 4 12 6 14 7 15 10 0 13 1 2 5 3 6 4 7 12 10 13 14 15 1 0 12 3 13 4 15 5 0 6 3 10 4 14 15 12
2

0 1 3 2 5 4 12 6 14 7 15 10 0 13 1 2 5 3 6 4 7 12 10 13 14 15 1 0 12 3 13 4 15 5 1 6 3 10 4 14 15 12
2

0 1 3 2 5 4 12 6 14 7 15 10 0 13 1 2 5 3 6 4 7 12 10 13 14 15 1 0 12 3 13 4 15 5 3 6 4 10 5 14 15 12
2

0 1 3 2 5 4 12 6 14 7 15 10 0 13 1 2 5 3 6 4 7 12 10 13 14 15 1 0 12 3 13 4 15 5 3 6 4 10 10 14 15 12
2

0 1 3 2 5 4 12 6 14 7 15 10 0 13 1 2 5 3 6 4 7 12 10 13 14 15 1 0 12 3 13 4 15 5 3 6 4 10 13 14 15 12
2

0 1 3 2 5 4 12 6 14 7 15 10 0 13 1 2 5 3 6 4 7 12 10 13 14 15 1 0 12 3 13 4 15 5 3 6 4 10 15 14 14 12
2

0 1 2 4 3 5 7 6 9 11 10 12 14 13 15 0 1 3 10 5 12 6 0 9 3 11 9 13 11 14 12 15 14 5 15 6 3 10 5 13 6 0 13 12 15
7

0 1 2 5 3 6 9 7 10 11 14 12 15 13 1 0 10 3 12 5 0 6 3 9 9 11 11 13 12 14 14 15 15 5 3 6 5 10 6 13 13 0 15 12
7

0 1 2 5 3 6 4 7 9 11 10 12 14 13 15 0 1 3 10 5 12 6 0 9 3 11 9 13 11 14 12 15 14 5 15 6 3 10 5 13 6 0 13 12 15
7

0 1 2 5 3 6 9 11 10 12 14 13 15 0 1 2 10 3 12 5 0 6 3 9 9 11 11 13 12 14 14 15 15 5 3 6 5 10 6 13 13 0 15 12
2

0 1 2 5 3 6 7 11 9 12 10 13 14 0 15 2 1 3 10 5 12 6 0 9 3 11 9 13 11 14 12 15 14 5 15 6 3 10 5 13 6 0 13 12 15
7

0 1 2 5 3 6 9 11 10 12 14 13 15 0 1 3 10 5 12 6 0 9 3 11 9 13 11 14 12 15 14 1 15 5 3 6 5 10 6 13 9 0 13 12 15
1

3 0 6 1 7 2 10 4 12 5 15 8 1 9 2 11 3 14 4 0 6 8 7 9 10 12 11 14 0 15 8 1 12 2 14 3 15 4 0 7 2 9 8 11 11 3 15 12
5

3 0 6 1 7 2 10 4 12 5 15 8 1 9 2 11 3 14 4 0 6 8 7 9 11 12 0 14 8 15 12 1 14 2 15 3 0 4 1 7 2 9 8 11 11 3 15 12
5

3 0 6 1 7 2 10 4 12 5 15 8 1 9 2 11 3 14 4 0 6 8 7 9 11 12 0 14 8 15 12 1 14 2 15 3 0 4 2 7 4 9 8 11 11 3 15 12
5

3 0 6 1 7 2 10 4 12 5 15 8 1 9 2 11 3 14 4 0 6 8 7 9 11 12 0 14 8 15 12 1 14 2 15 3 0 4 2 7 7 9 8 11 11 3 15 12
5

3 0 6 1 7 2 10 4 12 5 15 8 1 9 2 11 3 14 4 0 6 8 7 9 11 12 0 14 8 15 12 1 14 2 15 3 0 4 2 7 8 9 9 11 11 3 15 12
5

3 0 6 1 7 2 10 4 12 5 15 8 1 9 2 11 3 14 4 0 6 8 7 9 11 12 0 14 8 15 12 1 14 2 15 3 0 4 2 7 8 9 14 11 11 3 15 12
5

3 0 6 1 7 2 10 4 12 8 15 9 1 11 2 13 3 14 4 0 6 8 7 9 10 12 11 14 0 15 8 1 12 2 14 3 15 4 0 7 2 9 8 11 11 3 15 12
13

3 0 6 1 7 2 10 4 12 8 15 9 1 11 2 13 3 14 4 0 6 8 7 9 11 12 0 14 8 15 12 1 14 2 15 3 0 4 1 7 2 9 8 11 11 3 15 12
13

3 0 6 1 7 2 10 4 12 8 15 9 1 11 2 13 3 14 4 0 6 8 7 9 11 12 0 14 8 15 12 1 14 2 15 3 0 4 2 7 4 9 8 11 11 3 15 12
13

3 0 6 1 7 2 10 4 12 8 15 9 1 11 2 13 3 14 4 0 6 8 7 9 11 12 0 14 8 15 12 1 14 2 15 3 0 4 2 7 7 9 8 11 11 3 15 12
13

3 0 6 1 7 2 10 4 12 8 15 9 1 11 2 13 3 14 4 0 6 8 7 9 11 12 0 14 8 15 12 1 14 2 15 3 0 4 2 7 8 9 9 11 11 3 15 12
13

3 0 6 1 7 2 10 4 12 8 15 9 1 11 2 13 3 14 4 0 6 8 7 9 11 12 0 14 8 15 12 1 14 2 15 3 0 4 2 7 8 9 14 11 11 3 15 12
13

3 0 5 1 6 2 7 4 10 8 12 9 15 11 1 14 2 0 3 8 4 9 6 10 7 12 11 14 0 15 8 1 12 2 14 3 15 4 0 7 2 9 8 11 11 3 15 12
5

3 0 6 1 7 2 10 4 12 8 13 9 15 11 1 14 2 0 3 8 4 9 6 10 7 12 11 14 0 15 8 1 12 2 14 3 15 4 0 7 2 9 8 11 11 3 15 12
13

3 0 6 1 7 2 10 4 12 8 15 9 1 11 2 14 3 0 4 8 6 9 7 10 11 12 0 14 6 15 8 1 12 2 14 3 15 4 0 7 2 9 8 11 11 3 15 12
6

3 0 5 1 6 2 7 4 10 8 12 9 15 11 1 14 2 0 3 8 4 9 6 12 7 14 11 15 0 1 8 2 12 3 14 4 15 6 0 7 2 9 8 11 11 3 15 12
5

3 0 6 1 7 2 10 4 12 8 13 9 15 11 1 14 2 0 3 8 4 9 6 12 7 14 11 15 0 1 8 2 12 3 14 4 15 6 0 7 2 9 8 11 11 3 15 12
13

3 0 5 1 6 2 7 4 10 8 12 9 15 11 1 14 2 0 3 8 4 9 6 12 7 14 11 15 0 1 8 2 12 3 14 4 15 7 0 9 2 11 8 1 11 3 15 12
5

3 0 6 1 7 2 10 4 12 8 13 9 15 11 1 14 2 0 3 8 4 9 6 12 7 14 11 15 0 1 8 2 12 3 14 4 15 7 0 9 2 11 8 1 11 3 15 12
13

1 0 4 2 6 3 7 9 8 15 10 1 12 2 0 7 3 8 4 9 10 12 15 0 1 3 2 4 7 9 8 10 12 15 0 2 4 3 9 12 15
6

1 0 4 2 7 3 8 5 10 9 11 15 12 1 0 2 3 7 4 8 10 9 15 12 1 0 2 3 7 4 8 9 12 10 0 15 4 2 9 3 15 12
5

1 0 4 2 7 3 8 5 10 9 12 15 13 1 0 2 3 7 4 8 10 9 15 12 1 0 2 3 7 4 8 9 12 10 0 15 4 2 9 3 15 12
5

1 0 4 2 7 3 8 5 10 9 12 15 14 1 0 2 3 7 4 8 10 9 15 12 1 0 2 3 7 4 8 9 12 10 0 15 4 2 9 3 15 12
5

1 0 4 2 7 3 8 5 10 9 12 15 0 1 3 2 4 7 10 8 15 9 1 12 2 0 7 3 8 4 12 9 0 10 1 15 4 2 9 3 15 12
5

1 0 4 2 7 3 8 5 10 9 12 15 0 1 3 2 4 7 10 8 15 9 1 12 2 0 7 3 8 4 12 9 0 10 4 15 7 2 9 3 15 12
5

1 0 4 2 7 3 8 5 10 9 12 15 0 1 3 2 4 7 10 8 15 9 1 12 2 0 7 3 8 4 12 9 0 10 4 15 8 2 9 3 15 12
5

1 0 4 2 7 3 8 5 10 9 12 15 0 1 3 2 4 7 10 8 15 9 1 12 2 0 7 3 8 4 12 9 0 10 4 15 9 2 10 3 15 12
5

3 0 5 1 6 2 7 4 10 8 12 9 15 11 1 14 2 0 3 8 4 9 6 12 7 14 11 15 0 1 8 2 12 3 14 4 15 7 0 9 2 11 8 3 11 4 15 12
5

3 0 6 1 7 2 10 4 12 8 13 9 15 11 1 14 2 0 3 8 4 9 6 12 7 14 11 15 0 1 8 2 12 3 14 4 15 7 0 9 2 11 8 3 11 4 15 12
13

2 0 3 1 4 5 7 11 8 14 12 0 13 3 15 4 1 5 2 12 7 0 11 1 13 2 14 5 15 7 3 11 4 13 12 14 0 15 1 3 2 4 5 12 15
8

2 0 3 1 4 5 7 6 8 11 12 14 13 0 15 3 1 4 2 5 7 12 11 0 13 1 14 2 15 5 3 7 4 11 12 13 0 14 1 15 2 3 5 4 15 12
8

2 0 3 1 4 5 7 8 10 11 12 14 13 0 15 3 1 4 2 5 7 12 11 0 13 1 14 2 15 5 3 7 4 11 12 13 0 14 1 15 2 3 5 4 15 12
8

2 0 3 1 4 5 7 8 12 11 13 14 15 0 1 3 2 4 7 5 11 12 13 0 14 1 15 2 3 5 4 7 12 11 0 13 1 14 2 15 5 3 7 4 15 12
8

2 0 3 1 4 5 7 8 12 11 13 14 15 0 1 3 2 4 7 5 11 12 13 0 14 1 15 2 3 5 4 7 12 11 0 13 1 14 2 15 5 3 11 4 15 12
8

2 0 3 1 4 5 7 8 12 11 13 14 15 0 1 3 2 4 7 5 11 12 13 0 14 1 15 2 3 5 4 7 12 11 0 13 1 14 2 15 5 3 13 4 15 12
8

2 0 3 1 4 5 7 8 12 11 13 14 15 0 1 3 2 4 7 5 11 12 13 0 14 1 15 2 3 5 4 7 12 11 0 13 1 14 2 15 5 3 14 4 15 12
8

2 0 3 1 4 5 7 9 8 11 12 14 13 0 15 3 1 4 2 5 7 12 11 0 13 1 14 2 15 5 3 7 4 11 12 13 0 14 1 15 2 3 5 4 15 12
8

2 0 3 1 4 5 7 10 8 11 12 14 13 0 15 3 1 4 2 5 7 12 11 0 13 1 14 2 15 5 3 7 4 11 12 13 0 14 1 15 2 3 5 4 15 12
8

2 0 3 1 4 5 6 11 7 14 12 0 13 3 15 4 1 5 2 6 7 12 11 0 13 1 14 2 15 5 3 7 4 11 12 13 0 14 1 15 2 3 5 4 15 12
9

0 3 1 5 2 8 4 14 7 1 9 4 11 7 12 8 13 12 15 13 0 15 2 1 3 3 5 4 11 11 14 12 0 14 2 15 7 0 8 2 13 3 1 4 13 12 15
8

0 3 1 5 2 8 4 14 7 1 9 4 11 7 12 8 13 9 15 12 0 13 2 15 3 1 5 3 11 4 14 11 0 12 2 14 7 15 8 0 13 2 1 3 13 4 15 12
9

0 3 1 5 2 8 4 14 7 1 9 4 11 7 12 8 13 12 15 13 0 15 2 1 3 3 5 4 9 9 11 11 14 12 0 14 2 15 7 0 8 2 13 3 1 4 15 12
5

1 0 4 2 12 3 13 7 15 8 0 9 8 14 9 1 12 2 14 3 1 7 2 15 3 0 7 8 9 14 12 15 2 0 3 1 9 7 14 12 15
4

1 0 11 2 12 3 13 7 15 8 0 9 8 14 9 1 12 2 14 3 1 7 2 15 3 0 7 8 9 14 12 15 2 0 3 1 9 7 14 12 15
11

1 0 5 2 12 3 13 4 15 7 0 8 8 9 9 14 12 1 14 2 1 3 2 7 3 15 7 0 9 8 12 14 2 15 3 0 9 1 14 7 15 12
4

1 0 6 2 12 3 13 4 15 7 0 8 8 9 9 14 12 1 14 2 1 3 2 7 3 15 7 0 9 8 12 14 2 15 3 0 9 1 14 7 15 12
4

1 0 10 2 12 3 13 4 15 7 0 8 8 9 9 14 12 1 14 2 1 3 2 7 3 15 7 0 9 8 12 14 2 15 3 0 9 1 14 7 15 12
4

1 0 12 2 13 3 15 4 0 7 12 8 8 9 9 14 13 1 14 2 1 3 2 7 3 15 7 0 9 8 12 14 2 15 3 0 9 1 14 7 15 12
4

1 0 12 2 13 3 15 4 0 7 12 8 8 9 9 14 14 1 1 2 2 3 3 7 7 15 9 0 12 8 2 14 3 15 8 0 9 1 14 7 15 12
4

1 0 4 2 12 3 13 5 15 7 0 8 8 9 9 14 12 1 14 2 1 3 2 7 3 15 7 0 9 8 12 14 2 15 3 0 9 1 14 7 15 12
4

1 0 11 2 12 3 13 5 15 7 0 8 8 9 9 14 12 1 14 2 1 3 2 7 3 15 7 0 9 8 12 14 2 15 3 0 9 1 14 7 15 12
11

1 0 4 2 12 3 13 6 15 7 0 8 8 9 9 14 12 1 14 2 1 3 2 7 3 15 7 0 9 8 12 14 2 15 3 0 9 1 14 7 15 12
4

1 0 11 2 12 3 13 6 15 7 0 8 8 9 9 14 12 1 14 2 1 3 2 7 3 15 7 0 9 8 12 14 2 15 3 0 9 1 14 7 15 12
11

1 0 4 2 12 3 13 7 15 8 0 9 8 10 9 14 12 1 14 2 1 3 2 7 3 15 7 0 9 8 12 14 2 15 3 0 9 1 14 7 15 12
4

1 0 11 2 12 3 13 7 15 8 0 9 8 10 9 14 12 1 14 2 1 3 2 7 3 15 7 0 9 8 12 14 2 15 3 0 9 1 14 7 15 12
11

1 0 5 2 12 3 13 7 15 8 0 9 8 11 9 14 12 1 14 2 1 3 2 7 3 15 7 0 9 8 12 14 2 15 3 0 9 1 14 7 15 12
11

1 0 6 2 12 3 13 7 15 8 0 9 8 11 9 14 12 1 14 2 1 3 2 7 3 15 7 0 9 8 12 14 2 15 3 0 9 1 14 7 15 12
11

1 0 10 2 12 3 13 7 15 8 0 9 8 11 9 14 12 1 14 2 1 3 2 7 3 15 7 0 9 8 12 14 2 15 3 0 9 1 14 7 15 12
11

1 0 12 2 13 3 15 7 0 8 8 9 9 11 12 14 13 1 14 2 1 3 2 7 3 15 7 0 9 8 12 14 2 15 3 0 9 1 14 7 15 12
11

1 0 12 2 13 3 15 7 0 8 8 9 9 11 12 14 14 1 1 2 2 3 3 7 7 15 9 0 12 8 2 14 3 15 8 0 9 1 14 7 15 12
11

1 0 4 2 12 3 13 7 15 8 0 9 8 14 9 1 12 2 14 3 1 7 2 13 3 15 7 0 9 8 12 14 2 15 3 0 9 1 14 7 15 12
4

1 0 11 2 12 3 13 7 15 8 0 9 8 14 9 1 12 2 14 3 1 7 2 13 3 15 7 0 9 8 12 14 2 15 3 0 9 1 14 7 15 12
11

3 0 5 1 6 2 7 4 10 8 12 9 15 11 1 14 2 0 3 8 4 9 6 12 7 14 11 15 0 1 8 2 12 3 14 4 15 7 0 9 2 11 8 3 11 7 15 12
5

3 0 6 1 7 2 10 4 12 8 13 9 15 11 1 14 2 0 3 8 4 9 6 12 7 14 11 15 0 1 8 2 12 3 14 4 15 7 0 9 2 11 8 3 11 7 15 12
13

0 2 1 5 3 7 4 10 8 11 13 12 0 14 2 15 5 1 7 3 11 4 14 12 15 13 0 2 1 11 3 14 4 15 7 0 12 3 13 7 4 12 15
6

0 2 1 5 3 7 4 10 9 11 13 12 0 14 2 15 5 1 7 3 11 4 14 12 15 13 0 2 1 11 3 14 4 15 7 0 12 3 13 7 4 12 15
6

0 2 1 5 3 7 4 10 13 11 0 12 2 14 5 15 7 1 11 3 14 4 15 12 0 13 1 2 3 11 4 14 5 15 7 0 12 3 13 7 4 12 15
6

0 2 1 5 3 7 4 10 13 11 0 12 2 14 5 15 7 1 11 3 14 4 15 12 0 13 1 2 3 11 4 14 7 15 12 0 13 3 1 7 4 12 15
6

0 2 1 5 3 7 4 10 13 11 0 12 2 14 5 15 7 1 11 3 14 4 15 12 0 13 1 2 3 11 4 14 7 15 12 0 13 3 2 7 4 12 15
6

0 2 1 5 3 7 4 10 13 11 0 12 2 14 5 15 7 1 11 3 14 4 15 12 0 13 1 2 3 11 4 14 7 15 12 0 13 3 4 7 11 12 15
6

0 2 1 5 3 7 4 10 13 11 0 12 2 14 5 15 7 1 11 3 14 4 15 12 0 13 1 2 3 11 4 14 7 15 12 0 13 3 4 7 13 12 15
6

0 2 1 5 3 7 4 10 13 11 0 12 2 14 5 15 7 1 11 3 14 4 15 12 0 13 1 2 3 11 4 14 7 15 12 0 13 3 4 7 14 12 15
6

0 2 1 5 3 7 4 11 10 12 13 14 0 15 2 1 5 3 7 4 11 12 14 13 15 2 0 5 1 11 3 14 4 15 7 0 12 3 13 7 4 12 15
10

0 3 1 4 6 5 7 11 10 14 12 0 13 1 15 7 3 14 4 0 5 4 6 6 11 7 12 11 13 13 15 14 1 15 3 0 12 3 13 7 14 12 15
5

0 2 1 5 3 7 4 11 10 12 13 14 0 15 2 1 5 3 7 4 11 12 14 13 15 2 0 11 1 14 3 15 4 0 7 1 12 3 13 7 4 12 15
2

0 2 1 5 3 7 4 11 10 12 13 14 0 15 2 1 5 3 7 4 11 12 14 13 15 2 0 11 1 14 3 15 4 0 7 2 12 3 13 7 4 12 15
1

2 0 3 1 4 5 7 11 8 14 12 0 13 3 15 4 1 5 2 12 7 0 11 1 13 2 14 5 15 7 3 11 4 13 12 14 0 15 1 3 2 4 5 7 15 12
8

1 0 4 2 12 3 13 7 15 8 0 9 8 14 9 1 12 2 14 3 1 7 2 15 3 0 7 8 9 14 12 15 2 0 3 1 9 7 14 8 15 12
4

1 0 11 2 12 3 13 7 15 8 0 9 8 14 9 1 12 2 14 3 1 7 2 15 3 0 7 8 9 14 12 15 2 0 3 1 9 7 14 8 15 12
11

0 1 2 5 3 6 7 11 9 12 10 13 14 0 15 3 1 5 10 6 12 9 0 11 3 13 9 14 11 15 12 5 14 6 15 10 3 13 5 0 6 9 13 12 15
7

0 1 2 3 4 8 6 11 7 13 9 15 12 3 14 7 0 8 1 9 2 12 4 13 14 0 15 1 3 2 8 4 9 13 12 14 15 3 0 4 1 8 2 9 13 12 15
6

0 1 2 3 4 8 7 11 9 13 10 15 12 3 14 7 0 8 1 9 2 10 4 12 14 13 15 0 3 1 8 2 9 4 12 13 15 14 0 3 1 4 2 8 13 9 15 12
6

0 1 2 3 4 8 7 11 9 13 10 15 12 3 14 7 0 8 1 9 2 11 4 12 14 13 15 0 3 1 8 2 9 4 12 13 15 14 0 3 1 4 2 8 13 9 15 12
6

0 1 2 5 3 6 7 11 9 12 10 13 14 0 15 3 1 5 10 6 12 9 0 11 3 13 9 14 11 15 12 5 14 6 15 10 3 13 5 0 6 10 13 12 15
7

2 0 3 1 4 5 7 11 8 14 12 0 13 3 15 4 1 5 2 12 7 0 11 1 13 2 14 5 15 7 3 11 4 13 12 14 0 15 1 3 2 4 5 11 15 12
8

0 1 3 2 7 4 10 5 13 6 0 12 1 14 3 15 4 2 6 5 7 12 10 13 14 15 0 2 6 3 12 4 14 5 3 7 4 10 5 13 6 15 12 0 15 13
7

0 1 3 2 7 4 10 5 13 6 0 12 1 14 3 15 4 2 6 5 7 12 10 13 14 15 0 2 6 3 12 4 14 5 3 7 4 10 5 13 7 15 12 0 15 13
6

2 0 3 1 4 5 7 11 8 14 12 0 13 3 15 4 1 5 2 12 7 0 11 1 13 2 14 5 15 7 3 11 4 13 12 14 0 15 1 3 2 4 5 12 15 13
8

0 1 3 4 7 11 8 12 9 13 15 14 0 3 1 4 7 8 12 9 0 11 1 13 3 14 4 15 7 8 9 11 13 12 15 14 1 0 3 8 4 12 14 13 15
11

0 1 3 2 5 4 7 11 8 12 9 13 15 14 0 3 1 4 7 8 12 9 0 11 1 13 3 14 4 15 9 8 13 11 15 12 1 14 3 0 4 8 14 12 15 13
10

0 1 3 2 7 4 8 11 9 12 10 13 15 14 0 3 1 4 7 8 12 9 0 11 1 13 3 14 4 15 9 8 13 11 15 12 1 14 3 0 4 8 14 12 15 13
5

0 1 3 4 5 6 7 11 8 12 9 13 15 14 0 3 1 4 7 8 12 9 0 11 1 13 3 14 4 15 9 8 13 11 15 12 1 14 3 0 4 8 14 12 15 13
10

0 1 3 4 7 6 8 11 9 12 10 13 15 14 0 3 1 4 7 8 12 9 0 11 1 13 3 14 4 15 9 8 13 11 15 12 1 14 3 0 4 8 14 12 15 13
5

0 1 3 4 7 10 8 11 9 12 15 13 0 14 1 3 7 4 12 8 0 9 1 11 3 13 4 14 7 15 9 8 13 11 15 12 1 14 3 0 4 8 14 12 15 13
7

0 1 2 4 3 11 7 12 8 13 9 14 15 2 0 3 1 4 7 8 12 9 0 11 1 13 3 14 4 15 9 8 13 11 15 12 1 14 3 0 4 8 14 12 15 13
2

0 1 3 4 7 11 8 12 9 13 10 14 15 3 0 4 1 8 7 9 12 11 0 13 1 14 3 15 4 7 9 8 13 11 15 12 1 14 3 0 4 8 14 12 15 13
5

0 1 3 4 7 11 8 12 9 13 10 14 15 3 0 4 1 8 7 9 12 11 0 13 1 14 3 15 4 8 9 11 13 12 15 14 1 0 3 8 4 9 14 12 15 13
5

2 0 3 1 4 5 8 11 10 15 12 0 13 2 14 8 1 10 3 12 4 15 11 3 13 8 0 10 1 11 2 13 12 15 0 2 1 11 3 12 15 13
6

2 0 3 1 4 6 8 11 10 15 12 0 13 2 1 8 3 10 4 12 11 15 13 3 0 8 1 10 2 11 4 13 12 15 0 2 1 11 3 12 15 13
4

2 0 3 1 4 11 8 15 9 0 10 2 12 8 13 9 1 10 3 12 4 15 11 3 13 8 0 10 1 11 2 13 12 15 0 2 1 11 3 12 15 13
6

2 0 3 1 4 11 8 15 9 0 10 2 12 8 13 10 1 12 3 15 4 3 11 4 13 8 0 10 1 11 2 13 12 15 0 2 1 11 3 12 15 13
6

0 1 3 2 7 4 10 5 13 6 0 12 1 14 3 15 4 2 6 5 7 12 10 13 14 15 0 2 6 3 12 4 14 5 3 7 4 10 5 13 6 15 12 0 15 14
7

0 1 3 2 7 4 10 5 13 6 0 12 1 14 3 15 4 2 6 5 7 12 10 13 14 15 0 2 6 3 12 4 14 5 3 7 4 10 5 13 7 15 12 0 15 14
6

0 2 1 3 5 4 7 10 9 11 12 13 14 15 0 1 7 2 10 3 12 5 15 11 0 13 1 14 2 3 7 5 10 12 11 13 14 15 2 0 3 1 12 7 13 14 15
9

0 2 1 3 5 6 7 10 9 11 12 13 14 15 0 1 7 2 10 3 12 5 15 11 0 13 1 14 2 3 7 5 10 12 11 13 14 15 2 0 3 1 12 7 13 14 15
9

0 2 1 3 5 8 7 10 9 11 12 13 14 15 0 1 7 2 10 3 12 5 15 11 0 13 1 14 2 3 7 5 10 12 11 13 14 15 2 0 3 1 12 7 13 14 15
9

0 2 1 3 5 9 7 10 8 11 12 13 14 15 0 1 7 2 10 3 12 5 15 11 0 13 1 14 2 3 7 5 10 12 11 13 14 15 2 0 3 1 12 7 13 14 15
9

0 2 1 3 5 9 7 10 12 11 14 13 0 15 7 1 9 2 10 3 12 5 15 11 0 13 1 14 2 3 7 5 10 12 11 13 14 15 2 0 3 1 12 7 13 14 15
8

0 2 1 3 5 10 7 11 9 13 12 15 14 1 0 2 7 3 10 5 12 11 15 13 0 14 1 3 2 5 7 12 10 13 11 15 14 0 2 1 3 5 12 7 13 14 15
9

0 1 4 2 7 3 11 5 12 6 14 8 15 13 1 0 2 3 6 4 12 7 14 8 3 13 6 15 7 0 8 1 14 2 15 4 1 12 4 13 7 0 12 3 13 8 15 14
5

0 2 1 3 5 10 7 11 9 13 12 15 14 1 0 2 7 3 10 5 12 11 15 13 0 14 1 3 2 5 7 12 10 13 11 15 14 0 2 1 3 7 12 10 13 14 15
9

0 2 1 3 5 10 7 11 9 13 12 15 14 1 0 2 7 3 10 5 12 11 15 13 0 14 1 3 2 5 7 12 10 13 11 15 14 0 2 1 3 7 12 11 13 14 15
9

1 0 2 6 3 12 7 13 8 15 11 1 14 3 0 6 2 8 12 11 14 13 0 15 1 2 3 6 11 8 13 12 14 0 15 1 3 8 6 11 12 14 15
7

1 0 2 4 3 6 7 12 8 13 11 15 14 1 0 3 2 6 12 8 14 11 0 13 1 15 3 2 11 6 13 8 14 12 15 0 3 1 6 8 12 11 15 14
7

1 0 2 4 3 6 8 12 9 13 11 15 14 1 0 3 2 6 12 8 14 11 0 13 1 15 3 2 11 6 13 8 14 12 15 0 3 1 6 8 12 11 15 14
10

1 0 2 4 3 6 8 12 10 13 11 15 14 1 0 3 2 6 12 8 14 11 0 13 1 15 3 2 11 6 13 8 14 12 15 0 3 1 6 8 12 11 15 14
9

1 0 2 5 3 6 7 12 8 13 11 15 14 1 0 3 2 6 12 8 14 11 0 13 1 15 3 2 11 6 13 8 14 12 15 0 3 1 6 8 12 11 15 14
7

1 0 2 5 3 6 8 12 9 13 11 15 14 1 0 3 2 6 12 8 14 11 0 13 1 15 3 2 11 6 13 8 14 12 15 0 3 1 6 8 12 11 15 14
10

1 0 2 5 3 6 8 12 10 13 11 15 14 1 0 3 2 6 12 8 14 11 0 13 1 15 3 2 11 6 13 8 14 12 15 0 3 1 6 8 12 11 15 14
9

1 0 2 6 3 7 4 12 8 13 11 15 14 1 0 3 2 6 12 8 14 11 0 13 1 15 3 2 11 6 13 8 14 12 15 0 3 1 6 8 12 11 15 14
7

1 0 2 6 3 7 5 12 8 13 11 15 14 1 0 3 2 6 12 8 14 11 0 13 1 15 3 2 11 6 13 8 14 12 15 0 3 1 6 8 12 11 15 14
7

1 0 2 6 3 7 8 12 11 13 14 15 0 1 2 3 12 6 14 8 0 11 1 13 3 15 11 2 13 6 14 8 15 12 2 0 3 1 6 8 12 11 15 14
7

1 0 2 6 3 7 8 12 11 13 14 15 0 1 2 3 12 6 14 8 0 11 1 13 3 15 11 2 13 6 14 8 15 12 3 0 6 1 12 8 13 11 15 14
7

1 0 2 6 3 9 7 12 8 13 11 15 14 1 0 3 2 6 12 8 14 11 0 13 1 15 3 2 11 6 13 8 14 12 15 0 3 1 6 8 12 11 15 14
7

1 0 2 6 3 10 7 12 8 13 11 15 14 1 0 3 2 6 12 8 14 11 0 13 1 15 3 2 11 6 13 8 14 12 15 0 3 1 6 8 12 11 15 14
7

1 0 2 6 3 12 7 13 8 15 11 1 14 3 0 6 2 8 12 11 14 13 0 15 1 2 3 6 11 8 13 12 14 0 15 1 3 2 6 8 12 11 15 14
7

1 0 2 6 3 12 8 13 9 15 11 1 14 3 0 6 2 8 12 11 14 13 0 15 1 2 3 6 11 8 13 12 14 0 15 1 3 2 6 8 12 11 15 14
10

0 1 2 5 3 6 7 11 9 12 10 13 14 0 15 3 1 5 10 6 12 9 0 11 3 13 9 14 11 15 12 5 14 6 15 10 3 13 5 0 6 12 13 14 15
7

2 0 6 1 11 3 12 4 14 5 15 10 1 13 2 0 3 12 4 13 10 15 11 0 14 1 3 2 4 11 13 12 0 14 1 15 3 2 11 12 13 14 15
9

2 0 7 1 11 3 12 4 14 5 15 10 1 13 2 0 3 12 4 13 10 15 11 0 14 1 3 2 4 11 13 12 0 14 1 15 3 2 11 12 13 14 15
9

2 0 8 1 11 3 12 4 14 5 15 10 1 13 2 0 3 12 4 13 10 15 11 0 14 1 3 2 4 11 13 12 0 14 1 15 3 2 11 12 13 14 15
9

2 0 6 1 11 3 12 4 14 9 15 10 1 13 2 0 3 12 4 13 10 15 11 0 14 1 3 2 4 11 13 12 0 14 1 15 3 2 11 12 13 14 15
5

2 0 7 1 11 3 12 4 14 9 15 10 1 13 2 0 3 12 4 13 10 15 11 0 14 1 3 2 4 11 13 12 0 14 1 15 3 2 11 12 13 14 15
5

2 0 8 1 11 3 12 4 14 9 15 10 1 13 2 0 3 12 4 13 10 15 11 0 14 1 3 2 4 11 13 12 0 14 1 15 3 2 11 12 13 14 15
5

2 0 11 1 12 3 14 4 15 9 1 10 2 13 3 0 4 12 9 13 10 15 11 0 14 1 3 2 4 11 13 12 0 14 1 15 3 2 11 12 13 14 15
5

2 0 11 1 12 3 14 4 15 9 1 10 2 13 3 0 4 12 10 13 11 15 14 0 3 1 4 2 10 11 13 12 0 14 1 15 3 2 11 12 13 14 15
5

2 0 11 1 12 3 14 4 15 9 1 10 2 13 3 0 4 12 10 13 11 15 14 0 3 1 4 2 13 11 0 12 1 14 3 15 4 2 11 12 13 14 15
5

3 0 5 1 6 2 7 4 10 8 12 9 15 11 1 14 2 0 3 8 4 9 6 12 7 14 11 15 0 1 8 2 12 3 14 4 15 7 0 9 2 11 8 3 11 12 15 14
5

3 0 6 1 7 2 10 4 12 8 13 9 15 11 1 14 2 0 3 8 4 9 6 12 7 14 11 15 0 1 8 2 12 3 14 4 15 7 0 9 2 11 8 3 11 12 15 14
13

1 0 2 3 5 4 8 7 9 11 10 14 12 3 15 4 0 8 1 9 2 10 7 12 11 14 1 15 3 0 4 2 9 7 10 12 14 1 15 2 0 3 4 12 10 14 15
8

1 0 2 3 8 4 9 7 10 11 12 14 15 3 0 4 1 8 2 9 7 10 11 12 1 14 3 15 4 0 9 2 10 7 11 12 14 1 15 2 0 3 4 12 10 14 15
8

1 0 2 3 8 4 9 5 10 7 12 11 13 14 15 3 0 4 1 8 2 9 7 10 11 12 1 14 3 15 4 0 9 2 10 7 14 12 15 1 0 2 4 3 10 12 15 14
13

1 0 2 3 8 4 9 5 10 7 12 11 15 14 0 3 1 4 2 8 7 9 11 10 1 12 3 14 4 15 8 0 9 2 10 7 14 12 15 1 0 2 4 3 10 12 15 14
11

1 0 2 3 8 4 9 5 10 7 12 11 15 14 0 3 1 4 2 8 7 9 11 10 1 12 3 14 4 15 9 0 10 2 11 7 14 12 15 1 0 2 4 3 10 12 15 14
8

1 0 2 3 5 4 8 6 9 7 10 11 12 14 15 3 0 4 1 8 2 9 7 10 11 12 1 14 3 15 4 0 9 2 10 7 14 12 15 1 0 2 4 3 10 12 15 14
13

1 0 2 3 8 4 9 6 10 7 12 11 15 14 0 3 1 4 2 8 7 9 11 10 1 12 3 14 4 15 8 0 9 2 10 7 14 12 15 1 0 2 4 3 10 12 15 14
11

1 0 2 3 8 4 9 6 10 7 12 11 15 14 0 3 1 4 2 8 7 9 11 10 1 12 3 14 4 15 9 0 10 2 11 7 14 12 15 1 0 2 4 3 10 12 15 14
8

1 0 2 3 5 4 8 7 9 11 10 13 12 14 15 3 0 4 1 8 2 9 7 10 11 12 1 14 3 15 4 0 9 2 10 7 14 12 15 1 0 2 4 3 10 12 15 14
13

1 0 2 3 6 4 8 7 9 11 10 13 12 14 15 3 0 4 1 8 2 9 7 10 11 12 1 14 3 15 4 0 9 2 10 7 14 12 15 1 0 2 4 3 10 12 15 14
13

1 0 2 3 8 4 9 7 10 11 12 13 15 14 0 3 1 4 2 8 7 9 11 10 1 12 3 14 4 15 9 0 10 2 14 7 15 12 0 1 4 2 7 3 10 12 15 14
13

1 0 2 3 8 4 9 7 10 11 12 13 15 14 0 3 1 4 2 8 7 9 11 10 1 12 3 14 4 15 9 0 10 2 14 7 15 12 0 1 4 2 9 3 10 12 15 14
13

2 0 3 1 4 5 7 11 8 14 12 0 13 3 15 4 1 5 2 12 7 0 11 1 13 2 14 5 15 7 3 11 4 13 12 14 0 15 1 3 2 4 5 12 15 14
8

1 0 2 3 8 4 9 7 10 11 12 14 15 3 0 4 1 8 2 9 7 10 11 12 1 14 3 15 4 0 9 2 10 7 11 12 14 1 15 2 0 3 4 7 10 12 15 14
8

1 0 2 3 8 4 9 7 10 11 12 14 15 3 0 4 1 8 2 9 7 10 11 12 1 14 3 15 4 0 9 2 10 7 11 12 14 1 15 2 0 3 4 9 10 12 15 14
8

1 0 2 3 8 4 9 7 10 11 12 14 15 3 0 4 1 8 2 9 7 10 11 12 1 14 3 15 4 0 9 2 10 7 11 12 14 1 15 2 0 3 4 11 10 12 15 14
8

1 0 2 6 3 12 7 13 8 15 11 1 14 3 0 6 2 8 12 11 14 13 0 15 1 2 3 6 11 8 13 12 14 0 15 1 3 8 6 11 12 13 15 14
7

1 0 2 6 3 12 8 13 9 15 11 1 14 3 0 6 2 8 12 11 14 13 0 15 1 2 3 6 11 8 13 12 14 0 15 1 3 8 6 11 12 13 15 14
10

1 0 2 6 3 12 8 13 10 15 11 1 14 3 0 6 2 8 12 11 14 13 0 15 1 2 3 6 11 8 13 12 14 0 15 1 3 8 6 11 12 13 15 14
9

0 1 4 3 6 9 8 10 13 11 14 12 15 1 0 3 9 4 11 6 12 8 14 10 15 0 1 6 3 9 4 12 8 14 10 15 11 1 0 3 8 4 10 15 12
13

0 1 2 3 4 5 6 9 8 10 14 11 15 12 0 1 9 3 11 4 12 6 14 8 15 10 1 0 3 6 4 9 8 12 10 14 11 15 0 1 8 3 10 4 12 15
11

0 1 4 3 6 5 7 9 8 10 14 11 15 12 0 1 9 3 11 4 12 6 14 8 15 10 1 0 3 6 4 9 8 12 10 14 11 15 0 1 8 3 10 4 12 15
11

0 1 4 3 6 5 8 9 14 10 15 11 0 12 9 1 11 3 12 4 14 6 15 8 1 10 3 0 4 6 8 9 10 12 11 14 0 15 6 1 8 3 10 4 12 15
11

0 1 4 3 6 5 8 9 14 10 15 11 0 12 9 1 11 3 12 4 14 6 15 8 1 10 3 0 4 6 8 9 10 12 11 14 0 15 8 1 9 3 10 4 12 15
11

0 1 4 3 6 5 8 9 14 10 15 11 0 12 9 1 11 3 12 4 14 6 15 8 1 10 3 0 4 6 8 9 10 12 11 14 0 15 8 1 10 3 12 4 14 15
11

0 1 2 3 4 7 6 9 8 10 14 11 15 12 0 1 9 3 11 4 12 6 14 8 15 10 1 0 3 6 4 9 8 12 10 14 11 15 0 1 8 3 10 4 12 15
11

0 1 4 3 5 7 6 9 8 10 14 11 15 12 0 1 9 3 11 4 12 6 14 8 15 10 1 0 3 6 4 9 8 12 10 14 11 15 0 1 8 3 10 4 12 15
11

0 1 4 3 6 7 8 9 14 10 15 11 0 12 9 1 11 3 12 4 14 6 15 8 1 10 3 0 4 6 8 9 10 12 11 14 0 15 6 1 8 3 10 4 12 15
11

0 1 4 3 6 7 8 9 14 10 15 11 0 12 9 1 11 3 12 4 14 6 15 8 1 10 3 0 4 6 8 9 10 12 11 14 0 15 8 1 9 3 10 4 12 15
11

0 1 4 3 6 7 8 9 14 10 15 11 0 12 9 1 11 3 12 4 14 6 15 8 1 10 3 0 4 6 8 9 10 12 11 14 0 15 8 1 10 3 12 4 14 15
11

0 2 1 4 3 7 5 8 9 12 10 13 11 15 14 0 1 5 2 8 3 11 7 13 12 0 14 1 15 5 2 8 3 12 7 0 15 3 8 7 12 15
11

0 2 1 6 3 7 5 8 9 12 10 13 11 15 14 0 1 5 2 8 3 11 7 13 12 0 14 1 15 5 2 8 3 12 7 0 15 3 8 7 12 15
11

0 2 1 7 3 8 4 10 5 12 9 13 11 15 14 0 1 5 2 8 3 11 7 13 12 0 14 1 15 5 2 8 3 12 7 0 15 3 8 7 12 15
11

0 2 1 7 3 8 5 10 6 12 9 13 11 15 14 0 1 5 2 8 3 11 7 13 12 0 14 1 15 5 2 8 3 12 7 0 15 3 8 7 12 15
11

0 2 1 7 3 8 5 10 9 12 11 13 14 15 1 0 2 5 3 8 7 11 9 13 12 0 14 1 15 5 2 8 3 12 7 0 15 3 8 7 12 15
11

0 2 1 7 3 8 5 10 9 12 11 13 14 15 1 0 2 5 3 8 7 11 12 13 14 0 15 1 2 5 3 8 7 12 13 0 15 3 8 7 12 15
11

0 2 1 7 3 8 5 10 9 12 11 13 14 15 1 0 2 5 3 8 7 11 12 13 14 0 15 1 2 5 3 8 7 12 15 0 1 3 8 7 12 15
11

0 2 1 7 3 8 5 10 9 12 11 13 14 15 1 0 2 5 3 8 7 11 12 13 14 0 15 1 2 5 3 8 7 12 15 0 2 3 8 7 12 15
11

0 2 1 7 3 8 5 10 9 12 11 13 14 15 1 0 2 5 3 8 7 11 12 13 14 0 15 1 2 5 3 8 7 12 15 0 5 3 8 7 12 15
11

0 2 1 7 3 8 4 12 5 13 9 15 11 0 14 4 1 5 2 8 3 11 7 13 12 0 14 1 15 5 2 8 3 12 7 0 15 3 8 7 12 15
11

0 2 1 7 3 8 4 12 5 13 9 15 11 0 14 5 1 8 2 9 3 11 7 13 12 0 14 1 15 5 2 8 3 12 7 0 15 3 8 7 12 15
11

0 2 1 7 3 8 5 12 6 13 9 15 11 0 14 5 1 8 2 9 3 11 7 13 12 0 14 1 15 5 2 8 3 12 7 0 15 3 8 7 12 15
11

0 2 1 7 3 8 5 12 9 13 10 15 11 0 14 5 1 8 2 9 3 11 7 13 12 0 14 1 15 5 2 8 3 12 7 0 15 3 8 7 12 15
11

0 2 1 7 3 8 5 12 9 13 11 15 14 0 1 5 2 8 3 9 7 11 12 13 14 0 15 1 2 5 3 8 7 12 13 0 15 3 8 7 12 15
11

0 2 1 7 3 8 5 12 9 13 11 15 14 0 1 5 2 8 3 9 7 11 12 13 14 0 15 1 2 5 3 8 7 12 15 0 2 3 8 7 12 15
11

0 2 1 7 3 8 5 12 9 13 11 15 14 0 1 5 2 8 3 9 7 11 12 13 14 0 15 1 2 5 3 8 7 12 15 0 5 3 8 7 12 15
11

0 2 1 7 3 8 5 12 9 13 11 15 14 0 1 5 2 8 3 11 7 13 9 0 12 1 14 5 15 8 2 9 3 12 7 0 15 3 8 7 12 15
11

0 2 1 7 3 8 5 12 9 13 11 15 14 0 1 5 2 8 3 11 7 13 12 0 14 1 15 5 2 8 3 11 7 12 14 0 15 3 8 7 12 15
14

0 2 1 7 3 8 4 12 5 13 9 15 11 0 14 5 1 8 2 11 3 13 7 0 12 1 14 5 15 8 2 12 3 13 7 0 15 3 8 7 12 15
11

0 2 1 7 3 8 5 12 6 13 9 15 11 0 14 5 1 8 2 11 3 13 7 0 12 1 14 5 15 8 2 12 3 13 7 0 15 3 8 7 12 15
11

0 2 1 7 3 8 5 12 9 13 10 15 11 0 14 5 1 8 2 11 3 13 7 0 12 1 14 5 15 8 2 12 3 13 7 0 15 3 8 7 12 15
11

0 2 1 7 3 8 5 12 9 13 11 15 14 0 1 5 2 8 3 11 7 13 9 0 12 1 14 5 15 8 2 12 3 13 7 0 15 3 8 7 12 15
11

0 2 1 7 3 8 5 12 9 13 11 15 14 0 1 5 2 8 3 11 7 13 12 0 14 1 15 5 2 8 3 12 7 13 15 0 1 3 8 7 12 15
11

0 2 1 7 3 8 5 12 9 13 11 15 14 0 1 5 2 8 3 11 7 13 12 0 14 1 15 5 2 8 3 12 7 13 15 0 2 3 8 7 12 15
11

0 2 1 7 3 8 5 12 9 13 11 15 14 0 1 5 2 8 3 11 7 13 12 0 14 1 15 5 2 8 3 12 7 13 15 0 5 3 8 7 12 15
11

0 2 1 7 3 8 4 12 5 13 9 15 11 0 14 5 1 8 2 11 3 13 7 0 12 1 14 5 15 8 2 12 3 0 7 1 15 3 8 7 12 15
11

0 2 1 7 3 8 5 12 6 13 9 15 11 0 14 5 1 8 2 11 3 13 7 0 12 1 14 5 15 8 2 12 3 0 7 1 15 3 8 7 12 15
11

0 2 1 7 3 8 5 12 9 13 10 15 11 0 14 5 1 8 2 11 3 13 7 0 12 1 14 5 15 8 2 12 3 0 7 1 15 3 8 7 12 15
11

0 2 1 7 3 8 5 12 9 13 11 15 14 0 1 5 2 8 3 11 7 13 9 0 12 1 14 5 15 8 2 12 3 0 7 1 15 3 8 7 12 15
11

0 2 1 7 3 8 5 12 9 13 11 15 14 0 1 5 2 8 3 11 7 13 12 0 14 1 15 5 2 8 3 12 7 0 13 1 15 3 8 7 12 15
11

0 2 1 7 3 8 5 12 9 13 11 15 14 0 1 5 2 8 3 11 7 13 12 0 14 1 15 5 2 8 3 12 7 0 15 1 2 3 8 7 12 15
11

0 2 1 7 3 8 5 12 9 13 11 15 14 0 1 5 2 8 3 11 7 13 12 0 14 1 15 5 2 8 3 12 7 0 15 1 5 3 8 7 12 15
11

0 2 1 7 3 8 4 12 5 13 9 15 11 0 14 5 1 8 2 11 3 13 7 0 12 1 14 5 15 8 2 12 3 0 7 2 15 3 8 7 12 15
11

0 2 1 7 3 8 5 12 6 13 9 15 11 0 14 5 1 8 2 11 3 13 7 0 12 1 14 5 15 8 2 12 3 0 7 2 15 3 8 7 12 15
11

0 2 1 7 3 8 5 12 9 13 10 15 11 0 14 5 1 8 2 11 3 13 7 0 12 1 14 5 15 8 2 12 3 0 7 2 15 3 8 7 12 15
11

0 2 1 7 3 8 5 12 9 13 11 15 14 0 1 5 2 8 3 11 7 13 9 0 12 1 14 5 15 8 2 12 3 0 7 2 15 3 8 7 12 15
11

0 2 1 7 3 8 5 12 9 13 11 15 14 0 1 5 2 8 3 11 7 13 12 0 14 1 15 5 2 8 3 12 7 0 13 2 15 3 8 7 12 15
11

0 2 1 7 3 8 5 12 9 13 11 15 14 0 1 5 2 8 3 11 7 13 12 0 14 1 15 5 2 8 3 12 7 0 15 2 5 3 8 7 12 15
11

0 2 1 7 3 8 5 12 9 13 10 15 11 0 14 5 1 8 2 11 3 13 7 0 12 1 14 5 15 8 2 12 3 0 7 3 15 5 8 7 12 15
11

2 0 5 1 7 3 8 6 10 12 11 13 15 0 2 1 3 5 12 7 13 8 15 10 0 3 1 5 2 7 8 12 10 15 13 1 0 2 3 5 10 8 12 15 13
9

2 0 5 1 6 3 7 9 8 12 10 13 15 0 2 1 3 5 12 7 13 8 15 10 0 3 1 5 2 7 8 12 10 15 13 1 0 2 3 5 10 8 12 15 13
9

2 0 5 1 7 3 8 12 9 13 10 14 15 0 2 1 3 5 12 7 13 8 15 10 0 3 1 5 2 7 8 12 10 15 13 1 0 2 3 5 10 8 12 15 13
9

1 0 2 5 3 6 7 8 10 9 11 15 12 2 14 3 0 5 1 8 6 12 7 15 9 1 10 3 11 5 0 7 8 9 10 11 15 12 3 0 5 10 11 15 12
6

1 0 2 4 3 5 7 6 10 8 11 9 12 15 14 2 0 3 1 5 6 8 7 12 9 15 10 1 11 3 0 5 8 7 10 9 15 11 3 12 5 0 11 10 12 15
6

1 0 2 5 3 6 7 8 10 9 11 13 12 15 14 2 0 3 1 5 6 8 7 12 9 15 10 1 11 3 0 5 8 7 10 9 15 11 3 12 5 0 11 10 12 15
6

1 0 2 5 3 6 4 8 7 9 10 15 11 2 12 3 14 5 0 6 1 8 7 12 9 15 10 1 11 3 0 5 8 7 10 9 15 11 3 12 5 0 11 10 12 15
6

1 0 2 5 3 6 7 8 10 9 11 15 12 2 13 3 14 5 0 6 1 8 7 12 9 15 10 1 11 3 0 5 8 7 10 9 15 11 3 12 5 0 11 10 12 15
6

1 0 2 5 3 6 7 8 10 9 11 15 12 2 14 3 0 5 1 6 7 8 9 12 10 15 11 1 14 3 0 5 8 7 10 9 15 11 3 12 5 0 11 10 12 15
6

1 0 2 5 3 6 7 8 10 9 11 15 12 2 14 3 0 5 1 6 7 8 9 12 10 15 11 1 0 3 2 5 8 7 10 9 15 11 3 12 5 0 11 10 12 15
6

1 0 2 5 3 6 7 8 10 9 11 15 12 2 14 3 0 5 1 6 7 8 9 12 10 15 11 1 0 3 8 5 10 7 15 9 1 11 3 12 5 0 11 10 12 15
6

1 0 2 5 3 6 7 8 10 9 11 15 12 2 14 3 0 5 1 6 7 8 9 12 10 15 11 1 0 3 8 5 10 7 15 9 3 11 5 12 7 0 11 10 12 15
6

1 0 2 5 3 6 7 8 10 9 11 15 12 2 14 3 0 5 1 6 7 8 9 12 10 15 11 1 0 3 8 5 10 7 15 9 3 11 5 12 8 0 11 10 12 15
6

1 0 2 5 3 6 7 8 10 9 11 15 12 2 14 3 0 5 1 6 7 8 9 12 10 15 11 1 0 3 8 5 10 7 15 9 3 11 5 12 9 0 11 10 12 15
6

1 0 2 5 3 6 7 8 10 9 11 15 12 2 14 3 0 5 1 8 6 12 7 14 9 15 10 1 11 3 0 5 8 7 10 9 15 11 3 12 5 0 11 10 12 15
6

1 0 2 5 3 6 7 8 10 9 11 15 12 2 14 3 0 5 1 8 6 12 7 15 9 1 10 2 11 3 0 5 8 7 10 9 15 11 3 12 5 0 11 10 12 15
6

1 0 2 5 3 6 7 8 10 9 11 15 12 2 14 3 0 5 1 8 6 12 7 15 9 1 10 3 11 5 0 7 8 9 10 11 15 12 3 0 5 1 11 10 12 15
6

1 0 2 5 3 6 7 8 10 9 11 15 12 2 14 3 0 5 1 8 6 12 7 15 9 1 10 3 11 5 0 7 8 9 10 11 15 12 3 0 5 7 11 10 12 15
6

1 0 2 5 3 6 7 8 10 9 11 15 12 2 14 3 0 5 1 8 6 12 7 15 9 1 10 3 11 5 0 7 8 9 10 11 15 12 3 0 5 8 11 10 12 15
6

1 0 2 5 3 6 7 8 10 9 11 15 12 2 14 3 0 5 1 8 6 12 7 15 9 1 10 3 11 5 0 7 8 9 10 11 15 12 3 0 5 9 11 10 12 15
6

0 1 4 3 5 9 6 10 8 11 14 12 15 1 0 3 9 4 11 6 12 8 14 10 15 0 1 6 3 9 4 12 8 14 10 15 11 1 0 3 8 4 10 11 12 15
7

0 1 4 3 6 9 7 10 8 11 14 12 15 1 0 3 9 4 11 6 12 8 14 10 15 0 1 6 3 9 4 12 8 14 10 15 11 1 0 3 8 4 10 11 12 15
5

0 1 4 3 6 9 8 10 13 11 14 12 15 1 0 3 9 4 11 6 12 8 14 10 15 0 1 6 3 9 4 12 8 14 10 15 11 1 0 3 8 4 10 11 12 15
13

0 1 3 2 6 4 8 5 11 7 13 12 15 14 0 1 2 6 3 11 4 14 5 15 7 1 12 2 0 3 7 4 12 5 14 6 15 11 1 0 2 7 3 11 4 15 12
8

0 1 3 2 6 4 9 5 11 7 13 8 15 12 0 14 2 1 3 6 4 11 5 14 7 15 12 1 0 2 7 3 12 4 14 5 15 6 1 11 2 0 3 7 4 11 12 15
8

0 1 3 2 6 4 10 5 11 7 13 8 15 12 0 14 2 1 3 6 4 11 5 14 7 15 12 1 0 2 7 3 12 4 14 5 15 6 1 11 2 0 3 7 4 11 12 15
8

0 1 3 2 6 4 11 5 13 7 15 8 0 12 2 14 3 1 4 6 5 11 7 14 12 15 0 1 7 2 12 3 14 4 15 5 1 6 2 11 3 0 4 7 5 11 12 15
8

0 1 3 2 6 4 11 5 13 7 15 8 0 12 2 14 3 1 4 6 5 11 7 14 12 15 0 1 7 2 12 3 14 4 15 5 1 6 2 11 3 0 4 7 6 11 12 15
8

0 1 3 2 6 4 11 5 13 7 15 8 0 12 2 14 3 1 4 6 5 11 7 14 12 15 0 1 7 2 12 3 14 4 15 5 1 6 2 11 3 0 4 7 12 11 14 15
8

0 1 3 2 6 4 8 5 11 7 13 9 15 12 0 14 2 1 3 6 4 11 5 14 7 15 12 1 0 2 7 3 12 4 14 5 15 6 1 11 2 0 3 7 4 11 12 15
8

0 1 3 2 6 4 11 5 13 7 15 9 0 12 2 14 3 1 4 6 5 11 7 14 12 15 13 1 0 2 7 3 12 4 14 5 15 6 1 11 2 0 3 7 4 11 12 15
13

0 1 3 2 6 4 8 5 11 7 13 10 15 12 0 14 2 1 3 6 4 11 5 14 7 15 12 1 0 2 7 3 12 4 14 5 15 6 1 11 2 0 3 7 4 11 12 15
8

0 1 3 2 6 4 11 5 13 7 15 10 0 12 2 14 3 1 4 6 5 11 7 14 12 15 13 1 0 2 7 3 12 4 14 5 15 6 1 11 2 0 3 7 4 11 12 15
13

0 1 3 2 6 4 8 5 11 7 13 12 15 14 0 1 2 6 3 11 4 14 5 15 7 1 12 2 0 3 7 4 12 5 14 6 15 11 1 0 2 5 3 7 4 11 12 15
8

0 1 3 2 6 4 8 5 11 7 13 12 15 14 0 1 2 6 3 11 4 14 5 15 7 1 12 2 0 3 7 4 12 5 14 6 15 11 1 0 2 6 3 7 4 11 12 15
8

1 0 2 3 8 5 10 7 11 9 12 13 15 14 0 12 2 14 3 15 5 0 7 2 8 5 11 7 13 8 3 11 13 12 14 0 15 3 2 12 8 15 11
1

1 0 2 3 8 4 10 5 11 7 12 9 15 13 0 14 2 12 3 14 5 15 7 0 8 2 11 5 13 7 3 8 13 11 14 12 15 0 2 3 8 12 11 15
1

1 0 2 3 8 5 10 6 11 7 12 9 15 13 0 14 2 12 3 14 5 15 7 0 8 2 11 5 13 7 3 8 13 11 14 12 15 0 2 3 8 12 11 15
1

1 0 2 3 8 5 10 7 11 9 12 13 15 14 0 9 2 12 3 14 5 15 7 0 8 2 11 5 13 7 3 8 13 11 14 12 15 0 2 3 8 12 11 15
1

1 0 2 3 6 5 8 7 10 9 11 13 12 14 15 9 0 12 2 14 3 15 5 0 7 2 8 5 11 7 13 8 3 11 13 12 14 0 15 3 2 12 8 15 11
1

1 0 2 3 8 5 10 7 11 9 12 13 15 14 0 9 2 12 3 14 5 15 7 0 8 2 10 5 11 7 13 8 3 11 13 12 14 0 15 3 2 12 8 15 11
1

1 0 2 3 8 5 10 7 11 9 12 13 15 14 0 9 2 12 3 14 5 15 7 0 8 2 11 5 13 7 3 8 9 11 13 12 14 0 15 3 2 12 8 15 11
1

1 0 2 3 8 5 10 7 11 9 12 13 15 14 0 9 2 12 3 14 5 15 7 0 8 2 11 5 13 7 3 8 13 11 14 12 15 0 2 3 5 12 8 15 11
1

1 0 2 3 8 5 10 7 11 9 12 13 15 14 0 9 2 12 3 14 5 15 7 0 8 2 11 5 13 7 3 8 13 11 14 12 15 0 2 3 7 12 8 15 11
1

1 0 2 3 8 5 10 7 11 9 12 13 15 14 0 9 2 12 3 14 5 15 7 0 8 2 11 5 13 7 3 8 13 11 14 12 15 0 2 3 8 12 11 15 13
1

1 0 2 3 8 5 10 7 11 9 12 13 15 14 0 9 2 12 3 14 5 15 7 0 8 2 11 5 13 7 3 8 13 11 14 12 15 0 2 3 8 12 11 15 14
1

1 0 2 3 8 5 10 7 11 9 12 13 15 14 0 10 2 12 3 14 5 15 7 0 8 2 11 5 13 7 3 8 13 11 14 12 15 0 2 3 8 12 11 15
1

1 0 2 3 6 5 8 7 10 9 11 13 12 14 15 10 0 12 2 14 3 15 5 0 7 2 8 5 11 7 13 8 3 11 13 12 14 0 15 3 2 12 8 15 11
1

1 0 2 3 8 5 10 7 11 9 12 13 15 14 0 10 2 12 3 14 5 15 7 0 8 2 9 5 11 7 13 8 3 11 13 12 14 0 15 3 2 12 8 15 11
1

1 0 2 3 8 5 10 7 11 9 12 13 15 14 0 10 2 12 3 14 5 15 7 0 8 2 11 5 13 7 3 8 10 11 13 12 14 0 15 3 2 12 8 15 11
1

1 0 2 3 8 5 10 7 11 9 12 13 15 14 0 10 2 12 3 14 5 15 7 0 8 2 11 5 13 7 3 8 13 11 14 12 15 0 2 3 5 12 8 15 11
1

1 0 2 3 8 5 10 7 11 9 12 13 15 14 0 10 2 12 3 14 5 15 7 0 8 2 11 5 13 7 3 8 13 11 14 12 15 0 2 3 7 12 8 15 11
1

1 0 2 3 8 5 10 7 11 9 12 13 15 14 0 10 2 12 3 14 5 15 7 0 8 2 11 5 13 7 3 8 13 11 14 12 15 0 2 3 8 12 11 15 13
1

1 0 2 3 8 5 10 7 11 9 12 13 15 14 0 10 2 12 3 14 5 15 7 0 8 2 11 5 13 7 3 8 13 11 14 12 15 0 2 3 8 12 11 15 14
1

2 0 3 1 9 4 10 5 11 6 12 8 15 13 3 14 5 0 8 1 9 2 14 10 0 12 1 15 2 3 8 5 10 9 12 1 14 3 15 12 0 15
7

3 0 4 1 7 2 10 6 13 8 15 11 0 12 2 3 4 8 6 10 7 13 11 0 12 2 15 3 4 6 8 11 12 15 13 0 2 4 3 12 8 15 11
7

3 0 4 1 7 2 10 6 13 8 15 9 0 11 2 12 4 3 6 8 7 10 11 13 12 0 15 2 4 3 8 6 12 11 13 15 2 0 3 4 8 12 11 15
7

3 0 4 1 7 2 10 6 13 8 15 11 0 12 2 14 4 3 6 8 7 10 11 13 12 0 15 2 4 3 8 6 12 11 13 15 2 0 3 4 8 12 11 15
7

3 0 4 1 7 2 10 6 13 8 15 11 0 12 2 1 4 3 6 8 7 10 11 13 12 0 15 2 4 3 8 6 12 11 13 15 2 0 3 4 8 12 11 15
7

3 0 4 1 5 2 7 6 10 8 13 11 15 12 0 3 2 7 4 8 6 10 11 13 12 0 15 2 4 3 8 6 12 11 13 15 2 0 3 4 8 12 11 15
7

3 0 4 1 7 2 9 6 10 8 13 11 15 12 0 3 2 7 4 8 6 10 11 13 12 0 15 2 4 3 8 6 12 11 13 15 2 0 3 4 8 12 11 15
7

3 0 4 1 7 2 10 6 13 8 14 11 15 12 0 3 2 7 4 8 6 10 11 13 12 0 15 2 4 3 8 6 12 11 13 15 2 0 3 4 8 12 11 15
7

3 0 4 1 7 2 10 6 13 8 15 11 0 12 1 3 2 7 4 8 6 10 11 13 12 0 15 2 4 3 8 6 12 11 13 15 2 0 3 4 8 12 11 15
7

3 0 4 1 7 2 10 6 13 8 15 11 0 12 2 3 4 7 6 8 11 10 12 13 15 0 4 2 8 3 10 6 12 11 13 15 2 0 3 4 8 12 11 15
7

3 0 4 1 7 2 10 6 13 8 15 11 0 12 2 3 4 7 6 8 11 10 12 13 15 0 4 2 8 3 12 6 13 11 2 15 3 0 6 4 8 12 11 15
7

3 0 4 1 7 2 10 6 13 8 15 11 0 12 2 3 4 7 6 8 11 10 12 13 15 0 4 2 8 3 12 6 13 11 2 15 3 0 8 4 11 12 13 15
7

3 0 4 1 7 2 10 6 13 8 15 11 0 12 2 3 4 8 6 10 7 13 11 0 12 2 15 3 4 6 8 10 12 11 13 15 2 0 3 4 8 12 11 15
7

1 0 2 3 8 5 10 7 11 9 12 13 15 14 0 12 2 14 3 15 5 0 7 2 8 5 11 7 13 8 3 11 13 12 14 0 15 3 2 5 8 12 11 15
1

1 0 2 3 6 5 8 7 10 9 11 13 12 14 15 12 0 14 2 15 3 0 5 2 7 5 8 7 11 8 13 11 3 12 13 0 14 3 15 5 2 12 8 15 11
1

1 0 2 3 8 5 10 7 11 9 12 13 15 14 0 12 2 14 3 15 5 0 7 2 8 5 9 7 11 8 13 11 3 12 13 0 14 3 15 5 2 12 8 15 11
1

1 0 2 3 8 5 10 7 11 9 12 13 15 14 0 12 2 14 3 15 5 0 7 2 8 5 10 7 11 8 13 11 3 12 13 0 14 3 15 5 2 12 8 15 11
1

1 0 2 3 8 5 10 7 11 9 12 13 15 14 0 12 2 14 3 15 5 0 7 2 8 5 11 7 13 8 3 11 13 12 14 0 15 3 2 5 7 12 8 15 11
1

1 0 2 3 8 5 10 7 11 9 12 13 15 14 0 12 2 14 3 15 5 0 7 2 8 5 11 7 13 8 3 11 13 12 14 0 15 3 2 5 8 12 11 15 13
1

1 0 2 3 8 5 10 7 11 9 12 13 15 14 0 12 2 14 3 15 5 0 7 2 8 5 11 7 13 8 3 11 13 12 14 0 15 3 2 5 8 12 11 15 14
1

1 0 2 4 3 7 6 9 11 10 12 13 14 0 15 1 3 6 7 9 12 11 14 13 15 0 6 1 9 3 11 7 14 12 15 3 0 6 1 12 9 15
14

1 0 2 5 3 7 6 9 11 10 12 13 14 0 15 1 3 6 7 9 12 11 14 13 15 0 6 1 9 3 11 7 14 12 15 3 0 6 1 12 9 15
14

1 0 2 7 3 9 6 10 11 13 12 0 14 1 15 6 3 9 7 10 12 11 14 13 15 0 6 1 9 3 11 7 14 12 15 3 0 6 1 12 9 15
14

1 0 2 7 3 9 6 10 11 13 12 0 14 1 15 6 3 9 7 11 12 13 14 0 15 1 6 3 9 7 11 12 14 13 15 3 0 6 1 12 9 15
14

3 0 4 1 7 2 10 6 13 8 15 11 0 12 2 3 4 8 6 10 7 13 11 0 12 2 15 3 4 6 8 11 12 15 13 0 2 4 3 6 8 12 11 15
7

1 0 2 3 8 5 10 7 11 9 12 13 15 14 0 12 2 14 3 15 5 0 7 2 8 5 11 7 13 8 3 11 13 12 14 0 15 3 2 7 8 12 11 15
1

1 0 2 3 6 5 8 7 10 9 11 13 12 14 15 12 0 14 2 15 3 0 5 2 7 5 8 7 11 8 13 11 3 12 13 0 14 3 15 7 2 12 8 15 11
1

1 0 2 3 8 5 10 7 11 9 12 13 15 14 0 12 2 14 3 15 5 0 7 2 8 5 9 7 11 8 13 11 3 12 13 0 14 3 15 7 2 12 8 15 11
1

1 0 2 3 8 5 10 7 11 9 12 13 15 14 0 12 2 14 3 15 5 0 7 2 8 5 10 7 11 8 13 11 3 12 13 0 14 3 15 7 2 12 8 15 11
1

1 0 2 3 8 5 10 7 11 9 12 13 15 14 0 12 2 14 3 15 5 0 7 2 8 5 11 7 13 8 3 11 13 12 14 0 15 3 2 7 5 12 8 15 11
1

1 0 2 3 8 5 10 7 11 9 12 13 15 14 0 12 2 14 3 15 5 0 7 2 8 5 11 7 13 8 3 11 13 12 14 0 15 3 2 7 8 12 11 15 13
1

1 0 2 3 8 5 10 7 11 9 12 13 15 14 0 12 2 14 3 15 5 0 7 2 8 5 11 7 13 8 3 11 13 12 14 0 15 3 2 7 8 12 11 15 14
1

0 1 2 5 3 7 4 10 11 12 15 13 0 14 4 1 7 2 10 3 13 11 1 12 2 14 3 15 4 0 10 7 11 13 12 14 15 3 0 4 2 7 11 12 13 15 14
9

0 1 2 7 3 9 4 10 11 12 15 13 0 14 4 1 7 2 9 3 10 11 13 12 1 14 2 15 3 0 4 7 11 13 12 14 15 3 0 4 2 7 11 12 13 15 14
5

0 1 2 7 3 9 4 10 11 12 15 13 0 14 4 1 7 2 10 3 13 11 1 12 2 14 3 15 4 0 10 7 11 13 12 14 15 3 0 4 2 7 11 12 13 15 14
5

1 0 2 7 3 9 6 10 11 13 12 0 14 1 15 6 3 9 7 11 12 13 14 0 15 1 6 3 9 7 11 12 14 3 15 6 0 7 1 12 9 15
14

2 0 3 1 7 5 9 6 10 8 12 13 15 14 3 0 5 1 8 2 9 10 14 12 0 15 1 3 2 5 8 9 10 1 12 3 14 8 15 12 0 15
11

0 2 1 3 6 4 7 5 10 9 12 13 14 15 3 0 4 1 7 2 9 10 12 13 15 14 0 1 2 7 3 12 4 14 10 15 13 1 0 4 2 10 3 12 7 15 14
6

0 2 1 3 7 4 10 6 12 9 14 13 3 15 4 0 7 1 9 2 12 10 15 13 0 14 2 1 3 7 4 12 10 14 13 15 0 1 2 4 3 10 7 12 14 15
6

0 2 1 3 5 4 7 6 10 9 12 13 14 15 3 0 4 1 7 2 9 10 12 13 15 14 0 1 2 7 3 12 4 14 10 15 13 1 0 4 2 10 3 12 7 15 14
6

0 2 1 3 7 4 8 6 10 9 12 13 14 15 3 0 4 1 7 2 9 10 12 13 15 14 0 1 2 7 3 12 4 14 10 15 13 1 0 4 2 10 3 12 7 15 14
6

0 2 1 3 7 4 10 6 11 9 12 13 14 15 3 0 4 1 7 2 9 10 12 13 15 14 0 1 2 7 3 12 4 14 10 15 13 1 0 4 2 10 3 12 7 15 14
6

0 2 1 3 7 4 10 6 12 9 14 13 3 15 4 0 7 1 9 2 12 10 15 13 0 14 2 1 3 7 4 12 9 14 10 15 13 1 0 4 2 10 3 12 7 15 14
6

0 2 1 3 7 4 10 6 12 9 14 13 3 15 4 0 7 1 9 2 12 10 15 13 0 14 2 1 3 7 4 12 10 14 13 15 0 1 2 4 3 10 7 12 13 15 14
6

0 2 1 3 6 4 7 8 10 9 12 13 14 15 3 0 4 1 7 2 9 10 12 13 15 14 0 1 2 7 3 12 4 14 10 15 13 1 0 4 2 10 3 12 7 15 14
6

0 2 1 3 6 4 7 9 10 11 12 13 14 15 3 0 4 1 7 2 9 10 12 13 15 14 0 1 2 7 3 12 4 14 10 15 13 1 0 4 2 10 3 12 7 15 14
6

0 2 1 3 6 4 7 9 10 13 12 15 14 0 3 1 4 2 7 10 9 13 12 14 15 1 0 7 2 9 3 12 4 14 10 15 13 1 0 4 2 10 3 12 7 15 14
6

1 0 2 7 3 9 6 10 11 13 12 0 14 1 15 6 3 9 7 11 12 13 14 0 15 1 6 3 9 7 11 12 14 3 15 6 0 11 1 12 9 15
14

0 3 1 11 2 12 6 14 7 15 8 2 9 8 13 11 0 14 1 0 3 2 6 3 12 6 13 8 15 12 1 0 13 1 14 3 15 13 2 15 12
9

0 3 1 5 2 11 6 12 7 14 8 15 9 2 13 8 0 11 1 14 3 0 6 2 12 3 13 6 15 8 1 12 13 0 14 1 15 3 2 13 12 15
9

0 3 1 9 2 11 6 12 7 14 8 15 10 2 13 8 0 11 1 14 3 0 6 2 12 3 13 6 15 8 1 12 13 0 14 1 15 3 2 13 12 15
9

0 3 1 9 2 11 6 12 7 14 8 15 13 2 0 8 1 11 3 14 6 0 7 2 12 3 13 6 15 8 1 12 13 0 14 1 15 3 2 13 12 15
9

0 3 1 9 2 11 6 12 7 14 8 15 13 2 0 8 1 11 3 14 6 0 12 2 13 3 15 6 1 8 11 12 13 0 14 1 15 3 2 13 12 15
9

0 3 1 9 2 11 6 12 7 14 8 15 13 2 0 8 1 11 3 14 6 0 12 2 13 3 15 6 1 8 13 12 14 0 15 1 2 3 6 13 12 15
9

0 3 1 9 2 11 6 12 7 14 8 15 13 2 0 8 1 11 3 14 6 0 12 2 13 3 15 6 1 8 13 12 14 0 15 1 2 3 8 13 12 15
9

0 3 1 9 2 11 6 12 7 14 8 15 13 2 0 8 1 11 3 14 6 0 12 2 13 3 15 6 1 8 13 12 14 0 15 1 2 3 12 13 14 15
9

0 3 1 11 2 12 4 14 6 15 7 2 8 4 13 8 0 11 1 14 3 0 6 2 12 3 13 6 15 8 1 12 13 0 14 1 15 3 2 13 12 15
5

0 3 1 11 2 12 4 14 6 15 7 2 8 7 13 8 0 11 1 14 3 0 6 2 12 3 13 6 15 8 1 12 13 0 14 1 15 3 2 13 12 15
5

0 3 1 11 2 12 4 14 6 15 7 2 8 8 13 11 0 14 1 0 3 2 6 3 12 6 13 8 15 11 1 12 13 0 14 1 15 3 2 13 12 15
5

0 1 2 3 4 5 7 6 11 10 13 12 14 0 15 1 2 4 3 12 5 13 10 14 15 1 0 2 3 4 10 5 13 12 14 0 15 2 1 4 3 10 5 13 12 15 14
9

0 1 2 3 4 5 6 8 7 10 13 12 14 0 15 1 2 4 3 12 5 13 10 14 15 1 0 2 3 4 10 5 13 12 14 0 15 2 1 4 3 10 5 13 12 15 14
8

0 1 2 3 4 5 7 8 9 10 13 12 14 0 15 1 2 4 3 12 5 13 10 14 15 1 0 2 3 4 10 5 13 12 14 0 15 2 1 4 3 10 5 13 12 15 14
8

1 0 2 3 8 5 10 7 11 9 12 13 15 14 0 12 2 14 3 15 5 0 7 2 8 5 11 7 13 8 3 11 13 12 14 0 15 3 2 12 8 13 11 15
1

1 0 2 3 8 5 10 7 11 9 12 13 15 14 0 12 2 14 3 15 5 0 7 2 8 5 11 7 13 8 3 11 13 12 14 0 15 3 2 12 8 13 11 15 14
1

3 0 4 1 7 2 10 6 13 8 15 11 0 12 2 3 4 8 6 10 7 13 11 0 12 2 15 3 4 6 8 11 12 15 13 0 2 4 3 12 8 13 11 15
7

0 1 2 3 4 6 5 8 9 13 12 0 14 1 15 3 2 12 4 13 6 15 8 3 9 6 14 8 0 9 1 14 2 0 4 2 12 4 13 9 15 12 3 13 8 15
10

0 2 1 3 6 4 7 9 10 13 12 15 14 0 3 1 4 2 7 10 9 13 12 14 15 1 0 7 2 12 3 14 4 15 10 1 13 4 0 10 2 12 3 13 7 15 14
6

0 2 1 7 3 8 5 12 9 13 11 15 14 0 1 5 2 8 3 11 7 13 12 0 14 1 15 5 2 8 3 12 7 0 14 3 15 7 8 14 12 15
11

0 1 5 2 6 3 7 4 8 11 10 13 12 15 14 0 1 5 3 7 4 10 6 12 11 0 13 1 14 3 15 7 4 10 6 13 11 15 12 6 14 7 0 14 3 15 12
5

0 1 5 2 6 3 7 4 9 11 10 13 12 15 14 0 1 5 3 7 4 10 6 12 11 0 13 1 14 3 15 7 4 10 6 13 11 15 12 6 14 7 0 14 3 15 12
5

0 1 5 2 6 3 7 4 10 11 12 13 14 15 1 0 3 5 4 7 6 10 11 12 13 0 14 1 15 3 4 7 6 10 11 13 12 15 14 6 0 7 3 14 4 15 12
5

0 1 5 2 6 3 7 4 10 11 12 13 14 15 1 0 3 2 4 5 6 7 11 10 13 12 14 0 15 1 4 3 6 7 11 10 12 13 14 15 0 6 1 7 3 14 12 15
2

0 1 5 2 6 3 7 4 10 11 12 13 14 15 1 0 3 2 4 5 6 7 11 10 13 12 14 0 15 1 4 3 6 7 11 10 12 13 14 15 0 6 3 7 10 14 12 15
2

0 1 5 2 6 3 7 4 10 11 12 13 14 15 1 0 3 2 4 5 6 7 11 10 13 12 14 0 15 1 4 3 6 7 11 10 12 13 14 15 0 6 3 7 11 14 12 15
2

0 1 5 2 6 3 7 4 10 11 12 13 14 15 1 0 3 2 4 5 6 7 11 10 13 12 14 0 15 1 4 3 6 7 11 10 12 13 14 15 0 6 3 7 12 14 13 15
2

0 1 5 2 6 3 7 4 10 11 12 13 14 15 1 0 2 5 3 7 4 10 6 12 11 0 13 1 14 3 15 7 4 10 6 13 11 15 12 1 14 6 0 7 3 14 12 15
2

0 1 5 2 6 3 7 4 10 11 12 13 14 15 1 0 3 5 4 7 6 10 11 12 13 0 14 1 15 3 4 7 6 10 11 13 12 15 14 1 0 6 3 7 4 14 12 15
5

0 1 5 2 6 3 7 4 8 11 10 13 12 15 14 0 1 5 3 7 4 10 6 12 11 0 13 1 14 3 15 7 4 10 6 13 11 15 12 4 14 6 0 7 3 14 12 15
8

0 1 5 2 6 3 7 4 9 11 10 13 12 15 14 0 1 5 3 7 4 10 6 12 11 0 13 1 14 3 15 7 4 10 6 13 11 15 12 4 14 6 0 7 3 14 12 15
9

0 1 5 2 6 3 7 4 10 11 12 13 14 15 1 0 2 5 3 7 4 10 6 12 11 0 13 1 14 3 15 7 4 10 6 13 11 15 12 4 14 6 0 7 3 14 12 15
2

0 1 5 2 6 3 7 4 10 11 12 13 14 15 1 0 3 5 4 7 6 10 11 12 13 0 14 1 15 3 4 7 5 10 6 13 11 15 12 5 14 6 0 7 3 14 12 15
4

0 1 5 2 6 3 7 4 10 11 12 13 14 15 1 0 2 5 3 7 4 10 6 12 11 0 13 1 14 3 15 7 4 10 6 13 11 15 12 6 14 7 0 10 3 14 12 15
2

0 1 5 2 6 3 7 4 10 11 12 13 14 15 1 0 3 5 4 7 6 10 11 12 13 0 14 1 15 3 4 7 6 10 11 13 12 15 14 6 0 7 3 10 4 14 12 15
5

0 1 3 2 6 4 8 5 11 7 13 12 15 14 0 1 2 6 3 11 4 14 5 15 7 1 12 2 0 3 7 4 12 5 14 6 15 11 1 0 2 7 3 11 4 14 12 15
8

0 1 5 2 6 3 7 4 10 11 12 13 14 15 1 0 2 5 3 7 4 10 6 12 11 0 13 1 14 3 15 7 4 10 6 13 11 15 12 6 14 7 0 11 3 14 12 15
2

0 1 5 2 6 3 7 4 10 11 12 13 14 15 1 0 3 5 4 7 6 10 11 12 13 0 14 1 15 3 4 7 6 10 11 13 12 15 14 6 0 7 3 11 4 14 12 15
5

0 2 1 5 3 6 4 7 9 12 14 13 1 15 2 0 4 3 6 15 7 0 12 1 13 2 14 4 3 6 12 7 14 13 15 3 0 12 1 14 13 15
5

0 2 1 5 3 6 4 7 11 12 14 13 1 15 2 0 4 3 6 15 7 0 12 1 13 2 14 4 3 6 12 7 14 13 15 3 0 12 1 14 13 15
5

0 2 1 6 3 7 4 9 5 12 14 13 1 15 2 0 4 3 6 15 7 0 12 1 13 2 14 4 3 6 12 7 14 13 15 3 0 12 1 14 13 15
5

0 2 1 6 3 7 4 9 10 12 14 13 1 15 2 0 4 3 6 15 7 0 12 1 13 2 14 4 3 6 12 7 14 13 15 3 0 12 1 14 13 15
10

0 2 1 6 3 7 4 10 9 12 14 13 1 15 2 0 4 3 6 15 7 0 12 1 13 2 14 4 3 6 12 7 14 13 15 3 0 12 1 14 13 15
10

0 2 1 6 3 7 4 10 11 12 14 13 1 15 2 0 4 3 6 15 7 0 12 1 13 2 14 4 3 6 12 7 14 13 15 3 0 12 1 14 13 15
10

0 2 1 6 3 7 4 11 5 12 14 13 1 15 2 0 4 3 6 15 7 0 12 1 13 2 14 4 3 6 12 7 14 13 15 3 0 12 1 14 13 15
5

0 2 1 6 3 7 4 11 10 12 14 13 1 15 2 0 4 3 6 15 7 0 12 1 13 2 14 4 3 6 12 7 14 13 15 3 0 12 1 14 13 15
10

1 0 2 3 8 5 10 7 11 9 12 13 15 14 0 12 2 14 3 15 5 0 7 2 8 5 11 7 13 8 3 11 13 12 14 0 15 3 2 12 8 14 11 15
1

1 0 2 3 8 5 10 7 11 9 12 13 15 14 0 12 2 14 3 15 5 0 7 2 8 5 11 7 13 8 3 11 13 12 14 0 15 3 2 12 8 14 11 15 13
1

0 1 6 2 7 3 10 4 12 9 13 11 0 14 1 15 3 9 4 11 7 12 10 13 14 0 15 1 7 3 10 4 11 9 12 14 13 0 15 7 1 10 3 12 4 14 9 15
2

0 1 7 2 8 3 10 4 12 9 13 11 0 14 1 15 3 9 4 11 7 12 10 13 14 0 15 1 7 3 10 4 11 9 12 14 13 0 15 7 1 10 3 12 4 14 9 15
2

0 1 7 2 10 3 12 4 13 9 0 11 1 14 3 15 4 9 7 11 10 12 14 13 15 0 7 1 10 3 11 4 12 9 13 14 15 0 1 7 3 10 4 12 9 14 11 15
2

0 1 7 2 10 3 12 4 13 9 0 11 1 14 3 15 4 9 7 11 10 12 14 13 15 0 7 1 10 3 11 4 12 9 13 14 15 0 1 7 3 10 4 12 9 14 13 15
2

0 1 6 3 7 4 10 5 12 9 13 11 0 14 1 15 3 9 4 11 7 12 10 13 14 0 15 1 7 3 10 4 11 9 12 14 13 0 15 7 1 10 3 12 4 14 9 15
5

0 1 7 3 8 4 10 5 12 9 13 11 0 14 1 15 3 9 4 11 7 12 10 13 14 0 15 1 7 3 10 4 11 9 12 14 13 0 15 7 1 10 3 12 4 14 9 15
5

0 1 7 3 10 4 12 5 13 9 0 11 1 14 3 15 4 9 7 11 10 12 14 13 15 0 7 1 10 3 11 4 12 9 13 14 15 0 1 7 3 10 4 12 9 14 11 15
5

0 1 7 3 10 4 12 5 13 9 0 11 1 14 3 15 4 9 7 11 10 12 14 13 15 0 7 1 10 3 11 4 12 9 13 14 15 0 1 7 3 10 4 12 9 14 13 15
5

0 1 2 3 7 4 10 6 12 9 13 11 0 14 1 15 3 9 4 11 7 12 10 13 14 0 15 1 7 3 10 4 11 9 12 14 13 0 15 7 1 10 3 12 4 14 9 15
2

0 1 5 3 7 4 10 6 12 9 13 11 0 14 1 15 3 9 4 11 7 12 10 13 14 0 15 1 7 3 10 4 11 9 12 14 13 0 15 7 1 10 3 12 4 14 9 15
5

0 1 2 3 7 4 10 8 12 9 13 11 0 14 1 15 3 9 4 11 7 12 10 13 14 0 15 1 7 3 10 4 11 9 12 14 13 0 15 7 1 10 3 12 4 14 9 15
2

0 1 5 3 7 4 10 8 12 9 13 11 0 14 1 15 3 9 4 11 7 12 10 13 14 0 15 1 7 3 10 4 11 9 12 14 13 0 15 7 1 10 3 12 4 14 9 15
5

0 1 2 3 7 4 10 9 12 11 13 14 0 15 1 9 3 11 4 12 7 13 10 0 14 1 15 3 7 4 10 9 11 14 12 0 13 7 15 10 1 11 3 12 4 14 9 15
2

0 1 5 3 7 4 10 9 12 11 13 14 0 15 1 9 3 11 4 12 7 13 10 0 14 1 15 3 7 4 10 9 11 14 12 0 13 7 15 10 1 11 3 12 4 14 9 15
5

0 3 1 11 2 12 4 14 6 15 7 2 8 8 13 11 0 14 1 0 3 2 6 3 12 6 13 8 15 12 1 0 13 1 14 3 15 13 2 14 12 15
5

0 1 5 2 6 3 7 4 10 11 12 13 14 15 1 0 2 5 3 7 4 10 6 12 11 0 13 1 14 3 15 7 4 10 6 13 11 15 12 6 14 7 0 13 3 14 12 15
2

0 1 5 2 6 3 7 4 10 11 12 13 14 15 1 0 3 5 4 7 6 10 11 12 13 0 14 1 15 3 4 7 6 10 11 13 12 15 14 6 0 7 3 13 4 14 12 15
5

0 2 1 3 4 5 9 6 10 8 11 12 15 14 1 0 4 2 5 3 8 9 10 12 14 15 0 1 3 2 15 4 0 5 2 10 4 12 12 14 15 3
8

0 2 1 3 4 5 9 6 10 8 11 12 15 14 1 0 4 2 5 3 10 9 14 12 0 15 3 1 15 2 0 4 2 5 4 10 5 12 12 14 15 3
10

0 2 1 3 4 5 9 6 10 8 11 12 15 14 1 0 4 2 5 3 10 9 14 12 0 15 3 1 15 2 0 4 2 5 4 10 10 12 12 14 15 3
5

0 2 1 3 4 5 6 8 9 12 10 14 11 0 15 2 1 3 4 8 5 9 10 12 14 15 0 1 3 2 15 4 0 5 2 10 4 12 12 14 15 3
8

1 0 3 2 4 5 9 6 10 7 12 8 13 11 14 15 6 0 10 1 11 3 15 4 3 7 4 12 7 13 13 14 14 0 15 1 0 6 4 11 11 12 12 1 15 3
8

1 0 3 2 4 5 10 6 12 7 13 8 14 11 2 15 6 0 10 1 11 3 15 4 3 7 4 12 7 13 13 14 14 0 15 1 0 6 4 11 11 12 12 1 15 3
8

1 0 3 2 4 5 10 6 12 7 13 8 14 11 5 15 6 0 10 1 11 3 15 4 3 7 4 12 7 13 13 14 14 0 15 1 0 6 4 11 11 12 12 1 15 3
8

1 0 3 2 4 5 10 6 12 7 13 8 14 11 6 15 10 0 11 1 15 3 3 4 4 7 7 12 15 13 13 14 14 0 0 1 4 6 6 11 11 12 12 1 15 3
8

1 0 3 2 4 5 10 6 12 7 13 8 14 11 6 15 10 0 11 1 15 3 3 4 4 7 7 12 15 13 13 14 14 0 0 1 4 6 7 11 11 12 12 1 15 3
8

1 0 3 2 4 5 8 6 10 7 12 9 13 11 14 15 6 0 10 1 11 3 15 4 3 7 4 12 7 13 13 14 14 0 15 1 0 6 4 11 11 12 12 1 15 3
8

1 0 3 2 4 5 10 6 12 7 13 9 14 11 6 15 10 0 11 1 15 3 3 4 4 7 7 12 10 13 13 14 14 0 15 1 0 6 4 11 11 12 12 1 15 3
10

1 0 3 2 4 5 10 6 12 7 13 9 14 11 6 15 10 0 11 1 15 3 3 4 4 7 7 12 15 13 13 14 14 0 0 1 4 6 13 11 11 12 12 1 15 3
14

1 0 3 2 4 5 10 6 12 7 13 9 14 11 6 15 10 0 11 1 15 3 3 4 4 7 7 12 15 13 13 14 14 0 0 1 4 6 14 11 11 12 12 1 15 3
13

1 0 3 2 4 5 8 6 10 7 12 11 13 15 14 0 6 1 10 3 11 4 15 5 3 7 4 12 7 13 13 14 14 0 15 1 0 6 4 11 11 12 12 1 15 3
8

1 0 3 2 4 5 10 6 12 7 13 11 14 15 6 0 10 1 11 3 15 4 3 5 4 7 7 12 10 13 13 14 14 0 15 1 0 6 4 11 11 12 12 1 15 3
10

1 0 3 2 4 5 10 6 12 7 13 11 14 15 6 0 10 1 11 3 15 4 3 5 4 7 7 12 15 13 13 14 14 0 0 1 4 6 13 11 11 12 12 1 15 3
14

1 0 3 2 4 5 10 6 12 7 13 11 14 15 6 0 10 1 11 3 15 4 3 5 4 7 7 12 15 13 13 14 14 0 0 1 4 6 14 11 11 12 12 1 15 3
13

1 0 3 2 4 5 9 6 10 7 12 11 13 15 14 0 6 1 10 3 11 4 15 7 3 9 4 12 7 13 13 14 14 0 15 1 0 6 4 11 11 12 12 1 15 3
9

1 0 3 2 4 5 8 6 10 7 12 11 13 15 14 0 6 1 10 3 11 4 15 7 3 12 4 13 7 14 13 0 14 1 15 6 0 10 4 11 11 12 12 1 15 3
8

1 0 3 2 4 5 10 6 12 7 13 11 14 15 6 0 10 1 11 3 15 4 3 7 4 12 7 13 13 14 14 0 15 1 0 6 4 10 13 11 11 12 12 1 15 3
14

1 0 3 2 4 5 10 6 12 7 13 11 14 15 6 0 10 1 11 3 15 4 3 7 4 12 7 13 13 14 14 0 15 1 0 6 4 10 14 11 11 12 12 1 15 3
13

0 1 2 5 3 7 6 8 9 12 10 0 11 2 15 3 1 5 8 7 15 9 0 10 1 11 3 12 5 2 9 7 10 8 12 11 2 15 7 0 9 1 12 3 15
6

0 1 2 4 3 5 9 7 10 8 11 12 14 0 15 2 1 3 8 5 15 7 0 9 1 10 3 11 5 12 9 2 10 7 12 8 2 11 7 15 9 0 12 1 15 3
6

0 1 2 5 3 6 4 7 9 8 10 12 11 0 15 2 1 3 8 5 15 7 0 9 1 10 3 11 5 12 9 2 10 7 12 8 2 11 7 15 9 0 12 1 15 3
6

0 1 2 5 3 6 9 7 10 8 11 12 13 0 15 2 1 3 8 5 15 7 0 9 1 10 3 11 5 12 9 2 10 7 12 8 2 11 7 15 9 0 12 1 15 3
6

0 1 2 5 3 6 9 7 10 8 11 12 14 0 15 2 1 3 8 5 15 7 0 9 1 10 3 11 5 12 9 2 10 7 12 8 2 11 7 15 9 0 12 1 15 3
6

0 1 2 5 3 6 9 7 10 8 11 12 15 0 1 2 8 3 15 5 0 7 1 9 3 10 5 11 9 12 10 2 12 7 2 8 5 11 7 15 9 0 12 1 15 3
6

0 1 2 5 3 6 9 7 10 8 11 12 15 0 1 2 8 3 15 5 0 7 1 9 3 10 5 11 9 12 10 2 12 7 2 8 7 11 8 15 9 0 12 1 15 3
6

0 1 2 5 3 6 9 7 10 8 11 12 15 0 1 2 8 3 15 5 0 7 1 9 3 10 5 11 9 12 10 2 12 7 2 8 7 11 9 15 10 0 12 1 15 3
6

0 1 2 5 3 6 9 7 10 8 11 12 15 0 1 2 8 3 15 5 0 7 1 9 3 10 5 11 9 12 10 2 12 7 2 8 7 11 9 15 11 0 12 1 15 3
6

0 1 2 5 3 7 6 8 9 12 10 14 11 0 15 2 1 3 8 5 15 7 0 9 1 10 3 11 5 12 9 2 10 7 12 8 2 11 7 15 9 0 12 1 15 3
6

0 2 3 6 5 8 7 10 9 11 12 13 14 0 15 2 5 3 7 9 10 12 15 13 0 14 2 7 3 10 5 12 9 15 13 0 14 3 12 5 15
6

0 2 3 6 5 8 7 10 9 11 12 13 14 0 15 2 5 3 7 9 10 12 15 13 0 14 2 7 3 10 5 12 13 15 14 0 12 3 13 5 15
6

0 2 3 6 5 8 7 10 9 11 12 13 14 0 15 2 5 3 7 9 10 12 15 13 0 14 2 7 3 10 5 12 13 15 14 0 12 3 14 5 15
6

0 1 3 2 5 6 7 8 9 10 12 11 14 13 15 0 5 2 7 3 10 9 11 12 15 13 0 14 2 7 3 10 5 12 13 15 14 0 12 3 15 5
11

0 1 3 2 5 6 7 8 9 10 12 11 14 13 15 0 5 2 7 3 10 9 15 12 0 13 2 14 3 7 5 10 9 12 13 15 14 0 12 3 15 5
6

0 1 3 2 5 6 7 8 9 10 12 11 14 13 15 0 5 2 7 3 10 9 15 12 0 13 2 14 3 7 5 10 13 12 14 15 12 0 13 3 15 5
14

0 1 3 2 5 6 7 8 9 10 12 11 14 13 15 0 5 2 7 3 10 9 15 12 0 13 2 14 3 7 5 10 13 12 14 15 12 0 14 3 15 5
13

0 2 3 4 5 6 7 8 9 10 12 11 14 13 15 0 5 2 7 3 10 9 15 12 0 13 2 14 3 7 5 10 9 12 13 15 14 0 12 3 15 5
6

0 2 3 6 5 8 7 10 9 11 12 13 14 0 15 2 5 3 7 8 10 9 15 12 0 13 2 14 3 7 5 10 9 12 13 15 14 0 12 3 15 5
6

0 2 1 6 3 8 5 10 7 11 9 13 12 0 14 2 15 3 5 9 7 11 10 12 15 13 0 14 2 7 3 10 5 12 13 15 14 0 12 3 15 5
11

0 2 3 6 5 8 7 10 9 11 12 13 14 0 15 2 5 3 7 9 10 12 11 13 15 14 0 7 2 9 3 10 5 12 13 15 14 0 12 3 15 5
11

0 2 3 6 5 8 7 10 9 11 12 13 14 0 15 2 5 3 7 9 10 12 15 13 0 14 2 7 3 10 5 12 9 15 13 0 14 2 12 3 15 5
6

1 0 3 2 4 5 8 6 10 7 12 11 13 15 14 0 6 1 10 3 11 4 15 7 3 12 4 13 7 14 13 0 14 1 15 6 0 11 4 12 11 1 12 3 15 6
8

1 0 3 2 4 5 10 6 12 7 13 11 14 15 6 0 10 1 11 3 15 4 3 7 4 12 7 13 10 14 13 0 14 1 15 6 0 11 4 12 11 1 12 3 15 6
10

1 0 3 2 4 5 10 6 12 7 13 11 14 15 6 0 10 1 11 3 15 4 3 7 4 12 7 13 13 14 14 0 15 1 0 6 4 11 11 12 12 1 13 3 15 6
14

1 0 3 2 4 5 10 6 12 7 13 11 14 15 6 0 10 1 11 3 15 4 3 7 4 12 7 13 13 14 14 0 15 1 0 6 4 11 11 12 12 1 14 3 15 6
13

1 0 3 2 4 5 8 6 10 7 12 11 13 15 14 0 6 1 10 3 11 4 15 7 3 12 4 13 7 14 13 0 14 1 15 6 0 11 4 12 11 1 12 3 15 7
8

1 0 3 2 4 5 10 6 12 7 13 11 14 15 6 0 10 1 11 3 15 4 3 7 4 12 7 13 10 14 13 0 14 1 15 6 0 11 4 12 11 1 12 3 15 7
10

1 0 3 2 4 5 10 6 12 7 13 11 14 15 6 0 10 1 11 3 15 4 3 7 4 12 7 13 13 14 14 0 15 1 0 6 4 11 11 12 12 1 13 3 15 7
14

1 0 3 2 4 5 10 6 12 7 13 11 14 15 6 0 10 1 11 3 15 4 3 7 4 12 7 13 13 14 14 0 15 1 0 6 4 11 11 12 12 1 14 3 15 7
13

0 2 3 6 5 8 7 10 9 11 12 13 14 0 15 2 5 3 7 9 10 12 15 13 0 14 2 7 3 10 5 12 9 15 13 0 14 3 12 5 15 7
6

0 3 1 5 2 9 6 10 8 12 11 13 14 1 15 2 0 8 3 9 5 12 6 14 10 15 13 3 0 6 1 10 2 12 8 14 9 15 13 0 3 1 9 6 12 8 15
5

0 2 3 6 5 8 7 10 9 11 12 13 14 0 15 2 5 3 7 9 10 12 15 13 0 14 2 7 3 10 5 12 9 15 13 0 14 3 12 5 15 9
6

1 0 3 2 7 4 8 5 9 6 10 11 12 14 13 2 15 3 0 7 1 9 4 10 5 12 6 15 14 0 1 2 3 4 12 6 14 9 15 10 0 1 2 3 12 10 15
11

1 0 3 2 7 4 9 5 10 6 12 11 13 14 15 2 0 3 1 7 4 9 5 10 6 12 14 15 1 0 3 2 5 4 12 6 14 9 15 10 0 1 2 3 12 10 15
11

1 0 3 2 7 4 9 5 10 6 12 11 13 14 15 2 0 3 1 7 4 9 5 10 6 12 14 15 1 0 3 2 7 4 12 6 14 9 15 10 0 1 2 3 12 10 15
11

1 0 3 2 7 4 9 5 10 6 12 11 13 14 15 2 0 3 1 7 4 9 5 10 6 12 14 15 1 0 3 2 12 4 14 6 15 9 0 10 2 1 4 3 12 10 15
11

1 0 3 2 7 4 9 5 10 6 12 11 13 14 15 2 0 3 1 7 4 9 5 10 6 12 14 15 1 0 3 2 12 4 14 6 15 9 0 10 2 1 6 3 12 10 15
11

1 0 3 2 7 4 9 5 10 6 12 11 13 14 15 2 0 3 1 7 4 9 5 10 6 12 14 15 1 0 3 2 12 4 14 6 15 9 0 10 2 1 9 3 12 10 15
11

1 0 3 2 7 4 9 5 10 6 12 11 13 14 15 2 0 3 1 7 4 9 5 10 6 12 14 15 1 0 3 2 12 4 14 6 15 9 0 10 2 1 12 3 14 10 15
11

1 0 3 2 7 4 9 5 10 6 12 11 13 14 15 2 0 3 1 9 4 10 5 11 6 12 14 15 1 0 3 2 5 4 12 6 14 9 15 10 0 1 2 3 12 10 15
7

1 0 3 2 7 4 9 5 10 6 12 11 13 14 15 2 0 3 1 9 4 10 5 11 6 12 14 15 1 0 3 2 11 4 12 6 14 9 15 10 0 1 2 3 12 10 15
7

1 0 3 2 7 4 9 5 10 6 12 11 13 14 15 2 0 3 1 9 4 10 5 11 6 12 14 15 1 0 3 2 12 4 14 6 15 9 0 10 2 1 4 3 12 10 15
7

1 0 3 2 7 4 9 5 10 6 12 11 13 14 15 2 0 3 1 9 4 10 5 11 6 12 14 15 1 0 3 2 12 4 14 6 15 9 0 10 2 1 6 3 12 10 15
7

1 0 3 2 7 4 9 5 10 6 12 11 13 14 15 2 0 3 1 9 4 10 5 11 6 12 14 15 1 0 3 2 12 4 14 6 15 9 0 10 2 1 9 3 12 10 15
7

1 0 3 2 7 4 9 5 10 6 12 11 13 14 15 2 0 3 1 9 4 10 5 11 6 12 14 15 1 0 3 2 12 4 14 6 15 9 0 10 2 1 12 3 14 10 15
7

0 2 3 6 5 8 7 10 9 11 12 13 14 0 15 2 5 3 7 9 10 12 15 13 0 14 2 7 3 10 5 12 9 15 13 0 14 3 12 5 15 10
6

0 2 1 8 3 9 5 11 7 15 10 0 12 1 13 3 14 5 2 13 7 14 8 0 9 1 11 2 12 7 15 11 3 12 5 14 8 15 0 3 12 11 15
13

0 2 1 8 3 9 5 11 7 15 10 0 12 1 13 3 14 5 2 13 7 14 8 0 11 1 12 2 15 7 3 11 5 12 8 14 13 15 0 3 12 11 15
9

0 2 1 4 3 8 5 9 6 11 7 15 10 0 12 1 13 3 14 5 2 13 7 14 8 0 11 1 12 2 15 7 3 11 5 12 8 14 0 15 12 3 15 11
4

0 2 1 4 3 8 5 9 7 11 10 15 12 0 13 1 14 3 2 5 7 13 8 14 11 0 12 1 15 2 3 7 5 11 8 12 0 14 2 15 12 3 15 11
4

0 2 1 4 3 8 5 9 7 11 10 15 12 0 13 1 14 3 2 5 7 13 8 14 11 0 12 1 15 2 3 7 5 11 8 12 0 14 5 15 12 3 15 11
4

0 2 1 4 3 8 5 9 7 11 10 15 12 0 13 1 14 3 2 5 7 13 8 14 11 0 12 1 15 2 3 7 5 11 8 12 0 14 7 15 12 3 15 11
4

0 2 1 4 3 8 5 9 7 11 10 15 12 0 13 1 14 3 2 5 7 13 8 14 11 0 12 1 15 2 3 7 5 11 8 12 0 14 8 15 12 3 15 11
4

0 2 1 4 3 8 5 9 7 11 10 15 12 0 13 1 14 3 2 5 7 13 8 14 11 0 12 1 15 2 3 7 5 11 8 12 0 14 12 15 14 3 15 11
4

0 2 1 6 3 8 4 9 5 11 7 15 10 0 12 1 13 3 14 5 2 13 7 14 8 0 11 1 12 2 15 7 3 11 5 12 8 14 0 15 12 3 15 11
4

0 2 1 6 3 8 5 9 7 11 10 15 12 0 13 1 14 3 2 5 7 13 8 14 10 0 11 1 12 2 15 7 3 11 5 12 8 14 0 15 12 3 15 11
9

0 2 1 6 3 8 5 9 7 11 10 15 12 0 13 1 14 3 2 5 7 13 8 14 11 0 12 1 15 2 3 7 5 11 8 12 0 14 1 15 12 3 15 11
9

0 2 1 8 3 9 5 11 6 15 7 0 10 1 12 3 13 5 14 6 2 13 7 14 8 0 11 1 12 2 15 7 3 11 5 12 8 14 0 15 12 3 15 11
4

0 2 1 8 3 9 5 11 6 15 7 0 10 1 12 3 13 5 14 10 2 13 7 14 8 0 11 1 12 2 15 7 3 11 5 12 8 14 0 15 12 3 15 11
4

0 2 1 8 3 9 5 11 7 15 10 0 12 1 13 3 14 5 2 10 7 13 8 14 11 0 12 1 15 2 3 7 5 11 8 12 0 14 1 15 12 3 15 11
9

0 2 1 8 3 9 5 11 7 15 10 0 12 1 13 3 14 5 2 13 7 14 8 0 10 1 11 2 12 7 15 10 3 11 5 12 8 14 0 15 12 3 15 11
9

0 2 1 8 3 9 5 11 6 15 7 0 10 1 12 3 13 5 14 13 2 14 7 0 8 1 11 2 12 7 15 11 3 12 5 14 8 15 0 1 12 3 15 11
4

0 2 1 8 3 9 5 11 7 15 10 0 12 1 13 3 14 5 2 13 7 14 8 0 10 1 11 2 12 7 15 11 3 12 5 14 8 15 0 1 12 3 15 11
9

0 2 1 8 3 9 5 11 6 15 7 0 10 1 12 3 13 5 14 13 2 14 7 0 8 1 11 2 12 7 15 11 3 12 5 14 8 15 0 2 12 3 15 11
4

0 2 1 8 3 9 5 11 7 15 10 0 12 1 13 3 14 5 2 13 7 14 8 0 10 1 11 2 12 7 15 11 3 12 5 14 8 15 0 2 12 3 15 11
9

0 2 1 8 3 9 5 11 7 15 10 0 12 1 13 3 14 5 2 13 7 14 8 0 11 1 12 2 15 7 3 11 5 12 8 14 0 15 1 2 12 3 15 11
9

0 2 1 8 3 9 5 11 6 15 7 0 10 1 12 3 13 5 14 13 2 14 7 0 8 1 11 2 12 7 15 11 3 12 5 14 8 15 0 3 12 5 15 11
4

0 2 1 8 3 9 5 11 7 15 10 0 12 1 13 3 14 5 2 13 7 14 8 0 10 1 11 2 12 7 15 11 3 12 5 14 8 15 0 3 12 5 15 11
9

0 2 1 8 3 9 5 11 7 15 10 0 12 1 13 3 14 5 2 13 7 14 8 0 11 1 12 2 15 7 3 11 5 12 8 14 0 15 1 3 12 5 15 11
9

0 2 1 8 3 9 5 11 6 15 7 0 10 1 12 3 13 5 14 13 2 14 7 0 8 1 11 2 12 7 15 11 3 12 5 14 8 15 0 3 12 7 15 11
4

0 2 1 8 3 9 5 11 7 15 10 0 12 1 13 3 14 5 2 13 7 14 8 0 10 1 11 2 12 7 15 11 3 12 5 14 8 15 0 3 12 7 15 11
9

0 2 1 8 3 9 5 11 7 15 10 0 12 1 13 3 14 5 2 13 7 14 8 0 11 1 12 2 15 7 3 11 5 12 8 14 0 15 1 3 12 7 15 11
9

0 2 1 8 3 9 5 11 6 15 7 0 10 1 12 3 13 5 14 13 2 14 7 0 8 1 11 2 12 7 15 11 3 12 5 14 8 15 0 3 12 8 15 11
4

0 2 1 8 3 9 5 11 7 15 10 0 12 1 13 3 14 5 2 13 7 14 8 0 10 1 11 2 12 7 15 11 3 12 5 14 8 15 0 3 12 8 15 11
9

0 2 1 8 3 9 5 11 7 15 10 0 12 1 13 3 14 5 2 13 7 14 8 0 11 1 12 2 15 7 3 11 5 12 8 14 0 15 1 3 12 8 15 11
9

1 0 2 3 7 10 8 13 9 14 11 0 12 1 15 2 3 7 8 11 9 14 10 15 12 3 13 8 0 9 1 11 2 12 7 14 10 15 3 0 9 8 12 10 14 11 15
13

0 2 1 4 3 5 7 6 8 11 10 15 12 1 13 2 14 3 0 7 4 10 6 13 11 14 12 15 3 0 4 1 6 2 12 7 13 10 0 11 2 14 4 15 7 3 15 12
8

1 0 3 4 7 6 8 9 10 11 14 12 15 13 0 1 3 4 6 7 9 8 13 11 14 12 15 0 1 4 3 6 7 9 8 11 12 13 0 14 4 15 8 3 9 12 15
11

1 0 3 4 7 6 8 9 14 11 15 12 0 13 3 1 6 4 9 7 13 8 14 11 15 12 1 0 3 4 7 6 8 9 12 11 0 13 1 14 4 15 8 3 9 12 15
11

1 0 3 4 7 6 8 9 14 11 15 12 0 13 3 1 6 4 9 7 13 8 14 11 15 12 1 0 3 4 7 6 8 9 12 11 0 13 4 14 6 15 8 3 9 12 15
11

1 0 3 4 7 6 8 9 14 11 15 12 0 13 3 1 6 4 9 7 13 8 14 11 15 12 1 0 3 4 7 6 8 9 12 11 0 13 4 14 7 15 8 3 9 12 15
11

1 0 3 4 7 6 8 9 14 11 15 12 0 13 3 1 6 4 9 7 13 8 14 11 15 12 1 0 3 4 7 6 8 9 12 11 0 13 4 14 8 15 9 3 13 12 15
11

1 0 3 4 7 6 8 9 14 11 15 12 0 13 3 1 6 4 9 7 13 8 14 11 15 12 1 0 3 4 7 6 8 9 12 11 0 13 4 14 8 15 9 3 14 12 15
11

1 0 3 4 5 6 7 9 8 11 14 12 15 13 0 1 3 4 6 5 9 7 13 8 14 11 15 12 1 0 3 4 7 6 8 9 12 11 0 13 4 14 8 15 9 3 15 12
5

0 2 1 4 3 5 6 7 10 8 12 9 13 11 14 15 2 0 6 3 10 5 11 8 12 9 13 3 15 6 0 9 2 10 5 11 8 13 12 15 3 0 9 8 11 12 15
14

0 2 1 5 3 7 4 8 6 9 10 11 12 14 13 15 2 0 6 3 10 5 11 8 12 9 13 3 15 6 0 9 2 10 5 11 8 13 12 15 3 0 9 8 11 12 15
14

0 2 1 5 3 7 6 8 10 9 12 11 13 14 2 15 6 0 10 3 11 5 12 8 13 9 15 3 0 6 2 9 5 10 8 11 12 13 2 15 3 0 9 8 11 12 15
14

0 2 1 5 3 7 6 8 10 9 12 11 13 14 2 15 6 0 10 3 11 5 12 8 13 9 15 3 0 6 2 9 5 10 8 11 12 13 3 15 5 0 9 8 11 12 15
14

0 2 1 5 3 7 6 8 10 9 12 11 13 14 2 15 6 0 10 3 11 5 12 8 13 9 15 3 0 6 2 9 5 10 8 11 12 13 3 15 6 0 9 8 11 12 15
14

0 2 1 5 3 7 6 8 10 9 12 11 13 14 2 15 6 0 10 3 11 5 12 8 13 9 15 3 0 6 2 9 5 10 8 11 12 13 3 15 9 0 10 8 11 12 15
14

0 2 1 5 3 7 6 8 10 9 12 11 13 14 2 15 6 0 10 3 11 5 12 8 13 9 15 3 0 6 2 9 5 10 8 11 12 13 3 15 9 0 11 8 13 12 15
14

0 2 1 5 3 7 6 8 10 9 12 11 13 15 14 0 2 1 6 3 10 5 11 8 12 9 13 3 15 6 0 9 2 10 5 11 8 13 12 15 3 0 9 8 11 12 15
14

0 2 1 5 3 7 4 8 6 9 10 11 12 15 13 0 2 3 6 5 10 7 11 8 12 9 13 3 15 6 0 9 2 10 5 11 8 13 12 15 3 0 9 8 11 12 15
7

0 2 1 5 3 7 6 8 10 9 12 11 13 15 2 0 6 3 10 5 11 7 12 8 13 9 15 3 0 6 2 9 5 10 8 11 12 13 2 15 3 0 9 8 11 12 15
7

0 2 1 5 3 7 6 8 10 9 12 11 13 15 2 0 6 3 10 5 11 7 12 8 13 9 15 3 0 6 2 9 5 10 8 11 12 13 3 15 5 0 9 8 11 12 15
7

0 2 1 5 3 7 6 8 10 9 12 11 13 15 2 0 6 3 10 5 11 7 12 8 13 9 15 3 0 6 2 9 5 10 8 11 12 13 3 15 6 0 9 8 11 12 15
7

0 2 1 5 3 7 6 8 10 9 12 11 13 15 2 0 6 3 10 5 11 7 12 8 13 9 15 3 0 6 2 9 5 10 8 11 12 13 3 15 9 0 10 8 11 12 15
7

0 2 1 5 3 7 6 8 10 9 12 11 13 15 2 0 6 3 10 5 11 7 12 8 13 9 15 3 0 6 2 9 5 10 8 11 12 13 3 15 9 0 11 8 13 12 15
7

0 2 1 5 3 7 6 8 10 9 12 11 13 15 2 0 6 3 10 5 11 8 12 9 13 3 15 6 0 9 2 10 5 11 8 13 12 15 3 0 9 2 11 8 15 12
1

0 2 1 5 3 7 6 8 10 9 12 11 13 15 14 0 2 3 6 5 10 8 11 9 12 3 13 6 15 9 0 10 2 11 5 13 8 15 12 0 3 2 9 8 11 12 15
14

0 2 1 5 3 7 6 8 10 9 12 11 13 15 2 0 6 3 7 5 10 8 11 9 12 3 13 6 15 9 0 10 2 11 5 13 8 15 12 0 3 2 9 8 11 12 15
7

0 2 1 5 3 7 6 8 10 9 12 11 13 15 2 0 6 3 10 5 11 8 12 9 13 3 15 6 0 9 2 10 5 11 8 13 12 15 3 0 9 5 11 8 15 12
1

0 2 1 5 3 7 6 8 10 9 12 11 13 15 14 0 2 3 6 5 10 8 11 9 12 3 13 6 15 9 0 10 2 11 5 13 8 15 12 0 3 5 9 8 11 12 15
14

0 2 1 5 3 7 6 8 10 9 12 11 13 15 2 0 6 3 7 5 10 8 11 9 12 3 13 6 15 9 0 10 2 11 5 13 8 15 12 0 3 5 9 8 11 12 15
7

0 2 1 5 3 7 6 8 10 9 12 11 13 15 2 0 6 3 10 5 11 8 12 9 13 3 15 6 0 9 2 10 5 11 8 13 12 15 3 0 9 6 11 8 15 12
1

0 2 1 5 3 7 6 8 10 9 12 11 13 15 14 0 2 3 6 5 10 8 11 9 12 3 13 6 15 9 0 10 2 11 5 13 8 15 12 0 3 6 9 8 11 12 15
14

0 2 1 5 3 7 6 8 10 9 12 11 13 15 2 0 6 3 7 5 10 8 11 9 12 3 13 6 15 9 0 10 2 11 5 13 8 15 12 0 3 6 9 8 11 12 15
7

0 1 2 3 6 4 7 9 8 13 11 15 12 0 2 3 6 4 7 11 8 15 12 3 13 4 0 6 2 12 7 13 8 15 11 0 3 2 4 7 11 8 15 12
1

0 1 2 3 6 4 7 9 8 13 10 15 11 0 12 3 2 4 6 11 7 15 8 3 12 4 13 6 0 12 2 13 7 15 8 0 11 2 3 7 4 8 11 12 15
5

0 3 2 4 6 9 7 13 8 14 11 15 12 0 2 3 6 4 7 11 8 15 12 3 13 4 14 6 0 12 2 13 7 15 8 0 11 2 3 7 4 8 11 12 15
14

0 1 2 6 3 8 4 9 5 10 7 13 12 14 0 15 1 3 2 5 4 6 10 7 13 12 14 15 3 0 5 1 12 10 0 13 1 14 3 15 5 10 15 12
2

0 1 2 6 3 8 4 9 5 10 7 13 12 14 0 15 1 3 2 5 4 6 9 7 10 12 13 15 14 0 3 1 5 10 12 13 0 14 1 15 3 10 5 12 15
11

0 1 2 6 3 8 4 10 5 11 7 13 12 14 0 15 1 3 2 5 4 6 10 7 13 12 14 15 3 0 5 1 12 10 0 13 1 14 3 15 5 10 15 12
2

0 1 2 6 3 8 4 10 5 11 7 13 12 14 0 15 1 3 2 5 4 6 10 7 11 12 13 15 14 0 3 1 5 10 12 13 0 14 1 15 3 10 5 12 15
9

0 1 2 6 3 8 4 10 5 13 7 14 9 15 12 3 0 5 1 6 2 7 4 8 10 12 13 15 14 0 3 1 5 10 12 13 0 14 1 15 3 10 5 12 15
9

0 1 2 6 3 8 4 10 5 13 7 14 11 15 12 3 0 5 1 6 2 7 4 8 10 12 13 15 14 0 3 1 5 10 12 13 0 14 1 15 3 10 5 12 15
11

0 1 2 6 3 8 4 10 5 13 7 14 12 15 0 3 1 5 2 6 4 7 8 12 10 15 13 0 14 1 3 2 5 10 12 13 0 14 1 15 3 10 5 12 15
6

0 1 2 6 3 8 4 10 5 13 7 14 12 15 0 3 1 5 2 6 4 7 10 12 13 15 14 0 3 1 4 2 5 10 12 13 0 14 1 15 3 10 5 12 15
6

0 1 2 6 3 8 4 10 5 13 7 14 9 15 12 3 0 5 1 6 2 7 4 12 10 15 13 0 14 1 3 4 5 10 12 13 0 14 1 15 3 10 5 12 15
9

0 1 2 6 3 8 4 10 5 13 7 14 11 15 12 3 0 5 1 6 2 7 4 12 10 15 13 0 14 1 3 4 5 10 12 13 0 14 1 15 3 10 5 12 15
11

0 1 2 6 3 8 4 10 5 13 7 14 12 15 0 3 1 5 2 6 4 7 10 12 13 15 14 0 3 1 5 6 12 10 0 13 1 14 3 15 5 10 15 12
2

0 1 2 6 3 8 4 10 5 13 7 14 12 15 0 3 1 5 2 6 4 7 10 12 13 15 14 0 3 1 5 6 12 10 0 13 1 14 3 15 5 10 6 12 15
2

0 1 2 6 3 8 4 10 5 13 7 14 9 15 12 3 0 5 1 6 2 7 4 12 10 15 13 0 14 1 3 7 5 10 12 13 0 14 1 15 3 10 5 12 15
9

0 1 2 6 3 8 4 10 5 13 7 14 11 15 12 3 0 5 1 6 2 7 4 12 10 15 13 0 14 1 3 7 5 10 12 13 0 14 1 15 3 10 5 12 15
11

3 0 4 2 8 5 10 7 12 9 0 14 2 15 3 4 7 5 9 8 0 10 3 12 4 14 5 15 10 2 12 7 14 9 0 15 5 2 7 3 9 10 15 12
8

3 0 4 2 6 5 8 7 10 9 12 14 0 15 2 4 3 5 7 8 9 10 0 12 3 14 4 15 5 2 10 7 12 9 14 15 0 2 5 3 7 10 9 12 15
8

3 0 4 2 8 5 10 7 12 9 0 14 2 15 3 4 7 5 9 8 0 10 3 12 4 14 5 15 10 2 12 7 14 9 0 15 4 2 5 3 7 10 9 12 15
8

3 0 4 2 8 5 10 7 12 9 0 14 2 15 3 4 7 5 9 8 0 10 3 12 4 14 5 15 10 2 12 7 14 9 0 15 5 2 7 3 9 10 14 12 15
8

3 0 4 2 8 5 10 6 11 7 12 9 0 14 2 15 3 4 7 5 9 8 0 10 3 12 4 14 5 15 10 2 12 7 14 9 0 15 5 2 7 3 9 10 15 12
8

3 0 4 2 8 5 10 6 12 7 0 9 2 14 3 15 7 4 9 5 0 8 3 10 4 12 5 14 10 15 12 2 14 7 0 9 4 15 5 2 7 3 9 10 15 12
8

3 0 4 2 8 5 10 6 12 7 0 9 2 14 3 15 7 4 9 5 0 8 3 10 4 12 5 14 10 15 12 2 14 7 0 9 5 15 7 2 9 3 14 10 15 12
8

3 0 4 2 6 5 8 7 10 9 12 11 0 14 2 15 3 4 7 5 9 8 0 10 3 12 4 14 5 15 10 2 12 7 14 9 0 15 5 2 7 3 9 10 15 12
8

3 0 4 2 8 5 10 7 12 9 0 11 2 14 3 15 7 4 9 5 0 8 3 10 4 12 5 14 10 15 12 2 14 7 0 9 4 15 5 2 7 3 9 10 15 12
8

3 0 4 2 8 5 10 7 12 9 0 11 2 14 3 15 7 4 9 5 0 8 3 10 4 12 5 14 10 15 12 2 14 7 0 9 5 15 7 2 9 3 14 10 15 12
8

3 0 4 2 6 5 8 7 10 9 12 14 0 15 2 4 3 5 7 6 9 8 0 10 3 12 4 14 5 15 10 2 12 7 14 9 0 15 5 2 7 3 9 10 15 12
8

3 0 4 2 6 5 8 7 10 9 12 14 0 15 2 4 3 5 7 8 9 10 0 12 3 14 4 15 5 2 10 7 12 9 14 15 0 2 5 3 7 4 9 10 15 12
8

3 0 4 2 8 5 10 7 11 9 12 14 0 15 2 4 3 5 7 8 9 10 0 12 3 14 4 15 5 2 10 7 12 9 14 15 0 2 5 3 7 4 9 10 15 12
8

3 0 4 2 8 5 10 7 12 9 0 14 2 15 3 4 7 5 9 8 0 10 3 12 4 14 5 15 10 2 12 7 14 9 0 15 5 2 7 3 9 4 14 10 15 12
8

0 2 1 5 3 7 6 8 10 9 12 11 13 15 2 0 6 3 10 5 11 8 12 9 13 3 15 6 0 9 2 10 5 11 8 13 12 15 3 0 9 8 11 10 15 12
1

0 2 1 5 3 7 6 8 10 9 12 11 13 15 14 0 2 3 6 5 10 8 11 9 12 3 13 6 15 9 0 10 2 11 5 13 8 15 12 0 3 8 9 10 11 12 15
14

0 2 1 5 3 7 6 8 10 9 12 11 13 15 2 0 6 3 7 5 10 8 11 9 12 3 13 6 15 9 0 10 2 11 5 13 8 15 12 0 3 8 9 10 11 12 15
7

2 0 3 1 6 4 8 7 9 10 11 12 13 0 14 2 15 3 7 6 10 8 11 13 12 14 0 15 2 3 8 6 10 7 12 11 13 14 15 0 3 11 8 12 15
1

2 0 3 1 6 4 8 7 11 10 13 12 14 0 15 2 7 3 10 6 11 8 12 13 0 14 2 15 8 3 10 6 12 7 13 11 15 14 2 0 3 11 8 12 15
1

2 0 3 1 6 4 8 7 11 10 13 12 14 0 15 2 7 3 10 6 11 8 12 13 0 14 2 15 8 3 10 6 12 7 13 11 15 14 3 0 6 11 8 12 15
1

2 0 3 1 6 4 8 7 11 10 13 12 14 0 15 2 7 3 10 6 11 8 12 13 0 14 2 15 8 3 10 6 12 7 13 11 15 14 3 0 7 11 8 12 15
1

2 0 3 1 6 4 8 7 11 10 13 12 14 0 15 2 7 3 10 6 11 8 12 13 0 14 2 15 8 3 10 6 12 7 13 11 15 14 3 0 8 11 10 12 15
1

2 0 3 1 6 4 8 7 11 10 13 12 14 0 15 2 7 3 10 6 11 8 12 13 0 14 2 15 8 3 10 6 12 7 13 11 15 14 3 0 8 11 13 12 15
1

2 0 3 1 6 4 8 7 11 10 13 12 14 0 15 2 7 3 10 6 11 8 12 13 0 14 2 15 8 3 10 6 12 7 13 11 15 14 3 0 8 11 14 12 15
1

2 0 3 4 6 5 8 7 11 10 13 12 14 0 15 2 4 3 7 6 10 8 11 13 12 14 0 15 2 3 8 6 10 7 12 11 13 14 15 0 3 11 8 12 15
4

1 0 2 4 3 7 6 9 8 10 11 12 13 0 14 2 15 3 7 6 10 8 11 13 12 14 0 15 2 3 8 6 10 7 12 11 13 14 15 0 3 11 8 12 15
1

2 0 3 4 6 7 8 9 11 10 13 12 14 0 15 2 4 3 7 6 10 8 11 13 12 14 0 15 2 3 8 6 10 7 12 11 13 14 15 0 3 11 8 12 15
4

2 0 3 4 6 7 8 10 11 12 13 0 14 2 15 3 7 4 10 6 11 8 12 13 0 14 2 15 8 3 10 6 12 7 13 11 15 14 3 0 8 11 15 12
4

2 0 3 4 5 7 6 10 8 12 11 0 13 2 14 3 15 4 7 6 10 8 11 13 12 14 0 15 2 3 8 6 10 7 12 11 13 14 15 0 3 11 8 12 15
4

2 0 3 4 6 7 8 10 9 12 11 0 13 2 14 3 15 4 7 6 10 8 11 13 12 14 0 15 2 3 8 6 10 7 12 11 13 14 15 0 3 11 8 12 15
4

2 0 3 4 6 7 8 10 11 12 13 0 14 2 15 3 7 4 10 6 11 8 12 13 0 14 2 15 8 3 10 6 12 7 13 11 15 14 2 0 3 11 8 12 15
4

2 0 3 4 6 7 8 10 11 12 13 0 14 2 15 3 7 4 10 6 11 8 12 13 0 14 2 15 8 3 10 6 12 7 13 11 15 14 3 0 6 11 8 12 15
4

2 0 3 4 6 7 8 10 11 12 13 0 14 2 15 3 7 4 10 6 11 8 12 13 0 14 2 15 8 3 10 6 12 7 13 11 15 14 3 0 7 11 8 12 15
4

2 0 3 4 6 7 8 10 11 12 13 0 14 2 15 3 7 4 10 6 11 8 12 13 0 14 2 15 8 3 10 6 12 7 13 11 15 14 3 0 8 11 10 12 15
4

2 0 3 4 6 7 8 10 11 12 13 0 14 2 15 3 7 4 10 6 11 8 12 13 0 14 2 15 8 3 10 6 12 7 13 11 15 14 3 0 8 11 13 12 15
4

2 0 3 4 6 7 8 10 11 12 13 0 14 2 15 3 7 4 10 6 11 8 12 13 0 14 2 15 8 3 10 6 12 7 13 11 15 14 3 0 8 11 14 12 15
4

1 0 2 4 3 7 6 10 8 12 11 0 13 2 14 3 15 6 7 8 10 13 11 14 12 15 0 3 2 6 8 7 10 11 12 14 13 0 15 2 3 11 8 12 15
1

2 0 3 4 6 7 8 10 11 12 13 0 14 2 15 3 4 6 7 8 10 13 11 14 12 15 0 3 2 6 8 7 10 11 12 14 13 0 15 2 3 11 8 12 15
4

1 0 2 4 3 7 6 10 8 12 11 0 13 2 14 3 15 6 7 8 10 13 11 14 12 15 0 3 2 6 8 7 10 11 12 14 13 0 15 6 3 11 8 12 15
1

2 0 3 4 6 7 8 10 11 12 13 0 14 2 15 3 4 6 7 8 10 13 11 14 12 15 0 3 2 6 8 7 10 11 12 14 13 0 15 6 3 11 8 12 15
4

2 0 3 4 6 7 8 10 11 12 13 0 14 2 15 3 4 6 7 8 10 13 11 14 12 15 0 3 2 6 8 7 10 11 12 14 13 0 15 7 3 11 8 12 15
4

0 2 1 5 3 6 4 7 11 12 14 13 15 3 0 6 1 11 4 12 5 14 7 15 1 0 6 3 7 4 12 5 14 11 15 0 3 6 4 7 5 11 14 12 15
13

0 2 1 5 3 6 4 7 11 8 14 12 15 13 0 3 1 6 2 11 4 12 5 14 7 15 6 0 7 3 12 4 14 5 15 11 3 0 4 6 5 7 14 11 15 12
2

0 2 1 5 3 6 4 7 11 8 14 12 15 13 0 3 1 6 4 11 5 12 7 14 1 15 6 0 7 3 12 4 14 5 15 11 3 0 4 6 5 7 14 11 15 12
1

0 2 1 5 3 6 4 7 11 9 14 12 15 13 0 3 1 6 2 11 4 12 5 14 7 15 6 0 7 3 12 4 14 5 15 11 3 0 4 6 5 7 14 11 15 12
2

0 2 1 5 3 6 4 7 11 9 14 12 15 13 0 3 1 6 4 11 5 12 7 14 1 15 6 0 7 3 12 4 14 5 15 11 3 0 4 6 5 7 14 11 15 12
1

0 2 1 5 3 6 4 7 8 12 11 13 14 2 15 3 0 6 1 11 4 12 5 14 7 15 6 0 7 3 12 4 14 5 15 11 3 0 4 6 5 7 14 11 15 12
2

0 2 1 5 3 6 4 7 9 12 11 13 14 2 15 3 0 6 1 11 4 12 5 14 7 15 6 0 7 3 12 4 14 5 15 11 3 0 4 6 5 7 14 11 15 12
2

0 2 1 5 3 6 4 7 10 12 11 13 14 2 15 3 0 6 1 11 4 12 5 14 7 15 6 0 7 3 12 4 14 5 15 11 3 0 4 6 5 7 14 11 15 12
2

0 2 1 5 3 6 4 7 10 12 11 13 14 3 15 6 0 10 1 11 4 12 5 14 7 15 6 0 7 3 12 4 14 5 15 11 3 0 4 6 5 7 14 11 15 12
10

0 2 1 5 3 6 4 7 11 12 14 13 15 3 0 6 1 11 2 12 4 14 5 15 7 0 6 1 7 3 12 4 14 5 15 11 3 0 4 6 5 7 14 11 15 12
2

1 0 2 4 3 7 6 10 8 12 11 0 13 2 14 3 15 6 7 8 10 13 11 14 12 15 0 3 2 6 8 7 10 11 12 14 13 0 15 10 3 11 8 12 15
1

2 0 3 4 6 7 8 10 11 12 13 0 14 2 15 3 4 6 7 8 10 13 11 14 12 15 0 3 2 6 8 7 10 11 12 14 13 0 15 10 3 11 8 12 15
4

0 2 1 4 3 5 10 7 13 8 1 9 3 11 8 12 10 14 11 15 12 0 13 5 0 7 3 9 8 15 13 5 0 7 5 9 7 11 9 12 11 15 12 3 15 13
4

0 2 1 4 3 5 10 7 13 8 2 9 3 11 8 12 10 14 11 15 12 0 13 5 0 7 3 9 8 15 13 5 0 7 5 9 7 11 9 12 11 15 12 3 15 13
4

0 2 1 4 3 5 10 7 13 8 3 9 8 11 10 12 11 14 12 15 13 0 14 5 0 7 3 9 8 15 13 5 0 7 5 9 7 11 9 12 11 15 12 3 15 13
4

0 2 1 4 3 5 10 7 13 8 3 9 8 11 10 12 11 14 12 15 13 0 0 5 3 7 8 9 13 15 0 5 5 7 7 9 8 11 9 12 11 15 12 3 15 13
4

1 0 3 2 4 5 8 6 10 7 12 11 13 15 14 0 6 1 10 3 11 4 15 7 3 12 4 13 7 14 13 0 14 1 15 6 0 11 4 12 11 1 12 3 15 13
8

1 0 3 2 4 5 10 6 12 7 13 11 14 15 6 0 10 1 11 3 15 4 3 7 4 12 7 13 10 14 13 0 14 1 15 6 0 11 4 12 11 1 12 3 15 13
10

0 2 3 6 5 8 7 10 9 11 12 13 14 0 15 2 5 3 7 9 10 12 15 13 0 14 2 7 3 10 5 12 9 15 13 0 14 3 12 5 15 13
6

1 0 2 3 6 9 7 12 8 14 13 1 15 12 0 13 2 15 3 3 6 13 8 15 9 9 14 14 0 0 1 3 2 2 6 6 8 8 12 9 12 13 15
1

1 0 2 3 6 9 7 11 8 12 10 14 13 1 15 12 0 13 2 15 3 3 6 13 8 15 9 9 14 14 0 0 2 2 6 3 8 6 12 8 12 9 15 13
10

0 2 1 5 3 7 6 8 10 9 12 11 13 15 2 0 6 3 10 5 11 8 12 9 13 3 15 6 0 9 2 10 5 11 8 13 12 15 3 0 9 8 11 12 15 13
1

0 2 1 5 3 7 6 8 10 9 12 11 13 15 14 0 2 3 6 5 10 8 11 9 12 3 13 6 15 9 0 10 2 11 5 13 8 15 12 0 3 8 9 12 11 13 15
14

0 2 1 5 3 7 6 8 10 9 12 11 13 15 2 0 6 3 7 5 10 8 11 9 12 3 13 6 15 9 0 10 2 11 5 13 8 15 12 0 3 8 9 12 11 13 15
7

0 1 2 6 3 8 4 10 5 13 7 14 9 15 12 3 0 5 1 6 2 7 4 12 10 15 13 0 14 1 3 10 5 13 12 14 0 15 1 10 3 12 5 13 15
9

0 1 2 6 3 8 4 10 5 13 7 14 11 15 12 3 0 5 1 6 2 7 4 12 10 15 13 0 14 1 3 10 5 13 12 14 0 15 1 10 3 12 5 13 15
11

1 0 2 5 3 7 4 9 6 13 10 14 12 15 3 0 5 1 9 2 10 6 14 7 1 12 2 13 9 15 10 0 12 3 13 5 15 7 0 14 2 1 3 10 7 12 15 13
6

1 0 2 4 3 7 6 10 8 12 11 0 13 2 14 3 15 6 7 8 10 13 11 14 12 15 0 3 2 6 8 7 10 11 12 14 13 0 15 11 3 12 8 13 15
1

2 0 3 4 6 7 8 10 11 12 13 0 14 2 15 3 4 6 7 8 10 13 11 14 12 15 0 3 2 6 8 7 10 11 12 14 13 0 15 11 3 12 8 13 15
4

1 0 3 2 4 5 8 6 10 7 12 11 13 15 14 0 6 1 10 3 11 4 15 7 3 12 4 13 7 14 13 0 14 1 15 6 0 11 4 12 11 1 12 3 15 14
8

1 0 3 2 4 5 10 6 12 7 13 11 14 15 6 0 10 1 11 3 15 4 3 7 4 12 7 13 10 14 13 0 14 1 15 6 0 11 4 12 11 1 12 3 15 14
10

0 2 3 6 5 8 7 10 9 11 12 13 14 0 15 2 5 3 7 9 10 12 15 13 0 14 2 7 3 10 5 12 9 15 13 0 14 3 12 5 15 14
6

0 2 1 8 3 9 5 11 6 15 7 0 10 1 12 3 13 5 14 13 2 14 7 0 8 1 11 2 12 7 15 11 3 12 5 14 8 15 0 3 12 11 15 14
4

0 2 1 8 3 9 5 11 7 15 10 0 12 1 13 3 14 5 2 13 7 14 8 0 10 1 11 2 12 7 15 11 3 12 5 14 8 15 0 3 12 11 15 14
9

0 2 1 8 3 9 5 11 7 15 10 0 12 1 13 3 14 5 2 13 7 14 8 0 11 1 12 2 15 7 3 11 5 12 8 14 0 15 1 3 12 11 15 14
9

0 1 2 5 3 6 4 8 9 14 10 15 11 0 12 3 1 6 2 8 4 12 5 1 9 4 10 5 14 6 15 8 0 10 2 12 3 14 15 2 0 3 8 12 15 14
9

0 1 2 5 3 6 4 8 9 14 10 15 11 0 12 3 1 6 2 8 4 12 5 1 9 4 10 5 14 8 15 10 0 12 2 14 3 2 15 3 0 4 8 12 15 14
9

0 1 2 6 3 8 4 10 5 13 7 14 9 15 12 3 0 5 1 6 2 7 4 12 10 15 13 0 14 1 3 10 5 13 12 14 0 15 1 10 3 12 5 14 15
9

0 1 2 6 3 8 4 10 5 13 7 14 11 15 12 3 0 5 1 6 2 7 4 12 10 15 13 0 14 1 3 10 5 13 12 14 0 15 1 10 3 12 5 14 15
11

3 0 4 2 6 5 8 7 10 9 12 14 0 15 2 4 3 5 7 8 9 10 0 12 3 14 4 15 5 2 10 7 12 9 14 15 0 2 5 3 7 10 9 12 15 14
8

3 0 4 2 8 5 10 7 11 9 12 14 0 15 2 4 3 5 7 8 9 10 0 12 3 14 4 15 5 2 10 7 12 9 14 15 0 2 5 3 7 10 9 12 15 14
8

3 0 4 2 8 5 10 7 12 9 0 14 2 15 3 4 7 5 9 8 0 10 3 12 4 14 5 15 10 2 12 7 14 9 0 15 4 2 5 3 7 10 9 12 15 14
8

1 0 2 4 3 7 6 10 8 12 11 0 13 2 14 3 15 6 7 8 10 13 11 14 12 15 0 3 2 6 8 7 10 11 12 14 13 0 15 11 3 12 8 14 15
1

2 0 3 4 6 7 8 10 11 12 13 0 14 2 15 3 4 6 7 8 10 13 11 14 12 15 0 3 2 6 8 7 10 11 12 14 13 0 15 11 3 12 8 14 15
4

3 0 4 1 6 9 7 11 8 14 12 15 13 3 0 7 1 12 4 1 8 3 9 4 13 7 14 8 15 9 0 12 13 14 0 15 1 3 9 13 12 14 15
11

3 0 4 1 6 2 7 9 8 11 12 14 13 15 0 3 1 7 4 12 8 1 9 3 13 4 14 7 15 8 0 9 13 12 0 14 1 15 9 3 12 13 15 14
5

3 0 4 1 7 2 8 9 12 11 13 14 0 15 1 3 4 7 8 12 9 1 13 3 14 4 15 7 0 8 13 9 0 12 1 14 4 15 9 3 12 13 15 14
8

3 0 4 1 7 2 8 9 12 11 13 14 0 15 1 3 4 7 8 12 9 1 13 3 14 4 15 7 0 8 13 9 0 12 1 14 8 15 9 3 12 13 15 14
4

2 0 3 1 4 5 7 9 8 11 12 14 13 15 0 3 1 7 4 12 8 1 9 3 13 4 14 7 15 8 0 9 13 12 0 14 1 15 9 3 12 13 15 14
5

3 0 4 1 6 5 7 9 8 11 12 14 13 15 0 3 1 7 4 12 8 1 9 3 13 4 14 7 15 8 0 9 13 12 0 14 1 15 9 3 12 13 15 14
5

3 0 4 1 7 5 8 9 10 11 12 14 13 15 0 3 1 7 4 12 8 1 9 3 13 4 14 7 15 8 0 9 13 12 0 14 1 15 9 3 12 13 15 14
5

3 0 4 1 7 5 8 9 12 11 13 14 0 15 1 3 4 7 8 12 9 1 11 3 13 4 14 7 15 8 0 9 13 12 0 14 1 15 9 3 12 13 15 14
5

3 0 4 1 7 5 8 9 12 11 13 14 0 15 1 3 4 7 8 12 9 1 13 3 14 4 15 7 0 8 13 9 0 12 1 14 7 15 9 3 12 13 15 14
5

3 0 4 1 5 6 7 9 8 11 12 14 13 15 0 3 1 7 4 12 8 1 9 3 13 4 14 7 15 8 0 9 13 12 0 14 1 15 9 3 12 13 15 14
5

3 0 4 1 7 6 8 9 12 11 13 14 0 15 1 3 4 7 8 12 9 1 13 3 14 4 15 7 0 8 13 9 0 12 1 14 4 15 9 3 12 13 15 14
8

3 0 4 1 7 6 8 9 12 11 13 14 0 15 1 3 4 7 8 12 9 1 13 3 14 4 15 7 0 8 13 9 0 12 1 14 8 15 9 3 12 13 15 14
4

3 0 4 1 6 9 7 10 8 11 12 14 13 15 0 3 1 7 4 12 8 1 9 3 13 4 14 7 15 8 0 9 13 12 0 14 1 15 9 3 12 13 15 14
5

3 0 4 1 7 9 8 10 12 11 13 14 0 15 1 3 4 7 8 12 9 1 11 3 13 4 14 7 15 8 0 9 13 12 0 14 1 15 9 3 12 13 15 14
10

3 0 4 1 7 9 8 10 12 11 13 14 0 15 1 3 4 7 8 12 9 1 13 3 14 4 15 7 0 8 13 9 0 12 1 14 4 15 9 3 12 13 15 14
8

3 0 4 1 7 9 8 10 12 11 13 14 0 15 1 3 4 7 8 12 9 1 13 3 14 4 15 7 0 8 13 9 0 12 1 14 8 15 9 3 12 13 15 14
4

3 0 4 1 6 9 7 11 8 14 12 15 13 3 0 6 1 7 4 12 8 1 9 3 13 4 14 7 15 8 0 9 13 12 0 14 1 15 9 3 12 13 15 14
5

3 0 4 1 6 9 7 11 8 14 12 15 13 3 0 7 1 12 4 1 8 3 9 4 13 7 14 8 15 9 0 12 13 14 0 15 1 3 9 4 12 13 15 14
5

3 0 4 1 6 9 7 11 8 14 12 15 13 3 0 7 1 12 4 1 8 3 9 4 13 7 14 8 15 9 0 12 13 14 0 15 1 3 9 7 12 13 15 14
5

3 0 4 1 7 9 8 11 12 14 13 15 0 3 1 7 4 12 8 1 9 3 13 4 14 7 15 8 0 9 13 12 0 14 1 15 4 3 9 7 12 13 15 14
8

3 0 4 1 7 9 8 11 12 14 13 15 0 3 1 7 4 12 8 1 9 3 13 4 14 7 15 8 0 9 13 12 0 14 1 15 8 3 9 7 12 13 15 14
4

3 0 4 1 6 9 7 11 8 14 12 15 13 3 0 7 1 12 4 1 8 3 9 4 13 7 14 8 15 9 0 12 13 14 0 15 1 3 9 8 12 13 15 14
5

0 1 3 2 6 4 11 5 12 7 15 8 1 9 2 14 4 0 6 3 7 5 8 11 9 12 14 15 0 6 2 8 3 9 4 11 5 15 7 0 12 3 7 15 12
13

0 1 3 2 6 4 11 5 12 7 15 8 2 9 4 14 6 0 7 3 8 5 9 11 14 12 0 15 2 6 3 8 4 9 5 11 7 15 12 0 14 3 7 15 12
13

0 1 3 2 6 4 11 5 12 7 15 8 2 9 4 14 6 0 7 3 8 5 9 11 14 12 0 15 2 6 3 8 4 9 5 11 7 15 12 0 2 3 7 15 12
13

0 1 3 2 6 4 11 5 12 7 15 8 2 9 4 14 6 0 7 3 8 5 9 11 14 12 0 15 2 6 3 8 4 9 5 11 7 15 12 0 4 3 7 15 12
13

0 1 3 2 6 4 11 5 12 7 15 8 2 9 4 14 6 0 7 3 8 5 9 11 14 12 0 15 2 6 3 8 4 9 5 11 7 15 12 0 5 3 7 15 12
13

0 1 3 2 6 4 11 5 12 7 15 8 2 9 4 14 6 0 7 3 8 5 9 11 14 12 0 15 2 6 3 8 4 9 5 11 7 15 12 0 6 3 7 15 12
13

0 1 3 2 6 4 11 5 12 7 15 8 2 9 4 14 6 0 7 3 8 5 9 11 14 12 0 15 2 6 3 8 4 9 5 11 7 15 12 0 7 3 8 15 12
13

0 1 3 2 6 4 11 5 12 7 15 8 2 9 4 14 6 0 7 3 8 5 9 11 14 12 0 15 2 6 3 8 4 9 5 11 7 15 12 0 7 3 9 15 12
13

0 1 3 2 6 4 11 5 12 7 15 8 2 9 4 14 6 0 7 3 8 5 9 11 14 12 0 15 2 6 3 8 4 9 5 11 7 15 12 0 7 3 11 15 12
13

0 2 3 4 6 5 11 7 12 8 15 9 2 10 4 14 6 0 7 3 8 5 9 11 14 12 0 15 2 6 3 8 4 9 5 11 7 15 12 0 7 3 12 15
10

0 2 1 4 3 5 6 7 11 8 12 9 15 10 2 14 4 0 6 3 7 5 8 11 9 12 14 15 0 6 2 8 3 9 4 11 5 15 7 0 12 3 7 15 12
10

0 2 3 4 6 5 11 7 12 8 13 9 15 10 2 14 4 0 6 3 7 5 8 11 9 12 14 15 0 6 2 8 3 9 4 11 5 15 7 0 12 3 7 15 12
10

0 2 3 4 6 5 11 7 12 8 15 9 2 10 4 14 6 0 7 3 8 5 9 11 14 12 0 15 2 6 3 8 4 9 5 11 7 15 12 0 14 3 7 15 12
10

0 2 3 4 6 5 11 7 12 8 15 9 2 10 4 14 6 0 7 3 8 5 9 11 14 12 0 15 2 6 3 8 4 9 5 11 7 15 12 0 2 3 7 15 12
10

0 2 3 4 6 5 11 7 12 8 15 9 2 10 4 14 6 0 7 3 8 5 9 11 14 12 0 15 2 6 3 8 4 9 5 11 7 15 12 0 4 3 7 15 12
10

0 2 3 4 6 5 11 7 12 8 15 9 2 10 4 14 6 0 7 3 8 5 9 11 14 12 0 15 2 6 3 8 4 9 5 11 7 15 12 0 5 3 7 15 12
10

0 2 3 4 6 5 11 7 12 8 15 9 2 10 4 14 6 0 7 3 8 5 9 11 14 12 0 15 2 6 3 8 4 9 5 11 7 15 12 0 6 3 7 15 12
10

0 2 3 4 6 5 11 7 12 8 15 9 2 10 4 14 6 0 7 3 8 5 9 11 14 12 0 15 2 6 3 8 4 9 5 11 7 15 12 0 7 3 8 15 12
10

0 2 3 4 6 5 11 7 12 8 15 9 2 10 4 14 6 0 7 3 8 5 9 11 14 12 0 15 2 6 3 8 4 9 5 11 7 15 12 0 7 3 9 15 12
10

0 2 3 4 6 5 11 7 12 8 15 9 2 10 4 14 6 0 7 3 8 5 9 11 14 12 0 15 2 6 3 8 4 9 5 11 7 15 12 0 7 3 11 15 12
10

0 2 3 4 6 5 11 7 12 8 15 9 2 13 4 14 6 0 7 3 8 5 9 11 13 12 14 15 0 6 2 8 3 9 4 11 5 15 7 0 12 3 7 15 12
1

0 2 3 4 6 5 11 7 12 8 15 9 2 13 4 14 6 0 7 3 8 5 9 11 14 12 0 15 2 6 3 8 4 9 5 11 7 15 12 0 14 3 7 15 12
1

0 2 3 4 6 5 11 7 12 8 15 9 2 13 4 14 6 0 7 3 8 5 9 11 14 12 0 15 2 6 3 8 4 9 5 11 7 15 12 0 2 3 7 15 12
1

0 2 3 4 6 5 11 7 12 8 15 9 2 13 4 14 6 0 7 3 8 5 9 11 14 12 0 15 2 6 3 8 4 9 5 11 7 15 12 0 4 3 7 15 12
1

0 2 3 4 6 5 11 7 12 8 15 9 2 13 4 14 6 0 7 3 8 5 9 11 14 12 0 15 2 6 3 8 4 9 5 11 7 15 12 0 5 3 7 15 12
1

0 2 3 4 6 5 11 7 12 8 15 9 2 13 4 14 6 0 7 3 8 5 9 11 14 12 0 15 2 6 3 8 4 9 5 11 7 15 12 0 6 3 7 15 12
1

0 2 3 4 6 5 11 7 12 8 15 9 2 13 4 14 6 0 7 3 8 5 9 11 14 12 0 15 2 6 3 8 4 9 5 11 7 15 12 0 7 3 8 15 12
1

0 2 3 4 6 5 11 7 12 8 15 9 2 13 4 14 6 0 7 3 8 5 9 11 14 12 0 15 2 6 3 8 4 9 5 11 7 15 12 0 7 3 9 15 12
1

0 2 3 4 6 5 11 7 12 8 15 9 2 13 4 14 6 0 7 3 8 5 9 11 14 12 0 15 2 6 3 8 4 9 5 11 7 15 12 0 7 3 11 15 12
1

0 2 3 4 6 5 10 7 11 8 12 9 15 14 2 0 4 3 6 5 7 11 8 12 9 15 14 6 0 8 2 9 3 11 4 14 5 15 7 0 12 3 7 15 12
10

0 1 2 4 3 6 8 7 9 10 11 12 13 15 14 2 0 6 1 7 3 8 10 9 12 14 13 0 15 1 2 7 3 9 6 10 8 12 14 13 15 0 1 2 7 3 12 15
4

0 1 2 5 3 6 8 7 9 10 11 12 13 15 14 2 0 6 1 7 3 8 10 9 12 14 13 0 15 1 2 7 3 9 6 10 8 12 14 13 15 0 1 2 7 3 12 15
5

0 1 2 6 3 7 4 10 8 11 9 12 13 15 14 2 0 6 1 7 3 8 10 9 12 14 13 0 15 1 2 7 3 9 6 10 8 12 14 13 15 0 1 2 7 3 12 15
4

0 1 2 6 3 7 5 10 8 11 9 12 13 15 14 2 0 6 1 7 3 8 10 9 12 14 13 0 15 1 2 7 3 9 6 10 8 12 14 13 15 0 1 2 7 3 12 15
5

0 2 3 4 6 5 10 7 11 8 12 9 15 14 2 0 4 3 6 5 7 11 8 12 9 15 14 6 0 8 2 9 3 11 4 15 5 0 7 2 12 3 7 15 12
10

0 2 3 4 6 5 10 7 11 8 12 9 15 14 2 0 4 3 6 5 7 11 8 12 9 15 14 6 0 8 2 9 3 11 4 15 5 0 7 3 12 4 7 15 12
10

0 2 3 4 6 5 10 7 11 8 12 9 15 14 2 0 4 3 6 5 7 11 8 12 9 15 14 6 0 8 2 9 3 11 4 15 5 0 7 3 12 5 7 15 12
10

0 2 3 4 6 5 10 7 11 8 12 9 15 14 2 0 4 3 6 5 7 11 8 12 9 15 14 6 0 8 2 9 3 11 4 15 5 0 7 3 12 6 7 15 12
10

0 2 3 4 6 5 10 7 11 8 12 9 15 14 2 0 4 3 6 5 7 11 8 12 9 15 14 6 0 8 2 9 3 11 4 15 5 0 7 3 12 8 7 15 12
10

0 2 3 4 6 5 10 7 11 8 12 9 15 14 2 0 4 3 6 5 7 11 8 12 9 15 14 6 0 8 2 9 3 11 4 15 5 0 7 3 12 9 7 15 12
10

3 0 4 1 7 2 8 5 10 6 13 9 15 12 1 0 2 4 3 6 5 9 8 10 12 13 15 0 4 2 9 3 10 5 13 6 15 8 0 12 3 4 6 9 8 15 12
1

1 0 3 2 4 5 7 6 8 9 10 12 13 14 15 0 2 4 3 6 5 9 8 10 12 13 15 0 4 2 9 3 10 5 13 6 15 8 0 12 3 4 6 9 8 15 12
2

3 0 4 2 7 5 8 6 10 9 13 12 15 14 2 0 3 4 5 6 7 9 8 10 12 13 15 0 4 2 9 3 10 5 13 6 15 8 0 12 3 4 6 9 8 15 12
2

3 0 4 2 7 5 8 6 10 9 13 12 15 14 2 0 3 4 5 6 8 9 12 10 15 13 4 0 9 2 10 3 13 5 15 6 0 8 3 12 5 4 6 9 8 15 12
2

3 0 4 2 7 5 8 6 10 9 13 12 15 14 2 0 3 4 5 6 8 9 12 10 15 13 4 0 9 2 10 3 13 5 15 6 0 8 3 12 6 4 8 9 10 15 12
2

3 0 4 2 7 5 8 6 10 9 13 12 15 14 2 0 3 4 5 6 8 9 12 10 15 13 4 0 9 2 10 3 13 5 15 6 0 8 3 12 6 4 8 9 12 15 13
2

1 0 3 2 4 5 7 6 8 9 10 12 13 0 15 4 2 6 3 9 5 10 8 13 12 0 15 2 4 3 9 5 10 6 13 8 15 12 0 2 3 4 6 9 8 15 12
14

3 0 4 2 7 5 8 6 10 9 13 12 15 0 2 4 3 6 5 9 7 10 8 13 12 0 15 2 4 3 9 5 10 6 13 8 15 12 0 2 3 4 6 9 8 15 12
14

3 0 4 2 7 5 8 6 10 9 13 12 15 0 2 4 3 6 5 9 8 10 12 13 15 0 4 2 9 3 10 5 13 6 15 8 0 12 3 2 5 4 6 9 8 15 12
14

3 0 4 2 7 5 8 6 10 9 13 12 15 0 2 4 3 6 5 9 8 10 12 13 15 0 4 2 9 3 10 5 13 6 15 8 0 12 3 2 6 4 8 9 10 15 12
14

3 0 4 2 7 5 8 6 10 9 13 12 15 0 2 4 3 6 5 9 8 10 12 13 15 0 4 2 9 3 10 5 13 6 15 8 0 12 3 2 6 4 8 9 12 15 13
14

0 2 3 4 6 5 10 7 11 8 12 9 15 14 2 0 4 3 6 5 7 11 8 12 9 15 14 6 0 8 2 9 3 11 4 15 5 0 7 3 12 11 7 15 12
10

0 1 3 2 4 5 7 6 10 8 11 12 0 15 2 1 3 5 8 6 11 7 12 10 15 1 0 2 3 8 5 10 7 11 12 15 1 0 2 3 5 11 7 15 12
4

0 1 3 2 7 4 9 5 10 6 11 8 0 12 2 15 3 1 8 5 11 6 12 7 15 10 0 1 3 2 5 8 7 10 12 11 1 15 2 0 5 3 7 11 12 15
4

0 1 3 2 7 4 10 5 11 6 13 8 0 12 2 15 3 1 8 5 11 6 12 7 15 10 0 1 3 2 5 8 7 10 12 11 1 15 2 0 5 3 7 11 12 15
4

0 1 3 2 7 4 10 5 11 6 14 8 0 12 2 15 3 1 8 5 11 6 12 7 15 10 0 1 3 2 5 8 7 10 12 11 1 15 2 0 5 3 7 11 12 15
4

0 1 3 2 7 4 10 5 11 6 0 8 2 12 3 15 8 1 11 5 12 6 15 7 0 10 3 1 5 2 6 8 7 10 12 11 1 15 2 0 5 3 7 11 12 15
4

0 1 3 2 7 4 10 5 11 6 0 8 2 12 3 15 8 1 11 5 12 6 15 7 0 10 3 1 5 2 7 8 12 10 1 11 2 15 5 0 7 3 8 11 12 15
4

0 1 3 2 7 4 10 5 11 6 0 8 2 12 3 15 8 1 11 5 12 6 15 7 0 10 3 1 5 2 7 8 12 10 1 11 2 15 5 0 7 3 10 11 12 15
4

0 1 3 2 4 5 7 6 10 8 11 9 0 12 2 15 3 1 8 5 11 6 12 7 15 10 0 1 3 2 5 8 7 10 12 11 1 15 2 0 5 3 7 11 12 15
4

0 1 3 2 7 5 10 6 11 8 13 9 0 12 2 15 3 1 8 5 11 6 12 7 15 10 0 1 3 2 5 8 7 10 12 11 1 15 2 0 5 3 7 11 12 15
9

0 1 3 2 4 5 7 6 10 8 11 12 0 13 2 15 3 1 8 5 11 6 12 7 15 10 0 1 3 2 5 8 7 10 12 11 1 15 2 0 5 3 7 11 12 15
4

0 1 3 2 4 5 7 6 10 8 11 12 0 14 2 15 3 1 8 5 11 6 12 7 15 10 0 1 3 2 5 8 7 10 12 11 1 15 2 0 5 3 7 11 12 15
4

0 1 3 2 4 5 7 6 10 8 11 12 0 15 2 1 3 5 8 6 11 7 12 10 15 1 0 2 3 6 5 8 7 10 12 11 1 15 2 0 5 3 7 11 12 15
4

0 1 3 2 4 5 7 6 10 8 11 12 0 15 2 1 3 5 8 6 11 7 12 10 15 1 0 2 3 8 5 10 7 11 12 15 1 0 2 3 5 8 7 11 12 15
4

0 1 3 2 4 5 7 6 10 8 11 12 0 15 2 1 3 5 8 6 11 7 12 10 15 1 0 2 3 8 5 10 7 11 12 15 1 0 2 3 5 10 7 11 12 15
4

0 2 1 4 3 5 6 7 8 9 12 10 15 11 0 13 4 14 9 2 13 3 14 5 15 6 0 10 2 12 3 4 10 5 12 6 14 9 15 13 3 0 4 12 5 15 10
2

0 2 1 4 3 5 6 7 8 9 12 10 15 13 0 14 4 2 9 3 13 5 14 6 15 8 0 10 2 12 3 4 10 5 12 6 14 9 15 13 3 0 4 12 5 15 10
2

1 0 8 2 9 3 10 4 12 6 13 7 15 14 0 1 2 8 3 10 6 14 12 15 13 0 1 2 8 3 10 6 12 13 15 14 2 0 3 12 13 15 14
5

1 0 8 2 10 3 11 4 12 6 13 7 15 14 0 1 2 8 3 10 6 14 12 15 13 0 1 2 8 3 10 6 12 13 15 14 2 0 3 12 13 15 14
5

1 0 8 2 10 3 12 4 13 6 15 7 0 14 2 1 3 8 4 10 6 14 12 15 13 0 1 2 8 3 10 6 12 13 15 14 2 0 3 12 13 15 14
5

1 0 8 2 10 3 12 4 13 6 15 7 0 14 2 1 3 8 6 10 7 14 12 15 13 0 1 2 8 3 10 6 12 13 15 14 2 0 3 12 13 15 14
5

1 0 8 2 10 3 12 4 13 6 15 7 0 14 2 1 3 8 6 10 12 14 13 15 1 0 8 2 10 3 12 6 15 13 1 14 2 0 3 12 13 15 14
5

1 0 8 2 10 3 12 4 13 6 15 7 0 14 2 1 3 8 6 10 12 14 13 15 1 0 8 2 10 3 12 6 15 13 2 14 3 0 6 12 13 15 14
5

1 0 8 2 10 3 12 4 13 6 15 7 0 14 2 1 3 8 6 10 12 14 13 15 1 0 8 2 10 3 12 6 15 13 2 14 3 0 8 12 13 15 14
5

1 0 8 2 10 3 12 4 13 6 15 7 0 14 2 1 3 8 6 10 12 14 13 15 1 0 8 2 10 3 12 6 15 13 2 14 3 0 10 12 13 15 14
5

1 0 8 2 9 3 10 5 12 6 13 7 15 14 0 1 2 8 3 10 6 14 12 15 13 0 1 2 8 3 10 6 12 13 15 14 2 0 3 12 13 15 14
4

1 0 8 2 10 3 11 5 12 6 13 7 15 14 0 1 2 8 3 10 6 14 12 15 13 0 1 2 8 3 10 6 12 13 15 14 2 0 3 12 13 15 14
4

1 0 8 2 10 3 12 5 13 6 15 7 0 14 2 1 3 8 6 10 12 14 13 15 1 0 8 2 10 3 12 6 15 13 2 14 3 0 6 12 13 15 14
4

1 0 8 2 10 3 12 5 13 6 15 7 0 14 2 1 3 8 6 10 12 14 13 15 1 0 8 2 10 3 12 6 15 13 2 14 3 0 10 12 13 15 14
4

0 3 1 4 8 5 10 6 12 11 13 14 15 0 1 3 4 8 5 10 11 13 12 0 14 3 15 4 1 5 8 11 10 13 12 14 15 0 3 12 8 15
1

0 3 1 4 8 5 10 7 12 11 13 14 15 0 1 3 4 8 5 10 11 13 12 0 14 3 15 4 1 5 8 11 10 13 12 14 15 0 3 12 8 15
1

0 3 1 4 2 5 6 8 11 9 13 12 15 14 0 2 6 3 11 4 12 8 14 9 15 0 4 2 8 3 9 6 12 11 15 14 0 2 3 4 6 12 9 15 11
13

0 3 1 4 2 8 6 9 11 10 15 12 0 14 6 2 10 3 11 4 12 8 14 9 15 0 4 2 8 3 9 6 12 11 15 14 0 2 3 4 6 12 9 15 11
10

0 3 1 4 2 8 6 9 11 10 15 12 0 14 6 2 11 3 12 4 14 8 15 9 4 0 8 2 9 3 12 6 15 11 0 14 3 2 6 4 8 12 9 15 11
10

0 3 1 4 2 8 6 9 11 12 15 13 0 14 6 2 11 3 12 4 14 8 15 9 4 0 8 2 9 3 12 6 15 11 0 14 3 2 6 4 9 12 11 15
13

0 3 1 4 2 8 5 9 6 12 11 13 15 14 0 2 6 3 11 4 12 8 14 9 15 0 4 2 8 3 9 6 12 11 15 14 0 2 3 4 6 12 9 15 11
13

0 3 1 4 2 8 6 9 11 12 15 13 0 14 6 2 11 3 12 4 14 8 15 9 4 0 8 2 9 3 12 6 15 11 0 14 3 2 6 4 8 12 9 15 11
13

0 3 1 4 2 8 6 9 11 12 15 13 0 14 6 2 11 3 12 4 14 8 15 9 4 0 8 2 9 3 12 6 15 11 0 14 3 2 6 4 9 12 11 15 14
13

0 3 1 4 8 5 10 11 12 14 13 0 15 3 1 8 4 10 5 13 11 0 12 3 14 4 15 5 1 11 8 13 10 14 12 0 15 5 3 12 8 15
1

0 2 1 4 3 5 6 7 8 9 12 10 15 13 0 14 4 2 9 3 13 5 14 6 15 10 0 12 2 4 3 5 10 6 12 9 14 13 15 0 3 6 4 12 5 15 10
2

3 0 4 1 5 6 8 7 10 9 11 12 15 14 0 1 3 4 5 7 6 8 14 9 15 11 1 12 4 0 6 3 7 5 8 11 12 14 15 7 0 12 3 15 14
10

3 0 4 1 5 2 8 6 11 7 13 9 15 12 0 14 3 1 5 4 6 7 14 8 15 9 1 11 4 12 6 0 7 3 8 5 12 11 15 14 0 7 3 12 14 15
2

3 0 4 1 5 2 8 6 11 7 15 9 0 12 3 14 5 1 6 4 14 7 15 8 1 9 4 11 6 12 7 0 8 3 9 5 12 11 15 14 0 7 3 12 14 15
2

3 0 4 1 5 2 8 6 11 7 15 9 0 12 3 14 5 1 6 4 14 7 15 8 1 9 4 11 6 12 7 0 8 3 12 5 15 11 0 14 1 7 3 12 14 15
2

3 0 4 1 5 2 8 6 11 7 15 9 0 12 3 14 5 1 6 4 14 7 15 8 1 9 4 11 6 12 7 0 8 3 12 5 15 11 0 14 3 7 4 12 14 15
2

3 0 4 1 5 2 8 6 11 7 15 9 0 12 3 14 5 1 6 4 14 7 15 8 1 9 4 11 6 12 7 0 8 3 12 5 15 11 0 14 3 7 5 12 14 15
2

3 0 4 1 5 2 8 6 11 7 15 9 0 12 3 14 5 1 6 4 14 7 15 8 1 9 4 11 6 12 7 0 8 3 12 5 15 11 0 14 3 7 6 12 14 15
2

3 0 4 1 5 2 8 6 11 7 15 9 0 12 3 14 5 1 6 4 14 7 15 8 1 9 4 11 6 12 7 0 8 3 12 5 15 11 0 14 3 7 8 12 14 15
2

3 0 4 1 5 2 8 6 11 7 15 9 0 12 3 14 5 1 6 4 14 7 15 8 1 9 4 11 6 12 7 0 8 3 12 5 15 11 0 14 3 7 11 12 14 15
2

3 0 4 1 5 6 8 7 11 9 13 10 15 12 0 14 3 1 5 4 6 7 14 8 15 9 1 11 4 12 6 0 7 3 8 5 12 11 15 14 0 7 3 12 14 15
10

3 0 4 1 5 6 8 7 11 9 15 10 0 12 3 14 5 1 6 4 14 7 15 8 1 9 4 11 6 12 7 0 8 3 9 5 12 11 15 14 0 7 3 12 14 15
10

3 0 4 1 5 6 8 7 11 9 15 10 0 12 3 14 5 1 6 4 14 7 15 8 1 9 4 11 6 12 7 0 8 3 12 5 15 11 0 14 1 7 3 12 14 15
10

3 0 4 1 5 6 8 7 11 9 15 10 0 12 3 14 5 1 6 4 14 7 15 8 1 9 4 11 6 12 7 0 8 3 12 5 15 11 0 14 3 7 4 12 14 15
10

3 0 4 1 5 6 8 7 11 9 15 10 0 12 3 14 5 1 6 4 14 7 15 8 1 9 4 11 6 12 7 0 8 3 12 5 15 11 0 14 3 7 5 12 14 15
10

3 0 4 1 5 6 8 7 11 9 15 10 0 12 3 14 5 1 6 4 14 7 15 8 1 9 4 11 6 12 7 0 8 3 12 5 15 11 0 14 3 7 6 12 14 15
10

3 0 4 1 5 6 8 7 11 9 15 10 0 12 3 14 5 1 6 4 14 7 15 8 1 9 4 11 6 12 7 0 8 3 12 5 15 11 0 14 3 7 8 12 14 15
10

3 0 4 1 5 6 8 7 11 9 15 10 0 12 3 14 5 1 6 4 14 7 15 8 1 9 4 11 6 12 7 0 8 3 12 5 15 11 0 14 3 7 11 12 14 15
10

2 0 3 1 4 6 5 7 8 9 11 12 15 13 0 14 3 1 5 4 6 7 14 8 15 9 1 11 4 12 6 0 7 3 8 5 12 11 15 14 0 7 3 12 14 15
2

3 0 4 1 5 6 8 7 10 9 11 12 15 13 0 14 3 1 5 4 6 7 14 8 15 9 1 11 4 12 6 0 7 3 8 5 12 11 15 14 0 7 3 12 14 15
10

2 0 3 1 4 6 5 7 8 9 11 12 15 14 0 1 3 4 5 7 6 8 14 9 15 11 1 12 4 0 6 3 7 5 8 9 12 11 15 14 0 7 3 12 14 15
2

3 0 4 1 5 6 8 7 10 9 11 12 15 14 0 1 3 4 5 7 6 8 14 9 15 11 1 12 4 0 6 3 7 5 8 9 12 11 15 14 0 7 3 12 14 15
10

2 0 3 1 4 6 5 7 8 9 11 12 15 14 0 1 3 4 5 7 6 8 14 9 15 11 1 12 4 0 6 3 7 5 8 11 12 14 15 1 0 7 3 12 14 15
2

3 0 4 1 5 6 8 7 10 9 11 12 15 14 0 1 3 4 5 7 6 8 14 9 15 11 1 12 4 0 6 3 7 5 8 11 12 14 15 1 0 7 3 12 14 15
10

2 0 3 1 4 6 5 7 8 9 11 12 15 14 0 1 3 4 5 7 6 8 14 9 15 11 1 12 4 0 6 3 7 5 8 11 12 14 15 4 0 7 3 12 14 15
2

3 0 4 1 5 6 8 7 10 9 11 12 15 14 0 1 3 4 5 7 6 8 14 9 15 11 1 12 4 0 6 3 7 5 8 11 12 14 15 4 0 7 3 12 14 15
10

2 0 3 1 4 6 5 7 8 9 11 12 15 14 0 1 3 4 5 7 6 8 14 9 15 11 1 12 4 0 6 3 7 5 8 11 12 14 15 5 0 7 3 12 14 15
2

3 0 4 1 5 6 8 7 10 9 11 12 15 14 0 1 3 4 5 7 6 8 14 9 15 11 1 12 4 0 6 3 7 5 8 11 12 14 15 5 0 7 3 12 14 15
10

2 0 3 1 4 6 5 7 8 9 11 12 15 14 0 1 3 4 5 7 6 8 14 9 15 11 1 12 4 0 6 3 7 5 8 11 12 14 15 6 0 7 3 12 14 15
2

3 0 4 1 5 6 8 7 10 9 11 12 15 14 0 1 3 4 5 7 6 8 14 9 15 11 1 12 4 0 6 3 7 5 8 11 12 14 15 6 0 7 3 12 14 15
10

0 3 1 4 2 8 6 9 11 12 13 14 15 2 0 3 6 4 11 8 12 9 14 0 15 2 4 3 8 6 9 11 12 14 15 2 0 4 3 8 6 12 9 15 11
13

2 0 3 1 4 6 5 7 8 9 11 12 15 14 0 1 3 4 5 7 6 8 14 9 15 11 1 12 4 0 6 3 7 5 8 11 12 14 15 7 0 8 3 12 14 15
2

3 0 4 1 5 6 8 7 10 9 11 12 15 14 0 1 3 4 5 7 6 8 14 9 15 11 1 12 4 0 6 3 7 5 8 11 12 14 15 7 0 8 3 12 14 15
10

0 2 1 4 3 5 6 7 8 9 12 10 15 13 0 14 4 2 9 3 13 5 14 6 15 10 0 12 2 4 3 5 10 6 12 9 14 13 15 0 3 9 4 12 5 15 10
2

0 3 1 4 8 5 10 11 12 14 13 0 15 3 1 8 4 10 5 13 11 0 12 3 14 4 15 5 1 11 8 13 10 14 12 0 15 10 3 12 8 15
1

2 0 3 1 4 6 5 7 8 9 11 12 15 14 0 1 3 4 5 7 6 8 14 9 15 11 1 12 4 0 6 3 7 5 8 11 12 14 15 7 0 11 3 12 14 15
2

3 0 4 1 5 6 8 7 10 9 11 12 15 14 0 1 3 4 5 7 6 8 14 9 15 11 1 12 4 0 6 3 7 5 8 11 12 14 15 7 0 11 3 12 14 15
10

0 3 1 4 2 9 7 11 8 13 12 15 0 3 1 8 2 13 4 15 7 0 9 1 11 3 12 4 7 8 12 11 13 4 15 7 0 11 3 12 8 15 13
2

0 3 1 4 2 5 7 9 8 11 12 13 0 15 1 3 2 8 4 13 7 15 9 0 11 1 12 3 7 4 12 8 13 11 15 4 0 7 3 11 8 12 13 15
2

0 3 1 4 2 6 7 9 8 11 12 13 0 15 1 3 2 8 4 13 7 15 9 0 11 1 12 3 7 4 12 8 13 11 15 4 0 7 3 11 8 12 13 15
2

0 3 1 4 2 9 7 10 8 11 12 13 0 15 1 3 2 8 4 13 7 15 9 0 11 1 12 3 7 4 12 8 13 11 15 4 0 7 3 11 8 12 13 15
2

0 3 1 4 2 9 7 11 8 13 12 14 0 15 1 3 2 8 4 13 7 15 9 0 11 1 12 3 7 4 12 8 13 11 15 4 0 7 3 11 8 12 13 15
2

0 3 1 4 2 9 5 11 7 13 8 15 12 2 0 3 1 8 4 13 7 15 9 0 11 1 12 3 7 4 12 8 13 11 15 4 0 7 3 11 8 12 13 15
2

0 3 1 4 2 9 6 11 7 13 8 15 12 2 0 3 1 8 4 13 7 15 9 0 11 1 12 3 7 4 12 8 13 11 15 4 0 7 3 11 8 12 13 15
2

0 3 1 4 2 9 7 11 8 13 10 15 12 2 0 3 1 8 4 13 7 15 9 0 11 1 12 3 7 4 12 8 13 11 15 4 0 7 3 11 8 12 13 15
2

0 3 1 4 2 9 7 11 8 13 12 15 14 2 0 3 1 8 4 13 7 15 9 0 11 1 12 3 7 4 12 8 13 11 15 4 0 7 3 11 8 12 13 15
2

0 3 1 4 2 9 7 11 8 13 12 15 0 2 1 3 4 8 7 13 9 15 11 0 12 1 7 3 9 4 12 8 13 11 15 4 0 7 3 11 8 12 13 15
2

0 3 1 4 2 9 7 11 8 13 12 15 0 2 1 3 4 8 7 13 9 15 11 0 12 1 7 3 12 4 13 8 15 11 0 4 1 7 3 11 8 12 13 15
2

0 3 1 4 2 9 7 11 8 13 12 15 0 3 1 8 2 13 4 15 7 0 9 1 11 3 12 4 7 8 12 9 13 11 15 4 0 7 3 11 8 12 13 15
2

0 3 1 4 2 9 7 11 8 13 12 15 0 3 1 8 2 13 4 15 7 0 9 1 11 3 12 4 7 8 12 11 13 1 15 4 0 7 3 11 8 12 13 15
2

1 0 5 2 6 3 7 4 8 9 11 10 13 12 15 3 0 6 1 7 2 8 12 9 15 11 0 13 8 1 9 2 11 3 13 6 15 7 3 12 7 0 8 13 12 15
10

1 0 5 2 6 3 7 4 8 9 11 10 13 12 14 3 15 6 0 7 1 8 2 9 12 11 15 13 0 1 8 2 9 3 11 6 13 7 15 12 3 0 7 13 8 15 12
10

1 0 5 2 6 3 7 4 8 9 11 10 13 12 15 3 0 6 1 7 2 8 5 9 12 11 15 13 0 1 8 2 9 3 11 6 13 7 15 12 3 0 7 13 8 15 12
10

1 0 5 2 6 3 7 4 8 9 11 10 13 12 15 3 0 6 1 7 2 8 12 9 15 11 0 13 8 1 9 2 11 3 13 6 15 7 1 12 3 0 7 13 8 15 12
10

1 0 5 2 6 3 7 4 8 9 11 10 13 12 15 3 0 6 1 7 2 8 12 9 15 11 0 13 8 1 9 2 11 3 13 6 15 7 2 12 3 0 7 13 8 15 12
10

1 0 5 2 6 3 7 4 8 9 11 10 13 12 15 3 0 6 1 7 2 8 12 9 15 11 0 13 8 1 9 2 11 3 13 6 15 7 3 12 6 0 7 13 8 15 12
10

1 0 5 2 6 3 7 4 8 9 11 10 13 12 15 3 0 6 1 7 2 8 12 9 15 11 0 13 8 1 9 2 11 3 13 6 15 7 3 12 7 0 8 13 9 15 12
10

1 0 5 2 6 3 7 4 8 9 11 10 13 12 15 3 0 6 1 7 2 8 12 9 15 11 0 13 8 1 9 2 11 3 13 6 15 7 3 12 7 0 8 13 11 15 12
10

1 0 5 2 6 3 7 4 8 9 10 12 11 14 13 3 15 6 0 7 1 8 2 9 12 11 15 13 0 1 8 2 9 3 11 6 13 7 15 12 3 0 7 13 8 15 12
10

1 0 5 2 6 3 7 4 8 9 10 12 11 3 13 6 15 7 0 8 1 9 2 11 12 13 15 1 0 2 8 3 9 6 11 7 13 12 15 0 3 1 7 13 8 15 12
10

1 0 5 2 6 3 7 4 8 9 10 12 11 3 13 6 15 7 0 8 1 9 2 11 12 13 15 1 0 2 8 3 9 6 11 7 13 12 15 0 3 2 7 13 8 15 12
10

0 1 2 6 3 7 4 10 8 12 9 15 13 2 14 6 0 7 1 8 3 9 10 14 12 0 13 1 15 7 2 9 3 10 6 12 8 13 14 0 15 2 1 3 7 13 12 15
4

0 1 2 6 3 7 5 10 8 12 9 15 13 2 14 6 0 7 1 8 3 9 10 14 12 0 13 1 15 7 2 9 3 10 6 12 8 13 14 0 15 2 1 3 7 13 12 15
5

1 0 5 2 6 3 7 4 8 9 10 12 11 3 13 6 15 7 0 8 1 9 2 11 12 13 15 1 0 2 8 3 9 6 11 7 13 12 15 0 3 6 7 13 8 15 12
10

1 0 5 2 6 3 7 4 8 9 10 12 11 3 13 6 15 7 0 8 1 9 2 11 12 13 15 1 0 2 8 3 9 6 11 7 13 12 15 0 3 9 7 13 8 15 12
10

1 0 5 2 6 3 7 4 8 9 10 12 11 3 13 6 15 7 0 8 1 9 2 11 12 13 15 1 0 2 8 3 9 6 11 7 13 12 15 0 3 11 7 13 8 15 12
10

0 3 1 4 8 5 10 11 12 14 13 0 15 3 1 8 4 10 5 13 11 0 12 3 14 4 15 5 1 11 8 13 10 14 12 0 15 12 3 13 8 15
1

0 3 1 4 8 5 10 11 12 14 13 0 15 3 1 8 4 10 5 13 11 0 12 3 14 4 15 5 1 11 8 13 10 14 12 0 15 12 3 14 8 15
1

0 3 1 4 2 8 6 9 11 12 13 14 15 2 0 3 6 4 11 8 12 9 14 0 15 2 4 3 8 6 9 11 12 14 15 2 0 4 3 12 6 14 9 15 11
13

3 0 6 1 8 2 10 4 12 5 13 7 15 9 0 14 4 1 6 2 7 3 12 8 13 9 14 15 0 3 1 6 2 12 4 13 7 14 8 3 9 8 15 12 0 14 6 15
5

3 0 6 1 8 2 11 4 12 5 13 7 15 9 0 14 4 1 6 2 7 3 12 8 13 9 14 15 0 3 1 6 2 12 4 13 7 14 8 3 9 8 15 12 0 14 6 15
5

3 0 6 1 8 2 12 4 13 5 15 7 0 9 4 14 6 1 7 2 12 3 13 8 14 9 0 15 1 3 2 6 4 12 7 13 8 14 9 3 15 8 0 12 1 14 6 15
5

3 0 6 1 8 2 12 4 13 5 15 7 0 9 4 14 6 1 7 2 12 3 13 8 14 9 0 15 1 3 2 6 4 12 7 13 8 14 9 3 15 8 0 12 2 14 6 15
5

3 0 6 1 8 2 12 4 13 5 15 7 0 9 4 14 6 1 7 2 12 3 13 8 14 9 0 15 1 3 2 6 4 12 7 13 8 14 9 3 15 8 0 12 4 14 6 15
5

3 0 6 1 8 2 12 4 13 5 15 7 0 9 4 14 6 1 7 2 12 3 13 8 14 9 0 15 1 3 2 6 4 12 7 13 8 14 9 3 15 8 0 12 6 14 7 15
5

3 0 6 1 8 2 12 4 13 5 15 7 0 9 4 14 6 1 7 2 12 3 13 8 14 9 0 15 1 3 2 6 4 12 7 13 8 14 9 3 15 8 0 12 6 14 9 15
5

3 0 6 1 8 2 12 4 13 5 15 7 0 9 4 14 6 1 7 2 12 3 13 8 14 9 0 15 1 3 2 6 4 12 7 13 8 14 9 3 15 8 0 12 6 14 13 15
5

3 0 5 1 6 2 8 4 12 7 13 9 15 10 0 14 4 1 6 2 7 3 12 8 13 9 14 15 0 3 1 6 2 12 4 13 7 14 8 3 9 8 15 12 0 14 6 15
5

3 0 5 1 6 2 8 4 12 7 13 9 15 11 0 14 4 1 6 2 7 3 12 8 13 9 14 15 0 3 1 6 2 12 4 13 7 14 8 3 9 8 15 12 0 14 6 15
5

3 0 5 1 6 2 8 4 12 7 13 9 15 14 0 1 4 2 6 3 7 8 12 9 13 15 14 3 0 6 1 12 2 13 4 14 7 1 8 3 9 8 15 12 0 14 6 15
5

3 0 5 1 6 2 8 4 12 7 13 9 15 14 0 1 4 2 6 3 7 8 12 9 13 15 14 3 0 6 1 12 2 13 4 14 7 2 8 3 9 8 15 12 0 14 6 15
5

3 0 5 1 6 2 8 4 12 7 13 9 15 14 0 1 4 2 6 3 7 8 12 9 13 15 14 3 0 6 1 12 2 13 4 14 7 3 8 4 9 8 15 12 0 14 6 15
5

3 0 5 1 6 2 8 4 12 7 13 9 15 14 0 1 4 2 6 3 7 8 12 9 13 15 14 3 0 6 1 12 2 13 4 14 7 3 8 7 9 8 15 12 0 14 6 15
5

3 0 5 1 6 2 8 4 12 7 13 9 15 14 0 1 4 2 6 3 7 8 12 9 13 15 14 3 0 6 1 12 2 13 4 14 7 3 8 8 9 9 15 12 0 14 6 15
5

3 0 4 1 5 2 6 8 11 12 13 14 2 15 3 0 4 6 11 8 14 12 15 13 2 0 3 8 6 15 11 3 12 11 13 12 14 14 0 15 13
8

3 0 4 1 6 2 7 8 11 12 13 14 2 15 3 0 4 6 11 8 14 12 15 13 2 0 3 8 6 15 11 3 12 11 13 12 14 14 0 15 13
8

3 0 4 1 6 2 10 8 11 12 13 14 2 15 3 0 4 6 11 8 14 12 15 13 2 0 3 8 6 15 11 3 12 11 13 12 14 14 0 15 13
8

3 0 4 1 6 2 11 8 13 12 1 14 2 15 3 0 4 6 11 8 14 12 15 13 2 0 3 8 6 15 11 3 12 11 13 12 14 14 0 15 13
8

3 0 4 1 6 2 11 8 13 12 2 14 3 15 4 0 11 6 14 8 15 12 2 13 3 0 4 8 6 15 11 3 12 11 13 12 14 14 0 15 13
8

3 0 4 1 6 2 7 5 11 8 13 12 2 14 3 15 4 0 11 6 14 8 15 12 2 13 3 0 6 8 11 15 12 3 13 11 14 12 0 14 13 15
7

3 0 4 1 6 2 11 5 13 8 1 12 2 14 3 15 4 0 11 6 14 8 15 12 2 13 3 0 6 8 11 15 12 3 13 11 14 12 0 14 13 15
1

3 0 4 1 6 2 11 5 13 8 2 12 3 14 4 15 11 0 14 6 15 8 2 12 3 13 4 0 6 8 11 15 12 3 13 11 14 12 0 14 13 15
4

3 0 4 1 6 2 11 8 13 10 1 12 2 14 3 15 4 0 11 6 14 8 15 12 2 13 3 0 6 8 11 15 12 3 13 11 14 12 0 14 13 15
1

3 0 4 1 6 2 11 8 13 10 2 12 3 14 4 15 11 0 14 6 15 8 2 12 3 13 4 0 6 8 11 15 12 3 13 11 14 12 0 14 13 15
4

3 0 4 1 6 2 10 8 11 12 13 14 2 15 3 0 4 6 11 8 14 10 15 12 2 13 3 0 6 8 11 15 12 3 13 11 14 12 0 14 13 15
10

2 0 11 1 12 3 15 4 0 6 1 7 3 8 7 13 15 14 14 2 0 4 1 12 3 13 7 2 12 4 4 13 12 15 13 0 15 3
11

2 0 12 1 15 3 0 4 1 6 3 7 7 8 15 13 0 14 14 2 1 4 3 12 7 13 12 2 14 4 4 13 12 15 13 0 15 3
14

2 0 12 1 15 3 0 4 1 6 3 7 7 9 15 13 0 14 14 2 1 4 3 12 7 13 12 2 14 4 4 13 12 15 13 0 15 3
14

0 2 1 6 3 11 4 12 5 13 9 15 14 3 0 4 1 5 2 6 12 9 13 11 14 15 0 2 1 3 6 4 9 14 11 15 12 0 13 1 2 3 12 4 15
5

0 2 1 6 3 7 4 11 5 12 8 13 9 15 14 3 0 4 1 5 2 6 12 9 13 11 14 15 0 2 1 3 6 4 9 14 11 15 12 0 2 1 12 3 15 4
7

0 2 1 6 3 7 4 11 5 12 9 13 14 15 0 3 1 4 2 5 12 6 13 9 14 11 0 15 1 2 6 3 9 4 11 14 12 15 2 0 6 1 12 3 15 4
7

0 2 1 6 3 7 4 11 5 12 9 13 14 15 0 3 1 4 2 5 12 6 13 9 14 11 0 15 1 2 6 3 9 4 11 14 12 15 2 0 9 1 12 3 15 4
7

0 2 1 6 3 7 4 11 5 12 9 13 14 15 0 3 1 4 2 5 12 6 13 9 14 11 0 15 1 2 6 3 9 4 11 14 12 15 2 0 11 1 12 3 15 4
7

0 2 1 6 3 7 4 11 5 12 9 13 14 15 0 3 1 4 2 5 12 6 13 9 14 11 0 15 1 2 6 3 9 4 11 14 12 15 2 0 12 1 14 3 15 4
7

0 2 1 6 3 8 4 11 5 12 7 13 9 15 14 3 0 4 1 5 2 6 12 9 13 11 14 15 0 2 1 3 6 4 9 14 11 15 12 0 2 1 12 3 15 4
7

0 2 1 6 3 8 4 11 5 12 9 13 10 15 14 3 0 4 1 5 2 6 12 9 13 11 14 15 0 2 1 3 6 4 9 14 11 15 12 0 2 1 12 3 15 4
10

0 2 1 6 3 8 4 11 5 12 9 13 14 15 0 3 1 4 2 5 12 6 13 9 14 11 0 15 1 2 6 3 9 4 11 14 12 15 13 0 2 1 12 3 15 4
5

0 2 1 6 3 10 4 11 5 12 8 13 9 15 14 3 0 4 1 5 2 6 12 9 13 11 14 15 0 2 1 3 6 4 9 14 11 15 12 0 2 1 12 3 15 4
10

0 2 1 6 3 11 4 12 5 13 7 15 9 3 14 4 0 5 1 6 2 9 12 11 13 15 14 2 0 3 1 4 6 13 9 14 11 15 12 0 2 1 12 3 15 4
7

0 2 1 6 3 11 4 12 5 13 9 15 10 3 14 4 0 5 1 6 2 9 12 11 13 15 14 2 0 3 1 4 6 13 9 14 11 15 12 0 2 1 12 3 15 4
10

0 2 1 6 3 11 4 12 5 13 9 15 14 3 0 4 1 5 2 6 12 9 13 11 14 15 0 2 1 3 6 4 9 13 11 14 12 15 2 0 12 1 14 3 15 4
13

0 2 1 6 3 11 4 12 5 13 7 15 9 3 14 4 0 5 1 6 2 9 12 11 13 15 14 2 0 3 1 4 6 14 9 15 11 0 12 1 2 3 12 4 15 6
7

0 2 1 6 3 11 4 12 5 13 9 15 14 3 0 4 1 5 2 6 12 9 13 11 14 15 0 2 1 3 6 4 9 14 11 15 12 0 13 1 2 3 12 4 15 6
5

2 0 5 1 6 3 7 4 8 9 15 12 1 13 5 14 6 0 8 2 9 3 12 7 14 13 2 15 6 0 12 3 14 5 15 7 0 8 3 9 8 13 9 2 12 6 13 7 15
1

2 0 5 1 6 3 7 4 8 9 15 11 1 12 5 13 6 14 8 0 9 2 12 3 14 7 2 13 6 15 12 0 14 3 15 5 0 7 3 8 8 9 9 13 12 2 13 6 15 7
14

2 0 5 1 6 3 7 4 8 9 10 12 15 13 1 14 5 0 6 2 8 3 9 7 12 13 14 15 2 0 6 3 12 5 15 7 0 8 3 9 8 13 9 14 12 2 13 6 15 7
14

2 0 5 1 6 3 7 4 8 9 11 12 15 13 1 14 5 0 6 2 8 3 9 7 12 13 14 15 2 0 6 3 12 5 15 7 0 8 3 9 8 13 9 14 12 2 13 6 15 7
14

2 0 5 1 6 3 7 4 8 9 15 12 1 13 4 14 5 0 6 2 8 3 9 7 12 13 14 15 2 0 6 3 12 5 15 7 0 8 3 9 8 13 9 14 12 2 13 6 15 7
14

0 2 1 5 3 7 4 10 6 11 8 12 9 0 13 1 14 8 15 12 2 13 3 15 4 0 5 2 6 3 9 5 1 8 4 12 6 15 13 0 2 4 3 5 12 6 13 8 15
14

0 2 1 5 3 7 4 10 6 11 8 12 9 0 13 1 15 8 2 12 3 13 4 15 5 0 6 2 9 3 10 5 1 8 4 12 6 15 13 0 2 4 3 5 12 6 13 8 15
10

0 2 1 5 3 10 4 11 6 12 7 14 8 0 9 1 13 8 15 12 2 13 3 15 4 0 5 2 6 3 9 5 1 8 4 12 6 15 13 0 2 4 3 5 12 6 13 8 15
14

0 2 1 5 3 10 4 11 6 12 8 14 9 0 13 1 15 8 2 12 3 13 4 15 5 0 6 2 9 3 11 5 1 8 4 12 6 15 13 0 2 4 3 5 12 6 13 8 15
14

0 2 1 5 3 10 4 11 6 12 8 14 9 0 13 1 15 8 2 12 3 13 4 15 5 0 6 2 9 3 1 5 4 8 6 12 13 15 1 0 2 4 3 5 12 6 13 8 15
14

0 2 1 5 3 10 4 11 6 12 8 0 9 1 13 8 14 11 15 12 2 13 3 15 4 0 5 2 6 3 9 5 1 8 4 12 6 15 13 0 2 4 3 5 12 6 13 8 15
14

0 2 1 5 3 10 4 11 6 12 8 0 9 1 13 8 15 11 2 12 3 13 4 15 5 0 6 2 9 3 10 5 1 8 4 12 6 15 13 0 2 4 3 5 12 6 13 8 15
10

0 2 1 5 3 10 4 11 6 12 8 0 9 1 13 8 15 12 2 13 3 15 4 0 5 2 6 3 9 5 10 8 1 9 4 12 6 15 13 0 2 4 3 5 12 6 13 8 15
10

0 2 1 5 3 10 4 11 6 12 8 0 9 1 13 8 14 12 15 13 2 15 3 0 4 2 5 3 6 5 9 8 1 12 4 15 6 0 13 1 2 4 3 5 12 6 13 8 15
14

0 2 1 5 3 10 4 11 6 12 8 0 9 1 13 8 15 12 2 13 3 15 4 0 5 2 6 3 9 5 10 8 1 12 4 15 6 0 13 1 2 4 3 5 12 6 13 8 15
10

0 2 1 6 3 11 4 12 5 13 7 15 9 3 14 4 0 5 1 6 2 9 12 11 13 15 14 2 0 3 1 4 6 14 9 15 11 0 12 1 2 3 12 4 15 9
7

0 2 1 6 3 11 4 12 5 13 9 15 14 3 0 4 1 5 2 6 12 9 13 11 14 15 0 2 1 3 6 4 9 14 11 15 12 0 13 1 2 3 12 4 15 9
5

0 2 1 3 6 4 9 5 11 7 13 8 14 10 15 12 3 0 4 1 10 2 12 5 13 6 15 7 1 9 2 14 3 0 5 4 6 10 7 12 14 13 3 15 4 0 12 2 14 10
11

0 2 1 3 6 4 9 5 13 7 14 8 15 10 3 12 4 0 10 1 12 2 13 5 15 6 1 7 2 9 3 14 5 0 6 4 7 10 14 12 3 13 4 15 12 0 13 2 14 10
15

0 2 1 3 6 4 9 5 13 7 14 8 15 10 3 12 4 0 10 1 12 2 13 5 15 6 1 7 2 9 3 14 5 0 6 4 7 10 14 12 3 13 4 15 12 0 14 2 15 10
13

0 2 1 3 6 4 8 5 9 7 13 10 14 11 15 12 3 0 4 1 10 2 12 5 13 6 15 7 1 9 2 14 3 0 5 4 6 10 7 12 14 13 3 15 4 0 12 2 14 10
11

0 2 1 3 6 4 9 5 13 7 14 10 15 12 3 0 4 1 10 2 12 5 13 6 15 7 1 9 2 14 3 0 5 4 6 10 7 12 14 13 3 15 4 0 12 2 13 5 14 10
15

1 0 3 2 9 4 10 6 11 7 12 8 15 13 1 14 2 0 4 3 7 6 9 8 10 15 11 2 12 6 13 7 1 9 3 10 8 11 15 12 6 13 7 1 8 2 10 3 12 11 15
5

1 0 3 2 9 4 10 6 11 7 12 8 15 13 1 14 2 0 7 3 9 6 10 8 11 15 12 2 13 6 1 7 3 9 8 10 15 11 6 12 7 13 8 1 9 2 10 3 12 11 15
5

1 0 3 2 9 4 10 6 11 7 12 8 15 13 1 14 2 0 7 3 9 6 10 8 11 15 12 2 13 6 1 7 3 9 8 10 15 11 6 12 7 13 8 1 10 2 12 3 13 11 15
5

1 0 3 2 9 4 10 6 11 7 12 8 15 13 1 14 2 0 7 3 9 4 10 6 11 8 12 15 13 2 14 6 1 7 3 9 8 10 15 11 6 12 7 13 8 1 10 2 12 3 15 11
14

1 0 3 2 9 4 10 6 11 7 12 8 15 13 1 14 2 0 7 3 9 4 10 6 11 8 12 15 13 2 0 6 1 7 3 9 8 10 15 11 6 12 7 13 8 1 10 2 12 3 15 11
0

1 0 3 2 9 4 10 6 11 7 12 8 15 13 1 14 2 0 4 3 7 6 9 8 10 14 11 15 12 2 13 6 1 7 3 9 8 10 15 11 6 12 7 13 8 1 10 2 12 3 15 11
14

1 0 3 2 9 4 10 6 11 7 12 8 15 13 1 14 2 0 7 3 9 6 10 8 11 14 12 15 13 2 1 6 3 7 8 9 15 10 6 11 7 12 8 13 9 1 10 2 12 3 15 11
14

1 0 3 2 9 4 10 6 11 7 12 8 15 13 1 14 2 0 7 3 9 6 10 8 11 14 12 15 13 2 1 6 3 7 8 9 15 10 6 11 7 12 8 13 10 1 12 2 13 3 15 11
14

1 0 3 2 9 4 10 6 11 7 12 8 15 13 1 14 2 0 4 3 7 6 9 8 10 15 11 0 12 2 13 6 1 7 3 9 8 10 15 11 6 12 7 13 8 1 10 2 12 3 15 11
0

1 0 3 2 9 4 10 6 11 7 12 8 15 13 1 14 2 0 7 3 9 6 10 8 11 15 12 0 13 2 1 6 3 7 8 9 15 10 6 11 7 12 8 13 9 1 10 2 12 3 15 11
0

1 0 3 2 9 4 10 6 11 7 12 8 15 13 1 14 2 0 7 3 9 6 10 8 11 15 12 0 13 2 1 6 3 7 8 9 15 10 6 11 7 12 8 13 10 1 12 2 13 3 15 11
0

0 2 1 6 3 11 4 12 5 13 7 15 9 3 14 4 0 5 1 6 2 9 12 11 13 15 14 2 0 3 1 4 6 14 9 15 11 0 12 1 2 3 12 4 15 11
7

0 2 1 6 3 11 4 12 5 13 9 15 14 3 0 4 1 5 2 6 12 9 13 11 14 15 0 2 1 3 6 4 9 14 11 15 12 0 13 1 2 3 12 4 15 11
5

1 0 3 2 9 4 10 6 11 7 12 8 15 13 1 14 2 0 7 3 9 6 10 8 11 15 12 2 13 6 14 7 1 9 3 10 8 11 15 12 6 13 7 1 8 2 10 3 12 9 15 11
14

1 0 3 2 9 4 10 6 11 7 12 8 15 13 1 14 2 0 7 3 9 6 10 8 11 15 12 2 13 6 0 7 1 9 3 10 8 11 15 12 6 13 7 1 8 2 10 3 12 9 15 11
0

0 1 2 6 3 8 4 9 7 11 10 12 13 15 3 0 9 1 11 2 15 7 0 8 1 10 2 12 7 13 8 3 11 9 13 10 15 12 3 0 7 2 8 10 12 11 15
4

0 1 2 4 3 6 5 8 7 9 10 11 13 12 3 15 9 0 11 1 15 2 0 7 1 8 2 10 7 12 8 13 11 3 13 9 15 10 3 12 7 0 8 2 12 10 15 11
4

0 1 2 4 3 6 7 8 10 9 13 11 14 12 3 15 9 0 11 1 15 2 0 7 1 8 2 10 7 12 8 13 11 3 13 9 15 10 3 12 7 0 8 2 12 10 15 11
4

0 1 2 4 3 6 7 8 10 9 13 11 3 12 6 15 9 0 11 1 15 2 0 7 1 8 2 10 7 12 8 13 11 3 13 9 15 10 3 12 7 0 8 2 12 10 15 11
4

0 1 2 4 3 6 7 8 10 9 13 11 3 12 9 15 11 0 15 1 0 2 1 7 2 8 7 10 8 12 11 13 13 3 15 9 1 10 3 12 7 0 8 2 12 10 15 11
4

0 1 2 4 3 6 7 8 10 9 13 11 3 12 9 15 11 0 15 1 0 2 1 7 2 8 7 10 8 12 11 13 13 3 15 9 3 10 7 12 8 0 9 2 12 10 15 11
4

0 1 2 4 3 6 7 8 10 9 13 11 3 12 9 15 11 0 15 1 0 2 1 7 2 8 7 10 8 12 11 13 13 3 15 9 3 10 7 12 8 0 12 2 13 10 15 11
4

0 1 2 5 3 6 4 8 7 9 10 11 13 12 3 15 9 0 11 1 15 2 0 7 1 8 2 10 7 12 8 13 11 3 13 9 15 10 3 12 7 0 8 2 12 10 15 11
4

0 1 2 6 3 8 4 9 7 11 10 12 13 14 3 15 9 0 11 1 15 2 0 7 1 8 2 10 7 12 8 13 11 3 13 9 15 10 3 12 7 0 8 2 12 10 15 11
4

0 1 2 6 3 8 4 9 7 11 10 12 13 15 3 0 9 1 11 2 15 6 0 7 1 8 2 10 7 12 8 13 11 3 13 9 15 10 3 12 7 0 8 2 12 10 15 11
4

0 1 2 6 3 8 4 9 7 11 10 12 13 15 3 0 9 1 11 2 15 7 0 8 1 10 2 12 7 13 8 3 11 9 13 10 15 12 3 0 7 1 8 2 12 10 15 11
4

0 1 2 6 3 8 4 9 7 11 10 12 13 15 3 0 9 1 11 2 15 7 0 8 1 10 2 12 7 13 8 3 11 9 13 10 15 12 3 0 7 2 8 9 12 10 15 11
4

0 1 3 2 4 5 6 9 7 12 8 15 10 1 13 4 14 6 0 10 2 0 3 1 7 2 8 6 9 8 12 9 13 10 15 12 3 13 4 0 7 3 15 7 1 12 15
14

0 1 3 2 4 5 6 9 7 12 8 15 10 1 13 4 0 6 2 10 3 0 5 1 7 2 8 6 9 8 12 9 13 10 15 12 3 13 4 0 7 3 15 7 1 12 15
5

0 1 3 2 4 5 6 9 7 12 8 14 10 15 13 1 0 4 2 6 3 10 7 0 8 1 9 2 12 6 13 8 15 9 3 10 4 12 7 13 15 0 1 3 2 7 15 12
14

0 1 3 2 4 5 6 9 7 12 8 14 10 15 13 1 0 4 2 6 3 10 7 0 8 1 9 2 12 6 13 8 15 9 3 10 4 12 7 13 15 0 1 3 4 7 15 12
14

0 1 3 2 4 5 6 9 7 12 8 14 10 15 13 1 0 4 2 6 3 10 7 0 8 1 9 2 12 6 13 8 15 9 3 10 4 12 7 13 15 0 1 3 6 7 15 12
14

0 1 3 2 4 5 6 9 7 12 8 14 10 15 13 1 0 4 2 6 3 10 7 0 8 1 9 2 12 6 13 8 15 9 3 10 4 12 7 13 15 0 1 3 8 7 15 12
14

0 1 3 2 4 5 6 9 7 12 8 14 10 15 13 1 0 4 2 6 3 10 7 0 8 1 9 2 12 6 13 8 15 9 3 10 4 12 7 13 15 0 1 3 9 7 15 12
14

0 1 3 2 4 5 6 9 7 12 8 14 10 15 13 1 0 4 2 6 3 10 7 0 8 1 9 2 12 6 13 8 15 9 3 10 4 12 7 13 15 0 1 3 10 7 15 12
14

0 1 3 2 4 5 6 9 7 12 8 14 10 15 13 1 0 4 2 6 3 10 7 0 8 1 9 2 12 6 13 8 15 9 3 10 4 12 7 13 15 0 1 3 13 7 15 12
14

0 1 3 2 4 5 6 9 7 12 8 15 10 1 13 4 0 5 2 6 3 10 7 0 8 1 9 2 12 6 13 8 15 9 3 10 4 12 7 13 15 0 1 3 2 7 15 12
5

0 1 3 2 4 5 6 9 7 12 8 15 10 1 13 4 0 5 2 6 3 10 7 0 8 1 9 2 12 6 13 8 15 9 3 10 4 12 7 13 15 0 1 3 4 7 15 12
5

0 1 3 2 4 5 6 9 7 12 8 15 10 1 13 4 0 5 2 6 3 10 7 0 8 1 9 2 12 6 13 8 15 9 3 10 4 12 7 13 15 0 1 3 6 7 15 12
5

0 1 3 2 4 5 6 9 7 12 8 15 10 1 13 4 0 5 2 6 3 10 7 0 8 1 9 2 12 6 13 8 15 9 3 10 4 12 7 13 15 0 1 3 8 7 15 12
5

0 1 3 2 4 5 6 9 7 12 8 15 10 1 13 4 0 5 2 6 3 10 7 0 8 1 9 2 12 6 13 8 15 9 3 10 4 12 7 13 15 0 1 3 9 7 15 12
5

0 1 3 2 4 5 6 9 7 12 8 15 10 1 13 4 0 5 2 6 3 10 7 0 8 1 9 2 12 6 13 8 15 9 3 10 4 12 7 13 15 0 1 3 10 7 15 12
5

0 1 3 2 4 5 6 9 7 12 8 15 10 1 13 4 0 5 2 6 3 10 7 0 8 1 9 2 12 6 13 8 15 9 3 10 4 12 7 13 15 0 1 3 13 7 15 12
5

0 1 3 2 4 5 6 9 7 12 8 15 10 1 11 4 13 6 0 10 2 11 3 0 7 1 8 2 9 6 12 8 13 9 15 10 3 12 4 13 7 0 15 3 1 7 15 12
11

0 1 3 2 4 5 6 9 7 12 8 15 10 1 11 4 13 6 0 10 2 0 3 1 7 2 8 6 9 8 12 9 13 10 15 12 3 13 4 0 7 2 15 3 1 7 15 12
11

0 1 3 2 4 5 6 9 7 12 8 15 10 1 13 4 14 6 0 10 2 0 3 1 7 2 8 6 9 8 12 9 13 10 15 12 3 13 4 0 7 2 15 3 1 7 15 12
14

0 1 3 2 4 5 6 9 7 12 8 15 10 1 13 4 0 6 2 10 3 0 5 1 7 2 8 6 9 8 12 9 13 10 15 12 3 13 4 0 7 2 15 3 1 7 15 12
5

0 1 3 2 4 5 6 9 7 12 8 15 10 1 13 4 14 6 0 10 2 0 3 1 7 2 8 6 9 8 12 9 13 10 15 12 3 13 4 0 7 3 15 4 1 7 15 12
14

0 1 3 2 4 5 6 9 7 12 8 15 10 1 13 4 0 6 2 10 3 0 5 1 7 2 8 6 9 8 12 9 13 10 15 12 3 13 4 0 7 3 15 4 1 7 15 12
5

0 1 3 2 4 5 6 9 7 12 8 15 10 1 13 4 14 6 0 10 2 0 3 1 7 2 8 6 9 8 12 9 13 10 15 12 3 13 4 0 7 3 15 6 1 7 15 12
14

0 1 3 2 4 5 6 9 7 12 8 15 10 1 13 4 0 6 2 10 3 0 5 1 7 2 8 6 9 8 12 9 13 10 15 12 3 13 4 0 7 3 15 6 1 7 15 12
5

3 0 4 1 9 2 12 5 15 6 2 7 3 13 6 0 7 1 12 4 13 5 15 9 0 1 3 2 4 6 5 7 9 12 0 13 1 15 2 5 4 6 9 7 13 12 15
3

3 0 4 1 9 2 12 5 14 6 15 7 2 13 3 0 6 1 7 4 12 5 13 9 15 14 0 1 4 2 5 6 9 7 0 12 1 13 2 15 4 5 9 6 13 7 15 12
14

0 1 3 2 4 5 6 9 7 12 8 15 10 1 13 4 14 6 0 10 2 0 3 1 7 2 8 6 9 8 12 9 13 10 15 12 3 13 4 0 7 3 15 7 1 8 15 12
14

0 1 3 2 4 5 6 9 7 12 8 15 10 1 13 4 0 6 2 10 3 0 5 1 7 2 8 6 9 8 12 9 13 10 15 12 3 13 4 0 7 3 15 7 1 8 15 12
5

0 1 3 2 4 5 6 9 7 12 8 15 10 1 13 4 14 6 0 10 2 0 3 1 7 2 8 6 9 8 12 9 13 10 15 12 3 13 4 0 7 3 15 7 1 9 15 12
14

0 1 3 2 4 5 6 9 7 12 8 15 10 1 13 4 0 6 2 10 3 0 5 1 7 2 8 6 9 8 12 9 13 10 15 12 3 13 4 0 7 3 15 7 1 9 15 12
5

0 1 2 3 4 6 5 10 8 12 9 14 11 0 13 1 15 4 2 6 3 8 9 15 10 1 11 2 12 3 13 6 14 11 0 12 4 13 8 15 9 0 14 2 1 8 3 9 4 12 15
6

0 1 2 3 4 6 7 10 8 12 9 14 11 0 13 1 15 4 2 6 3 8 9 15 10 1 11 2 12 3 13 6 14 11 0 12 4 13 8 15 9 0 14 2 1 8 3 9 4 12 15
6

0 1 2 3 4 6 8 10 9 12 11 14 13 0 15 1 2 4 3 6 9 8 10 15 11 1 12 2 13 3 14 6 0 11 4 12 8 13 9 15 14 0 1 2 3 8 4 9 11 12 15
6

0 1 2 3 4 6 8 10 9 12 11 14 13 0 15 1 2 4 3 6 9 8 10 15 11 1 12 2 13 3 14 6 0 11 4 12 8 13 9 15 14 0 1 2 3 8 4 9 13 12 15
6

0 1 2 3 4 6 8 10 9 12 11 14 13 0 15 1 2 4 3 6 9 8 10 15 11 1 12 2 13 3 14 6 0 11 4 12 8 13 9 15 14 0 1 2 3 8 4 9 14 12 15
6

0 1 2 3 4 6 5 10 8 12 9 14 11 0 13 1 15 4 2 5 3 6 9 8 10 15 11 1 12 2 13 3 14 6 0 11 4 12 8 13 9 15 14 0 1 2 3 8 4 9 15 12
5

0 1 2 3 4 6 7 10 8 12 9 14 11 0 13 1 15 4 2 6 3 7 9 8 10 15 11 1 12 2 13 3 14 6 0 11 4 12 8 13 9 15 14 0 1 2 3 8 4 9 15 12
7

0 1 3 2 4 5 6 9 7 12 8 15 10 1 13 4 14 6 0 10 2 0 3 1 7 2 8 6 9 8 12 9 13 10 15 12 3 13 4 0 7 3 15 7 1 10 15 12
14

0 1 3 2 4 5 6 9 7 12 8 15 10 1 13 4 0 6 2 10 3 0 5 1 7 2 8 6 9 8 12 9 13 10 15 12 3 13 4 0 7 3 15 7 1 10 15 12
5

0 1 2 3 4 6 8 10 9 12 11 14 13 0 15 1 2 4 3 6 9 8 10 15 11 1 12 2 13 3 14 6 0 11 4 12 8 13 9 15 10 0 14 2 1 8 3 9 4 10 15 12
11

0 2 1 4 3 8 6 9 7 10 11 12 13 14 1 15 3 0 8 2 10 6 14 7 15 9 0 11 1 12 6 13 9 2 11 3 12 8 14 13 0 15 2 1 3 11 15 12
8

0 2 1 4 3 8 6 9 7 10 11 12 13 14 1 15 3 0 8 2 14 6 15 7 0 9 1 11 6 12 9 13 11 2 12 3 14 8 0 13 2 15 3 1 8 11 15 12
10

0 1 3 2 7 4 8 5 9 11 10 14 12 15 3 0 12 1 14 2 15 4 2 8 8 10 10 11 11 0 12 1 14 3 1 4 3 15 4 0 8 2 10 11 14 12 15
9

0 1 3 2 7 4 8 6 9 11 10 14 12 15 3 0 12 1 14 2 15 4 2 8 8 10 10 11 11 0 12 1 14 3 1 4 3 15 4 0 8 2 10 11 14 12 15
9

0 1 3 2 7 4 8 6 10 11 12 14 3 15 6 0 12 1 14 2 15 4 2 8 8 10 10 11 11 0 12 1 14 3 1 4 3 15 4 0 8 2 10 11 14 12 15
6

0 1 3 2 5 4 7 9 8 11 10 14 12 15 3 0 12 1 14 2 15 4 2 8 8 10 10 11 11 0 12 1 14 3 1 4 3 15 4 0 8 2 10 11 14 12 15
9

0 1 3 2 6 4 7 9 8 11 10 14 12 15 3 0 12 1 14 2 15 4 2 8 8 10 10 11 11 0 12 1 14 3 1 4 3 15 4 0 8 2 10 11 14 12 15
9

0 1 3 2 7 4 8 9 10 11 12 14 13 15 3 0 12 1 14 2 15 4 2 8 8 10 10 11 11 0 12 1 14 3 1 4 3 15 4 0 8 2 10 11 14 12 15
9

0 1 3 2 7 4 8 11 9 13 10 14 12 15 3 0 12 1 14 2 15 4 2 8 8 10 10 11 11 0 12 1 14 3 1 4 3 15 4 0 8 2 10 11 14 12 15
9

0 1 3 2 7 4 8 11 9 14 10 15 12 0 3 1 12 2 14 4 15 7 2 8 8 10 10 11 11 0 12 1 14 3 1 4 3 15 4 0 8 2 10 11 14 12 15
9

3 0 4 1 5 2 9 6 11 7 12 13 15 0 1 3 2 4 6 5 11 7 12 9 13 15 0 2 1 4 3 6 5 11 7 12 9 13 15 0 1 2 4 3 5 6 7 11 13 12 15
9

3 0 4 1 5 2 9 6 11 7 12 8 15 13 1 0 2 3 6 4 11 5 12 7 13 9 0 15 1 2 3 4 5 6 7 11 9 12 15 13 1 0 4 2 5 3 7 6 9 11 15 12
13

3 0 4 1 5 2 9 6 11 7 12 8 15 13 1 0 2 3 6 4 11 5 12 7 13 9 0 15 1 2 3 4 5 6 7 11 9 12 15 13 1 0 4 2 5 3 7 6 13 11 15 12
9

3 0 4 1 5 2 9 6 11 7 12 10 15 13 1 0 2 3 6 4 11 5 12 7 13 9 0 15 1 2 3 4 5 6 7 11 9 12 15 13 1 0 4 2 5 3 7 6 9 11 15 12
13

3 0 4 1 5 2 9 6 11 7 12 10 15 13 1 0 2 3 6 4 11 5 12 7 13 9 0 15 1 2 3 4 5 6 7 11 9 12 15 13 1 0 4 2 5 3 7 6 13 11 15 12
9

3 0 4 1 5 2 8 6 9 7 11 13 12 14 15 0 1 3 2 4 6 5 11 7 12 9 13 15 0 2 1 4 3 6 5 11 7 12 9 13 15 0 1 2 4 3 5 6 7 11 15 12
10

3 0 4 1 5 2 9 6 10 7 11 13 12 14 15 0 1 3 2 4 6 5 11 7 12 9 13 15 0 2 1 4 3 6 5 11 7 12 9 13 15 0 1 2 4 3 5 6 7 11 15 12
8

3 0 4 1 5 2 9 6 11 7 12 13 15 14 1 0 2 3 6 4 11 5 12 7 13 9 0 15 1 2 3 4 5 6 7 11 9 12 15 13 1 0 4 2 5 3 7 6 9 11 15 12
13

3 0 4 1 5 2 9 6 11 7 12 13 15 14 1 0 2 3 6 4 11 5 12 7 13 9 0 15 1 2 3 4 5 6 7 11 9 12 15 13 1 0 4 2 5 3 7 6 13 11 15 12
9

3 0 4 1 5 2 8 6 9 7 11 13 12 0 15 3 1 4 2 5 6 7 11 8 12 9 13 15 0 2 1 4 3 6 5 11 7 12 9 13 15 0 1 2 4 3 5 6 7 11 15 12
10

0 2 1 8 3 9 6 10 7 12 11 14 13 15 1 0 3 2 8 6 10 7 14 9 15 11 0 12 1 13 6 2 9 3 11 8 12 13 14 15 0 1 2 9 3 11 15 12
8

0 2 1 5 3 6 7 8 10 12 13 14 1 15 3 0 5 2 6 7 8 10 13 12 15 14 0 1 6 2 7 3 12 8 15 10 2 13 3 14 8 0 12 1 14 13 15
5

2 0 3 1 4 7 6 8 9 11 15 12 0 13 3 14 8 1 11 2 13 4 14 6 1 9 2 12 3 15 4 0 8 11 9 13 12 14 0 15 8 1 12 3 14 4 15 13
6

0 2 1 6 3 11 4 12 5 13 9 15 14 3 0 4 1 5 2 6 12 9 13 11 14 15 0 2 1 3 6 4 9 14 11 15 12 0 13 1 2 3 12 4 15 13
5

3 0 4 1 8 2 9 5 10 6 12 7 14 13 1 15 3 0 6 4 10 5 14 7 15 12 0 13 4 1 5 3 7 6 13 10 15 12 3 14 4 0 12 7 14 13 15
8

3 0 4 1 9 2 10 5 12 6 14 7 1 13 3 15 6 0 9 4 10 5 14 7 15 12 0 13 4 1 5 3 7 6 13 10 15 12 3 14 4 0 12 7 14 13 15
9

3 0 4 1 9 5 10 6 11 7 12 8 14 13 1 15 3 0 6 4 10 5 14 7 15 12 0 13 4 1 5 3 7 6 13 10 15 12 3 14 4 0 12 7 14 13 15
8

3 0 4 1 9 5 10 6 12 7 14 8 1 13 3 15 6 0 10 4 14 5 15 7 0 12 4 13 5 1 7 3 13 6 15 10 1 12 3 14 4 0 12 7 14 13 15
8

3 0 4 1 9 5 10 6 12 7 14 8 1 13 3 15 6 0 10 4 14 5 15 7 0 12 4 13 5 1 7 3 13 6 15 10 3 12 4 14 5 0 12 7 14 13 15
8

3 0 4 1 9 5 10 6 12 7 14 8 1 13 3 15 6 0 10 4 14 5 15 7 0 12 4 13 5 1 7 3 13 6 15 10 3 12 4 14 6 0 12 7 14 13 15
8

3 0 4 1 9 5 10 6 12 7 14 8 1 13 3 15 6 0 10 4 14 5 15 7 0 12 4 13 5 1 7 3 13 6 15 10 3 12 4 14 10 0 12 7 14 13 15
8

3 0 4 1 8 5 9 6 10 7 12 11 14 13 1 15 3 0 6 4 10 5 14 7 15 12 0 13 4 1 5 3 7 6 13 10 15 12 3 14 4 0 12 7 14 13 15
8

3 0 4 1 9 5 10 6 12 7 14 11 1 13 3 15 6 0 9 4 10 5 14 7 15 12 0 13 4 1 5 3 7 6 13 10 15 12 3 14 4 0 12 7 14 13 15
9

3 0 4 1 9 5 10 6 12 7 14 13 1 15 3 0 6 4 10 5 14 7 15 9 0 12 4 13 5 1 7 3 13 6 15 10 3 12 4 14 12 0 14 7 15 13
9

2 0 3 1 4 5 9 6 10 7 12 13 14 15 1 0 3 4 6 5 10 7 14 9 15 12 0 13 4 1 5 3 7 6 13 10 15 12 3 14 4 0 12 7 14 13 15
9

3 0 4 1 9 5 10 6 11 7 12 13 14 15 1 0 3 4 6 5 10 7 14 9 15 12 0 13 4 1 5 3 7 6 13 10 15 12 3 14 4 0 12 7 14 13 15
9

3 0 4 1 9 5 10 6 12 7 14 13 1 15 3 0 6 4 10 5 14 7 15 9 0 12 4 13 5 1 7 3 13 6 15 10 1 12 3 14 4 0 12 7 14 13 15
9

3 0 4 1 9 5 10 6 12 7 14 13 1 15 3 0 6 4 10 5 14 7 15 9 0 12 4 13 5 1 7 3 13 6 15 10 3 12 4 14 5 0 12 7 14 13 15
9

3 0 4 1 9 5 10 6 12 7 14 13 1 15 3 0 6 4 10 5 14 7 15 9 0 12 4 13 5 1 7 3 13 6 15 10 3 12 4 14 6 0 12 7 14 13 15
9

3 0 4 1 9 5 10 6 12 7 14 13 1 15 3 0 6 4 10 5 14 7 15 9 0 12 4 13 5 1 7 3 13 6 15 10 3 12 4 14 10 0 12 7 14 13 15
9

3 0 4 1 8 5 9 6 10 7 12 13 14 15 1 0 3 4 6 5 10 7 14 12 15 13 0 1 4 3 5 6 7 10 13 12 15 14 3 0 4 1 12 7 14 13 15
8

3 0 4 1 9 5 10 6 12 7 14 13 1 15 3 0 6 4 9 5 10 7 14 12 15 13 0 1 4 3 5 6 7 10 13 12 15 14 3 0 4 1 12 7 14 13 15
9

3 0 4 1 8 5 9 6 10 7 12 13 14 15 1 0 3 4 6 5 10 7 14 12 15 13 0 1 4 3 5 6 7 10 13 12 15 14 3 0 4 5 12 7 14 13 15
8

3 0 4 1 9 5 10 6 12 7 14 13 1 15 3 0 6 4 9 5 10 7 14 12 15 13 0 1 4 3 5 6 7 10 13 12 15 14 3 0 4 5 12 7 14 13 15
9

3 0 4 1 8 5 9 6 10 7 12 13 14 15 1 0 3 4 6 5 10 7 14 12 15 13 0 1 4 3 5 6 7 10 13 12 15 14 3 0 4 6 12 7 14 13 15
8

3 0 4 1 9 5 10 6 12 7 14 13 1 15 3 0 6 4 9 5 10 7 14 12 15 13 0 1 4 3 5 6 7 10 13 12 15 14 3 0 4 6 12 7 14 13 15
9

0 1 2 3 4 6 5 8 7 9 12 10 13 15 14 0 2 1 3 5 4 7 6 9 8 12 13 0 14 2 15 3 1 5 7 12 9 13 15 14 0 3 2 7 5 9 12 13 15
11

0 1 2 3 4 6 5 8 7 9 12 10 13 15 14 0 2 1 3 5 4 7 6 9 13 12 14 0 15 2 1 3 4 5 7 12 9 13 15 14 0 3 2 7 5 9 12 13 15
11

0 1 2 3 4 6 5 8 7 9 12 10 13 15 14 0 2 1 3 5 4 7 6 9 13 12 14 0 15 2 1 3 6 5 7 12 9 13 15 14 0 3 2 7 5 9 12 13 15
11

0 1 2 3 4 6 5 8 7 9 12 10 13 15 14 0 2 1 3 5 4 7 6 9 13 12 14 0 15 2 1 3 7 5 9 12 15 13 0 14 1 3 2 7 5 9 12 13 15
11

0 1 2 3 4 6 5 8 7 9 12 10 13 15 14 0 2 1 3 5 4 7 6 9 13 12 14 0 15 2 1 3 7 5 9 12 15 13 0 14 2 3 5 7 12 9 14 13 15
11

0 1 2 3 4 6 5 8 7 9 12 11 13 15 14 0 2 1 3 5 4 7 6 9 8 12 13 0 14 2 15 3 1 5 7 12 9 13 15 14 0 3 2 7 5 9 12 13 15
10

0 1 2 3 4 6 5 8 7 9 12 11 13 15 14 0 2 1 3 5 4 7 6 9 11 12 13 0 14 2 15 3 1 5 7 12 9 13 15 14 0 3 2 7 5 9 12 13 15
10

0 1 2 3 4 6 5 8 7 9 12 11 13 15 14 0 2 1 3 5 4 7 6 9 13 12 14 0 15 2 1 3 4 5 7 12 9 13 15 14 0 3 2 7 5 9 12 13 15
10

0 1 2 3 4 6 5 8 7 9 12 11 13 15 14 0 2 1 3 5 4 7 6 9 13 12 14 0 15 2 1 3 6 5 7 12 9 13 15 14 0 3 2 7 5 9 12 13 15
10

0 1 2 3 4 6 5 8 7 9 12 11 13 15 14 0 2 1 3 5 4 7 6 9 13 12 14 0 15 2 1 3 7 5 9 12 15 13 0 14 1 3 2 7 5 9 12 13 15
10

0 1 2 3 4 6 5 8 7 9 12 11 13 15 14 0 2 1 3 5 4 7 6 9 13 12 14 0 15 2 1 3 7 5 9 12 15 13 0 14 2 3 5 7 12 9 14 13 15
10

0 1 2 3 4 6 5 8 7 9 12 15 13 0 14 1 2 5 3 7 4 9 6 12 8 0 13 2 14 3 15 4 1 5 7 12 9 13 15 14 0 3 2 7 5 9 12 13 15
8

0 2 1 3 6 4 9 5 11 7 13 10 14 12 15 0 3 1 4 2 10 5 12 6 13 7 15 9 1 14 2 0 3 4 5 10 6 12 7 13 14 15 3 0 4 2 12 10 14 13
11

0 2 1 5 3 7 4 10 6 12 8 14 13 0 15 1 2 3 4 6 5 13 7 15 8 1 10 3 12 4 14 8 0 10 2 12 6 13 15 14 0 1 2 3 6 4 12 10 14 13 15
5

3 0 4 1 8 5 9 6 10 7 12 13 14 15 1 0 3 4 6 5 10 7 14 12 15 13 0 1 4 3 5 6 7 10 13 12 15 14 3 0 4 7 12 10 14 13 15
8

3 0 4 1 9 5 10 6 12 7 14 13 1 15 3 0 6 4 9 5 10 7 14 12 15 13 0 1 4 3 5 6 7 10 13 12 15 14 3 0 4 7 12 10 14 13 15
9

1 0 3 2 9 4 10 6 11 7 12 8 15 13 1 14 2 0 7 3 9 6 10 8 11 15 12 2 13 6 14 7 1 9 3 10 8 11 15 12 6 13 7 1 8 2 10 3 12 11 15 13
14

1 0 3 2 9 4 10 6 11 7 12 8 15 13 1 14 2 0 7 3 9 6 10 8 11 15 12 2 13 6 0 7 1 9 3 10 8 11 15 12 6 13 7 1 8 2 10 3 12 11 15 13
0

0 1 2 6 3 8 4 9 7 11 10 12 13 15 3 0 9 1 11 2 15 7 0 8 1 10 2 12 7 13 8 3 11 9 13 10 15 12 3 0 7 2 8 10 12 11 15 13
4

0 1 3 2 4 5 6 9 7 12 8 15 10 1 11 4 13 6 0 10 2 0 3 1 7 2 8 6 9 8 12 9 13 10 15 12 3 13 4 0 7 3 15 7 1 12 15 13
11

0 1 3 2 4 5 6 9 7 12 8 15 10 1 13 4 14 6 0 10 2 0 3 1 7 2 8 6 9 8 12 9 13 10 15 12 3 13 4 0 7 3 15 7 1 12 15 13
14

0 1 3 2 4 5 6 9 7 12 8 15 10 1 13 4 0 6 2 10 3 0 5 1 7 2 8 6 9 8 12 9 13 10 15 12 3 13 4 0 7 3 15 7 1 12 15 13
5

3 0 4 1 5 2 8 6 9 7 11 13 12 0 15 3 1 4 2 5 6 7 11 9 12 15 13 2 0 4 1 6 3 11 5 12 7 13 9 0 15 2 1 3 4 6 5 11 7 12 15 13
10

3 0 4 1 5 2 9 6 10 7 11 13 12 0 15 3 1 4 2 5 6 7 11 9 12 15 13 2 0 4 1 6 3 11 5 12 7 13 9 0 15 2 1 3 4 6 5 11 7 12 15 13
8

0 1 5 2 6 3 11 7 12 8 13 9 15 10 1 14 2 0 7 3 9 6 10 8 12 11 14 13 0 15 7 1 8 2 14 3 15 9 3 12 7 13 12 0 13 1 15 14
6

0 1 5 2 6 3 11 7 12 8 13 9 15 10 1 14 2 0 7 3 9 6 10 8 12 11 14 13 0 15 7 1 8 2 10 3 14 9 15 12 3 13 7 0 12 1 13 14 15
6

0 1 4 2 5 3 6 7 11 8 12 9 13 10 15 14 1 0 2 3 7 4 9 6 10 8 12 11 14 13 0 15 7 1 8 2 14 3 15 9 3 12 7 13 12 0 13 1 15 14
6

0 1 5 2 6 3 11 7 12 8 13 9 15 10 1 14 2 0 7 3 9 5 10 6 12 8 14 11 0 13 7 15 8 1 14 2 15 3 2 9 3 12 7 13 12 0 13 1 15 14
6

0 1 5 2 6 3 11 7 12 8 13 9 15 10 1 14 2 0 7 3 9 5 10 6 12 8 14 11 0 13 7 15 8 1 14 2 15 3 3 9 7 12 8 13 12 0 13 1 15 14
6

0 1 5 2 6 3 11 7 12 8 13 9 15 10 1 14 2 0 7 3 9 5 10 6 12 8 14 11 0 13 7 15 8 1 14 2 15 3 3 9 7 12 9 13 12 0 13 1 15 14
6

0 1 5 2 6 3 11 7 12 8 13 9 15 10 1 14 2 0 7 3 9 6 10 8 12 11 14 13 0 15 7 1 8 2 14 3 15 9 3 12 7 13 8 0 12 1 13 2 15 14
6

0 1 5 2 6 3 11 7 12 8 13 9 15 10 1 14 2 0 7 3 9 6 10 8 12 11 14 13 0 15 7 1 8 2 14 3 15 9 3 12 7 13 9 0 12 1 13 2 15 14
6

0 2 1 6 3 11 4 12 5 13 7 15 9 3 14 4 0 5 1 6 2 9 12 11 13 15 14 2 0 3 1 4 6 14 9 15 11 0 12 1 2 3 12 4 15 14
7

0 2 1 6 3 11 4 12 5 13 9 15 14 3 0 4 1 5 2 6 12 9 13 11 14 15 0 2 1 3 6 4 9 14 11 15 12 0 13 1 2 3 12 4 15 14
5

0 1 2 4 3 10 5 11 7 12 8 13 9 15 14 0 2 1 8 3 10 5 11 7 13 12 15 14 0 1 3 2 5 8 7 10 11 14 12 15 13 0 1 3 8 5 12 7 15 14
9

0 1 2 6 3 10 5 11 7 12 8 13 9 15 14 0 2 1 8 3 10 5 11 7 13 12 15 14 0 1 3 2 5 8 7 10 11 14 12 15 13 0 1 3 8 5 12 7 15 14
9

0 1 5 2 6 3 11 7 12 8 13 9 15 10 1 14 2 0 7 3 9 6 10 8 12 11 14 13 0 15 7 1 8 2 14 3 15 9 2 12 3 13 7 0 12 1 13 8 15 14
6

0 1 5 2 6 3 11 7 12 8 13 9 15 10 1 14 2 0 7 3 9 6 10 8 12 11 14 13 0 15 7 1 8 2 14 3 15 9 3 12 7 13 9 0 12 1 13 8 15 14
6

0 2 1 6 3 7 4 12 8 14 10 15 11 1 13 3 0 4 2 7 6 10 8 13 12 14 1 15 6 0 8 2 10 3 12 4 14 7 15 13 1 0 4 2 7 3 12 8 13 14 15
11

0 2 1 6 3 7 4 12 8 14 10 15 11 1 13 3 0 4 2 7 6 10 8 13 12 14 1 15 6 0 8 2 10 3 12 4 14 7 15 13 1 0 4 2 7 3 12 6 13 8 15 14
9

0 1 5 2 6 3 11 7 12 8 13 9 15 10 1 14 2 0 7 3 9 6 10 8 12 11 14 13 0 15 7 1 8 2 14 3 15 9 2 12 3 13 7 0 12 1 13 9 15 14
6

0 1 5 2 6 3 11 7 12 8 13 9 15 10 1 14 2 0 7 3 9 6 10 8 12 11 14 13 0 15 7 1 8 2 14 3 15 9 3 12 7 13 8 0 12 1 13 9 15 14
6

2 0 3 1 9 4 10 5 12 6 0 8 1 11 3 13 4 14 6 15 11 2 15 5 2 8 5 10 8 12 10 13 11 14 12 0 13 3 14 6 0 15 2 3 5 8 6 10 12 14 15
7

2 0 3 1 9 4 10 5 12 6 0 8 1 11 3 13 6 14 11 15 15 2 1 5 2 8 5 10 8 12 10 13 11 14 12 0 13 3 14 6 0 15 2 3 5 8 6 10 12 14 15
7

2 0 3 1 9 4 10 5 12 6 0 8 1 11 3 13 6 14 11 15 15 2 2 5 5 8 8 10 10 12 11 13 12 14 13 0 14 3 0 6 2 15 5 3 6 8 11 10 12 14 15
7

2 0 3 1 9 4 10 5 12 6 0 8 1 11 3 13 6 14 11 15 15 2 2 5 5 8 8 10 10 12 11 13 12 14 13 0 14 3 0 6 2 15 5 3 6 8 12 10 13 14 15
7

2 0 3 1 9 5 10 6 12 7 0 8 1 11 3 13 6 14 11 15 15 2 1 5 2 8 5 10 8 12 10 13 11 14 12 0 13 3 14 6 0 15 2 3 5 8 6 10 12 14 15
4

2 0 3 1 9 5 10 6 12 7 0 8 1 11 3 13 6 14 11 15 15 2 2 5 5 8 8 10 10 12 11 13 12 14 13 0 14 3 0 6 2 15 5 3 6 8 11 10 12 14 15
4

2 0 3 1 9 5 10 6 12 7 0 8 1 11 3 13 6 14 11 15 15 2 2 5 5 8 8 10 10 12 11 13 12 14 13 0 14 3 0 6 2 15 5 3 6 8 12 10 13 14 15
4

2 0 3 1 9 5 10 6 12 8 0 11 1 13 3 14 6 15 11 2 15 5 2 8 5 9 8 10 10 12 11 13 12 14 13 0 14 3 0 6 2 15 5 3 6 8 12 10 15 14
9

2 0 3 1 4 5 9 6 10 8 12 11 0 13 1 14 3 15 6 2 11 5 15 8 2 9 5 10 8 12 10 13 11 14 12 0 13 3 14 6 0 15 2 3 5 8 6 10 12 14 15
9

2 0 3 1 7 5 9 6 10 8 12 11 0 13 1 14 3 15 6 2 11 5 15 8 2 9 5 10 8 12 10 13 11 14 12 0 13 3 14 6 0 15 2 3 5 8 6 10 12 14 15
9

2 0 3 1 9 5 10 6 12 8 0 11 1 13 3 14 6 15 11 2 15 5 1 8 2 9 5 10 8 12 10 13 11 14 12 0 13 3 14 6 0 15 2 3 5 8 6 10 12 14 15
9

2 0 3 1 9 5 10 6 12 8 0 11 1 13 3 14 6 15 11 2 15 5 2 8 5 9 8 10 10 12 11 13 12 14 13 0 14 3 0 6 2 15 5 3 6 8 11 10 12 14 15
9

2 0 3 1 9 5 10 6 12 8 0 11 1 13 3 14 6 15 11 2 15 5 2 8 5 9 8 10 10 12 11 13 12 14 13 0 14 3 0 6 2 15 5 3 6 8 12 10 13 14 15
9

2 0 3 1 9 5 10 6 12 8 0 11 1 13 3 14 6 15 9 2 11 5 15 8 2 10 5 12 8 13 10 14 11 0 12 1 13 3 14 6 0 15 2 3 5 8 6 10 12 14 15
9

0 2 1 6 3 7 4 12 8 14 10 15 11 1 13 3 0 4 2 7 6 10 8 13 12 14 1 15 6 0 8 2 10 3 12 4 14 7 15 13 1 0 4 2 7 3 12 8 13 10 15 14
9

0 1 5 2 6 3 11 7 12 8 13 9 15 10 1 14 2 0 7 3 9 6 10 8 12 11 14 13 0 15 7 1 8 2 11 3 14 9 15 12 3 13 7 0 12 1 13 11 15 14
6

3 0 4 1 6 2 7 9 8 11 10 12 14 13 1 15 2 0 3 6 7 8 11 10 12 13 0 14 1 15 3 2 6 11 7 14 8 0 12 1 13 3 15 7 2 8 12 11 15 14
5

3 0 5 1 6 2 7 9 8 11 10 12 14 13 1 15 2 0 3 6 7 8 11 10 12 13 0 14 1 15 3 2 6 11 7 14 8 0 12 1 13 3 15 7 2 8 12 11 15 14
4

3 0 6 1 7 2 8 11 9 12 10 13 14 15 1 0 2 6 3 8 7 9 11 10 12 13 0 14 1 15 3 2 6 11 7 14 8 0 12 1 13 3 15 7 2 8 12 11 15 14
9

3 0 4 1 6 2 7 11 8 12 10 13 14 15 1 0 2 6 3 8 7 10 11 13 12 14 0 15 1 2 3 11 6 14 7 0 8 1 12 3 13 6 15 7 2 8 12 11 15 14
5

3 0 5 1 6 2 7 11 8 12 10 13 14 15 1 0 2 6 3 8 7 10 11 13 12 14 0 15 1 2 3 11 6 14 7 0 8 1 12 3 13 6 15 7 2 8 12 11 15 14
4

2 0 3 1 9 5 10 6 12 8 0 11 1 13 3 14 6 15 9 2 11 5 15 8 2 10 5 12 8 13 10 14 11 0 12 3 13 6 14 15 0 3 2 8 5 10 6 11 12 14 15
9

0 2 1 3 5 4 6 8 7 10 9 14 11 3 12 4 15 5 0 6 1 12 2 14 7 15 10 0 11 5 1 6 3 7 10 11 12 15 14 0 7 1 10 3 11 12 15 14
13

0 2 1 3 5 4 6 9 7 10 8 14 11 3 12 4 15 5 0 6 1 12 2 14 7 15 10 0 11 5 1 6 3 7 10 11 12 15 14 0 7 1 10 3 11 12 15 14
9

0 2 1 3 5 4 6 9 7 10 11 14 12 3 13 4 15 5 0 6 1 12 2 14 7 15 10 0 11 5 1 6 3 7 10 11 12 15 14 0 7 1 10 3 11 12 15 14
13

0 2 1 3 5 4 6 10 7 13 8 14 11 3 12 4 15 5 0 6 1 12 2 14 7 15 10 0 11 5 1 6 3 7 10 11 12 15 14 0 7 1 10 3 11 12 15 14
13

0 2 1 3 5 4 6 10 7 13 9 14 11 3 12 4 15 5 0 6 1 12 2 14 7 15 10 0 11 5 1 6 3 7 10 11 12 15 14 0 7 1 10 3 11 12 15 14
13

0 2 1 3 5 4 6 10 7 13 11 14 12 3 15 4 0 5 1 6 2 12 7 14 10 15 11 0 1 5 2 6 3 7 10 11 12 15 14 0 7 1 10 3 11 12 15 14
13

0 2 1 3 5 4 6 10 7 13 11 14 12 3 15 4 0 5 1 6 2 12 7 14 10 15 11 0 1 5 3 6 4 7 10 11 12 15 14 0 7 1 10 3 11 12 15 14
13

0 2 1 3 5 4 6 10 7 13 11 14 12 3 15 4 0 5 1 6 2 12 7 14 10 15 11 0 1 5 3 6 10 7 12 11 14 15 5 0 7 1 10 3 11 12 15 14
13

0 2 1 3 5 4 6 10 7 13 11 14 12 3 15 4 0 5 1 6 2 12 7 14 10 15 11 0 1 5 3 6 10 7 12 11 14 15 6 0 7 1 10 3 11 12 15 14
13

0 2 1 3 5 4 6 10 7 14 9 3 11 4 12 5 15 6 0 12 1 14 2 15 7 0 10 2 11 5 1 6 3 7 10 11 12 15 14 0 7 1 10 3 11 12 15 14
13

0 2 1 3 5 4 6 10 7 14 9 3 11 4 12 5 15 6 0 12 1 14 2 15 7 0 10 5 11 6 1 7 3 11 10 15 12 0 14 1 7 3 10 5 11 12 15 14
13

0 2 1 3 5 4 6 10 7 14 9 3 11 4 12 5 15 6 0 12 1 14 2 15 7 0 10 5 11 6 1 7 3 11 10 15 12 0 14 1 7 3 10 6 11 12 15 14
13

0 2 1 9 3 10 4 12 5 14 7 15 8 1 11 2 13 3 0 4 9 7 12 11 14 13 15 0 1 2 7 3 11 4 14 9 15 12 0 13 2 1 3 7 11 12 13 14 15
6

0 1 2 3 5 4 6 11 7 14 9 15 12 0 3 2 5 4 6 9 7 12 11 15 14 0 2 5 3 7 4 11 6 12 9 14 0 15 2 5 3 6 4 7 11 12 15 14
1

0 1 2 3 5 4 6 11 7 14 8 15 9 0 12 2 3 4 5 9 6 12 7 15 11 0 14 5 2 7 3 11 4 12 6 14 9 15 0 5 2 6 3 7 4 12 11 14 15
8

0 3 2 4 5 8 6 11 7 14 9 15 12 0 3 2 5 4 6 9 7 12 11 15 14 0 2 5 3 7 4 11 6 12 9 14 0 15 2 5 3 6 4 7 11 12 15 14
8

0 3 1 4 2 8 5 11 6 14 7 15 9 0 12 2 3 4 5 9 6 12 7 15 11 0 14 5 2 7 3 11 4 12 6 14 9 15 0 5 2 6 3 7 4 12 11 14 15
8

0 3 2 4 5 8 6 11 7 14 9 15 10 0 12 2 3 4 5 9 6 12 7 15 11 0 14 5 2 7 3 11 4 12 6 14 9 15 0 5 2 6 3 7 4 12 11 14 15
8

0 3 2 4 5 8 6 11 7 14 9 15 12 0 13 2 3 4 5 9 6 12 7 15 11 0 14 5 2 7 3 11 4 12 6 14 9 15 0 5 2 6 3 7 4 12 11 14 15
8

0 3 2 4 5 8 6 11 7 14 9 15 12 0 3 2 5 4 6 9 7 12 11 15 14 0 2 5 3 7 4 11 6 12 9 14 0 15 2 5 3 6 4 7 9 12 11 14 15
8

0 3 2 4 5 10 6 11 7 14 8 15 9 0 12 2 3 4 5 9 6 12 7 15 11 0 14 5 2 7 3 11 4 12 6 14 9 15 0 5 2 6 3 7 4 12 11 14 15
8

0 3 2 4 5 10 6 11 7 14 9 15 12 0 3 2 5 4 6 9 7 12 10 15 11 0 14 5 2 7 3 11 4 12 6 14 9 15 0 5 2 6 3 7 4 12 11 14 15
10

0 3 2 4 5 11 6 13 7 14 8 15 9 0 12 2 3 4 5 9 6 12 7 15 11 0 14 5 2 7 3 11 4 12 6 14 9 15 0 5 2 6 3 7 4 12 11 14 15
8

0 3 2 4 5 11 6 13 7 14 9 15 12 0 3 2 5 4 6 9 7 12 11 15 13 0 14 5 2 7 3 11 4 12 6 14 9 15 0 5 2 6 3 7 4 12 11 14 15
13

0 3 2 4 5 11 6 14 7 15 8 0 9 2 12 4 3 9 5 12 6 15 7 0 11 5 14 7 2 11 3 12 4 14 6 15 9 5 0 6 2 7 3 9 4 12 11 14 15
8

2 0 3 1 5 10 7 11 8 13 12 15 14 3 0 5 1 11 2 13 8 14 10 15 12 2 0 5 1 12 3 15 10 0 11 2 13 3 14 10 1 13 12 14 15
7

2 0 3 1 5 6 7 10 8 11 12 13 14 15 0 3 1 5 2 11 8 13 10 14 12 15 0 2 1 5 3 12 10 15 11 0 13 2 14 3 1 10 12 13 15 14
7

2 0 3 1 5 7 8 10 12 11 14 13 0 15 1 3 2 5 8 11 10 13 12 14 0 15 1 2 3 5 10 12 11 15 13 0 14 2 1 3 5 10 12 13 15 14
7

2 0 3 1 5 7 8 10 12 11 14 13 0 15 1 3 2 5 8 11 10 13 12 14 0 15 1 2 3 5 10 12 11 15 13 0 14 2 1 3 11 10 12 13 15 14
7

2 0 3 1 5 9 7 10 8 11 12 13 14 15 0 3 1 5 2 11 8 13 10 14 12 15 0 2 1 5 3 12 10 15 11 0 13 2 14 3 1 10 12 13 15 14
7

2 0 3 1 5 10 7 11 8 13 12 15 14 3 0 5 1 11 2 13 8 14 10 15 12 2 0 5 1 8 3 12 10 15 11 0 13 2 14 3 1 10 12 13 15 14
7

2 0 3 1 5 10 7 11 8 13 12 15 14 3 0 5 1 11 2 13 8 14 10 15 12 2 0 5 1 12 3 15 10 0 11 2 13 3 14 5 1 10 12 13 15 14
7

2 0 3 1 9 5 10 6 12 8 0 11 1 13 3 14 6 15 9 2 11 5 15 8 2 10 5 12 8 13 10 14 11 0 12 3 13 6 14 15 0 3 2 8 5 10 6 13 12 14 15
9

3 0 4 1 6 2 7 11 8 12 10 13 14 15 1 0 2 6 3 8 7 10 11 13 12 14 0 15 1 2 3 11 6 14 7 0 8 1 12 3 13 7 15 8 2 11 12 13 15 14
5

3 0 5 1 6 2 7 11 8 12 10 13 14 15 1 0 2 6 3 8 7 10 11 13 12 14 0 15 1 2 3 11 6 14 7 0 8 1 12 3 13 7 15 8 2 11 12 13 15 14
4

2 0 3 1 5 10 7 11 8 13 12 15 14 3 0 5 1 11 2 13 8 14 10 15 12 2 0 5 1 12 3 15 10 0 11 2 13 3 14 10 1 11 12 13 15 14
7

0 1 2 4 3 5 6 11 7 12 8 0 10 1 13 2 15 6 3 8 5 12 7 13 11 15 2 0 11 1 12 3 13 5 15 6 1 7 3 8 7 0 8 2 11 6 12 15 13
4

0 1 2 4 3 5 6 9 7 11 8 12 10 0 13 1 15 2 3 6 5 8 7 12 11 13 2 15 11 0 12 1 13 3 15 5 1 6 3 7 7 8 8 0 11 2 12 6 13 15
14

0 1 2 4 3 5 6 10 7 11 8 12 13 0 14 1 15 2 3 6 5 8 7 12 11 13 2 15 11 0 12 1 13 3 15 5 1 6 3 7 7 8 8 0 11 2 12 6 13 15
14

0 1 2 4 3 5 6 11 7 12 8 14 9 0 13 1 15 2 3 6 5 8 7 12 11 13 2 15 11 0 12 1 13 3 15 5 1 6 3 7 7 8 8 0 11 2 12 6 13 15
14

0 1 2 4 3 5 6 11 7 12 8 14 10 0 13 1 15 2 3 6 5 8 7 12 11 13 2 15 11 0 12 1 13 3 15 5 1 6 3 7 7 8 8 0 11 2 12 6 13 15
14

0 1 2 4 3 5 6 11 7 12 8 14 13 0 15 1 3 2 4 6 5 8 7 12 11 13 2 15 11 0 12 1 13 3 15 5 1 6 3 7 7 8 8 0 11 2 12 6 13 15
14

0 1 2 4 3 5 6 11 7 12 8 14 13 0 15 1 3 2 5 6 7 8 11 12 2 13 11 15 12 0 13 1 15 3 1 5 3 6 5 7 7 8 8 0 11 2 12 6 13 15
14

0 1 2 4 3 5 6 11 7 12 8 0 10 1 13 2 15 6 3 8 5 10 7 12 11 13 2 15 11 0 12 1 13 3 15 5 1 6 3 7 7 8 8 0 11 2 12 6 13 15
14

0 1 2 4 3 5 6 11 7 12 8 0 10 1 13 2 15 6 3 8 5 12 7 13 11 15 2 0 11 1 12 3 13 5 15 6 1 7 3 8 7 0 8 2 11 5 12 6 13 15
14

0 1 2 3 5 6 9 7 11 8 13 10 15 12 0 14 1 2 3 6 7 11 8 12 10 13 1 15 2 0 3 7 6 8 13 10 0 11 2 12 8 15 11 3 12 7 13 15
14

0 1 2 3 4 6 5 7 9 8 11 10 13 12 15 14 0 2 1 6 3 11 7 12 8 13 10 15 1 0 2 7 3 8 6 10 13 11 0 12 2 15 8 3 11 7 12 15 13
14

0 1 2 3 5 6 9 7 11 8 13 10 15 12 0 14 1 2 3 6 7 11 8 12 10 13 1 15 2 0 3 7 6 8 13 10 0 11 1 12 2 15 8 3 11 7 12 15 13
14

0 1 2 3 5 6 9 7 11 8 13 10 15 12 0 14 1 2 3 6 7 11 8 12 10 13 1 15 2 0 3 7 6 8 13 10 0 11 2 12 6 15 8 3 11 7 12 15 13
14

0 1 2 3 5 6 9 7 11 8 13 10 15 12 0 14 1 2 3 6 7 11 8 12 10 13 1 15 2 0 3 7 6 8 13 10 0 11 2 12 8 15 10 3 11 7 12 15 13
14

0 1 2 3 5 4 9 6 11 7 13 8 15 10 0 12 1 14 3 2 7 6 8 11 10 12 1 13 2 15 3 0 6 7 13 8 0 10 1 11 2 12 8 15 11 3 12 7 13 15
14

0 1 2 3 5 4 9 6 11 7 13 8 15 10 0 12 1 14 3 2 7 6 8 11 10 12 1 13 2 15 3 0 6 7 13 8 0 10 2 11 6 12 8 15 11 3 12 7 13 15
14

0 1 2 3 5 4 9 6 11 7 13 8 15 10 0 12 1 14 3 2 7 6 8 11 10 12 1 13 2 15 3 0 6 7 13 8 0 10 2 11 8 12 10 15 11 3 12 7 13 15
14

0 1 2 3 4 6 5 7 9 8 11 10 13 12 15 14 0 2 1 4 3 6 7 11 8 12 10 13 1 15 2 0 3 7 6 8 13 10 0 11 2 12 8 15 11 3 12 7 13 15
14

0 1 2 3 4 6 5 7 9 8 11 10 13 12 15 14 0 2 1 6 3 11 7 12 8 13 10 15 1 0 2 7 3 8 6 10 13 11 0 12 2 15 8 1 11 3 12 7 13 15
14

0 1 2 3 5 6 9 7 11 8 13 10 15 12 0 14 1 2 3 6 7 11 8 12 10 13 1 15 2 0 3 7 6 8 13 10 0 11 2 12 6 15 8 1 11 3 12 7 13 15
14

0 1 2 3 5 6 9 7 11 8 13 10 15 12 0 14 1 2 3 6 7 11 8 12 10 13 1 15 2 0 3 7 6 8 13 10 0 11 2 12 8 15 10 1 11 3 12 7 13 15
14

2 0 3 1 8 4 10 5 13 7 14 12 15 3 0 4 1 8 2 12 7 15 13 1 14 2 0 12 3 13 4 14 7 0 8 2 15 3 1 4 8 7 12 15 13
6

2 0 3 1 8 4 11 5 13 7 14 12 15 3 0 4 1 8 2 12 7 15 13 1 14 2 0 12 3 13 4 14 7 0 8 2 15 3 1 4 8 7 12 15 13
6

2 0 3 1 8 4 13 5 14 7 15 12 0 3 1 4 2 8 7 12 13 15 14 1 0 2 3 12 4 13 7 14 8 0 15 2 1 3 8 4 12 7 13 15 14
6

2 0 3 1 8 4 10 5 13 7 14 9 15 12 0 3 1 4 2 8 7 12 13 15 14 1 0 2 3 12 4 13 7 14 8 0 15 2 1 3 8 4 12 7 13 15
6

2 0 3 1 8 4 10 5 13 7 14 11 15 12 0 3 1 4 2 8 7 12 13 15 14 1 0 2 3 12 4 13 7 14 8 0 15 2 1 3 8 4 12 7 13 15
6

2 0 3 1 8 4 10 5 13 7 14 12 15 3 0 4 1 5 2 8 7 12 13 15 14 1 0 2 3 12 4 13 7 14 8 0 15 2 1 3 8 4 12 7 13 15
6

2 0 3 1 8 4 10 5 13 7 14 12 15 3 0 4 1 8 2 10 7 12 13 15 14 1 0 2 3 12 4 13 7 14 8 0 15 2 1 3 8 4 12 7 13 15
6

0 1 2 3 4 6 5 7 9 8 11 10 13 12 15 14 0 2 1 6 3 11 7 12 8 13 10 15 1 0 2 7 3 8 6 10 13 11 0 12 2 15 8 3 11 6 12 7 13 15
14

0 1 2 3 5 6 9 7 11 8 13 10 15 12 0 14 1 2 3 6 7 11 8 12 10 13 1 15 2 0 3 7 6 8 13 10 0 11 1 12 2 15 8 3 11 6 12 7 13 15
14

0 1 2 3 5 6 9 7 11 8 13 10 15 12 0 14 1 2 3 6 7 11 8 12 10 13 1 15 2 0 3 7 6 8 13 10 0 11 2 12 8 15 10 3 11 6 12 7 13 15
14

0 2 1 3 7 4 8 6 9 11 10 12 15 13 2 0 3 1 8 6 9 7 13 11 1 12 2 15 6 0 7 3 8 9 11 12 15 13 0 1 2 6 3 7 11 8 12 15 13
10

0 2 1 3 7 5 8 6 9 11 10 12 15 13 2 0 3 1 8 6 9 7 13 11 1 12 2 15 6 0 7 3 8 9 11 12 15 13 0 1 2 6 3 7 11 8 12 15 13
10

0 2 1 3 7 6 8 10 9 11 14 12 15 13 2 0 3 1 8 6 9 7 13 11 1 12 2 15 6 0 7 3 8 9 11 12 15 13 0 1 2 6 3 7 11 8 12 15 13
10

0 2 1 3 7 6 8 10 9 11 15 12 2 13 3 0 8 1 9 6 10 7 13 11 1 12 2 15 6 0 7 3 8 9 11 12 15 13 0 1 2 6 3 7 11 8 12 15 13
14

0 2 1 3 5 6 7 11 8 12 9 13 15 14 2 0 3 1 8 6 9 7 13 11 1 12 2 15 6 0 7 3 8 9 11 12 15 13 0 1 2 6 3 7 11 8 12 15 13
10

0 2 1 3 7 6 8 11 9 12 10 13 15 14 2 0 3 1 8 6 9 7 13 11 1 12 2 15 6 0 7 3 8 9 11 12 15 13 0 1 2 6 3 7 11 8 12 15 13
10

0 2 1 3 7 6 8 11 9 12 10 13 15 0 2 1 3 6 8 7 9 11 13 12 1 15 2 0 6 3 7 9 8 12 11 13 15 1 0 6 2 7 3 8 11 9 12 15 13
10

0 2 1 3 6 4 9 5 11 7 13 10 14 12 15 0 3 1 4 2 10 5 12 6 13 7 15 9 1 14 2 0 3 4 5 10 6 12 7 13 14 15 3 0 4 2 12 10 14 15
11

0 1 2 3 4 6 5 7 9 8 11 10 13 12 15 14 0 2 1 6 3 11 7 12 8 13 10 15 1 0 2 7 3 8 6 10 13 11 0 12 2 15 8 3 11 7 12 10 13 15
14

0 1 2 3 5 6 9 7 11 8 13 10 15 12 0 14 1 2 3 6 7 11 8 12 10 13 1 15 2 0 3 7 6 8 13 10 0 11 1 12 2 15 8 3 11 7 12 10 13 15
14

0 1 2 3 5 6 9 7 11 8 13 10 15 12 0 14 1 2 3 6 7 11 8 12 10 13 1 15 2 0 3 7 6 8 13 10 0 11 2 12 6 15 8 3 11 7 12 10 13 15
14

0 2 1 5 3 7 4 9 6 11 10 12 14 13 15 1 0 2 4 3 5 10 7 11 9 12 13 14 1 15 2 0 3 7 4 9 11 12 14 13 15 0 1 4 3 11 12 15 13
6

0 2 1 5 3 7 4 9 6 11 10 12 14 13 15 1 0 2 4 3 5 11 7 12 9 14 13 15 1 0 2 5 3 7 4 9 11 12 14 13 15 0 1 4 3 11 12 15 13
6

2 0 3 1 4 7 5 9 6 10 12 11 14 13 15 0 1 4 2 5 3 6 7 12 9 13 15 14 0 2 3 9 4 14 6 15 12 0 13 2 6 3 13 12 14 15
11

2 0 3 1 4 7 5 9 6 10 12 11 14 13 15 0 1 4 2 5 3 6 7 12 9 13 15 14 0 2 3 9 4 14 5 15 6 0 12 2 13 3 6 12 13 15 14
8

2 0 3 1 4 7 5 9 6 10 12 11 14 13 15 0 1 4 2 5 3 6 7 12 9 13 15 14 0 2 3 9 4 14 6 15 7 0 12 2 13 3 6 12 13 15 14
8

2 0 3 1 4 7 5 9 6 10 12 13 14 0 15 4 1 5 2 6 3 12 7 13 9 14 15 2 0 9 3 14 4 15 6 0 7 2 12 3 13 4 6 12 13 15 14
5

0 2 3 5 4 6 8 7 10 12 11 14 13 3 15 4 0 10 2 11 5 12 7 13 15 14 2 0 3 5 4 11 7 13 10 2 12 3 14 5 15 11 0 12 7 15
9

0 2 3 5 4 7 6 12 10 14 11 3 13 4 15 6 0 10 2 11 5 12 7 13 15 14 2 0 3 5 4 11 7 13 10 2 12 3 14 5 15 11 0 12 7 15
6

0 2 3 5 4 7 8 12 10 14 11 3 13 4 15 8 0 10 2 11 5 12 7 13 15 14 2 0 3 5 4 11 7 13 10 2 12 3 14 5 15 11 0 12 7 15
9

0 2 3 5 4 7 9 12 10 14 11 3 13 4 15 9 0 10 2 11 5 12 7 13 15 14 2 0 3 5 4 11 7 13 10 2 12 3 14 5 15 11 0 12 7 15
8

0 2 3 5 4 7 8 12 10 14 11 3 13 4 15 10 0 11 2 12 5 13 7 14 15 0 2 5 3 11 4 13 7 2 10 3 12 4 14 5 15 11 0 12 7 15
9

0 2 3 5 4 7 9 12 10 14 11 3 13 4 15 10 0 11 2 12 5 13 7 14 15 0 2 5 3 11 4 13 7 2 10 3 12 4 14 5 15 11 0 12 7 15
8

0 2 3 5 4 7 8 12 10 14 11 3 13 4 15 10 0 11 2 12 5 13 7 14 15 0 2 5 3 11 4 13 7 2 10 3 12 5 14 10 15 11 0 12 7 15
9

0 2 1 3 4 5 6 7 9 8 11 12 13 14 0 15 1 4 3 11 5 12 7 13 8 14 15 1 0 3 4 8 5 13 7 0 11 3 12 4 14 5 15 7 1 8 11 13 12 15 14
2

0 2 1 3 4 5 9 7 10 8 11 12 13 14 0 15 1 4 3 11 5 12 7 13 8 14 15 1 0 3 4 8 5 13 7 0 11 3 12 4 14 5 15 7 1 8 11 13 12 15 14
2

0 3 1 5 2 6 4 7 9 8 11 12 13 14 0 15 1 4 3 11 5 12 7 13 8 14 15 1 0 3 4 8 5 13 7 0 11 3 12 4 14 5 15 7 1 8 11 13 12 15 14
2

0 3 1 5 2 7 4 8 9 10 11 12 13 14 0 15 1 4 3 11 5 12 7 13 8 14 15 1 0 3 4 8 5 13 7 0 11 3 12 4 14 5 15 7 1 8 11 13 12 15 14
2

0 3 1 5 2 7 4 8 9 12 11 14 13 15 0 4 1 9 3 11 5 12 7 13 8 14 15 1 0 3 4 8 5 13 7 0 11 3 12 4 14 5 15 7 1 8 11 13 12 15 14
2

0 1 2 5 3 7 4 8 6 10 11 12 13 14 0 15 8 1 11 2 12 3 13 4 0 10 1 14 3 15 8 2 10 4 12 11 13 14 15 0 2 12 3 13 8 15 14
6

0 1 2 5 3 7 4 8 11 10 13 12 0 14 5 15 8 1 11 2 12 3 13 4 0 10 1 14 3 15 8 2 10 4 12 11 13 14 15 0 2 12 3 13 8 15 14
5

0 1 2 6 3 7 4 8 11 10 13 12 0 14 8 15 11 1 12 2 13 3 0 4 1 10 3 14 8 15 10 2 12 4 13 11 15 14 2 0 3 12 8 13 14 15
6

0 1 2 6 3 7 4 8 5 10 11 12 13 14 0 15 8 1 11 2 12 3 13 4 0 10 1 14 3 15 8 2 10 4 12 11 13 14 15 0 2 12 3 13 8 15 14
6

0 1 2 6 3 7 4 8 9 10 11 12 13 14 0 15 8 1 11 2 12 3 13 4 0 10 1 14 3 15 8 2 10 4 12 11 13 14 15 0 2 12 3 13 8 15 14
6

0 1 2 6 3 7 4 8 11 10 13 12 0 14 7 15 8 1 11 2 12 3 13 4 0 10 1 14 3 15 8 2 10 4 12 11 13 14 15 0 2 12 3 13 8 15 14
6

0 1 2 6 3 7 4 8 11 10 13 12 0 14 8 15 11 1 12 2 13 3 0 4 1 10 3 14 8 15 10 2 12 4 13 11 15 14 1 0 2 12 3 13 8 15 14
6

0 1 2 6 3 7 4 8 11 10 13 12 0 14 8 15 11 1 12 2 13 3 0 4 1 10 3 14 8 15 10 2 12 4 13 11 15 14 2 0 3 12 4 13 8 15 14
6

0 1 2 6 3 7 4 8 11 10 13 12 0 14 8 15 11 1 12 2 13 3 0 4 1 10 3 14 8 15 10 2 12 4 13 11 15 14 2 0 3 12 8 13 10 15 14
6

0 1 2 6 3 7 4 8 11 10 13 12 0 14 8 15 11 1 12 2 13 3 0 4 1 10 3 14 8 15 10 2 12 4 13 11 15 14 2 0 3 12 8 13 11 15 14
6

0 1 2 7 3 8 4 9 6 10 11 12 13 14 0 15 8 1 11 2 12 3 13 4 0 10 1 14 3 15 8 2 10 4 12 11 13 14 15 0 2 12 3 13 8 15 14
6

0 1 2 7 3 8 4 10 6 12 11 14 13 15 0 1 8 2 11 3 12 4 13 7 0 10 1 14 3 15 8 2 10 4 12 11 13 14 15 0 2 12 3 13 8 15 14
6

0 1 2 7 3 8 4 10 6 12 11 14 13 15 0 1 8 2 11 3 12 4 13 10 0 14 1 15 3 2 8 4 10 11 12 14 13 0 15 1 2 12 3 13 8 15 14
6

0 1 2 7 3 8 4 10 6 12 11 14 13 15 0 1 8 2 11 3 12 4 13 10 0 14 1 15 3 2 8 4 10 11 12 14 13 0 15 4 2 12 3 13 8 15 14
6

0 1 2 7 3 8 4 10 6 12 11 14 13 15 0 1 8 2 11 3 12 4 13 10 0 14 1 15 3 2 8 4 10 11 12 14 13 0 15 10 2 12 3 13 8 15 14
6

0 1 2 7 3 8 4 10 6 12 11 14 13 15 0 1 8 2 11 3 12 4 13 10 0 14 1 15 3 2 8 4 10 11 12 14 13 0 15 11 2 12 3 13 8 15 14
6

3 0 4 2 6 5 7 8 10 11 15 12 0 13 2 14 3 4 5 6 11 7 12 10 3 13 4 15 5 0 10 2 11 7 12 2 13 3 15 11 0 12 4 13 7 15
6

3 0 4 2 6 5 7 8 9 11 10 12 15 13 0 14 2 4 3 6 5 7 11 10 12 13 3 15 4 0 5 2 10 7 11 2 12 3 13 11 15 12 0 13 4 15 7
6

3 0 4 2 6 5 7 8 10 11 15 12 0 13 2 14 3 4 5 6 11 7 12 10 3 13 4 15 5 0 10 2 11 7 12 2 13 3 15 11 0 12 4 13 5 15 7
6

3 0 4 2 6 5 7 8 10 11 15 12 0 13 2 14 3 4 5 6 11 7 12 10 3 13 4 15 5 0 10 2 11 7 12 2 13 3 15 11 0 12 4 13 7 15 10
6

3 0 4 2 6 5 7 8 10 9 15 11 0 12 2 13 3 14 5 4 8 6 11 7 12 10 3 13 4 15 5 0 10 2 11 7 12 2 13 3 15 11 0 12 4 13 7 15
6

3 0 4 2 6 5 7 8 10 9 15 11 0 12 2 13 3 14 5 4 11 6 12 7 3 10 4 13 5 15 10 0 11 2 12 7 13 2 15 3 0 11 4 12 5 13 7 15
6

3 0 4 2 6 5 7 8 10 9 15 11 0 12 2 13 3 14 5 4 11 6 12 7 3 10 4 13 5 15 10 0 11 2 12 7 13 2 15 3 0 11 4 12 7 13 10 15
6

3 0 4 2 6 5 7 8 9 11 10 12 15 13 0 14 2 4 3 6 5 7 11 8 12 10 3 13 4 15 5 0 10 2 11 7 12 2 13 3 15 11 0 12 4 13 7 15
6

3 0 4 2 6 5 7 8 10 11 15 12 0 13 2 14 3 4 5 6 11 7 12 8 3 10 4 13 5 15 10 0 11 2 12 7 13 2 15 3 0 11 4 12 5 13 7 15
6

3 0 4 2 6 5 7 8 10 11 15 12 0 13 2 14 3 4 5 6 11 7 12 8 3 10 4 13 5 15 10 0 11 2 12 7 13 2 15 3 0 11 4 12 7 13 10 15
6

3 0 4 2 6 5 7 8 9 11 10 12 15 13 0 14 2 4 3 6 5 7 11 9 12 10 3 13 4 15 5 0 10 2 11 7 12 2 13 3 15 11 0 12 4 13 7 15
6

3 0 4 2 6 5 7 8 9 11 10 12 15 13 0 14 2 4 3 6 5 7 11 10 12 13 3 15 4 0 5 2 10 7 11 2 12 3 13 5 15 11 0 12 4 13 7 15
6

3 0 4 2 6 5 7 8 10 11 15 12 0 13 2 14 3 4 5 6 8 7 11 10 12 13 3 15 4 0 5 2 10 7 11 2 12 3 13 5 15 11 0 12 4 13 7 15
6

3 0 4 2 6 5 7 8 10 11 15 12 0 13 2 14 3 4 5 6 11 7 12 10 3 13 4 15 5 0 10 2 11 7 12 2 13 3 15 5 0 11 4 12 7 13 10 15
6

0 2 3 5 4 7 8 12 10 14 11 3 13 4 15 10 0 11 2 12 5 13 7 14 15 0 2 5 3 11 4 13 7 2 10 3 12 5 14 11 15 12 0 13 7 15
9

0 2 3 5 4 7 9 12 10 14 11 3 13 4 15 10 0 11 2 12 5 13 7 14 15 0 2 5 3 11 4 13 7 2 10 3 12 5 14 11 15 12 0 13 7 15
8

2 0 6 1 7 3 8 4 9 10 11 13 12 4 14 8 15 9 0 11 2 13 3 14 6 15 10 0 12 2 8 3 9 6 11 10 13 12 14 8 15 11 0 12 3 13 14 15
1

2 0 6 1 8 3 9 4 11 10 12 13 14 4 15 8 0 9 2 11 3 13 6 14 10 15 12 0 4 2 8 3 9 6 11 10 13 12 14 8 15 11 0 12 3 13 14 15
1

2 0 6 1 8 3 9 4 11 10 12 13 14 4 15 8 0 9 2 11 3 13 6 14 10 15 12 0 8 2 9 3 11 6 13 10 14 12 15 8 0 11 3 12 9 13 14 15
1

1 0 2 3 6 4 8 7 9 10 11 13 12 4 14 8 15 9 0 11 2 13 3 14 6 15 10 0 12 2 8 3 9 6 11 10 13 12 14 8 15 11 0 12 3 13 14 15
1

1 0 2 3 6 4 8 10 9 13 11 4 12 8 14 9 15 11 0 13 2 14 3 15 6 0 10 2 12 3 8 4 9 6 11 10 13 12 14 8 15 11 0 12 3 13 14 15
1

1 0 2 3 6 4 8 10 9 13 11 4 12 8 14 9 15 11 0 13 2 14 3 15 6 0 10 2 12 3 8 6 9 10 11 12 13 2 14 8 15 11 0 12 3 13 14 15
1

1 0 2 3 6 4 8 10 9 13 11 4 12 8 14 9 15 11 0 13 2 14 3 15 6 0 10 2 12 3 8 6 9 10 11 12 13 6 14 8 15 11 0 12 3 13 14 15
1

1 0 2 3 6 4 8 10 9 13 11 4 12 8 14 9 15 11 0 13 2 14 3 15 6 0 10 2 12 3 8 6 9 10 11 12 13 8 14 9 15 11 0 12 3 13 14 15
1

3 0 4 2 6 5 7 8 9 11 10 12 15 13 0 14 2 4 3 6 5 7 11 10 12 13 3 15 4 0 5 2 10 7 11 2 12 3 13 10 15 11 0 12 4 13 7 15
6

3 0 4 2 6 5 7 8 10 11 15 12 0 13 2 14 3 4 5 6 8 7 11 10 12 13 3 15 4 0 5 2 10 7 11 2 12 3 13 10 15 11 0 12 4 13 7 15
6

3 0 4 2 6 5 7 8 10 11 15 12 0 13 2 14 3 4 5 6 11 7 12 10 3 13 4 15 5 0 10 2 11 7 12 2 13 3 15 10 0 11 4 12 5 13 7 15
6

1 0 2 3 6 4 8 10 9 13 11 4 12 8 14 9 15 11 0 13 2 14 3 15 6 0 10 2 12 3 8 6 9 10 11 12 13 8 14 10 15 11 0 12 3 13 14 15
1

2 0 3 1 8 4 10 5 13 7 14 12 15 3 0 4 1 8 2 12 7 15 13 1 14 2 0 12 3 13 4 14 7 0 8 2 15 3 1 4 8 7 12 14 13 15
6

1 0 2 5 3 6 8 11 9 15 10 0 12 1 13 2 14 9 3 10 5 13 6 15 8 1 11 6 12 8 14 10 0 12 2 13 3 14 5 0 11 3 15 8 2 14 12 15
9

0 2 3 5 4 7 8 12 10 14 11 3 13 4 15 10 0 11 2 12 5 13 7 14 15 0 2 5 3 11 4 13 7 2 10 3 12 5 14 11 15 12 0 14 7 15
9

0 2 3 5 4 7 9 12 10 14 11 3 13 4 15 10 0 11 2 12 5 13 7 14 15 0 2 5 3 11 4 13 7 2 10 3 12 5 14 11 15 12 0 14 7 15
8

3 0 4 1 7 2 9 8 10 12 11 14 13 15 3 0 8 2 10 4 12 9 14 11 15 13 0 2 11 4 13 8 14 9 15 10 15 12 12 0
7

3 0 4 1 9 2 10 8 11 12 13 14 3 15 8 0 10 2 12 4 14 9 15 11 0 13 3 2 11 4 13 8 14 9 15 10 15 12 12 0
3

3 0 4 1 9 2 10 8 11 12 13 14 3 15 8 0 10 2 12 4 14 9 15 11 0 13 11 2 13 4 14 8 15 9 13 10 15 12 12 0
14

3 0 4 1 9 2 10 8 11 12 13 14 3 15 8 0 10 2 12 4 14 9 15 11 0 13 11 2 13 4 14 8 15 9 14 10 15 12 12 0
13

3 0 4 2 7 5 9 8 10 12 11 14 13 15 3 0 8 2 10 4 12 9 14 11 15 13 0 2 11 4 13 8 14 9 15 10 15 12 12 0
7

3 0 4 2 9 5 10 8 11 12 13 14 3 15 8 0 10 2 12 4 14 9 15 11 0 13 3 2 11 4 13 8 14 9 15 10 15 12 12 0
3

3 0 4 2 9 5 10 8 11 12 13 14 3 15 8 0 10 2 12 4 14 9 15 11 0 13 11 2 13 4 14 8 15 9 13 10 15 12 12 0
14

3 0 4 2 9 5 10 8 11 12 13 14 3 15 8 0 10 2 12 4 14 9 15 11 0 13 11 2 13 4 14 8 15 9 14 10 15 12 12 0
13

1 0 3 2 4 6 9 8 10 12 11 14 13 15 3 0 8 2 10 4 12 9 14 11 15 13 0 2 11 4 13 8 14 9 15 10 15 12 12 0
5

3 0 4 2 5 6 9 8 10 12 11 14 13 15 3 0 8 2 10 4 12 9 14 11 15 13 0 2 11 4 13 8 14 9 15 10 15 12 12 0
1

3 0 4 2 7 6 9 8 10 12 11 14 13 15 3 0 8 2 10 4 12 9 14 11 15 13 0 2 11 4 13 8 14 9 15 10 15 12 12 0
7

3 0 4 2 9 6 10 8 11 12 13 14 3 15 8 0 10 2 12 4 14 9 15 11 0 13 3 2 11 4 13 8 14 9 15 10 15 12 12 0
3

3 0 4 2 9 6 10 8 11 12 13 14 3 15 8 0 10 2 12 4 14 9 15 11 0 13 11 2 13 4 14 8 15 9 13 10 15 12 12 0
14

3 0 4 2 9 6 10 8 11 12 13 14 3 15 8 0 10 2 12 4 14 9 15 11 0 13 11 2 13 4 14 8 15 9 14 10 15 12 12 0
13

3 0 4 2 6 7 9 8 10 12 11 14 13 15 3 0 8 2 10 4 12 9 14 11 15 13 0 2 11 4 13 8 14 9 15 10 15 12 12 0
7

3 0 4 2 9 7 10 8 11 12 13 14 3 15 8 0 10 2 12 4 14 9 15 11 0 13 11 2 13 4 14 8 15 9 4 10 15 12 12 0
7

3 0 4 2 9 7 10 8 11 12 13 14 3 15 8 0 10 2 12 4 14 9 15 11 0 13 11 2 13 4 14 8 15 9 8 10 15 12 12 0
7

3 0 4 2 9 7 10 8 11 12 13 14 3 15 8 0 10 2 12 4 14 9 15 11 0 13 11 2 13 4 14 8 15 9 9 10 15 12 12 0
7

3 0 4 2 9 7 10 8 11 12 13 14 3 15 8 0 10 2 12 4 14 9 15 11 0 13 11 2 13 4 14 8 15 9 15 10 10 12 12 0
7

1 0 3 2 4 8 9 12 10 14 11 15 13 0 3 1 8 2 10 4 12 9 14 11 15 13 0 2 11 4 13 8 14 9 15 10 15 12 12 0
5

3 0 4 2 5 8 9 12 10 14 11 15 13 0 3 2 8 4 10 5 12 9 14 11 15 13 0 2 11 4 13 8 14 9 15 10 15 12 12 0
1

1 0 3 2 4 8 9 12 10 14 11 15 13 0 3 2 8 4 10 9 12 11 14 13 15 2 0 3 11 4 13 8 14 9 15 10 15 12 12 0
5

3 0 4 2 5 8 9 12 10 14 11 15 13 0 3 2 8 4 10 9 12 11 14 13 15 2 0 3 11 4 13 8 14 9 15 10 15 12 12 0
1

3 0 4 2 7 8 9 12 10 14 11 15 13 0 3 2 8 4 10 9 12 11 14 13 15 2 0 3 11 4 13 8 14 9 15 10 15 12 12 0
7

3 0 4 2 9 8 10 12 11 14 13 15 3 0 8 2 10 4 12 9 14 11 15 13 0 2 11 3 13 4 14 8 15 9 13 10 15 12 12 0
14

3 0 4 2 9 8 10 12 11 14 13 15 3 0 8 2 10 4 12 9 14 11 15 13 0 2 11 3 13 4 14 8 15 9 14 10 15 12 12 0
13

0 2 1 4 3 9 5 12 7 14 10 15 13 0 1 5 2 7 3 14 4 15 9 1 12 2 13 4 0 9 3 12 14 13 1 15 4 0 12 2 15 3
5

0 2 1 4 3 9 5 12 7 14 10 15 13 0 1 7 2 10 3 14 4 15 9 1 12 2 13 4 0 9 3 12 14 13 1 15 4 0 12 2 15 3
5

1 0 3 2 4 8 9 12 10 14 11 15 13 0 3 2 8 4 10 9 12 11 14 13 15 2 0 4 11 8 13 9 14 10 15 12 12 0 15 4
5

3 0 4 2 5 8 9 12 10 14 11 15 13 0 3 2 8 4 10 9 12 11 14 13 15 2 0 4 11 8 13 9 14 10 15 12 12 0 15 4
1

3 0 4 2 7 8 9 12 10 14 11 15 13 0 3 2 8 4 10 9 12 11 14 13 15 2 0 4 11 8 13 9 14 10 15 12 12 0 15 4
7

3 0 4 2 9 8 10 12 11 14 13 15 3 0 8 2 10 4 12 9 14 11 15 13 0 2 3 4 11 8 13 9 14 10 15 12 12 0 15 4
3

3 0 4 2 9 8 10 12 11 14 13 15 3 0 8 2 10 4 12 9 14 11 15 13 0 2 11 4 13 8 14 9 15 10 13 12 12 0 15 4
14

3 0 4 2 9 8 10 12 11 14 13 15 3 0 8 2 10 4 12 9 14 11 15 13 0 2 11 4 13 8 14 9 15 10 14 12 12 0 15 4
13

2 0 3 1 4 9 5 11 8 12 15 13 0 5 2 8 3 9 4 11 12 13 15 0 5 2 8 3 9 4 13 11 0 12 11 15 12 3 15 4
1

2 0 3 1 4 9 5 11 6 12 8 13 15 5 0 8 2 9 3 11 4 13 12 0 15 2 5 3 8 4 9 11 13 12 0 15 11 3 12 4 15
1

2 0 3 1 4 9 5 11 7 12 8 13 15 5 0 8 2 9 3 11 4 13 12 0 15 2 5 3 8 4 9 11 13 12 0 15 11 3 12 4 15
1

2 0 3 1 4 9 5 11 8 12 14 13 15 5 0 8 2 9 3 11 4 13 12 0 15 2 5 3 8 4 9 11 13 12 0 15 11 3 12 4 15
1

2 0 3 1 4 9 5 11 8 12 15 13 0 5 2 8 3 9 4 11 12 13 15 0 5 2 8 3 9 4 13 11 0 12 2 15 11 3 12 4 15
1

2 0 3 1 4 9 5 11 8 12 15 13 0 5 2 8 3 9 4 11 12 13 15 0 5 2 8 3 9 4 13 11 0 12 5 15 11 3 12 4 15
1

2 0 3 1 4 9 5 11 8 12 15 13 0 5 2 8 3 9 4 11 12 13 15 0 5 2 8 3 9 4 13 11 0 12 8 15 11 3 12 4 15
1

2 0 3 1 4 9 5 11 8 12 15 13 0 5 2 8 3 9 4 11 12 13 15 0 5 2 8 3 9 4 13 11 0 12 9 15 11 3 12 4 15
1

2 0 3 1 4 9 5 11 8 12 15 13 0 5 2 8 3 9 4 11 12 13 15 0 5 2 8 3 9 4 13 11 0 12 11 15 12 3 13 4 15
1

1 0 2 6 3 9 4 11 5 12 8 13 15 5 0 8 2 9 3 11 4 13 12 0 15 2 5 3 8 4 9 11 13 12 0 15 11 3 12 4 15
1

2 0 3 6 4 9 5 11 8 12 10 13 15 5 0 8 2 9 3 11 4 13 12 0 15 2 5 3 8 4 9 11 13 12 0 15 11 3 12 4 15
10

1 0 2 7 3 9 4 11 5 12 8 13 15 5 0 8 2 9 3 11 4 13 12 0 15 2 5 3 8 4 9 11 13 12 0 15 11 3 12 4 15
1

2 0 3 7 4 9 5 11 8 12 10 13 15 5 0 8 2 9 3 11 4 13 12 0 15 2 5 3 8 4 9 11 13 12 0 15 11 3 12 4 15
10

2 0 3 7 4 9 5 11 8 12 15 13 0 5 2 8 3 9 4 11 7 13 12 0 15 2 5 3 8 4 9 11 13 12 0 15 11 3 12 4 15
7

2 0 3 9 4 10 5 11 8 12 15 13 0 5 2 8 3 9 4 11 12 13 15 0 5 2 8 3 9 4 13 11 0 12 11 15 12 3 15 4
10

2 0 3 9 4 10 5 11 6 12 8 13 15 5 0 8 2 9 3 11 4 13 12 0 15 2 5 3 8 4 9 11 13 12 0 15 11 3 12 4 15
10

2 0 3 9 4 10 5 11 7 12 8 13 15 5 0 8 2 9 3 11 4 13 12 0 15 2 5 3 8 4 9 11 13 12 0 15 11 3 12 4 15
10

2 0 3 9 4 10 5 11 8 12 14 13 15 5 0 8 2 9 3 11 4 13 12 0 15 2 5 3 8 4 9 11 13 12 0 15 11 3 12 4 15
10

2 0 3 9 4 10 5 11 8 12 15 13 0 5 2 8 3 9 4 11 12 13 15 0 5 2 8 3 9 4 13 11 0 12 2 15 11 3 12 4 15
10

2 0 3 9 4 10 5 11 8 12 15 13 0 5 2 8 3 9 4 11 12 13 15 0 5 2 8 3 9 4 13 11 0 12 5 15 11 3 12 4 15
10

2 0 3 9 4 10 5 11 8 12 15 13 0 5 2 8 3 9 4 11 12 13 15 0 5 2 8 3 9 4 13 11 0 12 8 15 11 3 12 4 15
10

2 0 3 9 4 10 5 11 8 12 15 13 0 5 2 8 3 9 4 11 12 13 15 0 5 2 8 3 9 4 13 11 0 12 9 15 11 3 12 4 15
10

2 0 3 9 4 10 5 11 8 12 15 13 0 5 2 8 3 9 4 11 12 13 15 0 5 2 8 3 9 4 13 11 0 12 11 15 12 3 13 4 15
10

1 0 2 9 3 11 4 12 5 13 8 14 15 5 0 8 2 9 3 11 4 13 12 0 15 2 5 3 8 4 9 11 13 12 0 15 11 3 12 4 15
1

2 0 3 9 4 11 5 12 8 13 10 14 15 5 0 8 2 9 3 11 4 13 12 0 15 2 5 3 8 4 9 11 13 12 0 15 11 3 12 4 15
10

1 0 2 9 3 11 4 12 5 13 8 5 15 8 0 9 2 11 3 13 4 0 12 2 15 3 5 4 8 11 9 12 13 15 0 2 11 3 12 4 15
1

2 0 3 9 4 11 5 12 8 13 10 5 15 8 0 9 2 11 3 13 4 0 12 2 15 3 5 4 8 11 9 12 13 15 0 2 11 3 12 4 15
10

1 0 2 9 3 11 4 12 5 13 8 5 15 8 0 9 2 11 3 13 4 0 12 2 15 3 5 4 8 11 9 12 13 15 0 3 11 4 12 5 15
1

2 0 3 9 4 11 5 12 8 13 10 5 15 8 0 9 2 11 3 13 4 0 12 2 15 3 5 4 8 11 9 12 13 15 0 3 11 4 12 5 15
10

1 0 3 2 4 8 9 12 10 14 11 15 13 0 3 2 8 4 10 9 12 11 14 13 15 2 0 4 11 8 13 9 14 10 15 12 12 0 15 8
5

3 0 4 2 5 8 9 12 10 14 11 15 13 0 3 2 8 4 10 9 12 11 14 13 15 2 0 4 11 8 13 9 14 10 15 12 12 0 15 8
1

3 0 4 2 7 8 9 12 10 14 11 15 13 0 3 2 8 4 10 9 12 11 14 13 15 2 0 4 11 8 13 9 14 10 15 12 12 0 15 8
7

3 0 4 2 9 8 10 12 11 14 13 15 3 0 8 2 10 4 12 9 14 11 15 13 0 2 3 4 11 8 13 9 14 10 15 12 12 0 15 8
3

3 0 4 2 9 8 10 12 11 14 13 15 3 0 8 2 10 4 12 9 14 11 15 13 0 2 11 4 13 8 14 9 15 10 13 12 12 0 15 8
14

3 0 4 2 9 8 10 12 11 14 13 15 3 0 8 2 10 4 12 9 14 11 15 13 0 2 11 4 13 8 14 9 15 10 14 12 12 0 15 8
13

1 0 2 9 3 11 4 12 5 13 8 5 15 8 0 9 2 11 3 13 4 0 12 2 15 3 5 4 8 11 9 12 13 15 0 3 11 4 12 8 15
1

2 0 3 9 4 11 5 12 8 13 10 5 15 8 0 9 2 11 3 13 4 0 12 2 15 3 5 4 8 11 9 12 13 15 0 3 11 4 12 8 15
10

1 0 3 2 4 8 9 12 10 14 11 15 13 0 3 2 8 4 10 9 12 11 14 13 15 2 0 4 11 8 13 9 14 10 15 12 12 0 15 9
5

3 0 4 2 5 8 9 12 10 14 11 15 13 0 3 2 8 4 10 9 12 11 14 13 15 2 0 4 11 8 13 9 14 10 15 12 12 0 15 9
1

3 0 4 2 7 8 9 12 10 14 11 15 13 0 3 2 8 4 10 9 12 11 14 13 15 2 0 4 11 8 13 9 14 10 15 12 12 0 15 9
7

3 0 4 2 9 8 10 12 11 14 13 15 3 0 8 2 10 4 12 9 14 11 15 13 0 2 3 4 11 8 13 9 14 10 15 12 12 0 15 9
3

3 0 4 2 9 8 10 12 11 14 13 15 3 0 8 2 10 4 12 9 14 11 15 13 0 2 11 4 13 8 14 9 15 10 13 12 12 0 15 9
14

3 0 4 2 9 8 10 12 11 14 13 15 3 0 8 2 10 4 12 9 14 11 15 13 0 2 11 4 13 8 14 9 15 10 14 12 12 0 15 9
13

1 0 2 9 3 11 4 12 5 13 8 5 15 8 0 9 2 11 3 13 4 0 12 2 15 3 5 4 8 11 9 12 13 15 0 3 11 4 12 9 15
1

2 0 3 9 4 11 5 12 8 13 10 5 15 8 0 9 2 11 3 13 4 0 12 2 15 3 5 4 8 11 9 12 13 15 0 3 11 4 12 9 15
10

1 0 3 2 4 8 9 12 10 14 11 15 13 0 3 2 8 4 10 9 12 11 14 13 15 2 0 4 11 8 13 9 14 10 15 12 12 0 15 10
5

3 0 4 2 5 8 9 12 10 14 11 15 13 0 3 2 8 4 10 9 12 11 14 13 15 2 0 4 11 8 13 9 14 10 15 12 12 0 15 10
1

3 0 4 2 7 8 9 12 10 14 11 15 13 0 3 2 8 4 10 9 12 11 14 13 15 2 0 4 11 8 13 9 14 10 15 12 12 0 15 10
7

3 0 4 2 9 8 10 12 11 14 13 15 3 0 8 2 10 4 12 9 14 11 15 13 0 2 3 4 11 8 13 9 14 10 15 12 12 0 15 10
3

3 0 4 2 9 8 10 12 11 14 13 15 3 0 8 2 10 4 12 9 14 11 15 13 0 2 11 4 13 8 14 9 15 10 13 12 12 0 15 10
14

3 0 4 2 9 8 10 12 11 14 13 15 3 0 8 2 10 4 12 9 14 11 15 13 0 2 11 4 13 8 14 9 15 10 14 12 12 0 15 10
13

3 0 6 2 8 4 10 12 14 13 15 3 0 12 2 14 4 0 6 3 8 4 10 12 13 14 15 15 2 0 6 2 8 3 10 6 12 8 14 10 15
13

2 0 3 1 4 5 7 6 12 11 15 13 0 2 1 3 4 6 11 13 12 1 15 2 0 3 6 4 11 12 0 13 3 15 13 12 15
9

2 0 3 1 4 5 8 6 12 11 15 13 0 2 1 3 4 6 11 13 12 1 15 2 0 3 6 4 11 12 0 13 3 15 13 12 15
9

2 0 3 1 4 5 10 6 12 11 15 13 0 2 1 3 4 6 11 13 12 1 15 2 0 3 6 4 11 12 0 13 3 15 13 12 15
9

2 0 3 1 4 5 12 6 15 11 0 13 1 2 4 3 11 6 12 13 15 1 0 2 6 3 11 4 0 12 1 13 3 15 13 12 15
9

2 0 3 1 4 5 12 6 15 11 0 13 1 2 4 3 11 6 12 13 15 1 0 2 6 3 11 4 0 12 2 13 3 15 13 12 15
9

2 0 3 1 4 5 12 6 15 11 0 13 1 2 4 3 11 6 12 13 15 1 0 2 6 3 11 4 0 12 3 13 4 15 13 12 15
9

2 0 3 1 4 5 12 6 15 11 0 13 1 2 4 3 11 6 12 13 15 1 0 2 6 3 11 4 0 12 3 13 6 15 13 12 15
9

2 0 3 1 4 5 12 6 15 11 0 13 1 2 4 3 11 6 12 13 15 1 0 2 6 3 11 4 0 12 3 13 11 15 13 12 15
9

2 0 3 1 4 6 7 9 12 11 15 13 0 2 1 3 4 6 11 13 12 1 15 2 0 3 6 4 11 12 0 13 3 15 13 12 15
5

2 0 3 1 4 6 8 9 12 11 15 13 0 2 1 3 4 6 11 13 12 1 15 2 0 3 6 4 11 12 0 13 3 15 13 12 15
5

2 0 3 1 4 6 10 9 12 11 15 13 0 2 1 3 4 6 11 13 12 1 15 2 0 3 6 4 11 12 0 13 3 15 13 12 15
5

2 0 3 1 4 6 12 9 15 11 0 13 1 2 4 3 11 6 12 13 15 1 0 2 6 3 11 4 0 12 1 13 3 15 13 12 15
5

2 0 3 1 4 6 12 9 15 11 0 13 1 2 4 3 11 6 12 13 15 1 0 2 6 3 11 4 0 12 2 13 3 15 13 12 15
5

2 0 3 1 4 6 12 9 15 11 0 13 1 2 4 3 11 6 12 13 15 1 0 2 6 3 11 4 0 12 3 13 4 15 13 12 15
5

2 0 3 1 4 6 12 9 15 11 0 13 1 2 4 3 11 6 12 13 15 1 0 2 6 3 11 4 0 12 3 13 6 15 13 12 15
5

2 0 3 1 4 6 12 9 15 11 0 13 1 2 4 3 11 6 12 13 15 1 0 2 6 3 11 4 0 12 3 13 11 15 13 12 15
5

0 2 1 5 3 6 7 10 12 11 14 15 1 0 5 2 6 3 12 11 15 14 1 0 2 5 12 6 14 11 2 15 11 0 15 12
1

0 2 1 5 3 6 4 10 7 11 12 15 14 0 1 2 5 3 6 11 12 14 15 0 1 5 2 6 12 11 14 15 2 0 11 12 15
10

0 2 1 5 3 6 7 10 8 11 12 15 14 0 1 2 5 3 6 11 12 14 15 0 1 5 2 6 12 11 14 15 2 0 11 12 15
10

0 2 1 5 3 6 7 10 12 11 13 15 14 0 1 2 5 3 6 11 12 14 15 0 1 5 2 6 12 11 14 15 2 0 11 12 15
10

0 2 1 5 3 6 7 10 12 11 14 15 1 0 5 2 6 3 10 11 12 14 15 0 1 5 2 6 12 11 14 15 2 0 11 12 15
10

0 2 1 5 3 6 7 10 12 11 14 15 1 0 5 2 6 3 12 11 15 14 1 0 2 5 3 6 12 11 14 15 2 0 11 12 15
10

0 2 1 5 3 6 7 11 10 13 12 15 14 0 1 2 5 3 6 11 12 14 15 0 1 5 2 6 12 11 14 15 2 0 11 12 15
10

0 2 1 5 3 6 7 11 10 15 12 0 14 2 1 3 5 11 6 14 12 0 15 3 1 5 2 6 12 11 14 15 2 0 11 12 15
10

0 2 1 5 3 6 7 11 12 15 14 0 1 2 5 3 6 11 7 14 12 0 15 3 1 5 2 6 12 11 14 15 2 0 11 12 15
7

0 2 1 5 3 10 4 12 8 15 11 0 14 3 1 8 2 10 4 11 12 14 0 15 8 1 12 2 15 3 0 4 1 10 3 11 10 14 14 4 15 12
2

0 2 1 5 3 10 4 12 8 15 11 0 14 3 1 8 2 10 4 11 12 14 0 15 8 1 12 2 15 3 0 4 2 10 3 11 10 14 14 4 15 12
1

0 2 1 6 3 10 4 12 8 15 11 0 14 3 1 8 2 10 4 11 12 14 0 15 8 1 12 2 15 3 0 4 1 10 3 11 10 14 14 4 15 12
2

0 2 1 6 3 10 4 12 8 15 11 0 14 3 1 8 2 10 4 11 12 14 0 15 8 1 12 2 15 3 0 4 2 10 3 11 10 14 14 4 15 12
1

0 2 1 7 3 10 4 12 8 15 11 0 14 3 1 8 2 10 4 11 12 14 0 15 8 1 12 2 15 3 0 4 1 10 3 11 10 14 14 4 15 12
2

0 2 1 7 3 10 4 12 8 15 11 0 14 3 1 8 2 10 4 11 12 14 0 15 8 1 12 2 15 3 0 4 2 10 3 11 10 14 14 4 15 12
1

0 2 1 9 3 10 4 12 8 15 11 0 14 3 1 8 2 10 4 11 12 14 0 15 8 1 12 2 15 3 0 4 1 10 3 11 10 14 14 4 15 12
2

0 2 1 9 3 10 4 12 8 15 11 0 14 3 1 8 2 10 4 11 12 14 0 15 8 1 12 2 15 3 0 4 2 10 3 11 10 14 14 4 15 12
1

0 2 1 10 3 12 4 13 8 15 11 0 14 3 1 8 2 10 4 11 12 14 0 15 8 1 12 2 15 3 0 4 1 10 3 11 10 14 14 4 15 12
2

0 2 1 10 3 12 4 13 8 15 11 0 14 3 1 8 2 10 4 11 12 14 0 15 8 1 12 2 15 3 0 4 2 10 3 11 10 14 14 4 15 12
1

2 0 3 1 9 4 12 5 0 6 1 11 3 13 4 15 9 2 12 6 13 15 2 0 3 1 4 9 6 15 12 0 13 3 9 6 15 12
5

0 1 4 3 13 6 14 7 15 10 1 11 7 12 10 0 12 3 13 11 15 14 3 0 7 1 12 11 14 13 0 15 3 7 11 12 15
9

0 1 5 3 13 6 14 7 15 10 1 11 7 12 10 0 12 3 13 11 15 14 3 0 7 1 12 11 14 13 0 15 3 7 11 12 15
9

0 1 2 3 13 7 14 8 15 10 1 11 7 12 10 0 12 3 13 11 15 14 3 0 7 1 12 11 14 13 0 15 3 7 11 12 15
9

0 1 4 3 13 7 14 8 15 10 1 11 7 12 10 0 12 3 13 11 15 14 3 0 7 1 12 11 14 13 0 15 3 7 11 12 15
9

0 1 5 3 13 7 14 8 15 10 1 11 7 12 10 0 12 3 13 11 15 14 3 0 7 1 12 11 14 13 0 15 3 7 11 12 15
9

0 1 6 3 13 7 14 8 15 10 1 11 7 12 10 0 12 3 13 11 15 14 3 0 7 1 12 11 14 13 0 15 3 7 11 12 15
9

0 1 13 3 14 7 15 8 1 10 7 11 8 12 10 0 12 3 13 11 15 14 3 0 7 1 12 11 14 13 0 15 3 7 11 12 15
9

0 1 13 3 14 7 15 8 1 10 7 11 10 12 12 0 13 3 15 11 3 14 7 0 10 1 12 11 14 13 0 15 3 7 11 12 15
9

0 1 13 3 14 7 15 8 1 10 7 11 10 12 12 0 13 3 15 11 3 14 7 0 12 1 14 11 0 13 1 15 3 7 11 12 15
9

0 1 13 3 14 7 15 8 1 10 7 11 10 12 12 0 13 3 15 11 3 14 7 0 12 1 14 11 0 13 3 15 11 7 13 12 15
9

0 1 13 3 14 7 15 8 1 10 7 11 10 12 12 0 13 3 15 11 3 14 7 0 12 1 14 11 0 13 3 15 11 7 14 12 15
9

0 2 1 4 3 6 7 11 8 12 9 15 14 0 1 2 3 7 6 8 14 12 0 15 3 1 6 2 7 12 8 14 1 15 2 0 7 3 12 6 15 8
4

0 2 1 4 3 6 5 11 7 12 8 15 9 0 14 2 1 7 3 8 6 12 14 15 0 1 3 2 6 12 7 14 8 15 1 0 2 3 7 6 12 8 15
4

0 2 1 4 3 6 7 11 8 12 9 15 10 0 14 2 1 7 3 8 6 12 14 15 0 1 3 2 6 12 7 14 8 15 1 0 2 3 7 6 12 8 15
4

0 2 1 4 3 6 7 11 8 12 9 15 13 0 14 2 1 7 3 8 6 12 14 15 0 1 3 2 6 12 7 14 8 15 1 0 2 3 7 6 12 8 15
4

0 2 1 4 3 6 7 11 8 12 9 15 14 0 1 2 3 7 6 8 9 12 14 15 0 1 3 2 6 12 7 14 8 15 1 0 2 3 7 6 12 8 15
4

0 2 1 4 3 6 7 11 8 12 9 15 14 0 1 2 3 7 6 8 11 12 14 15 0 1 3 2 6 12 7 14 8 15 1 0 2 3 7 6 12 8 15
4

0 2 1 4 3 6 7 11 8 12 9 15 14 0 1 2 3 7 6 8 14 12 0 15 3 1 6 2 7 12 8 14 1 15 2 0 7 3 12 6 14 8 15
4

0 2 1 5 3 6 4 11 7 12 8 15 9 0 14 2 1 7 3 8 6 12 14 15 0 1 3 2 6 12 7 14 8 15 1 0 2 3 7 6 12 8 15
4

0 2 1 6 3 10 4 11 7 12 8 15 9 0 14 2 1 7 3 8 6 12 14 15 0 1 3 2 6 12 7 14 8 15 1 0 2 3 7 6 12 8 15
4

0 2 1 6 3 11 4 12 7 13 8 15 9 0 14 2 1 7 3 8 6 12 14 15 0 1 3 2 6 12 7 14 8 15 1 0 2 3 7 6 12 8 15
4

0 2 1 6 3 11 7 12 8 13 9 15 14 0 1 2 3 7 6 8 13 12 14 15 0 1 3 2 6 12 7 14 8 15 1 0 2 3 7 6 12 8 15
13

0 2 1 6 3 11 4 12 7 15 8 0 9 2 14 7 1 8 3 9 6 12 14 15 0 1 3 2 6 12 7 14 8 15 1 0 2 3 7 6 12 8 15
4

0 2 1 6 3 11 4 12 7 15 8 0 9 2 14 7 1 8 3 11 6 12 14 15 0 1 3 2 6 12 7 14 8 15 1 0 2 3 7 6 12 8 15
4

1 0 2 3 5 4 10 8 12 9 13 11 15 14 3 0 8 1 14 2 1 9 2 10 3 11 9 12 10 13 11 15 12 0 15 8 0 13 3 14 12 10 15
5

1 0 2 3 4 5 10 8 12 9 13 11 15 14 3 0 8 1 14 2 1 9 2 10 3 11 9 12 10 13 11 15 12 0 15 8 0 13 3 14 12 10 15
5

1 0 2 3 6 5 10 8 12 9 13 11 15 14 3 0 8 1 14 2 1 9 2 10 3 11 9 12 10 13 11 15 12 0 15 8 0 13 3 14 12 10 15
5

1 0 2 3 7 5 10 8 12 9 13 11 15 14 3 0 8 1 14 2 1 9 2 10 3 11 9 12 10 13 11 15 12 0 15 8 0 13 3 14 12 10 15
5

1 0 2 3 10 5 12 8 13 9 15 11 3 14 8 0 14 1 1 2 2 9 3 10 9 11 10 12 11 13 12 15 15 0 0 8 1 13 3 14 12 10 15
5

1 0 2 3 10 5 12 8 13 9 15 11 3 14 8 0 14 1 1 2 2 9 3 10 9 11 10 12 11 13 12 15 15 0 0 8 2 13 3 14 12 10 15
5

1 0 2 3 10 5 12 8 13 9 15 11 3 14 8 0 14 1 1 2 2 9 3 10 9 11 10 12 11 13 12 15 15 0 0 8 3 13 8 14 12 10 15
5

1 0 2 3 10 5 12 8 13 9 15 11 3 14 8 0 14 1 1 2 2 9 3 10 9 11 10 12 11 13 12 15 15 0 0 8 3 13 9 14 12 10 15
5

1 0 2 3 10 5 12 8 13 9 15 11 3 14 8 0 14 1 1 2 2 9 3 10 9 11 10 12 11 13 12 15 15 0 0 8 3 13 11 14 12 10 15
5

1 0 2 3 10 5 12 8 13 9 15 11 3 14 8 0 14 1 1 2 2 9 3 10 9 11 10 12 11 13 12 15 15 0 0 8 3 13 12 14 13 10 15
5

1 0 2 3 10 5 12 8 13 9 15 11 3 14 8 0 14 1 1 2 2 9 3 10 9 11 10 12 11 13 12 15 15 0 0 8 3 13 12 14 14 10 15
5

1 0 2 3 5 6 10 8 12 9 13 11 15 14 3 0 8 1 14 2 1 9 2 10 3 11 9 12 10 13 11 15 12 0 15 8 0 13 3 14 12 10 15
5

1 0 2 3 5 7 10 8 12 9 13 11 15 14 3 0 8 1 14 2 1 9 2 10 3 11 9 12 10 13 11 15 12 0 15 8 0 13 3 14 12 10 15
5

1 0 2 3 5 8 10 9 12 11 13 14 15 0 3 1 8 2 14 9 1 10 2 11 3 12 9 13 10 15 11 0 12 8 15 13 0 14 3 1 12 10 15
5

1 0 2 3 5 8 10 9 12 11 13 14 15 0 3 1 8 2 14 9 1 10 2 11 3 12 9 13 10 15 11 0 12 8 15 13 0 14 3 2 12 10 15
5

0 1 2 3 6 9 7 10 8 11 13 12 14 0 15 1 2 3 11 6 12 7 13 9 15 10 0 14 1 3 2 6 9 11 14 12 0 13 3 15 11 2 15 12
7

2 0 3 1 4 5 9 6 12 11 15 13 1 14 2 0 3 12 4 13 5 15 11 1 0 2 5 3 12 4 13 11 15 0 2 1 4 3 13 12 15
14

2 0 3 1 4 5 9 6 12 11 15 13 1 14 2 0 3 12 4 13 5 15 11 1 14 2 0 3 12 4 13 5 15 11 2 0 4 1 13 3 15 12
14

0 1 2 4 3 5 11 6 13 9 2 12 3 14 4 15 5 0 14 1 15 11 1 12 2 13 3 0 5 4 11 14 12 15 13 0 1 2 13 3 14 12 15
7

0 1 2 4 3 5 11 7 13 9 2 12 3 14 4 15 5 0 14 1 15 11 1 12 2 13 3 0 11 4 12 14 13 15 1 0 13 2 14 3 15 12
7

0 1 2 4 3 5 11 7 13 9 2 12 3 14 4 15 5 0 9 1 14 11 15 12 1 13 2 0 3 4 11 14 12 15 13 0 1 2 13 3 14 12 15
6

0 1 2 4 3 5 11 7 13 9 2 12 3 14 4 15 5 0 14 1 15 11 1 12 2 13 3 0 5 4 11 14 12 15 13 0 1 2 13 3 14 12 15
6

0 1 2 4 3 5 11 8 13 9 2 12 3 14 4 15 5 0 14 1 15 11 1 12 2 13 3 0 5 4 11 14 12 15 13 0 1 2 13 3 14 12 15
8

0 1 2 3 4 5 6 8 10 9 11 15 12 0 13 2 1 3 4 5 6 8 11 9 12 10 15 0 2 1 3 6 4 8 5 9 12 11 0 15 1 3 8 4 15 12
14

0 1 2 3 4 5 6 8 10 9 11 15 12 0 13 2 1 3 4 5 6 8 11 9 12 13 15 0 2 1 3 6 4 8 5 9 12 11 0 15 1 3 8 4 15 12
14

0 1 2 3 4 5 6 8 11 9 12 15 13 0 14 2 1 3 4 5 6 8 11 9 12 13 15 0 2 1 3 6 4 8 5 9 12 11 0 15 1 3 8 4 15 12
10

0 1 2 3 4 5 6 8 11 9 12 15 13 0 14 2 1 3 4 5 6 8 11 9 12 14 15 0 2 1 3 6 4 8 5 9 12 11 0 15 1 3 8 4 15 12
10

0 1 2 3 4 5 6 8 10 9 11 15 12 0 13 2 1 3 4 5 6 8 11 9 12 0 15 1 2 6 3 8 4 9 5 11 12 15 0 2 1 3 8 4 15 12
14

0 1 2 3 7 4 8 5 12 10 13 11 1 14 2 15 3 0 5 7 10 8 11 13 12 15 14 0 1 2 3 5 8 7 11 13 12 14 0 15 3 5 8 12 15
10

2 0 5 1 6 3 9 4 12 7 15 8 0 13 1 14 3 2 4 6 5 8 12 9 13 15 14 3 0 5 1 8 2 12 6 13 9 15 1 0 3 2 8 5 13 12 15
14

2 0 5 1 6 3 9 4 12 8 15 10 0 13 1 14 3 2 4 6 5 8 12 9 13 15 14 3 0 5 1 8 2 12 6 13 9 15 1 0 3 2 8 5 13 12 15
14

2 0 5 1 6 3 9 4 12 8 15 11 0 13 1 14 3 2 4 6 5 8 12 9 13 15 14 3 0 5 1 8 2 12 6 13 9 15 1 0 3 2 8 5 13 12 15
14

2 0 5 1 6 3 9 4 12 8 15 13 0 14 1 2 3 6 4 8 5 9 12 14 13 15 0 3 1 5 2 8 6 12 9 13 1 15 3 0 8 2 13 5 15 12
14

2 0 5 1 6 3 7 4 9 8 12 13 15 14 0 2 1 6 3 8 4 9 5 14 12 15 13 3 0 5 1 8 2 12 6 13 9 15 1 0 3 2 8 5 13 12 15
14

2 0 5 1 6 3 9 4 11 8 12 13 15 14 0 2 1 6 3 8 4 9 5 14 12 15 13 3 0 5 1 8 2 12 6 13 9 15 1 0 3 2 8 5 13 12 15
14

2 0 5 1 6 3 9 4 12 8 15 13 0 14 1 2 3 6 4 8 5 9 12 14 13 15 0 3 1 5 2 8 4 12 6 13 9 15 1 0 3 2 8 5 13 12 15
14

2 0 5 1 6 3 9 4 12 8 15 13 0 14 1 2 3 6 4 8 5 9 12 14 13 15 0 3 1 5 2 8 6 12 9 13 1 15 3 0 6 2 8 5 13 12 15
14

2 0 5 1 6 3 9 4 12 8 15 13 0 14 1 2 3 6 4 8 5 9 12 14 13 15 0 3 1 5 2 8 6 12 9 13 1 15 3 0 8 2 9 5 13 12 15
14

2 0 5 1 6 3 9 4 12 8 15 13 0 14 1 2 3 6 4 8 5 9 12 15 13 3 14 4 0 5 1 8 2 12 6 13 9 15 1 0 3 2 8 5 13 12 15
14

0 1 2 3 6 4 9 5 12 8 13 10 15 14 1 0 2 3 4 6 10 12 13 1 14 2 15 3 0 13 4 14 6 15 10 0 12 2 1 6 3 12 15
9

0 1 2 3 6 4 9 7 12 8 13 10 15 14 1 0 2 3 4 6 10 12 13 1 14 2 15 3 0 13 4 14 6 15 10 0 12 2 1 6 3 12 15
9

0 1 2 3 6 4 12 8 13 9 15 10 1 14 2 0 4 3 10 6 13 12 14 1 15 2 0 3 4 13 6 14 10 15 12 0 1 2 3 6 15 12
9

0 1 2 3 6 4 11 8 12 9 13 10 15 14 1 0 2 3 4 6 10 12 13 1 14 2 15 3 0 13 4 14 6 15 10 0 12 2 1 6 3 12 15
9

0 1 2 3 6 4 9 8 12 10 13 11 15 14 1 0 2 3 4 6 10 12 13 1 14 2 15 3 0 13 4 14 6 15 10 0 12 2 1 6 3 12 15
9

0 1 2 3 6 4 9 8 12 10 13 14 15 0 1 3 2 6 4 8 10 12 13 1 14 2 15 3 0 13 4 14 6 15 10 0 12 2 1 6 3 12 15
9

0 1 2 3 6 4 9 8 12 10 13 14 15 0 1 3 2 6 4 12 10 1 13 2 14 3 15 13 0 14 4 15 6 0 10 2 12 4 1 6 3 12 15
9

2 0 5 1 6 3 9 4 12 8 15 13 0 14 1 2 3 6 4 8 5 9 12 15 13 3 14 5 0 8 1 12 2 13 6 15 9 0 1 2 3 5 8 6 13 12 15
14

2 0 5 1 6 3 9 4 12 8 15 13 0 14 1 2 3 6 4 8 5 9 12 15 13 3 14 5 0 8 1 12 2 13 6 15 9 0 1 2 3 5 8 9 13 12 15
14

0 1 2 3 6 4 11 8 12 10 13 14 15 0 1 3 2 6 4 12 10 1 13 2 14 3 15 13 0 14 4 15 6 0 10 2 12 6 1 10 3 12 15
14

2 0 3 1 4 7 11 8 13 9 15 12 3 14 4 0 7 1 8 2 9 13 11 14 12 15 3 0 8 1 13 4 15 7 0 9 1 12 4 14 12 3 14 8 15 13
11

1 0 2 3 5 8 10 9 12 11 13 14 15 0 3 1 8 2 14 9 1 10 2 11 3 12 9 13 10 15 11 0 12 8 15 13 0 14 3 10 12 13 15
5

0 3 1 4 2 7 5 9 8 12 10 14 11 15 13 0 2 1 3 8 7 12 11 15 13 0 14 1 3 2 8 7 11 12 13 15 14 2 0 3 1 8 12 11 15 13
4

0 3 1 4 2 7 6 9 8 12 10 14 11 15 13 0 2 1 3 8 7 12 11 15 13 0 14 1 3 2 8 7 11 12 13 15 14 2 0 3 1 8 12 11 15 13
4

0 3 1 4 2 7 8 9 10 12 11 14 13 15 2 0 3 1 7 8 9 12 11 15 13 0 14 1 3 2 8 7 11 12 13 15 14 2 0 3 1 8 12 11 15 13
4

0 3 1 4 2 7 8 9 10 12 11 14 13 15 2 0 3 1 7 8 10 12 11 15 13 0 14 1 3 2 8 7 11 12 13 15 14 2 0 3 1 8 12 11 15 13
4

0 3 1 4 2 7 8 9 10 12 11 14 13 15 2 0 3 1 7 8 11 12 13 15 14 0 3 1 8 2 11 7 13 12 14 15 0 2 1 3 7 8 12 11 15 13
4

0 3 1 4 2 7 8 9 10 12 11 14 13 15 2 0 3 1 7 8 11 12 13 15 14 0 3 1 8 2 11 7 13 12 14 15 0 2 1 3 12 8 14 11 15 13
4

0 3 1 5 2 7 4 9 8 12 10 14 11 15 13 0 2 1 3 8 7 12 11 15 13 0 14 1 3 2 8 7 11 12 13 15 14 2 0 3 1 8 12 11 15 13
4

0 3 1 7 2 9 4 12 8 14 10 15 11 0 13 1 2 8 3 9 7 12 11 15 13 0 14 1 3 2 8 7 11 12 13 15 14 2 0 3 1 8 12 11 15 13
4

0 3 1 7 2 9 4 12 8 14 10 15 11 0 13 1 2 8 3 10 7 12 11 15 13 0 14 1 3 2 8 7 11 12 13 15 14 2 0 3 1 8 12 11 15 13
4

0 3 1 7 2 9 4 12 8 14 10 15 11 0 13 1 2 8 3 12 7 15 11 0 13 1 14 2 3 7 8 12 11 15 13 2 14 3 0 7 1 8 12 11 15 13
4

0 1 2 3 6 4 7 8 12 9 13 10 14 15 1 0 3 13 4 14 7 15 8 0 9 1 12 3 8 4 12 7 13 14 0 15 3 12 7 13 15
11

0 1 2 3 7 4 12 8 13 9 14 10 1 15 3 0 4 13 7 14 8 15 9 0 10 1 12 3 8 4 12 7 13 14 0 15 3 12 7 13 15
11

0 1 2 3 7 4 12 5 13 8 14 9 1 10 2 15 3 0 4 13 7 14 8 15 9 0 12 1 8 3 12 4 13 7 0 14 3 15 7 12 15 13
2

0 1 2 3 5 4 7 8 12 9 13 10 14 15 1 0 3 2 4 13 7 14 8 15 9 0 12 1 8 3 12 4 13 7 0 14 3 15 7 12 15 13
2

0 1 2 3 7 4 11 8 12 9 13 10 14 15 1 0 3 2 4 13 7 14 8 15 9 0 12 1 8 3 12 4 13 7 0 14 3 15 7 12 15 13
2

0 1 2 3 7 4 12 8 13 9 14 10 1 15 3 0 4 2 7 13 8 14 9 15 10 0 12 1 8 3 12 4 13 7 0 14 3 15 7 12 15 13
2

0 1 2 3 7 4 12 8 13 9 14 10 1 15 3 0 4 2 7 13 8 14 9 15 12 0 8 1 9 3 12 4 13 7 0 14 3 15 7 12 15 13
2

0 1 2 3 7 4 12 8 13 9 14 10 1 15 3 0 4 2 7 13 8 14 9 15 12 0 8 1 12 3 13 4 0 7 1 14 3 15 7 12 15 13
2

0 1 2 3 7 4 12 8 13 9 14 10 1 15 3 0 4 2 7 13 8 14 9 15 12 0 8 1 12 3 13 4 0 7 3 14 4 15 7 12 15 13
2

0 1 2 3 7 4 12 8 13 9 14 10 1 15 3 0 4 2 7 13 8 14 9 15 12 0 8 1 12 3 13 4 0 7 3 14 7 15 8 12 15 13
2

0 1 2 3 7 4 12 8 13 9 14 10 1 15 3 0 4 2 7 13 8 14 9 15 12 0 8 1 12 3 13 4 0 7 3 14 7 15 14 12 15 13
2

0 1 2 3 6 4 7 8 12 9 13 10 14 15 1 0 3 6 4 13 7 14 8 15 9 0 12 1 8 3 12 4 13 7 0 14 3 15 7 12 15 13
6

0 1 2 3 7 4 12 8 13 9 14 10 1 15 2 0 3 10 4 13 7 14 8 15 9 0 12 1 8 3 12 4 13 7 0 14 3 15 7 12 15 13
2

0 1 2 3 6 4 7 8 12 9 13 10 14 15 1 0 3 13 4 14 7 15 8 0 9 1 12 3 8 4 12 7 13 9 0 14 3 15 7 12 15 13
6

0 1 2 3 7 4 12 8 13 9 14 10 1 15 2 0 3 13 4 14 7 15 8 0 9 1 12 3 8 4 12 7 13 9 0 14 3 15 7 12 15 13
2

0 1 2 3 7 4 12 8 13 9 14 10 1 15 2 0 3 13 4 14 7 15 8 0 9 1 12 3 8 4 12 7 13 14 0 15 3 1 7 12 15 13
2

0 1 3 2 4 6 5 7 11 10 13 12 15 0 2 1 3 4 5 7 6 15 11 0 12 2 13 3 1 5 4 15 7 0 12 1 13 3 2 12 4 13 15
14

0 1 3 2 4 6 5 7 11 10 13 12 15 0 2 1 3 4 5 7 11 15 12 0 13 2 1 3 4 5 7 15 11 0 12 1 13 3 2 12 4 13 15
14

0 1 3 2 4 7 5 8 11 10 13 12 15 0 2 1 3 4 5 7 10 15 11 0 12 2 13 3 1 5 4 15 7 0 12 1 13 3 2 12 4 13 15
10

0 1 3 2 4 7 5 9 11 10 13 12 15 0 2 1 3 4 5 7 10 15 11 0 12 2 13 3 1 5 4 15 7 0 12 1 13 3 2 12 4 13 15
10

0 1 3 2 4 7 5 10 11 12 13 14 15 0 2 1 3 4 5 7 11 15 12 0 13 2 1 3 4 5 7 15 11 0 12 1 13 3 2 12 4 13 15
6

0 1 3 2 4 7 5 10 11 12 13 0 15 1 2 4 3 7 5 10 11 15 12 0 13 2 1 3 4 5 7 15 12 0 13 1 2 3 4 12 15 13
10

0 1 3 2 4 7 5 10 6 12 11 0 13 1 15 4 2 7 3 10 5 15 11 0 12 2 13 3 1 5 4 15 7 0 12 1 13 3 2 12 4 13 15
10

0 1 3 2 4 7 5 10 8 12 11 0 13 1 15 4 2 7 3 10 5 15 11 0 12 2 13 3 1 5 4 15 7 0 12 1 13 3 2 12 4 13 15
10

0 1 3 2 4 7 5 10 9 12 11 0 13 1 15 4 2 7 3 10 5 15 11 0 12 2 13 3 1 5 4 15 7 0 12 1 13 3 2 12 4 13 15
10

0 1 3 2 4 7 5 10 11 12 13 0 14 1 15 4 2 7 3 10 5 15 11 0 12 2 13 3 1 5 4 15 7 0 12 1 13 3 2 12 4 13 15
10

0 1 3 2 4 7 5 10 11 12 13 0 15 1 2 4 3 7 5 10 11 15 12 0 13 2 1 3 4 5 7 15 11 0 12 1 13 3 2 12 4 13 15
10

0 1 3 2 4 7 5 10 11 12 13 0 15 1 2 4 3 7 5 10 11 15 12 0 13 2 1 3 4 5 7 15 12 0 13 1 2 3 4 12 5 13 15
10

0 1 3 2 4 7 5 10 11 12 13 0 15 1 2 4 3 7 5 10 11 15 12 0 13 2 1 3 4 5 7 15 12 0 13 1 2 3 4 12 7 13 15
10

0 1 3 2 4 7 5 10 11 12 13 0 15 1 2 4 3 7 5 15 10 0 11 2 12 3 13 5 1 11 4 15 7 0 12 1 13 3 2 12 4 13 15
10

0 1 2 3 7 4 12 8 13 9 14 10 1 15 2 0 3 13 4 14 7 15 8 0 9 1 12 3 8 4 12 7 13 14 0 15 3 4 7 12 15 13
2

0 1 3 2 4 7 5 10 11 12 13 0 15 1 2 4 3 7 5 15 10 0 11 2 12 3 13 5 1 15 4 0 7 1 12 3 13 5 2 12 4 13 15
10

0 1 2 3 6 4 9 8 12 10 13 14 15 0 1 3 2 6 4 12 10 1 13 2 14 3 15 13 0 14 4 15 6 0 10 2 12 6 1 12 3 13 15
9

0 1 3 2 4 7 5 10 11 12 13 0 15 1 2 4 3 7 5 15 10 0 11 2 12 3 13 5 1 15 4 0 7 1 12 3 13 7 2 12 4 13 15
10

0 1 2 3 7 4 12 8 13 9 14 10 1 15 2 0 3 13 4 14 7 15 8 0 9 1 12 3 8 4 12 7 13 14 0 15 3 8 7 12 15 13
2

1 0 3 2 6 4 7 5 8 11 10 14 12 0 13 7 15 8 1 11 2 12 3 13 10 15 14 0 2 1 7 3 8 10 11 13 12 14 0 15 3 10 8 12 11 13 15
4

1 0 3 2 7 4 8 5 9 11 10 14 12 0 13 7 15 8 1 11 2 12 3 13 10 15 14 0 2 1 7 3 8 10 11 13 12 14 0 15 3 10 8 12 11 13 15
4

1 0 3 2 7 4 8 5 10 11 12 14 13 0 15 7 1 8 2 11 3 12 10 13 14 15 2 0 7 1 8 3 11 10 12 13 0 14 1 15 3 10 8 12 11 13 15
4

1 0 3 2 7 4 8 5 10 11 12 14 13 0 15 7 1 8 2 11 3 12 10 13 14 15 2 0 7 1 8 3 11 10 12 13 0 14 2 15 3 10 8 12 11 13 15
4

1 0 3 2 7 4 8 5 10 11 12 14 13 0 15 7 1 8 2 11 3 12 10 13 14 15 2 0 7 1 8 3 11 10 12 13 0 14 3 15 8 10 11 12 14 13 15
4

1 0 3 2 4 5 7 6 8 11 10 14 12 0 13 7 15 8 1 11 2 12 3 13 10 15 14 0 2 1 7 3 8 10 11 13 12 14 0 15 3 10 8 12 11 13 15
4

1 0 3 2 7 5 8 6 10 11 12 14 13 0 15 7 1 8 2 11 3 12 5 13 10 15 14 0 2 1 7 3 8 10 11 13 12 14 0 15 3 10 8 12 11 13 15
5

1 0 3 2 4 5 7 9 8 11 10 14 12 0 13 7 15 8 1 11 2 12 3 13 10 15 14 0 2 1 7 3 8 10 11 13 12 14 0 15 3 10 8 12 11 13 15
4

1 0 3 2 7 5 8 9 10 11 12 14 13 0 15 7 1 8 2 11 3 12 5 13 10 15 14 0 2 1 7 3 8 10 11 13 12 14 0 15 3 10 8 12 11 13 15
5

1 0 3 2 6 5 7 11 8 14 10 0 12 5 13 7 15 8 1 11 2 12 3 13 10 15 14 0 2 1 7 3 8 10 11 13 12 14 0 15 3 10 8 12 11 13 15
5

1 0 3 2 7 5 8 11 9 14 10 0 12 5 13 7 15 8 1 11 2 12 3 13 10 15 14 0 2 1 7 3 8 10 11 13 12 14 0 15 3 10 8 12 11 13 15
5

1 0 3 2 7 5 8 11 10 14 12 0 13 5 15 7 1 8 2 11 3 12 10 13 14 15 2 0 7 1 8 3 11 10 12 13 0 14 1 15 3 10 8 12 11 13 15
5

1 0 3 2 7 5 8 11 10 14 12 0 13 5 15 7 1 8 2 11 3 12 10 13 14 15 2 0 7 1 8 3 11 10 12 13 0 14 2 15 3 10 8 12 11 13 15
5

1 0 3 2 7 5 8 11 10 14 12 0 13 5 15 7 1 8 2 11 3 12 10 13 14 15 2 0 7 1 8 3 11 10 12 13 0 14 3 15 8 10 11 12 14 13 15
5

1 0 3 2 4 5 7 11 8 14 10 0 12 7 13 8 15 11 1 12 2 13 3 15 10 0 14 1 2 3 7 10 8 13 11 14 12 15 0 1 3 10 8 12 11 13 15
4

1 0 3 2 7 5 8 11 10 14 12 0 13 7 15 8 1 11 2 12 3 13 5 15 10 0 14 1 2 3 7 10 8 13 11 14 12 15 0 1 3 10 8 12 11 13 15
5

1 0 3 2 4 5 7 11 8 14 10 0 12 7 13 8 15 11 1 12 2 13 3 15 10 0 14 1 2 3 7 10 8 13 11 14 12 15 0 2 3 10 8 12 11 13 15
4

1 0 3 2 7 5 8 11 10 14 12 0 13 7 15 8 1 11 2 12 3 13 5 15 10 0 14 1 2 3 7 10 8 13 11 14 12 15 0 2 3 10 8 12 11 13 15
5

1 0 3 2 4 5 7 11 8 14 10 0 12 7 13 8 15 11 1 12 2 13 3 15 10 0 14 1 2 3 7 10 8 13 11 14 12 15 0 7 3 10 8 12 11 13 15
4

1 0 3 2 7 5 8 11 10 14 12 0 13 7 15 8 1 11 2 12 3 13 5 15 10 0 14 1 2 3 7 10 8 13 11 14 12 15 0 7 3 10 8 12 11 13 15
5

0 2 1 6 3 11 4 12 7 15 8 0 9 2 14 7 1 8 3 12 6 15 14 1 0 2 3 12 6 14 7 15 8 0 1 3 2 6 7 8 12 14 15
4

0 2 1 3 4 5 8 6 9 12 11 15 13 1 14 4 0 6 2 9 3 11 5 15 12 2 13 3 14 4 0 5 9 6 14 11 15 12 3 0 6 2 12 9 15 14
10

0 2 1 3 4 5 9 6 10 12 11 15 13 1 14 4 0 6 2 9 3 11 5 15 12 2 13 3 14 4 0 5 9 6 14 11 15 12 3 0 6 2 12 9 15 14
8

0 2 1 3 4 5 9 6 11 12 13 15 14 1 0 4 2 6 3 9 5 11 12 15 13 2 14 3 0 4 9 5 13 6 14 11 15 12 3 0 6 2 12 9 15 14
13

1 0 2 3 5 8 10 9 12 11 13 14 15 0 3 1 8 2 14 9 1 10 2 11 3 12 9 13 10 15 11 0 12 8 15 13 0 14 3 10 12 14 15
5

3 0 4 1 5 2 7 8 9 10 15 11 0 12 1 14 3 7 4 8 11 10 12 0 14 7 15 8 1 14 3 15 4 0 10 3 11 4 12 12 8 14 15
6

3 0 4 1 7 2 9 8 13 10 15 11 0 12 1 14 3 7 4 8 11 10 12 0 14 7 15 8 1 14 3 15 4 0 10 3 11 4 12 12 8 14 15
6

3 0 4 1 7 2 9 8 15 10 0 11 1 12 3 14 4 7 9 8 11 10 12 0 14 7 15 8 1 14 3 15 4 0 10 3 11 4 12 12 8 14 15
6

3 0 4 1 7 2 9 8 15 10 0 11 1 12 3 14 4 7 11 8 12 10 14 0 15 7 1 8 3 14 4 15 10 0 11 3 12 4 1 12 8 14 15
6

3 0 4 1 7 2 9 8 15 10 0 11 1 12 3 14 4 7 11 8 12 10 14 0 15 7 1 8 3 14 4 15 10 0 11 3 12 4 7 12 8 14 15
6

3 0 4 1 7 2 9 8 15 10 0 11 1 12 3 14 4 7 11 8 12 10 14 0 15 7 1 8 3 14 4 15 10 0 11 3 12 4 8 12 10 14 15
6

3 0 4 1 7 2 9 8 15 10 0 11 1 12 3 14 4 7 11 8 12 10 14 0 15 7 1 8 3 14 4 15 10 0 11 3 12 4 8 12 11 14 15
6

3 0 4 1 5 6 7 8 9 10 15 11 0 12 1 14 3 7 4 8 11 10 12 0 14 7 15 8 1 14 3 15 4 0 10 3 11 4 12 12 8 14 15
2

3 0 4 1 7 6 9 8 13 10 15 11 0 12 1 14 3 7 4 8 11 10 12 0 14 7 15 8 1 14 3 15 4 0 10 3 11 4 12 12 8 14 15
2

3 0 4 1 7 6 9 8 15 10 0 11 1 12 3 14 4 7 9 8 11 10 12 0 14 7 15 8 1 14 3 15 4 0 10 3 11 4 12 12 8 14 15
2

3 0 4 1 7 6 9 8 15 10 0 11 1 12 3 14 4 7 11 8 12 10 14 0 15 7 1 8 3 14 4 15 10 0 11 3 12 4 1 12 8 14 15
2

3 0 4 1 7 6 9 8 15 10 0 11 1 12 3 14 4 7 11 8 12 10 14 0 15 7 1 8 3 14 4 15 10 0 11 3 12 4 7 12 8 14 15
2

3 0 4 1 7 6 9 8 15 10 0 11 1 12 3 14 4 7 11 8 12 10 14 0 15 7 1 8 3 14 4 15 10 0 11 3 12 4 8 12 10 14 15
2

3 0 4 1 7 6 9 8 15 10 0 11 1 12 3 14 4 7 11 8 12 10 14 0 15 7 1 8 3 14 4 15 10 0 11 3 12 4 8 12 11 14 15
2

0 2 1 3 7 4 8 5 10 9 11 13 12 0 14 1 15 3 4 5 8 7 15 10 0 11 1 12 5 13 7 14 10 3 14 12 0 13 1 15 3 5 13 12 15 14
4

0 2 1 3 7 4 8 5 10 9 11 13 12 0 14 1 15 3 8 5 15 7 0 10 1 11 5 12 7 13 8 14 10 3 14 12 0 13 1 15 3 5 13 12 15 14
8

0 3 1 4 7 5 8 9 10 13 11 0 12 1 14 3 15 4 8 5 15 7 0 10 1 11 5 12 7 13 10 14 14 3 0 12 1 13 3 15 7 5 13 12 15 14
4

0 3 1 4 7 5 8 9 10 13 11 0 12 1 14 3 15 4 8 5 15 7 0 10 1 11 5 12 7 13 10 14 14 3 0 12 1 13 3 15 10 5 13 12 15 14
4

0 3 1 4 6 5 7 9 8 13 10 0 11 1 12 3 14 5 15 6 8 7 15 10 0 11 1 12 5 13 7 14 10 3 14 12 0 13 1 15 3 5 13 12 15 14
2

0 3 1 4 2 5 7 9 8 13 10 0 11 1 12 3 14 5 15 7 8 10 15 11 0 12 1 13 5 14 7 3 10 8 14 12 0 13 1 15 3 5 13 12 15 14
6

0 3 1 4 6 5 7 9 8 13 10 0 11 1 12 3 14 5 15 7 8 10 15 11 0 12 1 13 5 14 7 3 10 8 14 12 0 13 1 15 3 5 13 12 15 14
2

0 3 1 4 2 5 7 9 8 13 10 0 11 1 12 3 14 5 15 7 8 10 15 11 0 12 1 13 5 14 7 3 10 11 14 12 0 13 1 15 3 5 13 12 15 14
6

0 1 2 3 6 4 11 8 12 10 13 14 15 0 1 3 2 6 4 12 10 1 13 2 14 3 15 13 0 14 4 15 6 0 10 2 12 6 1 12 3 14 15
10

0 3 1 4 2 5 7 9 8 13 10 0 11 1 12 3 14 5 15 7 8 10 15 11 0 12 1 13 5 14 7 3 10 12 14 13 0 15 1 5 3 7 13 12 15 14
6

0 3 1 4 6 5 7 9 8 13 10 0 11 1 12 3 14 5 15 7 8 10 15 11 0 12 1 13 5 14 7 3 10 12 14 13 0 15 1 5 3 7 13 12 15 14
2

0 3 1 4 2 5 7 9 8 13 10 0 11 1 12 3 14 5 15 7 8 10 15 11 0 12 1 13 5 14 7 3 10 12 14 13 0 15 1 5 3 10 13 12 15 14
6

0 3 1 4 6 5 7 9 8 13 10 0 11 1 12 3 14 5 15 7 8 10 15 11 0 12 1 13 5 14 7 3 10 12 14 13 0 15 1 5 3 10 13 12 15 14
2

0 3 1 7 2 9 4 12 8 14 10 15 11 0 13 1 2 8 3 12 7 15 11 0 13 1 14 2 3 7 8 12 11 15 13 2 14 3 0 8 1 11 12 13 15 14
4

0 1 2 3 7 4 12 8 13 9 14 10 1 15 2 0 3 13 4 14 7 15 8 0 9 1 12 3 8 4 12 7 13 14 0 15 3 12 7 13 15 14
2

1 0 3 2 4 5 7 11 8 14 10 0 12 7 13 8 15 11 1 12 2 13 3 15 10 0 14 1 2 3 7 10 8 13 11 14 12 15 0 10 3 12 8 13 11 14 15
4

1 0 3 2 6 5 7 11 8 14 10 0 12 7 13 8 15 11 1 12 2 13 3 15 10 0 14 1 2 3 7 10 8 13 11 14 12 15 0 10 3 12 8 13 11 14 15
6

1 0 3 2 7 5 8 11 10 14 12 0 13 7 15 8 1 11 2 12 3 13 5 15 10 0 14 1 2 3 7 10 8 13 11 14 12 15 0 10 3 12 8 13 11 14 15
5

0 1 4 2 7 3 9 5 14 6 15 8 0 12 3 13 9 1 12 5 13 6 0 8 3 14 6 15 8 1 14 9 15 12 1 13 6 0 12 3 13 15
4

0 1 2 3 7 4 9 5 14 6 15 8 0 12 3 13 9 1 12 5 13 6 0 8 3 14 6 15 8 1 14 9 15 12 1 13 6 0 12 3 13 15
4

0 1 7 3 9 4 10 5 14 6 15 8 0 12 3 13 9 1 12 5 13 6 0 8 3 14 6 15 8 1 14 9 15 12 1 13 6 0 12 3 13 15
4

0 1 7 3 9 4 11 5 14 6 15 8 0 12 3 13 9 1 12 5 13 6 0 8 3 14 6 15 8 1 14 9 15 12 1 13 6 0 12 3 13 15
4

0 1 7 3 9 4 14 5 15 6 0 8 3 12 9 13 12 1 13 5 0 6 3 8 6 14 8 15 14 1 15 9 1 12 6 13 8 0 12 3 13 15
4

0 1 7 3 9 4 14 5 15 6 0 8 3 12 9 13 12 1 13 5 0 6 3 8 6 14 8 15 14 1 15 9 1 12 6 13 12 0 13 3 14 15
4

0 1 4 3 7 5 9 6 14 8 15 10 0 12 3 13 9 1 12 5 13 6 0 8 3 14 6 15 8 1 14 9 15 12 1 13 6 0 12 3 13 15
4

0 1 4 3 7 5 9 6 14 8 15 11 0 12 3 13 9 1 12 5 13 6 0 8 3 14 6 15 8 1 14 9 15 12 1 13 6 0 12 3 13 15
4

0 1 4 3 7 5 9 6 14 8 15 12 0 13 3 1 9 5 12 6 13 7 0 8 3 14 6 15 8 1 14 9 15 12 1 13 6 0 12 3 13 15
4

0 1 2 3 4 5 6 10 8 12 9 14 15 1 0 2 3 4 6 5 8 9 14 10 1 12 2 15 4 0 5 3 12 6 15 8 2 10 3 14 6 0 8 1 12 4 14 15
10

0 1 2 4 3 5 7 6 8 13 11 14 12 15 1 0 2 3 4 11 6 12 8 14 13 1 15 2 0 8 3 12 4 13 11 15 14 0 3 1 11 2 12 4 13 15 14
9

0 1 2 4 3 5 8 6 9 13 11 14 12 15 1 0 2 3 4 11 6 12 8 14 13 1 15 2 0 8 3 12 4 13 11 15 14 0 3 1 11 2 12 4 13 15 14
7

0 1 2 4 3 6 8 7 9 13 11 14 12 15 1 0 2 3 4 11 6 12 8 14 13 1 15 2 0 8 3 12 4 13 11 15 14 0 3 1 11 2 12 4 13 15 14
5

0 1 2 4 3 6 8 7 10 13 11 14 12 15 1 0 2 3 4 11 6 12 8 14 13 1 15 2 0 8 3 12 4 13 11 15 14 0 3 1 11 2 12 4 13 15 14
5

0 1 2 4 3 6 8 7 11 13 12 14 1 15 2 0 4 3 6 11 7 12 8 14 13 1 15 2 0 8 3 12 4 13 11 15 14 0 3 1 11 2 12 4 13 15 14
5

0 1 2 4 3 6 8 7 11 13 12 14 1 15 2 0 4 3 6 11 8 12 13 14 15 1 0 2 3 8 4 12 6 13 11 15 14 0 3 1 11 2 12 4 13 15 14
5

0 1 2 4 3 6 8 7 11 13 12 14 1 15 2 0 4 3 6 11 8 12 13 14 15 1 0 2 3 8 4 12 11 13 14 15 3 0 8 1 11 2 12 4 13 15 14
5

0 1 2 4 3 6 7 9 8 13 11 14 12 15 1 0 2 3 4 11 6 12 8 14 13 1 15 2 0 8 3 12 4 13 11 15 14 0 3 1 11 2 12 4 13 15 14
5

0 1 2 4 3 6 8 9 11 13 12 14 1 15 2 0 4 3 6 11 8 12 9 14 13 1 15 2 0 8 3 12 4 13 11 15 14 0 3 1 11 2 12 4 13 15 14
5

0 1 2 4 3 6 8 9 11 13 12 14 1 15 2 0 4 3 6 11 8 12 13 14 15 1 0 2 3 8 4 12 6 13 11 15 14 0 3 1 11 2 12 4 13 15 14
5

0 1 2 4 3 6 8 9 11 13 12 14 1 15 2 0 4 3 6 11 8 12 13 14 15 1 0 2 3 8 4 12 11 13 14 15 3 0 8 1 11 2 12 4 13 15 14
5

0 1 2 3 4 5 6 10 8 12 9 14 15 1 0 2 3 4 6 5 8 9 14 10 1 12 2 15 4 0 5 3 10 6 12 8 15 14 2 0 3 1 6 4 8 5 12 15
14

0 1 3 2 7 5 8 6 10 11 13 12 14 3 15 5 0 12 2 13 6 15 7 2 8 3 10 6 11 7 0 8 5 10 11 12 13 15 2 0 3 8 7 15 12
14

0 1 3 2 7 4 8 5 10 6 13 11 14 12 15 3 0 5 2 12 6 13 7 15 8 2 10 3 11 6 0 7 5 8 11 10 13 12 2 15 3 0 7 8 12 15
14

0 1 3 2 4 5 7 6 8 11 10 12 13 14 15 3 0 5 2 12 6 13 7 15 8 2 10 3 11 6 0 7 5 8 11 10 13 12 2 15 3 0 7 8 12 15
14

0 1 3 2 7 5 8 6 10 11 13 12 15 14 0 3 1 5 2 12 6 13 7 15 8 2 10 3 11 6 0 7 5 8 11 10 13 12 2 15 3 0 7 8 12 15
14

0 1 3 2 7 5 8 6 10 11 13 12 15 14 0 3 2 5 6 12 7 13 8 15 10 2 11 3 0 6 5 7 11 8 13 10 2 12 3 15 5 0 7 8 12 15
14

0 1 3 2 7 5 8 6 10 11 13 12 15 14 0 3 2 5 6 12 7 13 8 15 10 2 11 3 0 6 5 7 11 8 13 10 2 12 3 15 6 0 7 8 12 15
14

0 1 3 2 7 5 8 6 10 11 13 12 15 14 0 3 2 5 6 12 7 13 8 15 10 2 11 3 0 6 5 7 11 8 13 10 2 12 3 15 7 0 10 8 12 15
14

0 1 3 2 7 5 8 6 10 11 13 12 15 14 0 3 2 5 6 12 7 13 8 15 10 2 11 3 0 6 5 7 11 8 13 10 2 12 3 15 7 0 11 8 12 15
14

0 1 3 2 7 5 8 6 10 11 13 12 15 14 0 3 2 5 6 12 7 13 8 15 10 2 11 3 0 6 5 7 11 8 13 10 2 12 3 15 7 0 12 8 13 15
14

0 1 3 2 7 5 8 6 9 11 10 12 13 1 15 3 0 5 2 12 6 13 7 15 8 2 10 3 11 6 0 7 5 8 11 10 13 12 2 15 3 0 7 8 12 15
9

0 1 3 2 7 5 8 6 10 11 13 12 14 1 15 3 0 5 2 12 6 13 7 15 8 2 10 3 11 6 0 7 5 8 11 10 13 12 2 15 3 0 7 8 12 15
14

0 1 3 2 7 5 8 6 9 11 10 12 13 3 15 5 0 9 2 12 6 13 7 15 8 2 10 3 11 6 0 7 5 8 11 10 13 12 2 15 3 0 7 8 12 15
9

1 0 2 3 6 4 7 9 8 12 11 13 15 0 2 1 11 3 12 6 13 8 15 9 3 0 8 1 9 2 12 6 13 11 15 1 0 2 3 8 11 15 12
7

1 0 2 3 6 5 8 9 11 12 15 13 2 0 5 1 11 3 12 6 13 8 15 9 3 0 8 1 9 2 12 6 13 11 15 1 0 2 3 8 11 15 12
5

1 0 2 3 4 7 6 9 8 12 11 13 15 0 2 1 11 3 12 6 13 8 15 9 3 0 8 1 9 2 12 6 13 11 15 1 0 2 3 8 11 15 12
7

1 0 2 3 6 7 8 9 10 12 11 13 15 0 2 1 11 3 12 6 13 8 15 9 3 0 8 1 9 2 12 6 13 11 15 1 0 2 3 8 11 15 12
7

1 0 2 3 6 7 8 9 11 12 14 13 15 0 2 1 11 3 12 6 13 8 15 9 3 0 8 1 9 2 12 6 13 11 15 1 0 2 3 8 11 15 12
7

1 0 2 3 6 7 8 9 11 12 15 13 2 0 11 1 12 3 13 6 15 8 3 9 8 0 9 1 12 2 13 6 15 11 0 1 3 2 6 8 11 15 12
7

1 0 2 3 6 7 8 9 11 12 15 13 2 0 11 1 12 3 13 6 15 8 3 9 8 0 9 1 12 2 13 6 15 11 0 1 3 2 9 8 11 15 12
7

1 0 2 3 6 7 8 9 11 12 15 13 2 0 11 1 12 3 13 6 15 8 3 9 8 0 9 1 12 2 13 6 15 11 0 1 3 2 11 8 12 15 13
7

1 0 2 3 6 9 7 12 8 13 11 14 15 0 2 1 11 3 12 6 13 8 15 9 3 0 8 1 9 2 12 6 13 11 15 1 0 2 3 8 11 15 12
7

1 0 2 3 6 9 8 12 10 13 11 14 15 0 2 1 11 3 12 6 13 8 15 9 3 0 8 1 9 2 12 6 13 11 15 1 0 2 3 8 11 15 12
10

0 1 4 3 7 5 9 6 14 8 15 12 0 13 3 1 9 5 12 6 13 8 0 14 3 15 6 1 8 9 14 12 15 13 1 0 6 3 12 8 13 15
4

0 1 3 2 7 5 8 6 10 11 13 12 14 3 15 5 0 12 2 13 6 15 7 2 8 3 10 6 11 7 0 8 5 10 11 12 13 15 2 0 3 5 7 8 12 15
14

0 1 3 2 7 5 8 6 10 11 13 12 14 3 15 5 0 12 2 13 6 15 7 2 8 3 10 6 11 7 0 8 5 10 11 12 13 15 2 0 3 6 7 8 12 15
14

1 0 2 3 6 9 7 12 8 13 11 0 15 1 2 3 11 6 12 8 13 9 15 0 3 1 8 2 9 6 12 11 13 1 15 2 0 6 3 8 11 15 12
7

0 1 7 2 8 3 9 4 14 5 15 6 0 12 4 13 9 1 12 3 13 5 15 6 0 7 1 14 3 4 5 9 6 12 7 13 15 14 3 0 4 9 12 15 13
8

0 1 7 2 9 3 10 4 14 5 15 6 0 8 4 12 9 13 12 1 13 3 15 5 0 6 1 7 3 14 5 4 6 9 7 12 15 13 3 14 4 0 12 9 13 15
8

0 1 7 2 9 3 14 4 15 5 0 6 4 8 9 12 12 13 13 1 15 3 0 5 1 6 3 7 5 14 6 4 7 9 15 12 1 13 3 14 4 0 12 9 13 15
8

0 1 7 2 9 3 14 4 15 5 0 6 4 8 9 12 12 13 13 1 15 3 0 5 1 6 3 7 5 14 6 4 7 9 15 12 3 13 4 14 5 0 12 9 13 15
8

0 1 7 2 9 3 14 4 15 5 0 6 4 8 9 12 12 13 13 1 15 3 0 5 1 6 3 7 5 14 6 4 7 9 15 12 3 13 4 14 6 0 12 9 13 15
8

0 1 7 2 9 3 14 4 15 5 0 6 4 8 9 12 12 13 13 1 15 3 0 5 1 6 3 7 5 14 6 4 7 9 15 12 3 13 4 14 7 0 12 9 13 15
8

0 1 7 2 9 3 14 4 15 5 0 6 4 8 9 12 12 13 13 1 15 3 0 5 1 6 3 7 5 14 6 4 7 9 15 12 3 13 4 14 12 0 13 9 14 15
8

0 1 7 2 8 3 9 4 14 5 15 6 0 10 4 12 9 13 12 1 13 3 15 5 0 6 1 7 3 14 5 4 6 9 7 12 15 13 3 14 4 0 12 9 13 15
8

0 1 7 2 9 3 11 4 14 5 15 6 0 12 4 13 9 1 12 3 13 5 15 6 0 7 1 11 3 14 5 4 6 9 7 12 15 13 3 14 4 0 12 9 13 15
11

0 1 7 2 8 3 9 4 14 5 15 6 0 12 4 13 9 1 12 3 13 5 15 6 0 7 1 14 3 4 5 9 6 12 7 13 15 14 3 0 4 1 12 9 13 15
8

0 1 4 3 7 5 9 6 14 8 15 12 0 13 3 1 9 5 12 6 13 8 0 14 3 15 6 1 8 9 14 12 15 13 1 0 6 3 12 9 13 15
4

0 1 7 2 8 3 9 4 14 5 15 6 0 12 4 13 9 1 12 3 13 5 15 6 0 7 1 14 3 4 5 9 6 12 7 13 15 14 3 0 4 5 12 9 13 15
8

0 1 7 2 8 3 9 4 14 5 15 6 0 12 4 13 9 1 12 3 13 5 15 6 0 7 1 14 3 4 5 9 6 12 7 13 15 14 3 0 4 6 12 9 13 15
8

0 1 7 2 8 3 9 4 14 5 15 6 0 12 4 13 9 1 12 3 13 5 15 6 0 7 1 14 3 4 5 9 6 12 7 13 15 14 3 0 4 7 12 9 13 15
8

1 0 2 3 6 9 7 12 8 13 11 0 15 1 2 3 11 6 12 8 13 9 15 0 3 1 8 2 9 6 12 11 13 1 15 2 0 8 3 9 11 15 12
7

0 1 2 3 4 5 6 10 8 12 9 14 15 1 0 2 3 4 6 5 8 9 14 10 1 12 2 15 4 0 5 3 10 6 12 8 15 14 2 0 3 1 6 4 8 10 12 15
14

0 1 3 2 7 5 8 6 10 11 13 12 14 3 15 5 0 12 2 13 6 15 7 2 8 3 10 6 11 7 0 8 5 10 11 12 13 15 2 0 3 8 7 10 12 15
14

0 1 3 2 7 5 8 6 10 11 13 12 14 3 15 5 0 12 2 13 6 15 7 2 8 3 10 6 11 7 0 8 5 10 11 12 13 15 2 0 3 8 7 11 12 15
14

0 1 3 2 6 4 11 5 12 7 14 8 1 9 4 15 6 0 7 2 8 3 9 14 12 15 0 1 2 4 3 6 12 7 14 8 15 9 0 3 1 6 7 12 9 15
5

0 1 3 2 5 4 6 7 12 8 14 9 1 10 4 15 6 0 7 2 8 3 9 14 12 15 0 1 2 4 3 6 12 7 14 8 15 9 0 3 1 6 7 12 9 15
5

0 1 3 2 5 4 6 7 12 8 14 9 1 11 4 15 6 0 7 2 8 3 9 14 12 15 0 1 2 4 3 6 12 7 14 8 15 9 0 3 1 6 7 12 9 15
5

0 1 3 2 5 4 6 7 12 8 14 9 1 13 4 15 6 0 7 2 8 3 9 14 12 15 0 1 2 4 3 6 12 7 14 8 15 9 0 3 1 6 7 12 9 15
5

0 1 3 2 6 4 12 7 13 8 14 9 1 15 4 0 6 2 7 3 8 13 9 14 12 15 0 1 2 4 3 6 12 7 14 8 15 9 0 3 1 6 7 12 9 15
13

0 2 1 4 3 6 5 7 11 9 12 15 13 2 0 3 1 5 4 7 6 9 13 11 15 12 0 1 2 4 3 13 7 15 9 0 11 1 12 3 2 7 9 12 11 15 13
6

0 2 1 4 3 6 5 7 11 8 12 9 13 15 0 2 1 3 4 5 6 7 13 9 15 11 0 12 2 1 3 4 7 13 9 15 11 0 12 1 2 3 9 7 11 12 13 15
6

0 2 1 4 3 6 5 7 11 9 12 10 13 15 0 2 1 3 4 5 6 7 13 9 15 11 0 12 2 1 3 4 7 13 9 15 11 0 12 1 2 3 9 7 11 12 13 15
6

0 2 1 4 3 6 5 7 11 9 12 14 13 15 0 2 1 3 4 5 6 7 13 9 15 11 0 12 2 1 3 4 7 13 9 15 11 0 12 1 2 3 9 7 11 12 13 15
6

0 2 1 4 3 6 5 7 11 9 12 15 13 2 0 3 1 5 4 7 6 9 13 11 15 12 0 1 2 4 3 5 7 13 9 15 11 0 12 1 2 3 9 7 11 12 13 15
6

0 3 1 4 2 6 7 14 8 15 9 0 12 1 13 2 3 13 4 0 6 3 7 4 8 6 12 8 14 14 15 15 1 0 2 2 7 4 12 7 13 12 1 15 3
8

0 3 1 4 2 6 7 14 8 15 11 0 12 1 13 2 3 13 4 0 6 3 7 4 8 6 12 8 14 14 15 15 1 0 2 2 7 4 12 7 13 12 1 15 3
8

0 3 1 4 2 5 7 6 8 14 10 15 12 0 13 1 3 2 4 13 6 0 7 3 8 4 12 6 14 8 15 14 1 15 2 0 7 2 12 4 13 7 1 12 3 15
5

0 3 1 4 2 5 7 6 8 14 12 15 13 0 3 1 4 2 6 13 7 0 8 3 12 4 14 6 15 8 1 14 2 15 7 0 12 2 13 4 1 7 3 12 6 15
5

0 3 1 4 2 5 7 6 8 14 12 15 13 0 3 1 4 2 6 13 7 0 8 3 12 4 14 6 15 8 1 14 2 15 7 0 12 2 13 4 1 7 3 12 8 15
5

0 3 1 4 2 5 7 6 8 14 12 15 13 0 3 1 4 2 6 13 7 0 8 3 12 4 14 6 15 8 1 14 2 15 7 0 12 2 13 4 1 7 3 12 13 15
5

0 3 1 4 2 5 7 6 8 14 12 15 13 0 3 1 4 2 6 13 7 0 8 3 12 4 14 6 15 8 1 14 2 15 7 0 12 2 13 4 1 7 3 12 14 15
5

0 3 1 4 2 6 7 9 8 14 10 15 12 0 13 1 3 2 4 13 6 0 7 3 8 4 12 6 14 8 15 14 1 15 2 0 7 2 12 4 13 7 1 12 3 15
9

0 3 1 4 2 6 7 9 8 14 12 15 13 0 3 1 4 2 6 13 7 0 8 3 12 4 14 6 15 8 1 14 2 15 7 0 12 2 13 4 1 7 3 12 6 15
9

0 3 1 4 2 6 7 9 8 14 12 15 13 0 3 1 4 2 6 13 7 0 8 3 12 4 14 6 15 8 1 14 2 15 7 0 12 2 13 4 1 7 3 12 13 15
9

0 3 1 4 2 6 7 9 8 14 12 15 13 0 3 1 4 2 6 13 7 0 8 3 12 4 14 6 15 8 1 14 2 15 7 0 12 2 13 4 1 7 3 12 14 15
9

0 3 1 4 2 6 7 10 8 14 11 15 12 0 13 1 3 2 4 13 6 0 7 3 8 4 12 6 14 8 15 14 1 15 2 0 7 2 12 4 13 7 1 12 3 15
11

0 3 1 4 2 6 7 11 8 14 10 15 12 0 13 1 3 2 4 13 6 0 7 3 8 4 12 6 14 8 15 14 1 15 2 0 7 2 12 4 13 7 1 12 3 15
11

0 2 1 4 3 6 5 7 11 9 12 15 13 2 0 3 1 5 4 7 6 9 13 11 15 12 0 1 2 4 3 13 7 15 9 0 11 1 12 3 2 4 9 7 11 12 13 15
6

1 0 2 3 4 6 5 7 8 11 9 12 15 13 0 14 8 1 9 2 12 3 14 4 15 5 0 7 1 13 2 3 5 7 8 12 13 0 14 1 15 2 3 8 7 12 14 15
9

1 0 2 3 4 7 5 10 8 11 9 12 15 13 0 14 8 1 9 2 12 3 14 4 15 5 0 7 1 13 2 3 5 7 8 12 13 0 14 1 15 2 3 8 7 12 14 15
9

1 0 2 3 4 7 5 11 8 12 9 13 10 14 15 1 0 2 8 3 9 4 12 5 14 7 15 10 0 13 1 3 2 7 5 12 8 0 14 1 15 2 3 8 7 12 14 15
10

1 0 2 3 4 7 5 11 8 12 9 13 15 14 0 1 8 2 9 3 12 4 14 5 15 7 0 11 1 13 2 3 5 7 8 12 13 0 14 1 15 2 3 8 7 12 14 15
9

1 0 2 3 4 7 5 11 8 12 9 13 15 14 0 1 8 2 9 3 12 4 14 5 15 7 0 13 1 3 2 4 5 7 8 12 13 0 14 1 15 2 3 8 7 12 14 15
9

1 0 2 3 4 7 5 11 8 12 9 13 15 14 0 1 8 2 9 3 12 4 14 5 15 7 0 13 1 3 2 7 5 12 8 13 9 0 14 1 15 2 3 8 7 12 14 15
9

1 0 2 3 4 7 5 11 8 12 9 13 15 14 0 1 8 2 9 3 12 4 14 5 15 7 0 13 1 3 2 7 5 12 8 0 13 1 14 2 15 5 3 8 7 12 14 15
9

1 0 2 3 4 7 5 11 8 12 9 13 15 14 0 1 8 2 9 3 12 4 14 5 15 7 0 13 1 3 2 7 5 12 8 0 9 1 14 2 15 8 3 9 7 12 14 15
13

0 1 2 4 3 5 7 6 9 12 10 13 14 15 1 0 2 4 3 9 5 15 7 0 10 1 12 4 14 5 3 7 9 10 12 14 15 3 0 10 1 12 4 15 9
13

0 1 2 4 3 5 7 6 9 11 10 12 14 13 1 15 2 0 3 4 5 9 7 15 10 0 12 1 14 4 3 5 9 7 12 10 15 14 0 3 1 10 4 12 9 15
6

0 1 2 4 3 5 7 6 9 12 10 13 11 15 14 0 1 2 3 4 5 9 7 15 10 0 12 1 14 4 3 5 9 7 12 10 15 14 0 3 1 10 4 12 9 15
8

0 1 2 4 3 5 7 6 9 12 10 13 14 15 1 0 3 2 5 4 6 9 7 15 10 0 12 1 14 4 3 5 9 7 12 10 15 14 0 3 1 10 4 12 9 15
6

0 1 2 4 3 5 7 6 9 12 10 13 14 15 1 0 2 4 3 6 5 9 7 15 10 0 12 1 14 4 3 5 9 7 12 10 15 14 0 3 1 10 4 12 9 15
6

0 1 2 4 3 5 7 6 9 12 10 13 14 15 1 0 3 4 5 6 7 9 10 15 12 0 13 1 14 4 3 5 9 7 12 10 15 14 0 3 1 10 4 12 9 15
6

0 1 2 4 3 5 7 6 9 12 10 13 14 15 1 0 3 4 5 6 7 9 10 15 12 0 14 1 3 4 9 5 12 7 15 10 0 14 1 3 4 10 5 12 9 15
6

0 1 2 4 3 5 7 6 9 12 10 13 14 15 1 0 3 4 5 6 7 9 10 15 12 0 14 1 3 4 9 5 12 7 15 10 0 14 1 3 4 10 7 12 9 15
6

0 1 2 4 3 5 7 6 9 12 10 13 14 15 1 0 3 4 5 6 7 9 10 15 12 0 14 1 3 4 9 5 12 7 15 10 0 14 1 3 4 10 9 12 14 15
6

0 1 2 4 3 5 7 6 9 12 10 13 11 15 14 0 1 4 3 9 5 15 7 0 10 1 12 4 14 5 3 7 9 10 12 14 15 3 0 5 1 10 4 12 9 15
8

0 1 2 4 3 5 7 6 9 12 10 13 11 15 14 0 1 4 3 9 5 15 7 0 10 1 12 4 14 5 3 7 9 10 12 14 15 3 0 7 1 10 4 12 9 15
8

0 3 1 5 2 9 4 10 6 12 8 1 11 2 13 3 14 4 15 6 0 9 10 11 12 14 13 0 15 2 1 4 3 9 6 12 10 13 14 15 3 0 9 13 12 15 14
8

0 3 1 7 2 9 4 10 6 12 8 1 11 2 13 3 14 4 15 6 0 9 10 11 12 14 13 0 15 2 1 4 3 9 6 12 10 13 14 15 3 0 9 13 12 15 14
8

0 3 1 8 2 9 4 10 5 12 6 1 11 2 13 3 14 4 15 6 0 9 10 11 12 14 13 0 15 2 1 4 3 9 6 12 10 13 14 15 3 0 9 13 12 15 14
8

0 3 1 8 2 9 4 10 6 12 7 1 11 2 13 3 14 4 15 6 0 9 10 11 12 14 13 0 15 2 1 4 3 9 6 12 10 13 14 15 3 0 9 13 12 15 14
8

0 3 1 8 2 9 4 10 6 12 11 1 13 2 14 3 15 4 0 6 8 9 10 11 12 14 13 0 15 2 1 4 3 9 6 12 10 13 14 15 3 0 9 13 12 15 14
8

0 3 1 8 2 9 4 10 6 12 11 1 13 2 14 3 15 4 0 6 10 9 12 11 13 14 15 0 1 2 3 4 6 9 10 12 11 13 14 15 3 0 9 13 12 15 14
8

0 3 1 8 2 9 4 10 6 12 11 1 13 2 14 3 15 4 0 6 10 9 12 11 13 14 15 0 1 2 3 4 6 9 10 12 14 13 1 15 3 0 9 13 12 15 14
8

0 3 1 8 2 9 4 10 6 12 11 1 13 2 14 3 15 4 0 6 10 9 12 11 13 14 15 0 1 2 3 4 6 9 10 12 14 13 3 15 4 0 9 13 12 15 14
8

0 3 1 8 2 9 4 10 6 12 11 1 13 2 14 3 15 4 0 6 10 9 12 11 13 14 15 0 1 2 3 4 6 9 10 12 14 13 3 15 9 0 10 13 12 15 14
8

0 3 1 9 2 10 4 12 6 1 7 2 11 3 13 4 14 6 15 9 0 11 10 14 12 0 13 2 15 4 1 9 3 11 6 12 10 13 14 15 3 0 9 13 12 15 14
7

0 3 1 9 2 10 4 12 6 1 8 2 11 3 13 4 14 6 15 9 0 11 10 14 12 0 13 2 15 4 1 9 3 11 6 12 10 13 14 15 3 0 9 13 12 15 14
8

0 3 1 9 2 10 4 12 6 1 8 2 11 3 13 4 14 6 15 9 0 11 10 14 12 0 13 2 15 4 1 9 3 12 6 13 10 15 14 0 3 1 9 13 12 15 14
8

0 3 1 9 2 10 4 12 6 1 8 2 11 3 13 4 14 6 15 9 0 11 10 14 12 0 13 2 15 4 1 9 3 12 6 13 10 15 14 0 3 4 9 13 12 15 14
8

0 1 3 2 7 5 8 6 10 11 13 12 14 3 15 5 0 12 2 13 6 15 7 2 8 3 10 6 11 7 0 8 5 10 11 12 13 15 2 0 3 8 7 13 12 15
14

1 0 2 3 6 9 7 12 8 13 11 0 15 1 2 3 11 6 12 8 13 9 15 0 3 1 8 2 9 6 12 11 13 1 15 2 0 8 3 13 11 15 12
7

0 3 1 9 2 10 4 12 6 1 8 2 11 3 13 4 14 6 15 9 0 11 10 14 12 0 13 2 15 4 1 9 3 12 6 13 10 15 14 0 3 10 9 13 12 15 14
8

0 3 1 4 2 6 7 14 8 15 11 0 12 1 13 2 3 13 4 0 6 3 7 4 8 6 12 8 14 14 15 15 1 0 2 2 7 4 12 7 13 12 1 13 3 15
11

1 0 2 3 4 7 5 11 8 12 9 13 15 14 0 1 8 2 9 3 12 4 14 5 15 7 0 13 1 3 2 7 5 12 8 0 13 1 14 2 15 8 3 12 7 13 14 15
9

0 1 4 3 7 5 9 6 14 8 15 12 0 13 3 1 9 5 12 6 13 8 0 14 3 15 6 1 8 9 14 12 15 13 1 0 6 3 12 14 13 15
4

0 1 2 3 4 5 6 10 8 12 9 14 15 1 0 2 3 4 6 5 8 9 14 10 1 12 2 15 4 0 5 3 9 6 12 8 15 14 2 0 3 1 6 4 8 14 12 15
9

0 1 7 2 8 3 9 4 14 5 15 6 0 12 4 13 9 1 12 3 13 5 15 6 0 7 1 14 3 4 5 9 6 12 7 13 15 14 3 0 4 9 12 14 13 15
8

2 0 8 1 9 3 10 6 12 11 14 13 15 0 6 2 10 3 11 8 13 9 14 12 15 11 0 13 3 15 8 0 9 3 10 9 12 10 14 14 12 15
6

2 0 5 1 8 3 9 4 10 6 12 11 14 13 15 0 6 2 10 3 11 8 13 9 14 12 15 11 0 13 3 15 8 0 9 3 10 9 12 10 14 14 12 15
6

2 0 7 1 8 3 9 4 10 6 12 11 14 13 15 0 6 2 10 3 11 8 13 9 14 12 15 11 0 13 3 15 8 0 9 3 10 9 12 10 14 14 12 15
6

2 0 8 1 9 3 10 4 12 6 14 11 15 13 1 0 6 2 10 3 11 8 13 9 14 12 15 11 0 13 3 15 8 0 9 3 10 9 12 10 14 14 12 15
6

2 0 8 1 9 3 10 4 12 6 14 11 15 13 6 0 10 2 11 3 13 8 14 9 15 12 0 11 2 13 3 15 8 0 9 3 10 9 12 10 14 14 12 15
6

2 0 8 1 9 3 10 4 12 6 14 11 15 13 6 0 10 2 11 3 13 8 14 9 15 12 0 11 3 13 8 15 9 0 10 3 12 9 14 10 8 14 12 15
6

2 0 8 1 9 3 10 4 12 6 14 11 15 13 6 0 10 2 11 3 13 8 14 9 15 12 0 11 3 13 8 15 9 0 10 3 12 9 14 10 11 14 12 15
6

2 0 8 1 9 3 10 4 12 6 14 11 15 13 6 0 10 2 11 3 13 8 14 9 15 12 0 11 3 13 8 15 9 0 10 3 12 9 14 10 12 14 13 15
6

2 0 4 1 8 3 9 5 10 6 12 11 14 13 15 0 6 2 10 3 11 8 13 9 14 12 15 11 0 13 3 15 8 0 9 3 10 9 12 10 14 14 12 15
6

2 0 7 1 8 3 9 5 10 6 12 11 14 13 15 0 6 2 10 3 11 8 13 9 14 12 15 11 0 13 3 15 8 0 9 3 10 9 12 10 14 14 12 15
6

2 0 8 1 9 3 10 5 12 6 14 11 15 13 6 0 10 2 11 3 13 8 14 9 15 12 0 11 2 13 3 15 8 0 9 3 10 9 12 10 14 14 12 15
6

2 0 8 1 9 3 10 5 12 6 14 11 15 13 6 0 10 2 11 3 13 8 14 9 15 12 0 11 3 13 8 15 9 0 10 3 12 9 14 10 8 14 12 15
6

2 0 8 1 9 3 10 5 12 6 14 11 15 13 6 0 10 2 11 3 13 8 14 9 15 12 0 11 3 13 8 15 9 0 10 3 12 9 14 10 11 14 12 15
6

2 0 8 1 9 3 10 5 12 6 14 11 15 13 6 0 10 2 11 3 13 8 14 9 15 12 0 11 3 13 8 15 9 0 10 3 12 9 14 10 12 14 13 15
6

2 0 4 1 8 3 9 6 10 7 12 11 14 13 15 0 6 2 10 3 11 8 13 9 14 12 15 11 0 13 3 15 8 0 9 3 10 9 12 10 14 14 12 15
6

2 0 5 1 8 3 9 6 10 7 12 11 14 13 15 0 6 2 10 3 11 8 13 9 14 12 15 11 0 13 3 15 8 0 9 3 10 9 12 10 14 14 12 15
6

2 0 8 1 9 3 10 6 12 7 14 11 15 13 1 0 6 2 10 3 11 8 13 9 14 12 15 11 0 13 3 15 8 0 9 3 10 9 12 10 14 14 12 15
6

2 0 8 1 9 3 10 6 12 7 14 11 15 13 6 0 10 2 11 3 13 8 14 9 15 12 0 11 2 13 3 15 8 0 9 3 10 9 12 10 14 14 12 15
6

2 0 8 1 9 3 10 6 12 7 14 11 15 13 6 0 10 2 11 3 13 8 14 9 15 12 0 11 3 13 8 15 9 0 10 3 12 9 14 10 8 14 12 15
6

2 0 8 1 9 3 10 6 12 7 14 11 15 13 6 0 10 2 11 3 13 8 14 9 15 12 0 11 3 13 8 15 9 0 10 3 12 9 14 10 11 14 12 15
6

2 0 8 1 9 3 10 6 12 7 14 11 15 13 6 0 10 2 11 3 13 8 14 9 15 12 0 11 3 13 8 15 9 0 10 3 12 9 14 10 12 14 13 15
6

2 0 5 1 8 3 9 6 10 11 12 13 14 0 15 2 6 3 10 5 11 8 13 9 14 12 15 11 0 13 3 15 8 0 9 3 10 9 12 10 14 14 12 15
6

2 0 4 1 8 3 9 6 10 11 12 13 14 0 15 2 6 3 10 8 11 9 13 12 14 2 15 11 0 13 3 15 8 0 9 3 10 9 12 10 14 14 12 15
6

2 0 5 1 8 3 9 6 10 11 12 13 14 0 15 2 6 3 10 8 11 9 13 12 14 2 15 11 0 13 3 15 8 0 9 3 10 9 12 10 14 14 12 15
6

2 0 7 1 8 3 9 6 10 11 12 13 14 0 15 2 6 3 10 8 11 9 13 12 14 2 15 11 0 13 3 15 8 0 9 3 10 9 12 10 14 14 12 15
6

2 0 8 1 9 3 10 6 12 11 14 13 15 0 1 2 6 3 10 8 11 9 13 12 14 2 15 11 0 13 3 15 8 0 9 3 10 9 12 10 14 14 12 15
6

2 0 8 1 9 3 10 6 12 11 14 13 15 0 6 2 10 3 11 8 13 9 14 12 15 2 0 11 3 13 8 15 9 0 10 3 12 9 14 10 8 14 12 15
6

2 0 8 1 9 3 10 6 12 11 14 13 15 0 6 2 10 3 11 8 13 9 14 12 15 2 0 11 3 13 8 15 9 0 10 3 12 9 14 10 11 14 12 15
6

2 0 8 1 9 3 10 6 12 11 14 13 15 0 6 2 10 3 11 8 13 9 14 12 15 2 0 11 3 13 8 15 9 0 10 3 12 9 14 10 12 14 13 15
6

2 0 8 1 9 3 10 6 12 11 14 13 15 0 6 2 10 3 11 8 13 9 14 12 15 11 0 13 2 15 3 0 8 2 9 3 10 9 12 10 14 14 12 15
6

2 0 4 1 8 3 9 6 10 11 12 13 14 0 15 2 6 3 10 8 11 9 13 12 14 11 15 13 0 15 3 0 8 3 9 8 10 9 12 10 14 14 12 15
6

2 0 5 1 8 3 9 6 10 11 12 13 14 0 15 2 6 3 10 8 11 9 13 12 14 11 15 13 0 15 3 0 8 3 9 8 10 9 12 10 14 14 12 15
6

2 0 7 1 8 3 9 6 10 11 12 13 14 0 15 2 6 3 10 8 11 9 13 12 14 11 15 13 0 15 3 0 8 3 9 8 10 9 12 10 14 14 12 15
6

2 0 8 1 9 3 10 6 12 11 14 13 15 0 1 2 6 3 10 8 11 9 13 12 14 11 15 13 0 15 3 0 8 3 9 8 10 9 12 10 14 14 12 15
6

2 0 8 1 9 3 10 6 12 11 14 13 15 0 6 2 10 3 11 8 13 9 14 12 15 11 0 13 2 15 3 0 8 3 9 8 10 9 12 10 14 14 12 15
6

2 0 8 1 9 3 10 6 12 11 14 13 15 0 6 2 10 3 11 8 13 9 14 12 15 11 0 13 3 15 8 0 9 3 10 8 12 9 14 10 11 14 12 15
6

2 0 8 1 9 3 10 6 12 11 14 13 15 0 6 2 10 3 11 8 13 9 14 12 15 11 0 13 3 15 8 0 9 3 10 8 12 9 14 10 12 14 13 15
6

0 2 4 3 6 10 7 12 8 3 11 4 14 7 15 8 0 10 2 15 11 2 12 3 14 7 0 12 8 0 10 8 11 10 14 11 15 14 3 15 12
4

0 2 4 3 7 10 8 12 9 3 11 4 14 7 15 8 0 10 2 15 11 2 12 3 14 7 0 12 8 0 10 8 11 10 14 11 15 14 3 15 12
4

0 2 4 3 5 9 7 10 8 12 11 3 14 4 15 7 0 8 2 10 11 15 12 2 14 3 0 7 8 12 10 0 11 8 14 10 15 11 3 14 12 15
6

0 2 4 3 7 10 8 12 9 3 11 4 14 7 15 8 0 9 2 10 11 15 12 2 14 3 0 7 8 12 10 0 11 8 14 10 15 11 3 14 12 15
9

2 0 4 1 8 3 9 6 10 11 12 13 14 0 15 2 6 3 10 8 11 9 13 12 14 11 15 13 0 15 3 0 8 3 9 9 10 10 12 11 14 14 12 15
6

2 0 5 1 8 3 9 6 10 11 12 13 14 0 15 2 6 3 10 8 11 9 13 12 14 11 15 13 0 15 3 0 8 3 9 9 10 10 12 11 14 14 12 15
6

2 0 7 1 8 3 9 6 10 11 12 13 14 0 15 2 6 3 10 8 11 9 13 12 14 11 15 13 0 15 3 0 8 3 9 9 10 10 12 11 14 14 12 15
6

2 0 8 1 9 3 10 6 12 11 14 13 15 0 1 2 6 3 10 8 11 9 13 12 14 11 15 13 0 15 3 0 8 3 9 9 10 10 12 11 14 14 12 15
6

2 0 8 1 9 3 10 6 12 11 14 13 15 0 6 2 10 3 11 8 13 9 14 12 15 11 0 13 2 15 3 0 8 3 9 9 10 10 12 11 14 14 12 15
6

2 0 8 1 9 3 10 6 12 11 14 13 15 0 6 2 10 3 11 8 13 9 14 12 15 11 0 13 3 15 8 0 9 3 10 9 12 10 14 11 8 14 12 15
6

2 0 8 1 9 3 10 6 12 11 14 13 15 0 6 2 10 3 11 8 13 9 14 12 15 11 0 13 3 15 8 0 9 3 10 9 12 10 14 11 12 14 13 15
6

0 3 1 4 2 6 7 14 8 15 11 0 12 1 13 2 3 13 4 0 6 3 7 4 8 6 12 8 14 14 15 15 1 0 2 2 7 4 12 7 13 12 1 14 3 15
11

2 0 4 1 6 3 7 5 12 8 14 15 1 0 2 3 4 7 8 14 12 3 15 4 0 7 1 15 2 1 8 2 12 8 14 12 0 14 3 15
10

2 0 4 1 6 3 7 5 9 8 12 15 14 0 1 3 2 7 4 14 8 3 12 4 15 7 0 15 1 1 2 2 8 8 12 12 14 14 0 15 3
10

2 0 4 1 6 3 7 5 11 8 12 15 14 0 1 3 2 7 4 14 8 3 12 4 15 7 0 15 1 1 2 2 8 8 12 12 14 14 0 15 3
10

2 0 4 1 6 3 7 5 12 8 13 15 14 0 1 3 2 7 4 14 8 3 12 4 15 7 0 15 1 1 2 2 8 8 12 12 14 14 0 15 3
10

2 0 4 1 6 3 7 5 12 8 14 15 1 0 2 3 4 7 5 14 8 3 12 4 15 7 0 15 1 1 2 2 8 8 12 12 14 14 0 15 3
10

2 0 4 1 6 3 7 5 12 8 14 15 1 0 2 3 4 7 6 14 8 3 12 4 15 7 0 15 1 1 2 2 8 8 12 12 14 14 0 15 3
10

2 0 4 1 6 3 7 5 12 8 14 15 1 0 2 3 4 7 8 14 12 3 15 4 0 7 1 15 2 1 8 2 12 8 14 12 0 14 3 15 4
10

2 0 4 1 6 3 7 5 12 8 14 15 1 0 2 3 4 7 8 14 12 3 15 4 0 7 1 15 2 1 8 2 12 8 14 12 0 14 3 15 7
10

2 0 4 1 6 3 7 5 11 8 12 9 14 15 1 0 2 3 4 7 8 14 12 3 15 4 0 7 1 15 2 1 8 2 12 8 14 12 0 14 3 15
10

2 0 4 1 6 3 7 5 12 8 13 9 14 15 1 0 2 3 4 7 8 14 12 3 15 4 0 7 1 15 2 1 8 2 12 8 14 12 0 14 3 15
10

2 0 4 1 6 3 7 5 12 8 14 9 1 15 2 0 4 3 5 7 8 14 12 3 15 4 0 7 1 15 2 1 8 2 12 8 14 12 0 14 3 15
10

2 0 4 1 6 3 7 5 12 8 14 9 1 15 2 0 4 3 6 7 8 14 12 3 15 4 0 7 1 15 2 1 8 2 12 8 14 12 0 14 3 15
10

2 0 4 1 6 3 7 5 12 8 14 9 1 15 2 0 4 3 8 7 12 14 15 3 0 4 1 7 2 15 8 1 12 2 14 8 0 12 3 14 4 15
10

2 0 4 1 6 3 7 5 12 8 14 9 1 15 2 0 4 3 8 7 12 14 15 3 0 4 1 7 2 15 8 1 12 2 14 8 0 12 3 14 7 15
10

2 0 4 1 6 3 7 5 9 8 12 11 14 15 1 0 2 3 4 7 8 14 12 3 15 4 0 7 1 15 2 1 8 2 12 8 14 12 0 14 3 15
10

2 0 4 1 6 3 7 5 12 8 13 11 14 15 1 0 2 3 4 7 8 14 12 3 15 4 0 7 1 15 2 1 8 2 12 8 14 12 0 14 3 15
10

2 0 4 1 6 3 7 5 12 8 14 11 1 15 2 0 4 3 5 7 8 14 12 3 15 4 0 7 1 15 2 1 8 2 12 8 14 12 0 14 3 15
10

2 0 4 1 6 3 7 5 12 8 14 11 1 15 2 0 4 3 6 7 8 14 12 3 15 4 0 7 1 15 2 1 8 2 12 8 14 12 0 14 3 15
10

2 0 4 1 6 3 7 5 12 8 14 11 1 15 2 0 4 3 8 7 12 14 15 3 0 4 1 7 2 15 8 1 12 2 14 8 0 12 3 14 4 15
10

2 0 4 1 6 3 7 5 12 8 14 11 1 15 2 0 4 3 8 7 12 14 15 3 0 4 1 7 2 15 8 1 12 2 14 8 0 12 3 14 7 15
10

2 0 4 1 6 3 7 5 9 8 12 13 14 15 1 0 2 3 4 7 8 14 12 3 15 4 0 7 1 15 2 1 8 2 12 8 14 12 0 14 3 15
10

2 0 4 1 6 3 7 5 11 8 12 13 14 15 1 0 2 3 4 7 8 14 12 3 15 4 0 7 1 15 2 1 8 2 12 8 14 12 0 14 3 15
10

2 0 4 1 6 3 7 5 12 8 14 13 1 15 2 0 4 3 5 7 8 14 12 3 15 4 0 7 1 15 2 1 8 2 12 8 14 12 0 14 3 15
10

2 0 4 1 6 3 7 5 12 8 14 13 1 15 2 0 4 3 6 7 8 14 12 3 15 4 0 7 1 15 2 1 8 2 12 8 14 12 0 14 3 15
10

2 0 4 1 6 3 7 5 12 8 14 13 1 15 2 0 4 3 8 7 12 14 15 3 0 4 1 7 2 15 8 1 12 2 14 8 0 12 3 14 4 15
10

2 0 4 1 6 3 7 5 12 8 14 13 1 15 2 0 4 3 8 7 12 14 15 3 0 4 1 7 2 15 8 1 12 2 14 8 0 12 3 14 7 15
10

2 0 4 1 6 3 7 5 9 8 12 15 14 0 1 3 2 5 4 7 8 14 12 3 15 4 0 7 1 15 2 1 8 2 12 8 14 12 0 14 3 15
10

2 0 4 1 6 3 7 5 11 8 12 15 14 0 1 3 2 5 4 7 8 14 12 3 15 4 0 7 1 15 2 1 8 2 12 8 14 12 0 14 3 15
10

2 0 4 1 6 3 7 5 12 8 13 15 14 0 1 3 2 5 4 7 8 14 12 3 15 4 0 7 1 15 2 1 8 2 12 8 14 12 0 14 3 15
10

2 0 4 1 6 3 7 5 12 8 14 15 1 0 2 3 4 5 6 7 8 14 12 3 15 4 0 7 1 15 2 1 8 2 12 8 14 12 0 14 3 15
10

2 0 4 1 6 3 7 5 12 8 14 15 1 0 2 3 4 5 8 7 12 14 15 3 0 4 1 7 2 15 8 1 12 2 14 8 0 12 3 14 4 15
10

2 0 4 1 6 3 7 5 12 8 14 15 1 0 2 3 4 5 8 7 12 14 15 3 0 4 1 7 2 15 8 1 12 2 14 8 0 12 3 14 7 15
10

2 0 4 1 6 3 7 5 9 8 12 15 14 0 1 3 2 6 4 7 8 14 12 3 15 4 0 7 1 15 2 1 8 2 12 8 14 12 0 14 3 15
10

2 0 4 1 6 3 7 5 11 8 12 15 14 0 1 3 2 6 4 7 8 14 12 3 15 4 0 7 1 15 2 1 8 2 12 8 14 12 0 14 3 15
10

2 0 4 1 6 3 7 5 12 8 13 15 14 0 1 3 2 6 4 7 8 14 12 3 15 4 0 7 1 15 2 1 8 2 12 8 14 12 0 14 3 15
10

2 0 4 1 6 3 7 5 12 8 14 15 1 0 2 3 4 6 5 7 8 14 12 3 15 4 0 7 1 15 2 1 8 2 12 8 14 12 0 14 3 15
10

2 0 4 1 6 3 7 5 12 8 14 15 1 0 2 3 4 6 8 7 12 14 15 3 0 4 1 7 2 15 8 1 12 2 14 8 0 12 3 14 4 15
10

2 0 4 1 6 3 7 5 12 8 14 15 1 0 2 3 4 6 8 7 12 14 15 3 0 4 1 7 2 15 8 1 12 2 14 8 0 12 3 14 7 15
10

2 0 4 1 6 3 7 5 9 8 12 15 14 0 1 3 2 7 4 9 8 14 12 3 15 4 0 7 1 15 2 1 8 2 12 8 14 12 0 14 3 15
10

2 0 4 1 6 3 7 5 11 8 12 15 14 0 1 3 2 7 4 11 8 14 12 3 15 4 0 7 1 15 2 1 8 2 12 8 14 12 0 14 3 15
10

2 0 4 1 6 3 7 5 12 8 13 15 14 0 1 3 2 7 4 13 8 14 12 3 15 4 0 7 1 15 2 1 8 2 12 8 14 12 0 14 3 15
10

2 0 4 1 6 3 7 5 12 8 14 15 1 0 2 3 4 7 5 14 8 3 12 4 15 5 0 7 1 15 2 1 8 2 12 8 14 12 0 14 3 15
10

2 0 4 1 6 3 7 5 12 8 14 15 1 0 2 3 4 7 6 14 8 3 12 4 15 6 0 7 1 15 2 1 8 2 12 8 14 12 0 14 3 15
10

2 0 4 1 6 3 7 5 9 8 12 15 14 0 1 3 2 7 4 14 8 3 12 4 15 7 0 15 1 1 2 2 8 4 12 8 14 12 0 14 3 15
10

2 0 4 1 6 3 7 5 11 8 12 15 14 0 1 3 2 7 4 14 8 3 12 4 15 7 0 15 1 1 2 2 8 4 12 8 14 12 0 14 3 15
10

2 0 4 1 6 3 7 5 12 8 13 15 14 0 1 3 2 7 4 14 8 3 12 4 15 7 0 15 1 1 2 2 8 4 12 8 14 12 0 14 3 15
10

2 0 4 1 6 3 7 5 12 8 14 15 1 0 2 3 4 7 5 14 8 3 12 4 15 7 0 15 1 1 2 2 8 4 12 8 14 12 0 14 3 15
10

2 0 4 1 6 3 7 5 12 8 14 15 1 0 2 3 4 7 6 14 8 3 12 4 15 7 0 15 1 1 2 2 8 4 12 8 14 12 0 14 3 15
10

2 0 4 1 6 3 7 5 12 8 14 15 1 0 2 3 4 7 8 14 12 3 15 4 0 7 1 15 2 1 8 2 12 4 14 8 0 12 3 14 7 15
10

2 0 4 1 6 3 7 5 9 8 12 15 14 0 1 3 2 7 4 14 8 3 12 4 15 7 0 15 1 1 2 2 8 7 12 8 14 12 0 14 3 15
10

2 0 4 1 6 3 7 5 11 8 12 15 14 0 1 3 2 7 4 14 8 3 12 4 15 7 0 15 1 1 2 2 8 7 12 8 14 12 0 14 3 15
10

2 0 4 1 6 3 7 5 12 8 13 15 14 0 1 3 2 7 4 14 8 3 12 4 15 7 0 15 1 1 2 2 8 7 12 8 14 12 0 14 3 15
10

2 0 4 1 6 3 7 5 12 8 14 15 1 0 2 3 4 7 5 14 8 3 12 4 15 7 0 15 1 1 2 2 8 7 12 8 14 12 0 14 3 15
10

2 0 4 1 6 3 7 5 12 8 14 15 1 0 2 3 4 7 6 14 8 3 12 4 15 7 0 15 1 1 2 2 8 7 12 8 14 12 0 14 3 15
10

2 0 4 1 6 3 7 5 12 8 14 15 1 0 2 3 4 7 8 14 12 3 15 4 0 7 1 15 2 1 8 2 12 7 14 8 0 12 3 14 4 15
10

0 1 3 7 5 8 11 9 13 10 14 12 15 3 0 5 7 13 9 3 10 5 11 9 12 10 14 11 15 12 0 15 7 0 14 3 5 9 7 12 10 14 11 15
8

0 1 2 4 3 5 7 6 9 12 10 13 11 15 14 0 1 4 3 9 5 15 7 0 10 1 12 4 14 5 3 7 9 10 12 14 15 3 0 10 1 12 4 14 9 15
8

2 0 7 1 11 3 12 6 14 8 15 9 0 10 1 13 3 2 6 10 8 13 11 15 12 1 14 3 0 6 2 12 8 14 11 15 13 11 0 12 3 14 13 15
9

2 0 11 1 12 3 14 6 15 8 0 9 1 10 3 13 6 2 8 10 11 13 12 15 14 1 0 3 2 6 8 12 11 14 13 15 0 11 3 12 6 14 13 15
9

2 0 11 1 12 3 14 6 15 8 0 9 1 10 3 13 6 2 8 10 11 13 12 15 14 1 0 3 2 6 8 12 11 14 13 15 0 11 3 12 8 14 13 15
9

2 0 9 1 11 3 12 6 14 8 15 10 0 13 1 2 3 10 6 13 8 15 11 1 12 3 14 6 0 10 2 12 8 14 11 15 13 11 0 12 3 14 13 15
9

0 3 2 7 4 8 5 12 6 14 9 15 10 0 11 2 13 3 6 4 8 5 13 7 15 9 3 10 5 12 6 14 10 0 13 2 14 4 15 12 0 6 3 13 10 14 12 15
1

0 3 1 7 2 8 4 12 5 14 6 15 10 0 11 2 13 3 6 4 8 5 13 7 15 10 3 11 5 12 6 14 10 0 13 2 14 4 15 12 0 6 3 13 10 14 12 15
9

0 3 2 7 4 8 5 12 6 14 9 15 10 0 11 2 13 3 6 4 8 5 13 7 15 10 3 11 5 12 6 14 10 0 13 2 14 4 15 12 0 6 3 13 10 14 12 15
1

0 3 2 7 4 8 5 12 6 14 10 15 11 0 13 2 6 3 8 4 13 5 15 7 3 10 5 11 6 12 7 14 10 0 13 2 14 4 15 12 0 6 3 13 10 14 12 15
11

0 3 1 7 2 8 4 12 5 14 6 15 10 0 11 2 13 3 6 4 8 5 13 7 15 10 3 12 5 14 6 0 10 2 13 4 14 7 15 12 0 6 3 13 10 14 12 15
9

0 3 2 7 4 8 5 12 6 14 9 15 10 0 11 2 13 3 6 4 8 5 13 7 15 10 3 12 5 14 6 0 10 2 13 4 14 7 15 12 0 6 3 13 10 14 12 15
1

0 3 1 7 2 8 4 12 5 14 6 15 10 0 11 2 13 3 6 4 8 5 13 7 15 10 3 12 5 14 6 0 10 2 13 4 14 12 15 2 0 6 3 13 10 14 12 15
9

0 3 2 7 4 8 5 12 6 14 9 15 10 0 11 2 13 3 6 4 8 5 13 7 15 10 3 12 5 14 6 0 10 2 13 4 14 12 15 2 0 6 3 13 10 14 12 15
1

0 3 1 7 2 8 4 12 5 14 6 15 10 0 11 2 13 3 6 4 8 5 13 7 15 10 3 12 5 14 6 0 10 2 13 4 14 12 15 4 0 6 3 13 10 14 12 15
9

0 3 2 7 4 8 5 12 6 14 9 15 10 0 11 2 13 3 6 4 8 5 13 7 15 10 3 12 5 14 6 0 10 2 13 4 14 12 15 4 0 6 3 13 10 14 12 15
1

0 3 1 7 2 8 4 12 5 14 6 15 10 0 11 2 13 3 6 4 8 5 13 7 15 10 3 12 5 14 6 0 10 2 13 4 14 12 15 5 0 6 3 13 10 14 12 15
9

0 3 2 7 4 8 5 12 6 14 9 15 10 0 11 2 13 3 6 4 8 5 13 7 15 10 3 12 5 14 6 0 10 2 13 4 14 12 15 5 0 6 3 13 10 14 12 15
1

2 0 4 1 8 3 9 6 10 11 12 13 14 0 15 2 6 3 10 8 11 9 13 12 14 11 15 13 0 15 3 0 8 3 9 9 10 10 12 13 14 14 12 15
6

2 0 5 1 8 3 9 6 10 11 12 13 14 0 15 2 6 3 10 8 11 9 13 12 14 11 15 13 0 15 3 0 8 3 9 9 10 10 12 13 14 14 12 15
6

2 0 7 1 8 3 9 6 10 11 12 13 14 0 15 2 6 3 10 8 11 9 13 12 14 11 15 13 0 15 3 0 8 3 9 9 10 10 12 13 14 14 12 15
6

2 0 8 1 9 3 10 6 12 11 14 13 15 0 6 2 10 3 11 8 13 9 14 12 15 11 0 13 2 15 3 0 8 3 9 9 10 10 12 13 14 14 12 15
6

2 0 8 1 9 3 10 6 12 11 14 13 15 0 6 2 10 3 11 8 13 9 14 12 15 11 0 13 3 15 8 0 9 3 10 9 12 10 14 13 8 14 12 15
6

2 0 8 1 9 3 10 6 12 11 14 13 15 0 6 2 10 3 11 8 13 9 14 12 15 11 0 13 3 15 8 0 9 3 10 9 12 10 14 13 11 14 12 15
6

0 1 3 2 7 4 12 5 13 8 0 11 1 15 2 3 8 7 11 12 13 15 7 0 12 1 15 3 3 8 8 11 12 0 15
2

0 1 3 2 7 4 12 6 13 8 0 11 1 15 2 3 8 7 11 12 13 15 7 0 12 1 15 3 3 8 8 11 12 0 15
2

0 1 3 2 7 4 12 8 13 9 0 11 1 15 8 3 9 7 11 12 13 15 7 0 12 1 15 3 3 8 8 11 12 0 15
10

0 1 3 2 7 4 12 8 13 9 0 11 1 15 8 3 11 7 13 12 7 15 12 0 13 1 15 3 3 8 8 11 12 0 15
10

0 1 3 2 7 4 12 8 13 9 0 11 1 15 8 3 11 7 13 12 7 15 12 0 15 1 12 3 3 8 8 11 11 0 15
10

0 1 3 2 6 4 7 8 12 10 13 11 0 15 1 3 8 7 11 12 13 15 7 0 12 1 15 3 3 8 8 11 12 0 15
9

0 1 3 2 7 4 12 8 13 10 14 11 0 15 1 3 8 7 11 12 13 15 7 0 12 1 15 3 3 8 8 11 12 0 15
9

0 1 3 2 7 4 12 8 13 10 0 11 1 15 8 3 11 7 13 12 7 15 12 0 15 1 7 3 3 8 8 11 12 0 15
9

0 1 3 2 7 4 12 8 13 10 0 11 1 15 8 3 11 7 13 12 7 15 12 0 15 1 12 3 3 8 8 11 11 0 15
9

0 1 3 2 7 4 12 8 13 11 0 14 1 15 2 3 8 7 11 12 13 15 7 0 12 1 15 3 3 8 8 11 12 0 15
2

0 1 3 2 7 4 12 8 13 11 0 15 1 2 8 3 11 7 13 12 7 15 12 0 15 1 12 3 3 8 8 11 15 0
2

0 1 3 2 5 4 7 8 12 11 13 15 0 2 1 3 8 7 11 12 13 15 7 0 12 1 15 3 3 8 8 11 12 0 15
2

0 1 3 2 6 4 7 8 12 11 13 15 0 2 1 3 8 7 11 12 13 15 7 0 12 1 15 3 3 8 8 11 12 0 15
2

0 1 3 2 7 4 9 8 12 11 13 15 0 2 1 3 8 7 11 12 13 15 7 0 12 1 15 3 3 8 8 11 12 0 15
2

0 1 3 2 7 4 10 8 12 11 13 15 0 2 1 3 8 7 11 12 13 15 7 0 12 1 15 3 3 8 8 11 12 0 15
2

0 1 3 2 7 4 12 8 13 11 14 15 0 2 1 3 8 7 11 12 13 15 7 0 12 1 15 3 3 8 8 11 12 0 15
2

0 1 3 2 7 4 12 8 13 11 0 15 1 2 4 3 8 7 11 12 13 15 7 0 12 1 15 3 3 8 8 11 12 0 15
2

0 1 3 2 7 4 12 8 13 11 0 15 1 2 8 3 11 7 13 12 7 15 12 0 13 1 15 3 3 8 8 11 12 0 15
2

0 1 3 2 7 4 12 8 13 11 0 15 1 2 8 3 11 7 13 12 7 15 12 0 15 1 1 3 3 8 8 11 12 0 15
2

0 1 3 2 7 4 12 8 13 11 0 15 1 2 8 3 11 7 13 12 7 15 12 0 15 1 7 3 3 8 8 11 12 0 15
2

0 1 3 2 7 4 12 8 13 11 0 15 1 2 8 3 11 7 13 12 7 15 12 0 15 1 12 3 3 8 8 11 11 0 15
2

0 1 3 2 7 4 12 8 13 11 0 15 1 3 2 4 8 7 11 12 13 15 7 0 12 1 15 3 3 8 8 11 12 0 15
2

0 1 3 2 7 4 12 8 13 11 0 15 1 3 2 7 8 12 11 15 13 0 7 1 12 3 15 8 3 11 8 13 12 0 15
2

2 0 5 1 6 3 12 8 14 10 15 13 1 0 3 2 5 6 8 10 12 13 14 15 0 3 2 5 8 6 3 10 8 12 10 15 12 0
13

2 0 4 1 5 3 6 8 12 10 14 13 15 0 3 2 5 6 8 10 12 15 14 3 0 5 2 6 8 10 3 12 8 14 10 15 12 0
7

2 0 5 1 6 3 7 8 12 10 14 13 15 0 3 2 5 6 8 10 12 15 14 3 0 5 2 6 8 10 3 12 8 14 10 15 12 0
4

2 0 5 1 6 3 12 8 14 10 15 13 3 0 5 2 8 6 12 10 13 15 14 3 0 5 2 6 8 10 3 12 8 14 10 15 12 0
13

0 1 3 2 7 4 12 8 13 11 0 15 1 3 2 7 8 12 11 15 13 0 7 1 12 3 15 8 3 11 8 0 12 1 15
2

0 1 4 2 7 3 9 5 15 8 0 12 1 13 3 4 9 5 12 8 15 13 0 1 3 5 4 8 13 9 3 12 5 15 8 0 12 1 15 4
2

0 1 4 2 9 3 10 5 15 8 0 12 1 13 3 4 9 5 12 8 15 13 0 1 3 5 4 8 13 9 3 12 5 15 8 0 12 1 15 4
2

0 1 4 2 9 3 11 5 15 8 0 12 1 13 3 4 9 5 12 8 15 13 0 1 3 5 4 8 13 9 3 12 5 15 8 0 12 1 15 4
2

0 1 4 2 9 3 15 5 0 8 1 12 3 13 9 4 12 5 15 8 0 13 3 1 4 5 13 8 3 9 5 12 8 15 9 0 12 1 15 4
2

0 1 4 2 9 3 15 5 0 8 1 12 3 13 9 4 12 5 15 8 0 13 3 1 4 5 13 8 3 9 5 12 8 15 12 0 13 1 15 4
2

0 1 4 3 7 5 9 6 15 8 0 12 1 13 3 4 9 5 12 8 15 13 0 1 3 5 4 8 13 9 3 12 5 15 8 0 12 1 15 4
6

0 1 4 3 9 5 10 6 15 8 0 12 1 13 3 4 9 5 12 8 15 13 0 1 3 5 4 8 13 9 3 12 5 15 8 0 12 1 15 4
6

0 1 4 3 9 5 11 6 15 8 0 12 1 13 3 4 9 5 12 8 15 13 0 1 3 5 4 8 13 9 3 12 5 15 8 0 12 1 15 4
6

0 1 4 3 9 5 15 6 0 8 1 12 3 13 9 4 12 5 15 8 0 13 3 1 4 5 13 8 3 9 5 12 8 15 9 0 12 1 15 4
6

0 1 2 3 4 5 9 7 15 8 0 12 1 13 3 4 9 5 12 8 15 13 0 1 3 5 4 8 13 9 3 12 5 15 8 0 12 1 15 4
2

0 1 4 3 6 5 9 7 15 8 0 12 1 13 3 4 9 5 12 8 15 13 0 1 3 5 4 8 13 9 3 12 5 15 8 0 12 1 15 4
6

0 1 4 3 9 5 14 7 15 8 0 12 1 13 3 4 9 5 12 8 15 13 0 1 3 5 4 8 13 9 3 12 5 15 8 0 12 1 15 4
14

0 1 2 3 4 5 9 8 15 10 0 12 1 13 3 4 9 5 12 8 15 13 0 1 3 5 4 8 13 9 3 12 5 15 8 0 12 1 15 4
2

0 1 4 3 6 5 9 8 15 10 0 12 1 13 3 4 9 5 12 8 15 13 0 1 3 5 4 8 13 9 3 12 5 15 8 0 12 1 15 4
6

0 1 4 3 9 5 14 8 15 10 0 12 1 13 3 4 9 5 12 8 15 13 0 1 3 5 4 8 13 9 3 12 5 15 8 0 12 1 15 4
14

0 1 2 3 4 5 9 8 15 11 0 12 1 13 3 4 9 5 12 8 15 13 0 1 3 5 4 8 13 9 3 12 5 15 8 0 12 1 15 4
2

0 1 4 3 6 5 9 8 15 11 0 12 1 13 3 4 9 5 12 8 15 13 0 1 3 5 4 8 13 9 3 12 5 15 8 0 12 1 15 4
6

0 1 4 3 7 5 9 8 15 12 0 13 1 14 3 4 9 5 12 8 15 13 0 1 3 5 4 8 13 9 3 12 5 15 8 0 12 1 15 4
14

0 1 4 3 9 5 10 8 15 12 0 13 1 14 3 4 9 5 12 8 15 13 0 1 3 5 4 8 13 9 3 12 5 15 8 0 12 1 15 4
14

0 1 4 3 9 5 15 8 0 12 1 13 3 14 9 4 12 5 15 8 0 13 3 1 4 5 13 8 3 9 5 12 8 15 9 0 12 1 15 4
14

0 1 3 2 7 4 12 8 13 11 0 15 1 3 2 7 8 12 11 15 13 0 7 1 12 3 15 8 3 11 8 0 12 7 15
2

2 0 4 1 8 3 11 5 15 7 1 9 2 12 3 14 7 0 12 4 14 8 15 1 0 2 3 12 4 14 7 15 8 0 7 3 12 4 15 8
11

2 0 4 1 8 3 13 5 15 7 1 12 2 14 3 0 7 4 12 8 14 13 15 1 0 2 3 12 4 14 7 15 8 0 7 3 12 4 15 8
13

1 0 3 5 4 6 8 7 9 14 10 15 12 0 13 1 4 3 6 5 7 12 9 13 10 15 14 3 0 5 1 6 4 7 12 9 0 10 3 13 7 15 12 1 13 4 15
5

1 0 3 5 4 6 9 7 10 14 11 15 12 0 13 1 4 3 6 5 7 12 9 13 10 15 14 3 0 5 1 6 4 7 12 9 0 10 3 13 7 15 12 1 13 4 15
5

1 0 3 5 4 6 9 7 10 14 12 15 13 0 4 1 6 3 7 5 9 12 10 13 14 15 0 3 1 5 4 6 12 7 14 9 0 10 3 13 7 15 12 1 13 4 15
5

1 0 3 5 4 6 9 7 10 14 12 15 13 0 4 1 6 3 7 5 9 12 10 13 14 15 0 3 1 5 4 6 12 7 0 9 3 10 6 13 7 15 12 1 13 4 15
5

1 0 3 5 4 6 9 7 10 14 12 15 13 0 4 1 6 3 7 5 9 12 10 13 14 15 0 3 1 5 4 6 12 7 0 9 3 10 7 13 9 15 12 1 13 4 15
5

1 0 3 5 4 6 9 7 10 14 12 15 13 0 4 1 6 3 7 5 9 12 10 13 14 15 0 3 1 5 4 6 12 7 0 9 3 10 7 13 10 15 12 1 13 4 15
5

1 0 2 5 3 6 4 7 9 11 10 14 12 15 13 0 4 1 6 3 7 5 9 12 10 13 14 15 0 3 1 5 4 6 12 7 0 9 3 10 7 13 12 15 13 1 15 4
2

1 0 3 5 4 6 9 7 10 11 12 14 13 15 4 0 6 1 7 3 9 5 10 12 14 13 0 15 1 3 4 5 12 6 0 7 3 9 7 10 10 13 12 15 13 1 15 4
5

0 1 3 2 9 4 10 6 11 8 12 14 13 15 0 1 3 2 4 10 6 12 9 14 0 15 2 1 10 3 12 4 14 6 1 9 2 15 3 0 12 6 15
13

0 1 3 2 9 4 10 6 11 7 12 8 13 14 0 15 3 1 4 2 6 10 9 12 0 14 2 15 10 1 12 3 14 4 1 6 2 9 3 15 12 0 15 6
13

0 1 3 2 7 4 9 6 10 8 11 13 12 14 0 15 3 1 4 2 6 10 9 12 0 14 2 15 10 1 12 3 14 4 1 6 2 9 3 15 12 0 15 6
13

0 1 3 2 9 4 10 6 11 8 12 13 0 14 3 15 4 1 6 2 9 10 11 12 0 14 2 15 10 1 12 3 14 4 1 6 2 9 3 15 12 0 15 6
13

0 1 3 2 9 4 10 6 11 8 12 13 0 14 3 15 4 1 6 2 9 10 0 12 2 14 10 15 12 1 14 3 1 4 2 6 3 9 4 15 12 0 15 6
13

0 1 3 2 9 4 10 6 11 8 12 13 0 14 3 15 4 1 6 2 9 10 0 12 2 14 10 15 12 1 14 3 1 4 2 6 3 9 9 15 12 0 15 6
13

0 1 3 2 9 4 10 6 11 8 12 13 0 14 3 15 4 1 6 2 9 10 0 12 2 14 10 15 12 1 14 3 1 4 2 6 3 9 10 15 12 0 15 6
13

0 1 3 2 9 4 10 6 11 8 12 13 0 14 3 15 4 1 6 2 9 10 0 12 2 14 10 15 12 1 14 3 1 4 2 6 3 9 12 15 14 0 15 6
13

0 1 3 2 9 4 10 6 11 8 12 14 13 15 0 1 3 2 4 10 6 11 9 12 0 14 2 15 10 1 12 3 14 4 1 6 2 9 3 15 12 0 15 6
13

1 0 4 2 5 3 9 6 11 8 15 12 1 14 4 0 11 3 12 6 14 8 0 9 4 15 6 1 12 3 15 8 0 9 3 11 8 14 12 4 15 6
13

1 0 4 3 5 6 9 8 11 10 15 12 1 14 4 0 11 3 12 6 14 8 0 9 4 15 6 1 12 3 15 8 0 9 3 11 8 14 12 4 15 6
13

0 1 3 2 9 4 10 6 11 8 12 14 13 15 0 1 3 2 4 10 6 12 9 14 0 15 2 1 10 3 12 4 14 6 1 9 2 15 3 0 12 4 15 6
13

1 0 2 5 3 6 4 7 9 14 10 15 12 0 13 1 4 3 6 5 7 12 9 13 10 15 14 3 0 5 1 6 4 7 12 9 0 10 3 13 7 15 12 1 13 4 15 6
2

1 0 3 5 4 6 9 7 10 14 12 15 13 0 4 1 6 3 7 5 9 12 10 13 14 15 0 3 1 5 4 6 12 7 0 9 3 10 7 13 10 15 12 1 13 4 15 6
5

1 0 2 5 3 6 4 7 9 14 10 15 12 0 13 1 4 3 6 5 7 12 9 13 10 15 14 3 0 5 1 6 4 7 12 9 0 10 3 13 7 15 12 1 13 4 15 9
2

1 0 3 5 4 6 9 7 10 14 12 15 13 0 4 1 6 3 7 5 9 12 10 13 14 15 0 3 1 5 4 6 12 7 0 9 3 10 7 13 10 15 12 1 13 4 15 9
5

0 1 3 2 9 4 10 6 11 8 12 14 13 15 0 1 3 2 4 10 6 12 9 14 0 15 2 1 10 3 12 4 14 6 1 9 2 15 3 0 12 6 15 9
13

1 0 2 5 3 6 4 7 9 14 10 15 12 0 13 1 4 3 6 5 7 12 9 13 10 15 14 3 0 5 1 6 4 7 12 9 0 10 3 13 7 15 12 1 13 4 15 10
2

0 1 3 2 9 4 10 6 11 8 12 14 13 15 0 1 3 2 4 10 6 12 9 14 0 15 2 1 10 3 12 4 14 6 1 9 2 15 3 0 12 6 15 10
13

0 1 7 2 8 3 9 4 11 5 12 6 14 13 0 15 3 1 7 2 9 4 12 5 14 8 15 13 0 2 1 4 3 7 8 13 12 14 2 15 4 0 13 3 14 12 15
11

0 1 7 2 8 3 9 4 11 5 12 10 14 13 0 15 3 1 7 2 9 4 12 5 14 8 15 13 0 2 1 4 3 7 8 13 12 14 2 15 4 0 13 3 14 12 15
11

0 1 7 2 8 3 9 4 12 5 14 11 0 13 3 15 7 1 9 2 12 4 14 5 15 8 0 13 1 2 3 4 8 7 12 13 2 14 4 15 13 0 14 3 15 12
11

0 1 6 2 7 3 8 4 9 5 12 11 14 13 0 15 3 1 7 2 9 4 12 5 14 8 15 13 0 2 1 4 3 7 8 13 12 14 2 15 4 0 13 3 14 12 15
11

0 1 7 2 8 3 9 4 10 5 12 11 14 13 0 15 3 1 7 2 9 4 12 5 14 8 15 13 0 2 1 4 3 7 8 13 12 14 2 15 4 0 13 3 14 12 15
11

0 1 7 2 8 3 9 4 12 5 14 11 0 13 3 15 7 1 9 2 12 4 14 5 15 8 0 13 1 2 3 4 5 7 8 13 12 14 2 15 4 0 13 3 14 12 15
11

0 1 7 2 8 3 9 4 12 5 14 11 0 13 3 15 7 1 9 2 12 4 14 5 15 8 0 13 1 2 3 4 8 7 9 13 12 14 2 15 4 0 13 3 14 12 15
11

0 1 7 2 8 3 9 4 12 5 14 11 0 13 3 15 7 1 9 2 12 4 14 5 15 8 0 13 1 2 3 4 8 7 12 13 1 14 2 15 4 0 13 3 14 12 15
11

0 1 7 2 8 3 9 4 12 5 14 11 0 13 3 15 7 1 9 2 12 4 14 5 15 8 0 13 1 2 3 4 8 7 12 13 2 14 4 15 7 0 13 3 14 12 15
11

0 1 7 2 8 3 9 4 12 5 14 11 0 13 3 15 7 1 9 2 12 4 14 5 15 8 0 13 1 2 3 4 8 7 12 13 2 14 4 15 8 0 13 3 14 12 15
11

0 1 7 2 8 3 9 4 12 5 14 13 0 15 3 1 7 2 9 4 12 5 14 8 15 13 0 2 1 4 3 5 8 7 9 13 12 14 2 15 4 0 13 3 14 12 15
5

0 1 6 2 7 3 8 4 9 5 12 13 14 15 0 1 3 2 7 4 9 5 12 8 14 13 15 2 0 4 1 7 3 9 8 13 12 14 2 15 4 0 13 3 14 12 15
6

0 1 7 2 8 3 9 4 11 5 12 13 14 15 0 1 3 2 7 4 9 5 12 8 14 13 15 2 0 4 1 7 3 9 8 13 12 14 2 15 4 0 13 3 14 12 15
11

0 2 1 3 5 4 6 8 7 9 11 15 12 0 13 1 3 2 8 5 9 7 12 11 13 0 15 3 1 5 2 8 7 9 11 13 12 15 0 1 9 3 11 12 15
6

0 2 1 3 5 4 7 8 11 9 12 15 13 0 14 1 3 2 8 5 9 7 12 11 13 0 15 3 1 5 2 8 7 9 11 13 12 15 0 1 9 3 11 12 15
14

0 2 1 3 5 6 7 8 11 9 12 15 13 0 3 1 8 2 9 5 12 7 13 11 15 0 1 3 2 5 7 8 11 9 12 13 0 15 9 1 11 3 15 12
6

0 2 1 3 4 6 5 8 7 9 11 15 12 0 13 1 3 2 8 5 9 7 12 11 13 0 15 3 1 5 2 8 7 9 11 13 12 15 0 1 9 3 11 12 15
6

0 2 1 3 5 6 7 8 10 9 11 15 12 0 13 1 3 2 8 5 9 7 12 11 13 0 15 3 1 5 2 8 7 9 11 13 12 15 0 1 9 3 11 12 15
6

0 2 1 3 5 6 7 8 11 9 12 15 13 0 3 1 8 2 9 5 12 7 13 11 15 0 1 3 2 5 7 8 11 9 12 13 0 15 2 1 9 3 11 12 15
6

0 2 1 3 5 6 7 8 11 9 12 15 13 0 3 1 8 2 9 5 12 7 13 11 15 0 1 3 2 5 7 8 11 9 12 13 0 15 5 1 9 3 11 12 15
6

0 2 1 3 5 6 7 8 11 9 12 15 13 0 3 1 8 2 9 5 12 7 13 11 15 0 1 3 2 5 7 8 11 9 12 13 0 15 7 1 9 3 11 12 15
6

0 2 1 3 5 6 7 8 11 9 12 15 13 0 3 1 8 2 9 5 12 7 13 11 15 0 1 3 2 5 7 8 11 9 12 13 0 15 8 1 9 3 11 12 15
6

0 2 1 3 5 6 7 8 11 9 12 15 13 0 3 1 8 2 9 5 12 7 13 11 15 0 1 3 2 5 7 8 11 9 12 13 0 15 9 1 11 3 13 12 15
6

0 2 1 3 5 8 6 9 7 10 11 15 12 0 13 1 3 2 8 5 9 7 12 11 13 0 15 3 1 5 2 8 7 9 11 13 12 15 0 1 9 3 11 12 15
6

0 2 1 3 5 8 7 9 11 10 12 15 13 0 14 1 3 2 8 5 9 7 12 11 13 0 15 3 1 5 2 8 7 9 11 13 12 15 0 1 9 3 11 12 15
14

0 2 1 3 5 8 7 9 11 10 12 15 13 0 3 1 8 2 9 5 10 7 12 11 13 0 15 3 1 5 2 8 7 9 11 13 12 15 0 1 9 3 11 12 15
10

0 2 1 3 5 8 7 9 11 14 12 15 13 0 3 1 8 2 9 5 12 7 13 11 15 0 1 3 2 5 7 8 11 9 12 13 0 15 9 1 11 3 15 12
14

0 2 1 3 4 8 5 9 7 14 11 15 12 0 13 1 3 2 8 5 9 7 12 11 13 0 15 3 1 5 2 8 7 9 11 13 12 15 0 1 9 3 11 12 15
14

0 2 1 3 5 8 7 9 10 14 11 15 12 0 13 1 3 2 8 5 9 7 12 11 13 0 15 3 1 5 2 8 7 9 11 13 12 15 0 1 9 3 11 12 15
14

0 2 1 3 5 8 7 9 11 14 12 15 13 0 3 1 8 2 9 5 12 7 13 11 15 0 1 3 2 5 7 8 11 9 12 13 0 15 2 1 9 3 11 12 15
14

0 2 1 3 5 8 7 9 11 14 12 15 13 0 3 1 8 2 9 5 12 7 13 11 15 0 1 3 2 5 7 8 11 9 12 13 0 15 5 1 9 3 11 12 15
14

0 2 1 3 5 8 7 9 11 14 12 15 13 0 3 1 8 2 9 5 12 7 13 11 15 0 1 3 2 5 7 8 11 9 12 13 0 15 7 1 9 3 11 12 15
14

0 2 1 3 5 8 7 9 11 14 12 15 13 0 3 1 8 2 9 5 12 7 13 11 15 0 1 3 2 5 7 8 11 9 12 13 0 15 8 1 9 3 11 12 15
14

0 2 1 3 5 8 7 9 11 14 12 15 13 0 3 1 8 2 9 5 12 7 13 11 15 0 1 3 2 5 7 8 11 9 12 13 0 15 9 1 11 3 13 12 15
14

0 1 7 2 8 3 9 4 11 5 12 13 14 15 0 1 3 2 7 4 9 5 12 8 14 13 15 2 0 4 1 7 3 13 8 14 12 15 2 0 4 1 13 3 14 12 15
11

0 2 1 3 5 8 6 9 7 15 11 0 12 1 13 2 3 5 8 7 9 11 12 0 13 3 15 5 1 8 2 9 7 13 11 15 12 1 0 2 9 3 11 12 15
6

0 2 1 3 5 8 7 9 11 15 12 0 13 1 14 2 3 5 8 7 9 11 12 0 13 3 15 5 1 8 2 9 7 13 11 15 12 1 0 2 9 3 11 12 15
14

0 2 1 3 5 8 6 9 7 15 11 0 12 1 13 2 3 5 8 7 9 11 12 0 13 3 15 5 1 8 2 9 7 13 11 15 12 1 0 3 9 5 11 12 15
6

0 2 1 3 5 8 7 9 11 15 12 0 13 1 14 2 3 5 8 7 9 11 12 0 13 3 15 5 1 8 2 9 7 13 11 15 12 1 0 3 9 5 11 12 15
14

0 1 7 2 8 3 9 4 11 5 12 13 14 15 0 1 3 2 7 4 9 5 12 8 14 13 15 2 0 4 1 7 3 13 8 14 12 15 2 0 4 3 13 7 14 12 15
11

0 2 1 3 5 8 6 9 7 15 11 0 12 1 13 2 3 5 8 7 9 11 12 0 13 3 15 5 1 8 2 9 7 13 11 15 12 1 0 3 9 7 11 12 15
6

0 2 1 3 5 8 7 9 11 15 12 0 13 1 14 2 3 5 8 7 9 11 12 0 13 3 15 5 1 8 2 9 7 13 11 15 12 1 0 3 9 7 11 12 15
14

0 1 7 2 8 3 9 4 11 5 12 13 14 15 0 1 3 2 7 4 9 5 12 8 14 13 15 2 0 4 1 7 3 13 8 14 12 15 2 0 4 3 13 8 14 12 15
11

0 2 1 3 5 8 6 9 7 15 11 0 12 1 13 2 3 5 8 7 9 11 12 0 13 3 15 5 1 8 2 9 7 13 11 15 12 1 0 3 9 8 11 12 15
6

0 2 1 3 5 8 7 9 11 15 12 0 13 1 14 2 3 5 8 7 9 11 12 0 13 3 15 5 1 8 2 9 7 13 11 15 12 1 0 3 9 8 11 12 15
14

2 0 3 1 4 5 7 6 9 13 10 14 12 15 0 2 1 3 5 10 6 13 7 15 9 0 12 5 1 6 2 7 3 9 10 13 12 15 0 3 6 7 13 9 15 12
4

2 0 3 1 7 5 8 6 9 13 10 14 12 15 0 2 1 3 5 10 6 13 7 15 9 0 12 5 1 6 2 7 3 9 10 13 12 15 0 3 6 7 13 9 15 12
11

2 0 3 1 7 5 9 6 10 13 11 14 12 15 0 2 1 3 5 10 6 13 7 15 9 0 12 5 1 6 2 7 3 9 10 13 12 15 0 3 6 7 13 9 15 12
8

2 0 3 1 7 5 9 6 10 13 12 14 0 15 1 2 5 3 6 10 7 13 9 15 12 0 1 5 2 6 3 7 10 9 12 13 0 15 5 3 6 7 13 9 15 12
10

2 0 3 1 7 5 9 6 10 13 12 14 0 15 1 2 5 3 6 10 7 13 9 15 12 0 1 5 2 6 3 7 10 9 12 13 0 15 6 3 10 7 13 9 15 12
5

2 0 3 1 4 5 7 6 9 13 10 15 12 2 0 3 1 10 5 13 6 15 7 0 9 5 12 6 1 7 2 9 3 13 10 15 12 2 0 3 6 7 13 9 15 12
4

2 0 3 1 7 5 8 6 9 13 10 15 12 2 0 3 1 10 5 13 6 15 7 0 9 5 12 6 1 7 2 9 3 13 10 15 12 2 0 3 6 7 13 9 15 12
11

2 0 3 1 7 5 9 6 10 13 11 15 12 2 0 3 1 10 5 13 6 15 7 0 9 5 12 6 1 7 2 9 3 13 10 15 12 2 0 3 6 7 13 9 15 12
8

2 0 3 1 7 5 9 6 10 13 12 15 0 2 1 3 5 10 6 13 7 15 9 0 12 5 1 6 2 7 3 9 10 13 12 15 0 2 5 3 6 7 13 9 15 12
10

2 0 3 1 7 5 9 6 10 13 12 15 0 2 1 3 5 10 6 13 7 15 9 0 12 5 1 6 2 7 3 9 10 13 12 15 0 2 6 3 10 7 13 9 15 12
5

2 0 3 1 5 6 7 8 9 11 10 14 12 15 1 0 3 2 6 5 11 7 12 8 14 9 15 10 8 0 10 1 12 3 14 6 15 7 0 9 1 11 8 3 9 11 15 12
14

3 0 8 1 10 2 12 4 13 5 14 6 1 11 3 15 4 0 5 2 10 8 11 14 12 1 15 2 0 3 5 10 8 15 11 0 12 3 14 11 2 12 15
7

3 0 8 1 10 2 12 4 13 5 14 6 1 11 3 15 5 0 6 2 10 8 11 14 12 1 15 2 0 3 5 10 8 15 11 0 12 3 14 11 2 12 15
7

3 0 8 1 9 2 10 4 12 5 13 7 14 11 1 15 3 0 5 2 10 8 11 14 12 1 15 2 0 3 5 10 8 15 11 0 12 3 14 11 2 12 15
6

3 0 8 1 10 2 12 4 13 5 14 7 1 11 3 15 4 0 5 2 10 8 11 14 12 1 15 2 0 3 5 10 8 15 11 0 12 3 14 11 2 12 15
6

3 0 8 1 10 2 12 4 13 5 14 7 1 11 3 15 5 0 10 2 11 8 12 14 15 1 0 2 5 3 8 10 11 15 12 0 14 3 1 11 2 12 15
6

3 0 8 1 10 2 12 4 13 5 14 7 1 11 3 15 5 0 10 2 11 8 12 14 15 1 0 2 5 3 8 10 11 15 12 0 14 3 2 11 5 12 15
6

3 0 8 1 10 2 12 4 13 5 14 7 1 11 3 15 5 0 10 2 11 8 12 14 15 1 0 2 5 3 8 10 11 15 12 0 14 3 2 11 8 12 15
6

3 0 8 1 10 2 12 4 13 5 14 7 1 11 3 15 5 0 10 2 11 8 12 14 15 1 0 2 5 3 8 10 11 15 12 0 14 3 2 11 10 12 15
6

3 0 8 1 10 2 12 4 13 5 14 7 1 11 3 15 5 0 10 2 11 8 12 14 15 1 0 2 5 3 8 10 11 15 12 0 14 3 2 11 14 12 15
6

3 0 6 1 8 2 10 4 12 5 13 11 14 15 1 0 3 2 5 8 10 13 11 14 12 1 15 2 0 3 5 10 8 15 11 0 12 3 14 11 2 12 15
13

3 0 7 1 8 2 10 4 12 5 13 11 14 15 1 0 3 2 5 8 10 13 11 14 12 1 15 2 0 3 5 10 8 15 11 0 12 3 14 11 2 12 15
13

3 0 8 1 10 2 12 4 13 5 14 11 1 15 3 0 4 2 5 8 10 13 11 14 12 1 15 2 0 3 5 10 8 15 11 0 12 3 14 11 2 12 15
13

0 2 1 4 3 7 11 9 13 12 3 14 4 15 9 0 11 1 14 2 15 12 0 13 2 1 3 4 11 9 12 14 13 15 2 0 4 1 13 3 14 11 15 12
7

0 2 1 3 5 8 6 9 7 15 11 0 12 1 13 2 3 5 8 7 9 11 12 0 13 3 15 5 1 8 2 9 7 13 11 15 12 1 0 3 9 12 11 13 15
6

0 2 1 3 5 8 7 9 11 15 12 0 13 1 14 2 3 5 8 7 9 11 12 0 13 3 15 5 1 8 2 9 7 13 11 15 12 1 0 3 9 12 11 13 15
14

0 3 1 10 2 11 4 13 7 14 9 15 12 1 0 2 10 3 12 7 13 9 14 15 0 3 1 7 2 10 9 13 12 14 1 15 3 0 9 10 14 12 15 13
8

0 3 1 10 2 11 7 13 8 14 9 15 12 1 0 2 10 3 12 7 13 9 14 15 0 3 1 7 2 10 9 13 12 14 1 15 3 0 9 10 14 12 15 13
4

0 3 1 10 2 13 7 14 8 15 9 1 12 2 0 3 10 7 12 8 13 9 14 15 0 3 1 7 2 10 9 13 12 14 1 15 3 0 9 10 14 12 15 13
4

2 0 3 1 8 4 9 5 11 7 14 10 15 12 1 13 2 0 7 3 12 8 13 11 14 15 0 1 2 7 3 8 14 11 15 12 7 13 12 0 13 3 15 14
2

2 0 3 1 8 4 9 5 11 7 14 10 15 12 1 13 2 0 5 3 7 8 12 11 13 15 14 1 0 7 2 8 3 11 14 12 15 13 7 0 12 3 13 14 15
6

2 0 3 1 8 4 9 5 11 7 14 10 15 12 1 13 2 0 7 3 9 8 12 11 13 15 14 1 0 7 2 8 3 11 14 12 15 13 7 0 12 3 13 14 15
6

2 0 3 1 8 5 9 6 11 7 14 10 15 12 1 13 2 0 7 3 12 8 13 11 14 15 0 1 2 7 3 8 14 11 15 12 7 13 12 0 13 3 15 14
2

2 0 3 1 8 5 9 6 11 7 14 10 15 12 1 13 2 0 5 3 7 8 12 11 13 15 14 1 0 7 2 8 3 11 14 12 15 13 7 0 12 3 13 14 15
4

2 0 3 1 8 5 9 6 11 7 14 10 15 12 1 13 2 0 6 3 7 8 12 11 13 15 14 1 0 7 2 8 3 11 14 12 15 13 7 0 12 3 13 14 15
4

2 0 3 1 8 5 9 6 11 7 14 10 15 12 1 13 2 0 7 3 9 8 12 11 13 15 14 1 0 7 2 8 3 11 14 12 15 13 7 0 12 3 13 14 15
4

2 0 3 1 8 5 9 6 11 7 14 10 15 12 1 13 2 0 7 3 10 8 12 11 13 15 14 1 0 7 2 8 3 11 14 12 15 13 7 0 12 3 13 14 15
4

2 0 3 1 8 5 9 7 11 10 14 12 15 13 1 0 2 3 7 5 12 8 13 11 14 15 0 1 2 7 3 8 14 11 15 12 7 13 12 0 13 3 15 14
2

2 0 3 1 8 5 9 7 11 10 14 12 15 13 1 0 2 3 7 8 12 9 13 11 14 15 0 1 2 7 3 8 14 11 15 12 7 13 12 0 13 3 15 14
2

2 0 3 1 8 5 9 7 11 10 14 12 15 13 1 0 2 3 7 8 12 10 13 11 14 15 0 1 2 7 3 8 14 11 15 12 7 13 12 0 13 3 15 14
2

2 0 3 1 8 5 9 7 11 10 14 12 15 13 1 0 2 3 5 8 7 10 12 11 13 15 14 1 0 7 2 8 3 11 14 12 15 13 7 0 12 3 13 14 15
9

2 0 3 1 8 5 9 7 11 10 14 12 15 13 1 0 2 3 7 8 9 10 12 11 13 15 14 1 0 7 2 8 3 11 14 12 15 13 7 0 12 3 13 14 15
5

2 0 3 1 8 5 9 7 11 10 14 12 15 13 1 0 2 3 7 8 12 11 13 15 14 1 0 7 2 8 3 11 14 12 15 13 7 0 12 1 13 3 15 14
2

2 0 3 1 4 5 8 7 9 10 11 12 14 13 15 0 1 3 2 8 7 11 12 15 13 1 14 7 0 8 2 11 3 12 14 13 15 0 7 1 12 3 13 14 15
2

2 0 3 1 6 5 8 7 9 10 11 12 14 13 15 0 1 3 2 8 7 11 12 15 13 1 14 7 0 8 2 11 3 12 14 13 15 0 7 1 12 3 13 14 15
2

2 0 3 1 8 5 9 7 11 10 14 12 15 13 1 0 2 3 5 8 7 11 12 15 13 1 14 7 0 8 2 11 3 12 14 13 15 0 7 1 12 3 13 14 15
2

2 0 3 1 8 5 9 7 11 10 14 12 15 13 1 0 2 3 7 8 9 11 12 15 13 1 14 7 0 8 2 11 3 12 14 13 15 0 7 1 12 3 13 14 15
2

2 0 3 1 8 5 9 7 11 10 14 12 15 13 1 0 2 3 7 8 10 11 12 15 13 1 14 7 0 8 2 11 3 12 14 13 15 0 7 1 12 3 13 14 15
2

2 0 3 1 8 5 9 7 11 10 14 12 15 13 1 0 2 3 7 8 12 11 13 15 14 1 0 7 2 8 3 11 14 12 15 13 7 0 8 1 12 3 13 14 15
2

2 0 3 1 8 5 9 7 11 10 14 12 15 13 1 0 2 3 7 8 12 11 13 15 14 1 0 7 2 8 3 11 14 12 15 13 7 0 11 1 12 3 13 14 15
2

0 1 3 2 9 4 10 6 11 8 12 14 13 15 0 1 3 2 4 10 6 12 9 14 0 15 2 1 10 3 12 4 14 6 1 9 2 15 3 0 12 6 15 14
13

1 0 2 3 7 4 12 8 0 9 1 13 2 14 4 15 7 3 13 8 14 12 15 4 0 7 1 8 3 13 12 14 15 0 8 1 12 3 13 7 15 14
2

1 0 2 3 7 4 12 8 0 10 1 13 2 14 4 15 7 3 13 8 14 12 15 4 0 7 1 8 3 13 12 14 15 0 8 1 12 3 13 7 15 14
2

1 0 2 3 7 4 12 8 0 11 1 13 2 14 4 15 7 3 13 8 14 12 15 4 0 7 1 8 3 13 12 14 15 0 8 1 12 3 13 7 15 14
2

0 3 4 5 7 8 10 11 13 12 15 14 0 4 3 7 5 11 8 13 10 15 12 3 14 5 0 8 4 10 7 12 11 15 14 0 4 3 10 5 12 8 15 14
13

2 0 3 1 5 6 8 11 9 13 10 14 12 0 15 2 1 8 3 12 5 15 6 1 10 5 13 8 14 12 0 14 2 0 3 1 10 3 15 10 8 12 15 14
9

3 0 6 1 8 2 10 4 12 5 13 11 14 15 1 0 3 2 5 8 10 14 11 1 12 2 15 3 0 10 5 15 8 0 11 3 12 11 14 12 2 14 15
6

0 2 1 4 3 5 6 7 10 8 11 12 13 14 15 3 0 5 1 10 2 15 4 0 6 1 7 3 12 5 13 6 14 7 2 10 14 12 15 13 2 0 5 3 7 15 12
4

0 2 1 4 3 5 6 7 10 9 11 12 13 14 15 3 0 5 1 10 2 15 6 0 7 1 9 3 12 5 13 6 14 7 2 10 14 12 15 13 2 0 5 3 7 15 12
9

1 0 2 3 8 5 11 6 12 7 0 13 1 14 3 15 6 7 12 8 0 11 8 13 11 15 15 1 0 3 1 6 3 7 7 12 8 13 12 6 13 15
2

1 0 8 3 9 6 11 7 12 10 0 13 1 14 3 15 6 7 12 8 0 11 8 13 11 15 15 1 0 3 1 6 3 7 7 12 8 13 12 6 13 15
9

2 0 4 3 5 6 7 10 9 12 11 13 15 14 0 2 7 3 9 4 13 5 15 6 0 10 2 12 4 3 6 5 7 9 10 12 15 13 0 2 3 4 5 7 10 15 12
14

2 0 4 3 5 6 7 10 9 12 15 13 0 14 7 2 9 3 13 4 15 5 0 6 2 10 4 12 6 3 7 5 10 9 15 12 0 13 3 2 5 4 6 7 10 15 12
14

2 0 4 3 5 6 7 10 9 12 15 13 0 14 7 2 9 3 13 4 15 5 0 6 2 10 4 12 6 3 7 5 10 9 15 12 0 13 3 2 5 4 9 7 10 15 12
14

2 0 4 3 5 6 7 10 9 12 15 13 0 14 7 2 9 3 13 4 15 5 0 6 2 10 4 12 6 3 7 5 10 9 15 12 0 13 3 2 5 4 10 7 12 15 13
14

2 0 4 1 5 3 7 6 9 10 11 12 15 13 0 14 7 2 9 3 13 4 15 5 0 6 2 10 4 12 6 3 7 5 10 9 15 12 0 13 3 2 5 4 10 7 12 15
11

2 0 4 1 5 3 7 6 9 10 15 12 0 13 7 14 9 2 13 3 14 4 15 5 0 6 2 10 4 12 6 3 7 5 10 9 15 12 0 13 3 2 5 4 10 7 12 15
14

2 0 4 1 5 3 7 6 9 10 15 12 0 13 7 14 9 2 13 3 15 4 0 5 2 6 4 10 6 12 7 3 10 5 15 9 0 12 3 13 5 2 6 4 10 7 12 15
9

2 0 4 1 5 3 7 6 9 10 15 12 0 13 7 14 9 2 13 3 15 4 0 5 2 6 4 10 6 12 7 3 10 5 15 9 0 12 3 13 5 2 9 4 10 7 12 15
6

0 2 1 4 3 7 6 8 11 9 15 10 1 12 2 14 7 0 11 3 14 4 15 10 3 12 7 0 10 2 11 4 12 14 0 15 4 3 7 11 12 15
1

0 2 1 4 3 7 6 9 8 10 11 12 15 14 2 0 7 1 11 3 14 4 15 10 3 12 7 0 10 2 11 4 12 14 0 15 4 3 7 11 12 15
1

0 2 1 4 3 7 6 9 11 10 15 12 1 14 2 0 7 3 11 4 14 6 15 10 3 12 7 0 10 2 11 4 12 14 0 15 4 3 7 11 12 15
1

0 2 1 4 3 7 6 9 11 10 15 12 1 14 2 0 7 3 11 4 14 9 15 10 3 12 7 0 10 2 11 4 12 14 0 15 4 3 7 11 12 15
1

0 1 2 6 3 8 4 10 5 11 7 13 9 14 12 3 15 7 0 10 1 12 2 15 5 0 11 1 13 11 2 12 3 13 5 15 7 2 10 3 0 5 7 11 12 15
9

0 1 2 6 3 8 5 10 7 11 9 13 12 14 15 3 0 7 1 10 2 12 5 15 8 0 11 1 13 11 2 12 3 13 5 15 7 2 10 3 0 5 7 11 12 15
9

0 1 2 6 3 8 5 10 7 11 9 13 12 14 15 3 0 7 1 10 2 12 5 15 11 0 13 1 2 11 3 12 5 13 7 15 10 2 0 3 1 5 7 11 12 15
9

0 1 2 6 3 8 5 10 7 11 9 13 12 14 15 3 0 7 1 10 2 12 5 15 11 0 13 1 2 11 3 12 5 13 7 15 10 2 0 3 7 5 10 11 12 15
9

0 1 2 6 3 8 5 10 7 11 9 13 12 14 15 3 0 7 1 10 2 12 5 15 11 0 13 1 2 11 3 12 5 13 7 15 10 2 0 3 7 5 12 11 13 15
9

0 1 2 6 3 8 5 10 7 11 9 13 12 3 14 6 15 7 0 10 1 12 2 15 5 0 11 1 13 11 2 12 3 13 5 15 7 2 10 3 0 5 7 11 12 15
9

0 1 2 6 3 8 5 10 7 11 9 13 12 3 15 6 0 7 1 10 2 12 5 15 8 0 11 1 13 11 2 12 3 13 5 15 7 2 10 3 0 5 7 11 12 15
9

0 1 2 6 3 8 5 10 7 11 9 13 12 3 15 6 0 7 1 10 2 12 5 15 11 0 13 1 2 11 3 12 5 13 7 15 10 2 0 3 1 5 7 11 12 15
9

0 1 2 6 3 8 5 10 7 11 9 13 12 3 15 6 0 7 1 10 2 12 5 15 11 0 13 1 2 11 3 12 5 13 7 15 10 2 0 3 7 5 10 11 12 15
9

0 1 2 6 3 8 5 10 7 11 9 13 12 3 15 6 0 7 1 10 2 12 5 15 11 0 13 1 2 11 3 12 5 13 7 15 10 2 0 3 7 5 12 11 13 15
9

3 0 4 2 5 6 8 7 10 9 11 12 13 14 15 0 3 2 5 8 7 9 10 11 12 15 14 0 7 2 8 3 9 5 11 10 15 12 0 14 2 7 3 11 12 15 14
13

1 0 3 2 4 7 5 9 8 12 10 13 11 14 15 0 3 2 5 8 7 9 10 11 12 15 14 0 7 2 8 3 9 5 11 10 15 12 0 14 2 7 3 11 12 15 14
13

3 0 4 2 5 7 6 9 8 12 10 13 11 14 15 0 3 2 5 8 7 9 10 11 12 15 14 0 7 2 8 3 9 5 11 10 15 12 0 14 2 7 3 11 12 15 14
13

0 1 4 2 6 3 10 5 13 7 15 9 0 12 1 14 2 3 4 6 5 9 10 15 12 0 13 2 14 3 1 4 6 10 9 13 12 15 0 2 1 12 3 15 4
5

0 1 4 2 6 3 10 5 13 8 15 9 0 12 1 14 2 3 4 6 5 9 10 15 12 0 13 2 14 3 1 4 6 10 9 13 12 15 0 2 1 12 3 15 4
5

0 1 4 2 6 3 10 5 13 9 15 11 0 12 1 14 2 3 4 6 5 9 10 15 12 0 13 2 14 3 1 4 6 10 9 13 12 15 0 2 1 12 3 15 4
5

0 1 4 2 6 3 10 5 13 9 15 12 0 14 1 3 2 5 4 6 10 9 12 15 13 0 14 2 1 3 6 4 9 10 12 13 0 15 1 2 3 12 4 15
5

0 1 4 2 6 3 7 5 10 9 13 12 15 14 0 3 1 5 2 6 4 9 10 15 12 0 13 2 14 3 1 4 6 10 9 13 12 15 0 2 1 12 3 15 4
5

0 1 4 2 6 3 8 5 10 9 13 12 15 14 0 3 1 5 2 6 4 9 10 15 12 0 13 2 14 3 1 4 6 10 9 13 12 15 0 2 1 12 3 15 4
5

0 1 4 2 6 3 10 5 11 9 13 12 15 14 0 3 1 5 2 6 4 9 10 15 12 0 13 2 14 3 1 4 6 10 9 13 12 15 0 2 1 12 3 15 4
5

0 1 4 2 6 3 10 5 13 9 15 12 0 14 1 3 2 5 4 6 10 9 12 15 13 0 14 2 1 3 6 4 9 10 12 13 0 15 1 2 3 12 4 15 6
5

0 1 4 2 6 3 10 5 13 9 15 12 0 14 1 3 2 5 4 6 10 9 12 15 13 0 14 2 1 3 6 4 9 10 12 13 0 15 1 2 3 12 4 15 9
5

0 1 4 2 6 3 10 5 13 9 15 12 0 14 1 3 2 5 4 6 10 9 12 15 13 0 14 2 1 3 6 4 9 10 12 13 0 15 1 2 3 12 4 15 10
5

0 1 4 2 6 3 10 5 13 9 15 12 0 14 1 3 2 5 4 6 10 9 12 15 13 0 14 2 1 3 6 4 9 10 12 13 0 15 1 2 3 12 4 15 13
5

0 1 7 2 8 3 10 4 11 5 12 13 15 14 0 2 4 3 10 5 13 7 14 11 15 12 0 2 3 4 11 5 12 7 13 14 15 0 2 3 5 4 7 12 14 15
9

0 2 7 3 10 4 11 5 12 8 15 13 0 14 4 2 10 3 13 5 14 7 15 11 0 12 3 2 10 4 11 5 12 7 13 14 15 0 2 3 5 4 7 12 14 15
10

0 2 7 3 10 4 11 5 12 9 15 13 0 14 4 2 10 3 13 5 14 7 15 11 0 12 3 2 10 4 11 5 12 7 13 14 15 0 2 3 5 4 7 12 14 15
10

0 2 7 3 8 4 10 5 11 13 12 14 15 2 0 3 4 5 10 7 13 11 14 12 15 2 0 4 3 5 11 7 12 10 13 14 15 0 2 3 5 4 7 12 14 15
9

0 2 7 3 9 4 10 5 11 13 12 14 15 2 0 3 4 5 10 7 13 11 14 12 15 2 0 4 3 5 11 7 12 10 13 14 15 0 2 3 5 4 7 12 14 15
8

0 1 3 2 9 5 12 6 14 10 15 11 1 13 2 0 3 9 5 11 6 14 10 15 12 0 13 1 2 5 3 9 6 11 12 15 13 3 14 5 0 12 1 15 11
10

0 1 3 2 8 5 9 6 12 7 14 10 15 11 1 13 2 0 3 9 5 11 6 14 12 15 13 0 2 1 3 5 6 9 12 11 13 15 14 3 0 5 1 12 11 15
4

0 1 3 2 8 5 9 6 12 10 14 11 15 13 1 0 2 8 3 9 5 11 6 14 12 15 13 0 2 1 3 5 6 9 12 11 13 15 14 3 0 5 1 12 11 15
4

0 1 3 2 7 5 9 6 12 10 14 11 15 13 1 0 2 9 3 10 5 11 6 14 12 15 13 0 2 1 3 5 6 9 12 11 13 15 14 3 0 5 1 12 11 15
10

0 1 3 2 9 5 12 6 14 10 15 11 1 13 2 0 3 9 5 10 6 11 12 14 13 15 2 0 3 1 6 5 12 9 13 11 14 15 0 3 1 5 2 12 11 15
10

0 1 3 2 9 5 12 6 14 10 15 11 1 13 2 0 3 9 5 10 6 11 12 14 13 15 2 0 3 1 6 5 12 9 13 11 14 15 0 3 1 5 6 12 11 15
10

0 1 3 2 9 5 12 6 14 10 15 11 1 13 2 0 3 9 5 10 6 11 12 14 13 15 2 0 3 1 6 5 12 9 13 11 14 15 0 3 1 5 9 12 11 15
10

0 1 3 2 9 5 12 6 14 10 15 11 1 13 2 0 3 9 5 10 6 11 12 14 13 15 2 0 3 1 6 5 12 9 13 11 14 15 0 3 1 5 11 12 13 15
10

0 1 3 2 9 5 12 6 14 10 15 11 1 13 2 0 3 9 5 10 6 11 12 14 13 15 2 0 3 1 6 5 12 9 13 11 14 15 0 3 1 5 11 12 14 15
10

0 1 3 2 9 5 12 6 14 10 15 11 1 13 2 0 3 9 5 11 6 14 10 15 12 0 13 1 2 5 3 9 6 11 12 15 13 2 14 3 0 5 1 12 11 15
10

0 1 4 2 6 3 10 5 13 9 15 12 0 14 1 3 2 6 4 9 5 15 10 0 12 2 13 3 14 4 1 10 6 13 9 15 12 2 0 6 1 12 3 15 4
5

0 1 3 2 8 5 9 6 12 10 14 11 15 13 1 0 2 9 3 11 5 14 6 15 12 0 13 1 2 5 3 9 6 11 12 15 13 3 14 5 0 6 1 12 11 15
4

1 0 6 2 7 3 8 4 10 5 11 13 12 0 14 1 15 6 2 8 3 10 5 14 7 15 12 0 13 1 7 3 8 5 10 14 12 1 13 7 15 12 0 15 3
2

1 0 6 2 7 3 8 5 10 11 12 13 14 0 15 1 2 6 3 8 5 10 7 14 12 15 13 0 7 1 8 3 10 5 12 14 13 1 15 7 0 12 3 15
11

1 0 6 2 7 3 8 5 10 13 11 0 12 1 14 6 15 8 2 10 3 14 5 15 7 0 12 1 13 3 7 5 8 6 10 14 12 1 13 7 15 12 0 15 3
2

1 0 3 2 4 6 5 11 7 13 9 0 10 4 12 6 14 10 15 11 1 12 3 15 7 0 9 3 13 11 14 13 1 14 4 15 7 1 10 4 12 7 0 12 3 15 11
5

1 0 2 5 3 6 4 11 7 13 9 0 10 4 12 6 14 10 15 11 1 12 3 15 7 0 9 3 13 11 14 13 1 14 4 15 7 1 10 4 12 7 0 12 3 15 11
5

1 0 3 5 4 6 7 11 9 13 10 0 12 4 14 6 15 10 1 11 3 12 7 15 9 0 13 3 14 11 1 13 4 14 7 15 9 1 10 4 12 7 0 12 3 15 11
5

1 0 3 5 4 6 7 11 9 13 10 0 12 4 14 6 15 10 1 11 3 12 7 15 9 0 13 3 14 11 1 13 4 14 7 15 10 1 12 4 0 7 3 12 10 15 11
5

1 0 3 5 4 6 7 11 9 13 10 0 12 4 14 6 15 10 1 11 3 12 7 15 9 0 13 3 14 11 1 13 4 14 7 15 10 1 12 4 0 7 3 12 11 15 13
5

1 0 3 5 4 6 7 11 9 13 10 0 12 4 14 6 15 10 1 11 3 12 7 15 9 0 13 3 14 11 1 13 4 14 7 15 10 1 12 4 0 7 3 12 11 15 14
5

1 0 2 6 3 8 4 11 7 13 9 0 10 4 12 6 14 10 15 11 1 12 3 15 7 0 9 3 13 11 14 13 1 14 4 15 7 1 10 4 12 7 0 12 3 15 11
8

1 0 3 6 4 8 7 11 9 13 10 0 12 4 14 6 15 10 1 11 3 12 7 15 9 0 13 3 14 11 1 13 4 14 7 15 9 1 10 4 12 7 0 12 3 15 11
8

1 0 3 6 4 8 7 11 9 13 10 0 12 4 14 6 15 10 1 11 3 12 7 15 9 0 13 3 14 11 1 13 4 14 7 15 10 1 12 4 0 7 3 12 10 15 11
8

1 0 3 6 4 8 7 11 9 13 10 0 12 4 14 6 15 10 1 11 3 12 7 15 9 0 13 3 14 11 1 13 4 14 7 15 10 1 12 4 0 7 3 12 11 15 13
8

1 0 3 6 4 8 7 11 9 13 10 0 12 4 14 6 15 10 1 11 3 12 7 15 9 0 13 3 14 11 1 13 4 14 7 15 10 1 12 4 0 7 3 12 11 15 14
8

1 0 2 6 3 11 4 13 7 0 9 4 10 6 12 10 14 11 15 12 1 15 3 0 7 3 9 6 13 11 14 13 1 14 4 15 7 1 10 4 12 7 0 12 3 15 11
6

1 0 3 6 4 11 7 13 9 0 10 4 12 6 14 10 15 11 1 12 3 15 7 0 9 3 13 6 14 11 1 13 4 14 7 15 9 1 10 4 12 7 0 12 3 15 11
6

1 0 3 6 4 11 7 13 9 0 10 4 12 6 14 10 15 11 1 12 3 15 7 0 9 3 13 6 14 11 1 13 4 14 7 15 10 1 12 4 0 7 3 12 10 15 11
6

1 0 3 6 4 11 7 13 9 0 10 4 12 6 14 10 15 11 1 12 3 15 7 0 9 3 13 6 14 11 1 13 4 14 7 15 10 1 12 4 0 7 3 12 11 15 13
6

1 0 3 6 4 11 7 13 9 0 10 4 12 6 14 10 15 11 1 12 3 15 7 0 9 3 13 6 14 11 1 13 4 14 7 15 10 1 12 4 0 7 3 12 11 15 14
6

1 0 3 6 4 11 5 13 7 0 9 4 10 6 12 10 14 11 15 12 1 15 3 0 7 3 9 9 13 11 14 13 1 14 4 15 7 1 10 4 12 7 0 12 3 15 11
5

1 0 6 2 7 3 8 5 10 13 11 0 12 1 14 6 15 8 2 10 3 14 5 15 7 0 12 1 13 3 7 5 8 14 10 1 12 5 13 7 15 12 0 15 3
2

1 0 6 2 7 3 8 5 10 13 11 0 12 1 14 6 15 8 2 10 3 14 5 15 7 0 12 1 13 3 7 5 8 14 10 1 12 7 13 8 15 12 0 15 3
2

0 1 4 2 6 3 10 5 13 9 15 12 0 14 1 3 2 6 4 9 5 15 10 0 12 2 13 3 14 4 1 10 6 13 9 15 12 2 0 9 1 12 3 15 4
5

0 1 3 2 8 5 9 6 12 10 14 11 15 13 1 0 2 9 3 11 5 14 6 15 12 0 13 1 2 5 3 9 6 11 12 15 13 3 14 5 0 9 1 12 11 15
4

0 1 4 2 6 3 10 5 13 9 15 12 0 14 1 3 2 6 4 9 5 15 10 0 12 2 13 3 14 4 1 10 6 13 9 15 12 2 0 10 1 12 3 15 4
5

1 0 4 3 5 7 6 8 11 9 15 10 0 12 3 13 7 4 8 6 10 11 13 12 15 4 0 7 3 10 6 13 8 0 11 4 12 10 15 12 3 15 8
5

1 0 4 3 6 7 11 8 15 9 0 10 3 12 7 13 8 4 9 6 10 11 13 12 15 4 0 7 3 10 6 13 8 0 11 4 12 10 15 12 3 15 8
9

1 0 4 2 5 3 6 7 11 8 15 9 0 10 3 12 7 13 8 4 10 6 13 11 15 12 0 4 3 7 6 10 8 13 11 0 12 4 15 10 3 12 8 15
5

1 0 4 2 6 3 11 7 15 8 0 9 3 10 7 12 8 13 9 4 10 6 13 11 15 12 0 4 3 7 6 10 8 13 11 0 12 4 15 10 3 12 8 15
9

1 0 2 3 4 5 6 7 11 8 15 9 0 10 3 12 7 13 8 4 10 6 13 11 15 12 0 4 3 7 6 10 8 13 11 0 12 4 15 10 3 12 8 15
5

1 0 4 3 6 5 11 7 14 8 15 9 0 10 3 12 7 13 8 4 10 6 13 11 15 12 0 4 3 7 6 10 8 13 11 0 12 4 15 10 3 12 8 15
5

1 0 4 3 6 5 11 7 15 8 0 9 1 10 3 12 7 13 8 4 10 6 13 11 15 12 0 4 3 7 6 10 8 13 11 0 12 4 15 10 3 12 8 15
5

1 0 4 3 6 5 11 7 15 8 0 9 3 10 7 12 8 13 10 4 13 6 15 11 0 12 3 4 6 7 8 10 11 13 12 0 15 4 3 10 6 12 8 15
5

1 0 4 3 6 5 11 7 15 8 0 9 3 10 7 12 8 13 10 4 13 6 15 11 0 12 3 4 6 7 8 10 11 13 12 0 15 4 3 10 7 12 8 15
5

1 0 4 3 6 5 11 7 15 8 0 9 3 10 7 12 8 13 10 4 13 6 15 11 0 12 3 4 6 7 8 10 11 13 12 0 15 4 3 10 8 12 11 15
5

1 0 4 3 6 5 11 7 15 8 0 9 3 10 7 12 8 13 10 4 13 6 15 11 0 12 3 4 6 7 8 10 11 13 12 0 15 4 3 10 8 12 13 15
5

1 0 4 3 5 7 6 8 11 9 15 10 0 12 3 13 7 14 8 4 10 6 13 11 15 12 0 4 3 7 6 10 8 13 11 0 12 4 15 10 3 12 8 15
5

1 0 4 3 6 7 11 8 15 9 0 10 3 12 7 13 8 14 9 4 10 6 13 11 15 12 0 4 3 7 6 10 8 13 11 0 12 4 15 10 3 12 8 15
9

1 0 4 3 5 7 6 8 11 9 15 10 0 12 3 13 7 1 8 4 10 6 13 11 15 12 0 4 3 7 6 10 8 13 11 0 12 4 15 10 3 12 8 15
5

1 0 4 3 6 7 11 8 15 9 0 10 3 12 7 13 8 1 9 4 10 6 13 11 15 12 0 4 3 7 6 10 8 13 11 0 12 4 15 10 3 12 8 15
9

1 0 2 3 4 7 6 8 11 9 15 10 0 12 3 13 7 4 8 6 10 9 13 11 15 12 0 4 3 7 6 10 8 13 11 0 12 4 15 10 3 12 8 15
9

1 0 4 3 6 7 11 8 14 9 15 10 0 12 3 13 7 4 8 6 10 9 13 11 15 12 0 4 3 7 6 10 8 13 11 0 12 4 15 10 3 12 8 15
9

1 0 4 3 6 7 11 8 15 9 0 10 1 12 3 13 7 4 8 6 10 9 13 11 15 12 0 4 3 7 6 10 8 13 11 0 12 4 15 10 3 12 8 15
9

1 0 4 3 6 7 11 8 15 9 0 10 3 12 7 13 8 4 10 6 13 9 15 11 0 12 3 4 6 7 8 10 11 13 12 0 15 4 3 10 6 12 8 15
9

1 0 4 3 6 7 11 8 15 9 0 10 3 12 7 13 8 4 10 6 13 9 15 11 0 12 3 4 6 7 8 10 11 13 12 0 15 4 3 10 7 12 8 15
9

1 0 4 3 6 7 11 8 15 9 0 10 3 12 7 13 8 4 10 6 13 9 15 11 0 12 3 4 6 7 8 10 11 13 12 0 15 4 3 10 8 12 11 15
9

1 0 4 3 6 7 11 8 15 9 0 10 3 12 7 13 8 4 10 6 13 9 15 11 0 12 3 4 6 7 8 10 11 13 12 0 15 4 3 10 8 12 13 15
9

1 0 4 3 5 7 6 8 11 9 15 10 0 12 3 13 7 4 8 6 10 11 13 12 15 4 0 7 3 10 6 13 8 0 11 4 12 6 15 10 3 12 8 15
5

1 0 4 3 6 7 11 8 15 9 0 10 3 12 7 13 8 4 9 6 10 11 13 12 15 4 0 7 3 10 6 13 8 0 11 4 12 6 15 10 3 12 8 15
9

1 0 6 2 7 3 8 5 10 13 11 0 12 1 14 6 15 8 2 10 3 14 5 15 7 0 12 1 13 3 7 5 8 14 10 1 12 7 13 10 15 12 0 15 3
2

1 0 4 3 5 7 6 8 11 9 15 10 0 12 3 13 7 4 8 6 10 11 13 12 15 4 0 7 3 10 6 13 8 0 11 4 12 7 15 10 3 12 8 15
5

1 0 4 3 6 7 11 8 15 9 0 10 3 12 7 13 8 4 9 6 10 11 13 12 15 4 0 7 3 10 6 13 8 0 11 4 12 7 15 10 3 12 8 15
9

1 0 3 6 4 11 5 13 7 0 9 4 10 6 12 10 14 11 15 12 1 15 3 0 7 3 9 11 13 13 14 14 1 15 4 1 7 4 10 7 12 10 0 12 3 15 11
5

0 2 1 3 4 6 7 8 11 10 12 13 14 1 15 11 0 12 2 0 3 2 4 3 7 7 8 8 10 10 13 12 15 13 1 15 11 11 0 12 3 15 7
4

0 2 1 3 4 6 7 8 11 9 12 10 14 13 15 1 0 11 2 12 3 0 4 2 7 3 8 7 10 8 13 10 15 12 1 13 11 15 0 11 3 12 7 15
4

0 2 1 3 4 6 7 8 11 9 12 10 14 13 15 1 0 11 2 12 3 0 7 2 8 3 10 7 13 8 14 10 15 12 1 13 11 15 0 11 3 12 7 15
6

0 2 1 3 4 6 7 8 9 10 11 13 12 1 14 4 15 11 0 12 2 0 3 2 7 3 8 7 10 8 13 10 15 12 1 13 11 15 0 11 3 12 7 15
4

0 2 1 3 4 6 7 8 11 10 12 13 14 1 15 4 0 11 2 12 3 0 7 2 8 3 10 7 13 8 15 10 1 12 11 13 0 15 3 11 7 12 8 15
4

0 2 1 3 4 6 7 8 11 10 12 13 14 1 15 4 0 11 2 12 3 0 7 2 8 3 10 7 13 8 15 10 1 12 11 13 0 15 3 11 7 12 10 15
4

0 2 1 3 4 6 7 8 11 10 12 13 14 1 15 4 0 11 2 12 3 0 7 2 8 3 10 7 13 8 15 10 1 12 11 13 0 15 3 11 7 12 13 15
4

0 2 1 3 4 6 5 8 7 10 11 13 12 1 14 5 15 11 0 12 2 0 3 2 7 3 8 7 10 8 13 10 15 12 1 13 11 15 0 11 3 12 7 15
5

0 2 1 3 4 6 7 8 11 10 12 13 14 1 15 6 0 11 2 12 3 0 4 2 7 3 8 7 10 8 13 10 15 12 1 13 11 15 0 11 3 12 7 15
4

0 2 1 3 4 6 7 8 11 10 12 13 14 1 15 11 0 12 2 14 3 0 4 2 7 3 8 7 10 8 13 10 15 12 1 13 11 15 0 11 3 12 7 15
4

0 2 1 3 4 6 7 8 11 10 12 13 14 1 15 11 0 12 2 0 3 2 4 3 7 7 8 8 10 10 13 12 15 13 1 15 11 1 0 11 3 12 7 15
4

0 2 1 3 4 6 7 8 11 10 12 13 14 1 15 11 0 12 2 0 3 2 4 3 7 7 8 8 10 10 13 12 15 13 1 15 11 2 0 11 3 12 7 15
4

0 1 2 6 3 8 4 13 7 15 10 0 11 3 12 4 14 7 1 11 2 14 6 0 8 2 10 3 12 6 15 7 1 12 4 14 8 0 11 2 15 11 3 12 8 15 14
10

0 1 2 5 3 6 4 8 7 13 10 15 11 0 12 3 14 4 1 7 2 11 6 14 8 0 10 2 12 3 15 6 1 7 4 12 8 14 11 0 15 2 3 11 8 12 14 15
10

0 1 2 6 3 8 4 9 7 13 10 15 11 0 12 3 14 4 1 7 2 11 6 14 8 0 10 2 12 3 15 6 1 7 4 12 8 14 11 0 15 2 3 11 8 12 14 15
10

0 1 2 6 3 8 4 13 7 15 9 0 10 3 11 4 12 7 14 9 1 11 2 14 6 0 8 2 10 3 12 6 15 7 1 12 4 14 8 0 11 2 15 11 3 12 8 15
9

0 1 2 6 3 8 4 13 7 15 10 0 11 3 12 4 14 7 1 11 2 13 6 14 8 0 10 2 12 3 15 6 1 7 4 12 8 14 11 0 15 2 3 11 8 12 14 15
10

0 1 2 6 3 8 4 13 7 15 10 0 11 3 12 4 14 7 1 11 2 14 6 0 8 2 10 3 12 6 15 7 1 12 4 14 8 0 11 1 15 2 3 11 8 12 14 15
10

0 1 2 6 3 8 4 13 7 15 10 0 11 3 12 4 14 7 1 11 2 14 6 0 8 2 10 3 12 6 15 7 1 12 4 14 8 0 11 2 15 4 3 11 8 12 14 15
10

0 1 2 6 3 8 4 13 7 15 10 0 11 3 12 4 14 7 1 11 2 14 6 0 8 2 10 3 12 6 15 7 1 12 4 14 8 0 11 2 15 6 3 11 8 12 14 15
10

0 1 2 6 3 8 4 13 7 15 10 0 11 3 12 4 14 7 1 11 2 14 6 0 8 2 10 3 12 6 15 7 1 12 4 14 8 0 11 2 15 7 3 11 8 12 14 15
10

0 2 1 3 4 6 7 8 11 10 12 13 14 1 15 11 0 12 2 0 3 2 4 3 7 7 8 8 10 10 13 12 15 13 1 15 11 8 0 11 3 12 7 15
4

0 1 2 4 3 5 6 7 9 11 10 12 13 14 15 3 0 4 1 12 2 13 5 0 6 1 9 6 11 9 15 11 2 0 3 2 4 3 12 9 13 11 15 12 1 15 6
10

0 1 2 4 3 5 6 7 9 11 13 12 15 14 0 3 1 4 2 12 5 13 6 0 9 1 11 6 14 9 15 11 2 0 3 2 4 3 12 9 13 11 15 12 1 15 6
14

0 1 2 4 3 5 6 8 9 11 10 12 13 14 15 3 0 4 1 12 2 13 5 0 6 1 9 6 11 9 15 11 2 0 3 2 4 3 12 9 13 11 15 12 1 15 6
10

0 1 2 4 3 5 6 8 9 11 13 12 15 14 0 3 1 4 2 12 5 13 6 0 9 1 11 6 14 9 15 11 2 0 3 2 4 3 12 9 13 11 15 12 1 15 6
14

0 1 2 4 3 5 6 10 7 11 9 12 13 14 15 3 0 4 1 12 2 13 5 0 6 1 9 6 11 9 15 11 2 0 3 2 4 3 12 9 13 11 15 12 1 15 6
10

0 1 2 4 3 5 6 10 8 11 9 12 13 14 15 3 0 4 1 12 2 13 5 0 6 1 9 6 11 9 15 11 2 0 3 2 4 3 12 9 13 11 15 12 1 15 6
10

0 1 2 4 3 5 6 10 9 11 13 12 15 14 0 3 1 4 2 12 5 13 6 0 9 1 11 6 15 9 2 11 3 0 4 2 12 3 13 9 15 11 1 12 4 15 6
10

0 1 2 4 3 5 6 10 9 11 13 12 15 14 0 3 1 4 2 12 5 13 6 0 9 1 11 6 15 9 2 11 3 0 4 2 12 3 13 9 15 11 1 12 6 15 13
10

0 1 2 4 3 5 6 11 7 12 9 14 13 3 15 4 0 12 1 13 2 14 5 0 6 1 9 6 11 9 15 11 2 0 3 2 4 3 12 9 13 11 15 12 1 15 6
14

0 1 2 4 3 5 6 11 8 12 9 14 13 3 15 4 0 12 1 13 2 14 5 0 6 1 9 6 11 9 15 11 2 0 3 2 4 3 12 9 13 11 15 12 1 15 6
14

0 1 2 4 3 5 6 11 9 12 13 14 15 3 0 4 1 12 2 13 5 14 6 0 9 1 11 6 15 9 2 11 3 0 4 2 12 3 13 9 15 11 1 12 4 15 6
14

0 1 2 4 3 5 6 11 9 12 13 14 15 3 0 4 1 12 2 13 5 14 6 0 9 1 11 6 15 9 2 11 3 0 4 2 12 3 13 9 15 11 1 12 6 15 13
14

0 1 2 4 3 5 6 11 9 12 10 14 13 3 15 4 0 12 1 13 2 0 5 1 6 5 9 6 11 9 15 11 2 0 3 2 4 3 12 9 13 11 15 12 1 15 6
10

0 1 2 4 3 5 6 11 9 12 13 14 15 3 0 4 1 12 2 13 5 0 6 1 9 5 11 6 14 9 15 11 2 0 3 2 4 3 12 9 13 11 15 12 1 15 6
14

0 1 2 4 3 5 6 11 9 12 10 14 13 3 15 4 0 12 1 13 2 0 5 1 6 6 9 9 11 11 15 0 2 2 3 3 4 4 12 9 13 11 15 12 1 15 6
10

0 1 2 4 3 5 6 11 9 12 13 14 15 3 0 4 1 12 2 13 5 0 6 1 9 6 11 9 14 11 15 0 2 2 3 3 4 4 12 9 13 11 15 12 1 15 6
14

0 2 1 3 4 6 7 8 11 10 12 13 14 1 15 11 0 12 2 0 3 2 4 3 7 7 8 8 10 10 13 12 15 13 1 15 11 10 0 11 3 12 7 15
4

0 1 2 6 3 8 4 13 7 15 10 0 11 3 12 4 14 7 1 11 2 14 6 0 8 2 10 3 12 6 15 7 1 12 4 14 8 0 10 2 11 10 15 11 3 12 8 15
14

1 0 4 3 5 7 6 8 11 9 15 10 0 12 3 13 7 4 8 6 10 11 13 12 15 4 0 7 3 10 6 13 8 0 11 4 12 10 15 11 3 12 8 15
5

1 0 4 3 6 7 11 8 15 9 0 10 3 12 7 13 8 4 9 6 10 11 13 12 15 4 0 7 3 10 6 13 8 0 11 4 12 10 15 11 3 12 8 15
9

0 2 1 3 7 4 10 5 11 8 15 12 0 13 2 14 5 1 13 3 15 7 0 10 1 12 7 14 10 2 12 3 15 5 1 13 2 14 3 0 10 5 12 13 14 15
11

0 2 1 3 7 4 10 5 11 9 15 12 0 13 2 14 5 1 13 3 15 7 0 10 1 12 7 14 10 2 12 3 15 5 1 13 2 14 3 0 10 5 12 13 14 15
11

0 2 1 3 6 4 7 5 10 11 15 12 0 13 2 14 5 1 13 3 15 7 0 10 1 12 7 14 10 2 12 3 15 5 1 13 2 14 3 0 10 5 12 13 14 15
11

0 2 1 3 7 4 8 5 10 11 15 12 0 13 2 14 5 1 13 3 15 7 0 10 1 12 7 14 10 2 12 3 15 5 1 13 2 14 3 0 10 5 12 13 14 15
11

0 2 1 3 7 4 9 5 10 11 15 12 0 13 2 14 5 1 13 3 15 7 0 10 1 12 7 14 10 2 12 3 15 5 1 13 2 14 3 0 10 5 12 13 14 15
11

0 2 1 3 7 4 10 5 15 11 0 12 2 13 4 14 5 1 13 3 15 7 0 10 1 12 7 14 10 2 12 3 15 5 1 13 2 14 3 0 10 5 12 13 14 15
11

0 2 1 3 7 4 10 5 15 11 0 12 2 13 5 14 13 1 15 3 0 7 1 10 7 12 10 14 12 2 15 3 1 5 2 13 3 14 7 0 10 5 12 13 14 15
11

2 0 4 3 5 6 7 10 9 12 11 13 15 14 0 2 7 3 9 4 13 5 15 6 0 10 2 12 4 3 6 5 7 9 10 12 15 13 0 2 3 4 5 7 10 13 12 15
11

2 0 4 3 5 6 7 10 9 12 15 13 0 14 7 2 9 3 13 4 14 5 15 6 0 10 2 12 4 3 6 5 7 9 10 12 15 13 0 2 3 4 5 7 10 13 12 15
14

2 0 4 3 5 6 7 10 9 12 15 13 0 14 7 2 9 3 13 4 15 5 0 6 2 10 4 12 6 3 7 5 10 9 15 12 0 13 3 2 5 4 6 7 10 13 12 15
9

2 0 4 3 5 6 7 10 9 12 15 13 0 14 7 2 9 3 13 4 15 5 0 6 2 10 4 12 6 3 7 5 10 9 15 12 0 13 3 2 5 4 9 7 10 13 12 15
6

0 1 4 2 6 3 10 5 13 9 15 12 0 14 1 3 2 6 4 9 5 15 10 0 12 2 13 3 14 4 1 10 6 13 9 15 12 2 0 12 1 13 3 15 4
5

0 1 2 4 3 6 7 8 9 14 11 15 12 0 13 3 1 6 2 9 7 11 8 14 12 15 13 1 0 6 2 8 3 12 11 0 13 2 14 3 15 12 1 13 6 15 14
7

0 1 2 5 3 6 7 8 9 14 11 15 12 0 13 3 1 6 2 9 7 11 8 14 12 15 13 1 0 6 2 8 3 12 11 0 13 2 14 3 15 12 1 13 6 15 14
7

0 1 2 6 3 8 7 10 9 14 11 15 12 0 13 3 1 6 2 9 7 11 8 14 12 15 13 1 0 6 2 8 3 12 7 0 13 2 14 3 15 12 1 13 6 15 14
10

0 1 2 6 3 8 7 14 9 15 11 0 12 3 13 6 1 9 2 11 7 14 8 15 12 1 13 6 0 8 2 9 3 12 11 0 13 2 14 3 15 12 1 13 6 15 14
7

0 1 3 2 8 5 9 6 12 10 14 11 15 13 1 0 2 9 3 11 5 14 6 15 12 0 13 1 2 5 3 9 6 11 12 15 13 3 14 5 0 12 1 13 11 15
4

1 0 2 6 3 11 4 13 7 0 9 4 10 6 12 10 14 11 15 12 1 15 3 0 7 3 9 11 13 13 14 14 1 15 4 1 7 4 10 7 12 12 0 13 3 15 11
14

1 0 3 6 4 11 7 13 9 0 10 4 12 6 14 10 15 11 1 12 3 15 7 0 9 3 13 11 14 13 1 14 4 15 7 1 9 4 10 7 12 12 0 13 3 15 11
14

1 0 3 6 4 11 7 13 9 0 10 4 12 6 14 10 15 11 1 12 3 15 7 0 9 3 13 11 14 13 1 14 4 15 7 1 10 4 12 7 0 12 3 13 10 15 11
14

0 1 2 6 3 8 7 14 9 15 11 0 12 3 13 6 1 9 2 11 7 14 8 15 12 1 13 6 0 8 2 12 3 0 11 2 13 3 14 8 15 12 1 13 6 15 14
7

1 0 4 3 5 7 6 8 11 9 15 10 0 12 3 13 7 4 8 6 10 11 13 12 15 4 0 7 3 10 6 13 8 0 11 4 12 10 15 12 3 13 8 15
5

1 0 4 3 6 7 11 8 15 9 0 10 3 12 7 13 8 4 9 6 10 11 13 12 15 4 0 7 3 10 6 13 8 0 11 4 12 10 15 12 3 13 8 15
9

0 2 1 3 4 6 7 8 11 10 12 13 14 1 15 11 0 12 2 0 3 2 4 3 7 7 8 8 10 10 13 12 15 13 1 15 11 11 0 12 3 13 7 15
4

0 2 1 3 4 6 7 8 11 10 12 13 14 1 15 11 0 12 2 0 3 2 7 3 8 7 10 8 13 10 14 12 15 13 1 15 11 11 0 12 3 13 7 15
6

0 1 2 4 3 5 6 11 9 12 10 14 13 3 15 4 0 12 1 13 2 0 5 1 6 6 9 9 11 11 15 0 2 2 3 3 4 9 12 11 13 12 15 13 1 15 6
10

0 1 2 4 3 5 6 11 9 12 13 14 15 3 0 4 1 12 2 13 5 0 6 1 9 6 11 9 14 11 15 0 2 2 3 3 4 9 12 11 13 12 15 13 1 15 6
14

0 1 2 5 3 9 4 11 6 12 7 14 8 0 13 2 15 3 1 4 5 7 11 8 12 15 14 0 1 2 4 3 5 11 7 14 8 15 12 3 0 7 1 14 11 15 12
13

0 1 2 5 3 9 4 11 6 12 7 14 8 0 15 2 1 3 5 4 6 7 11 8 12 15 14 0 1 2 4 3 5 11 7 14 8 15 12 3 0 7 1 14 11 15 12
13

0 1 2 5 3 9 4 11 6 12 7 14 8 0 15 2 1 3 5 4 9 7 11 8 12 15 14 0 1 2 4 3 5 11 7 14 8 15 12 3 0 7 1 14 11 15 12
13

0 1 2 5 3 9 4 11 6 12 7 14 8 0 15 2 1 3 5 4 11 7 12 8 14 15 1 0 4 2 5 3 7 11 8 14 12 15 0 3 1 7 4 14 11 15 12
13

0 1 2 5 3 10 4 11 6 12 7 14 8 0 13 2 15 3 1 4 5 7 11 8 12 15 14 0 1 2 4 3 5 11 7 14 8 15 12 3 0 7 1 14 11 15 12
13

0 1 2 5 3 11 4 12 6 13 7 14 8 0 9 2 15 3 1 4 5 7 11 8 12 15 14 0 1 2 4 3 5 11 7 14 8 15 12 3 0 7 1 14 11 15 12
13

0 1 2 5 3 11 4 12 6 13 7 14 8 0 15 2 1 3 5 4 11 7 12 8 13 15 14 0 1 2 4 3 5 11 7 14 8 15 12 3 0 7 1 14 11 15 12
9

0 1 2 5 3 11 4 12 6 14 7 0 8 2 13 3 15 4 1 7 5 8 11 15 12 0 14 2 1 3 4 11 5 14 7 15 8 2 12 3 0 7 1 14 11 15 12
13

0 1 2 5 3 11 4 12 6 14 7 0 8 2 13 3 15 4 1 7 5 8 11 15 12 0 14 2 1 3 4 11 5 14 7 15 8 3 12 4 0 7 1 14 11 15 12
13

0 1 2 5 3 11 4 12 6 14 7 0 8 2 13 3 15 4 1 7 5 8 11 15 12 0 14 2 1 3 4 11 5 14 7 15 8 3 12 5 0 7 1 14 11 15 12
13

1 0 2 4 3 6 8 7 10 12 11 13 14 15 0 4 2 8 3 11 7 13 12 14 2 15 11 0 12 3 14 4 15 7 0 8 3 13 4 2 7 8 11 14 12 15 13
5

2 0 3 4 8 6 10 7 11 12 14 13 0 15 2 4 3 8 6 11 7 13 12 14 2 15 11 0 12 3 14 4 15 7 0 8 3 13 4 2 7 8 11 14 12 15 13
5

2 0 3 4 8 6 10 7 11 12 14 13 0 15 2 4 3 8 7 11 10 13 12 14 2 15 11 0 12 3 14 4 15 7 0 8 3 13 4 2 7 8 11 14 12 15 13
5

2 0 3 4 8 6 10 7 11 12 14 13 0 15 2 4 3 8 7 11 10 13 12 14 2 15 11 0 12 3 14 4 15 7 0 8 3 10 4 13 7 2 11 8 12 14 13 15
9

0 1 2 5 3 11 4 12 6 14 7 0 8 2 13 3 15 4 1 7 5 8 11 15 12 0 14 2 1 3 4 11 5 14 7 15 8 3 12 7 0 8 1 14 11 15 12
13

0 3 1 8 2 9 5 11 6 12 7 15 13 1 14 2 0 11 3 12 5 13 7 15 14 3 0 7 1 11 2 13 12 0 14 1 15 2 3 12 7 14 11 15 13
10

0 3 1 8 2 9 5 11 6 12 7 15 13 1 14 2 0 11 3 12 6 13 7 15 14 3 0 7 1 11 2 13 12 0 14 1 15 2 3 12 7 14 11 15 13
10

0 3 1 8 2 9 5 11 6 12 7 15 13 1 14 2 0 11 3 12 7 13 8 15 14 3 0 7 1 11 2 13 12 0 14 1 15 2 3 12 7 14 11 15 13
10

0 3 1 8 2 9 5 11 6 12 7 15 13 1 14 2 0 11 3 12 7 13 9 15 14 3 0 7 1 11 2 13 12 0 14 1 15 2 3 12 7 14 11 15 13
10

0 3 1 9 2 10 5 11 6 12 7 15 13 1 14 2 0 11 3 12 5 13 7 15 14 3 0 7 1 11 2 13 12 0 14 1 15 2 3 12 7 14 11 15 13
8

0 3 1 9 2 10 5 11 6 12 7 15 13 1 14 2 0 11 3 12 7 13 9 15 14 3 0 7 1 11 2 13 12 0 14 1 15 2 3 12 7 14 11 15 13
8

0 3 1 9 2 11 5 12 6 15 7 1 8 2 13 5 14 11 0 12 3 13 7 15 14 3 0 7 1 11 2 13 12 0 14 1 15 2 3 12 7 14 11 15 13
9

0 3 1 9 2 11 5 12 6 15 7 1 13 2 14 5 0 11 3 12 6 13 7 15 14 3 0 7 1 11 2 13 12 0 14 1 15 2 3 12 7 14 11 15 13
9

0 3 1 9 2 11 5 12 6 15 7 1 13 2 14 5 0 11 3 12 7 13 14 15 0 3 1 7 2 11 5 13 12 0 14 1 15 2 3 12 7 14 11 15 13
9

0 3 1 9 2 11 5 12 6 15 7 1 13 2 14 6 0 11 3 12 7 13 9 15 14 3 0 7 1 11 2 13 12 0 14 1 15 2 3 12 7 14 11 15 13
9

0 3 1 9 2 11 5 12 6 15 7 1 8 2 13 9 14 11 0 12 3 13 7 15 14 3 0 7 1 11 2 13 12 0 14 1 15 2 3 12 7 14 11 15 13
5

0 3 1 9 2 11 5 12 6 15 7 1 13 2 14 9 0 11 3 12 6 13 7 15 14 3 0 7 1 11 2 13 12 0 14 1 15 2 3 12 7 14 11 15 13
5

0 3 1 9 2 11 5 12 6 15 7 1 13 2 14 9 0 11 3 12 7 13 14 15 0 3 1 7 2 11 9 13 12 0 14 1 15 2 3 12 7 14 11 15 13
5

0 1 5 2 6 3 7 8 9 11 12 13 14 15 0 1 3 7 5 11 8 15 9 0 12 3 13 5 14 9 1 12 7 13 11 0 14 5 15 12 1 14 3 15 13
6

0 1 5 2 7 3 9 8 10 11 12 13 14 15 0 1 3 7 5 11 8 15 9 0 12 3 13 5 14 9 1 12 7 13 11 0 14 5 15 12 1 14 3 15 13
10

0 1 5 3 7 4 9 8 12 11 14 13 0 15 3 1 5 7 8 11 9 15 12 0 13 3 14 5 1 9 7 12 11 13 14 0 15 5 1 12 3 14 13 15
4

0 1 5 3 6 4 7 8 9 11 12 13 14 15 0 1 3 7 5 11 8 15 9 0 12 3 13 5 14 9 1 12 7 13 11 0 14 5 15 12 1 14 3 15 13
6

0 1 5 3 7 6 9 8 12 11 14 13 0 15 3 1 5 7 8 11 9 15 12 0 13 3 14 5 1 9 7 12 11 13 14 0 15 5 1 12 3 14 13 15
6

0 1 2 3 5 6 7 8 9 11 12 13 14 15 0 1 3 7 5 11 8 15 9 0 12 3 13 5 14 9 1 12 7 13 11 0 14 5 15 12 1 14 3 15 13
6

0 1 4 3 5 6 7 8 9 11 12 13 14 15 0 1 3 7 5 11 8 15 9 0 12 3 13 5 14 9 1 12 7 13 11 0 14 5 15 12 1 14 3 15 13
6

0 1 5 3 7 6 9 8 12 11 14 13 0 15 3 1 5 7 8 11 9 15 12 0 13 3 14 5 1 9 7 12 8 13 11 0 14 5 15 12 1 14 3 15 13
6

0 1 5 3 7 6 9 8 12 11 14 13 0 15 3 1 5 7 8 11 9 15 12 0 13 3 14 5 1 9 7 12 11 13 14 0 15 5 1 12 3 14 7 15 13
6

0 1 5 3 7 6 9 8 12 11 14 13 0 15 3 1 5 7 8 11 9 15 12 0 13 3 14 5 1 9 7 12 11 13 14 0 15 5 1 12 3 14 9 15 13
6

0 1 5 3 7 6 9 8 12 11 14 13 0 15 3 1 5 7 8 11 9 15 12 0 13 3 14 5 1 9 7 12 11 13 14 0 15 5 1 12 3 14 11 15 13
6

0 1 2 3 5 8 7 10 9 11 12 13 14 15 0 1 3 7 5 11 8 15 9 0 12 3 13 5 14 9 1 12 7 13 11 0 14 5 15 12 1 14 3 15 13
10

0 1 4 3 5 8 7 10 9 11 12 13 14 15 0 1 3 7 5 11 8 15 9 0 12 3 13 5 14 9 1 12 7 13 11 0 14 5 15 12 1 14 3 15 13
10

0 1 5 3 7 8 9 10 12 11 14 13 0 15 3 1 5 7 8 11 9 15 12 0 13 3 14 5 1 9 7 12 8 13 11 0 14 5 15 12 1 14 3 15 13
10

0 1 5 3 7 8 9 10 12 11 14 13 0 15 3 1 5 7 8 11 9 15 12 0 13 3 14 5 1 9 7 12 11 13 14 0 15 5 1 12 3 14 7 15 13
10

0 1 5 3 7 8 9 10 12 11 14 13 0 15 3 1 5 7 8 11 9 15 12 0 13 3 14 5 1 9 7 12 11 13 14 0 15 5 1 12 3 14 9 15 13
10

0 1 5 3 7 8 9 10 12 11 14 13 0 15 3 1 5 7 8 11 9 15 12 0 13 3 14 5 1 9 7 12 11 13 14 0 15 5 1 12 3 14 11 15 13
10

0 1 5 3 6 8 7 11 9 13 12 15 14 1 0 7 3 11 5 15 8 0 9 3 12 5 13 8 14 9 1 12 7 13 11 0 14 5 15 12 1 14 3 15 13
6

0 1 5 3 7 8 9 11 10 13 12 15 14 1 0 7 3 11 5 15 8 0 9 3 12 5 13 8 14 9 1 12 7 13 11 0 14 5 15 12 1 14 3 15 13
10

0 1 3 2 8 5 9 6 12 10 14 11 15 13 1 0 2 9 3 11 5 14 6 15 12 0 13 1 2 5 3 9 6 11 12 15 13 3 14 5 0 12 1 14 11 15
4

1 0 2 6 3 11 4 13 7 0 9 4 10 6 12 10 14 11 15 12 1 15 3 0 7 3 9 11 13 13 14 14 1 15 4 1 7 4 10 7 12 12 0 14 3 15 11
13

1 0 3 6 4 11 7 13 9 0 10 4 12 6 14 10 15 11 1 12 3 15 7 0 9 3 13 11 14 13 1 14 4 15 7 1 9 4 10 7 12 12 0 14 3 15 11
13

1 0 3 6 4 11 7 13 9 0 10 4 12 6 14 10 15 11 1 12 3 15 7 0 9 3 13 11 14 13 1 14 4 15 7 1 10 4 12 7 0 12 3 14 10 15 11
13

0 1 5 3 6 8 7 11 9 13 12 15 14 1 0 7 3 11 5 15 8 0 9 3 12 5 13 9 14 12 1 13 7 0 11 5 14 7 15 12 1 14 3 15 13
6

0 1 5 3 7 8 9 11 10 13 12 15 14 1 0 7 3 11 5 15 8 0 9 3 12 5 13 9 14 12 1 13 7 0 11 5 14 7 15 12 1 14 3 15 13
10

0 1 8 3 10 4 12 5 13 7 15 9 1 14 4 0 7 3 9 8 12 14 13 15 1 0 3 4 8 7 9 13 12 0 14 9 15 12 3 14 13 15
5

0 1 8 3 10 4 12 6 13 7 15 9 1 14 4 0 7 3 9 8 12 14 13 15 1 0 3 4 8 7 9 13 12 0 14 9 15 12 3 14 13 15
5

0 1 5 3 6 8 7 11 9 13 12 15 14 1 0 7 3 11 5 15 8 0 9 3 12 5 13 9 14 12 1 13 7 0 11 5 14 9 15 12 1 14 3 15 13
6

0 1 5 3 7 8 9 11 10 13 12 15 14 1 0 7 3 11 5 15 8 0 9 3 12 5 13 9 14 12 1 13 7 0 11 5 14 9 15 12 1 14 3 15 13
10

0 1 2 6 3 8 4 13 7 15 10 0 11 3 12 4 14 7 1 11 2 14 6 0 8 2 10 3 12 6 15 7 1 12 4 14 8 0 10 2 11 11 15 12 3 14 8 15
10

0 1 5 3 6 8 7 11 9 13 12 15 14 1 0 7 3 11 5 15 8 0 9 3 12 5 13 9 14 12 1 13 7 0 11 5 14 11 15 12 1 14 3 15 13
6

0 1 5 3 7 8 9 11 10 13 12 15 14 1 0 7 3 11 5 15 8 0 9 3 12 5 13 9 14 12 1 13 7 0 11 5 14 11 15 12 1 14 3 15 13
10

0 1 3 2 6 4 10 5 11 7 14 8 15 12 2 0 5 1 10 3 11 6 14 7 15 12 0 3 1 5 2 7 6 10 3 12 12 15 15 0
2

0 1 3 2 6 4 10 5 11 7 14 8 15 12 2 0 5 1 10 3 11 6 14 7 15 12 0 3 1 5 6 7 11 10 3 12 12 15 15 0
11

0 1 3 2 6 4 10 5 11 7 14 8 15 12 2 0 5 1 10 3 11 6 14 7 15 12 0 3 1 5 6 7 14 10 3 12 12 15 15 0
14

0 1 3 2 6 4 10 5 11 7 14 9 15 12 2 0 5 1 10 3 11 6 14 7 15 12 0 3 1 5 2 7 6 10 3 12 12 15 15 0
2

0 1 3 2 6 4 10 5 11 7 14 9 15 12 2 0 5 1 10 3 11 6 14 7 15 12 0 3 1 5 6 7 11 10 3 12 12 15 15 0
11

0 1 3 2 6 4 10 5 11 7 14 9 15 12 2 0 5 1 10 3 11 6 14 7 15 12 0 3 1 5 6 7 14 10 3 12 12 15 15 0
14

0 1 3 2 6 4 8 5 10 7 11 12 14 13 15 0 2 1 5 3 10 6 11 7 14 12 15 3 0 5 1 7 6 10 3 12 12 15 15 0
9

0 1 3 2 6 4 9 5 10 7 11 12 14 13 15 0 2 1 5 3 10 6 11 7 14 12 15 3 0 5 1 7 6 10 3 12 12 15 15 0
8

0 1 3 2 6 4 10 5 11 7 14 12 15 13 2 0 5 1 10 3 11 6 14 7 15 12 0 3 1 5 2 7 6 10 3 12 12 15 15 0
2

0 1 3 2 6 4 10 5 11 7 14 12 15 13 2 0 5 1 10 3 11 6 14 7 15 12 0 3 1 5 6 7 11 10 3 12 12 15 15 0
11

0 1 3 2 6 4 10 5 11 7 14 12 15 13 2 0 5 1 10 3 11 6 14 7 15 12 0 3 1 5 6 7 14 10 3 12 12 15 15 0
14

0 1 3 2 6 4 8 5 10 7 11 12 14 0 15 1 2 3 5 4 10 6 11 7 14 12 15 3 0 5 1 7 6 10 3 12 12 15 15 0
9

0 1 3 2 6 4 9 5 10 7 11 12 14 0 15 1 2 3 5 4 10 6 11 7 14 12 15 3 0 5 1 7 6 10 3 12 12 15 15 0
8

0 1 3 2 6 4 10 5 11 7 14 12 15 0 2 1 5 3 10 4 11 6 14 7 15 12 0 3 1 5 2 7 6 10 3 12 12 15 15 0
2

0 1 3 2 6 4 10 5 11 7 14 12 15 0 2 1 5 3 10 4 11 6 14 7 15 12 0 3 1 5 6 7 14 10 3 12 12 15 15 0
14

0 1 3 2 6 4 8 5 10 7 11 12 14 0 15 1 2 3 5 6 10 7 11 8 14 12 15 3 0 5 1 7 6 10 3 12 12 15 15 0
9

0 1 3 2 6 4 10 5 11 7 13 12 14 0 15 1 2 3 5 6 10 7 11 12 14 13 15 3 0 5 1 7 6 10 3 12 12 15 15 0
13

0 1 3 2 6 4 10 5 11 7 13 12 14 0 15 1 2 3 5 6 10 7 11 12 14 2 15 3 0 5 1 7 6 10 3 12 12 15 15 0
2

0 1 3 2 6 4 10 5 11 7 14 12 15 0 2 1 4 3 5 6 10 7 11 12 14 2 15 3 0 5 1 7 6 10 3 12 12 15 15 0
2

0 1 3 2 6 4 10 5 11 7 14 12 15 0 2 1 5 3 10 6 11 7 14 12 15 2 0 3 1 5 6 7 1 10 3 12 12 15 15 0
2

0 1 3 2 6 4 10 5 11 7 14 12 15 0 2 1 5 3 10 6 11 7 14 12 15 2 0 3 1 5 6 7 3 10 5 12 12 15 15 0
2

0 1 3 2 6 4 10 5 11 7 14 12 15 0 2 1 5 3 10 6 11 7 14 12 15 2 0 3 1 5 6 7 3 10 6 12 12 15 15 0
2

0 1 3 2 6 4 10 5 11 7 14 12 15 0 2 1 5 3 10 6 11 7 14 12 15 2 0 3 1 5 6 7 3 10 10 12 12 15 15 0
2

0 1 3 2 6 4 8 5 10 7 11 12 14 0 15 1 2 3 5 6 10 7 11 12 14 3 15 5 0 7 1 10 6 12 3 14 12 15 15 0
9

0 1 3 2 6 4 9 5 10 7 11 12 14 0 15 1 2 3 5 6 10 7 11 12 14 3 15 5 0 7 1 10 6 12 3 14 12 15 15 0
8

0 1 3 2 6 4 10 5 11 7 14 12 15 0 2 1 5 3 10 6 11 7 14 12 15 3 0 5 1 7 2 10 6 12 3 14 12 15 15 0
2

0 1 3 2 6 4 10 5 11 7 14 12 15 0 2 1 5 3 10 6 11 7 14 12 15 3 0 5 1 7 6 10 11 12 3 14 12 15 15 0
11

0 1 3 2 6 4 8 5 10 7 11 12 14 0 15 1 2 3 5 6 10 7 11 12 14 3 15 5 0 7 1 10 6 12 3 15 12 0 15 1
9

0 1 3 2 6 4 9 5 10 7 11 12 14 0 15 1 2 3 5 6 10 7 11 12 14 3 15 5 0 7 1 10 6 12 3 15 12 0 15 1
8

0 1 3 2 6 4 10 5 11 7 14 12 15 0 2 1 5 3 10 6 11 7 14 12 15 3 0 5 1 7 2 10 6 12 3 15 12 0 15 1
2

0 1 3 2 6 4 10 5 11 7 14 12 15 0 2 1 5 3 10 6 11 7 14 12 15 3 0 5 1 7 6 10 14 12 3 15 12 0 15 1
14

0 1 3 2 8 4 10 9 11 13 12 14 0 15 2 3 4 11 9 12 10 15 13 0 14 2 10 3 11 4 13 9 15 12 0 14 12 3 15
5

0 1 3 2 8 4 10 9 11 13 12 14 0 15 2 3 4 11 9 12 10 15 13 0 14 2 11 3 13 4 15 9 0 12 12 14 13 3 15
5

0 2 3 4 8 5 10 9 11 13 12 14 0 15 2 3 4 11 5 12 9 15 10 0 13 2 14 3 11 4 13 9 15 12 0 14 12 3 15
1

0 2 3 4 8 5 10 9 11 13 12 14 0 15 2 3 4 11 9 12 10 15 13 0 14 2 10 3 11 4 13 9 15 12 0 14 12 3 15
1

0 2 3 4 8 5 10 9 11 13 12 14 0 15 2 3 4 11 9 12 10 15 13 0 14 2 11 3 13 4 15 9 0 12 12 14 13 3 15
1

0 2 3 4 8 5 10 9 11 13 12 14 0 15 2 3 4 11 9 12 10 15 13 0 14 2 11 3 13 4 15 9 0 12 12 14 14 3 15
1

0 2 3 4 7 6 8 9 10 13 11 14 12 15 0 3 2 11 4 12 9 15 10 0 13 2 14 3 11 4 13 9 15 12 0 14 12 3 15
7

0 2 3 4 8 6 10 9 11 13 12 14 0 15 2 3 4 11 8 12 9 15 10 0 13 2 14 3 11 4 13 9 15 12 0 14 12 3 15
8

0 2 3 4 8 7 10 9 11 13 12 14 0 15 2 3 4 11 9 12 10 15 13 0 14 2 11 3 13 4 15 9 0 12 12 14 15 3
7

0 2 1 4 3 7 8 9 10 13 11 14 12 15 0 3 2 11 4 12 9 15 10 0 13 2 14 3 11 4 13 9 15 12 0 14 12 3 15
7

0 2 3 4 5 7 8 9 10 13 11 14 12 15 0 3 2 11 4 12 9 15 10 0 13 2 14 3 11 4 13 9 15 12 0 14 12 3 15
7

0 2 3 4 6 7 8 9 10 13 11 14 12 15 0 3 2 11 4 12 9 15 10 0 13 2 14 3 11 4 13 9 15 12 0 14 12 3 15
7

0 2 3 4 8 7 10 9 11 13 12 14 0 15 2 3 4 11 9 12 10 15 13 0 14 2 10 3 11 4 13 9 15 12 0 14 12 3 15
7

0 2 3 4 8 7 10 9 11 13 12 14 0 15 2 3 4 11 9 12 10 15 13 0 14 2 11 3 13 4 15 9 0 12 2 14 12 3 15
7

0 2 3 4 8 7 10 9 11 13 12 14 0 15 2 3 4 11 9 12 10 15 13 0 14 2 11 3 13 4 15 9 0 12 4 14 12 3 15
7

0 2 3 4 8 7 10 9 11 13 12 14 0 15 2 3 4 11 9 12 10 15 13 0 14 2 11 3 13 4 15 9 0 12 9 14 12 3 15
7

0 2 3 4 8 7 10 9 11 13 12 14 0 15 2 3 4 11 9 12 10 15 13 0 14 2 11 3 13 4 15 9 0 12 11 14 12 3 15
7

0 2 3 4 8 7 10 9 11 13 12 14 0 15 2 3 4 11 9 12 10 15 13 0 14 2 11 3 13 4 15 9 0 12 12 14 13 3 15
7

0 2 3 4 8 7 10 9 11 13 12 14 0 15 2 3 4 11 9 12 10 15 13 0 14 2 11 3 13 4 15 9 0 12 12 14 14 3 15
7

0 2 3 4 8 9 10 13 11 14 12 15 0 3 2 8 4 11 9 12 10 15 13 0 14 2 11 3 13 4 15 9 0 12 12 14 15 3
8

0 2 1 4 3 9 8 13 10 14 11 15 12 3 0 8 2 11 4 12 9 15 10 0 13 2 14 3 11 4 13 9 15 12 0 14 12 3 15
8

0 2 3 4 5 9 8 13 10 14 11 15 12 3 0 8 2 11 4 12 9 15 10 0 13 2 14 3 11 4 13 9 15 12 0 14 12 3 15
8

0 2 3 4 6 9 8 13 10 14 11 15 12 3 0 8 2 11 4 12 9 15 10 0 13 2 14 3 11 4 13 9 15 12 0 14 12 3 15
8

0 2 3 4 8 9 10 13 11 14 12 15 0 3 2 8 4 11 9 12 10 15 13 0 14 2 10 3 11 4 13 9 15 12 0 14 12 3 15
8

0 2 3 4 8 9 10 13 11 14 12 15 0 3 2 8 4 11 9 12 10 15 13 0 14 2 11 3 13 4 15 9 0 12 2 14 12 3 15
8

0 2 3 4 8 9 10 13 11 14 12 15 0 3 2 8 4 11 9 12 10 15 13 0 14 2 11 3 13 4 15 9 0 12 4 14 12 3 15
8

0 2 3 4 8 9 10 13 11 14 12 15 0 3 2 8 4 11 9 12 10 15 13 0 14 2 11 3 13 4 15 9 0 12 9 14 12 3 15
8

0 2 3 4 8 9 10 13 11 14 12 15 0 3 2 8 4 11 9 12 10 15 13 0 14 2 11 3 13 4 15 9 0 12 11 14 12 3 15
8

0 2 3 4 8 9 10 13 11 14 12 15 0 3 2 8 4 11 9 12 10 15 13 0 14 2 11 3 13 4 15 9 0 12 12 14 13 3 15
8

0 2 3 4 8 9 10 13 11 14 12 15 0 3 2 8 4 11 9 12 10 15 13 0 14 2 11 3 13 4 15 9 0 12 12 14 14 3 15
8

0 2 3 4 7 9 8 13 10 14 11 15 12 3 0 11 2 12 4 15 9 0 10 2 13 3 14 4 11 9 13 10 15 12 0 14 12 3 15
7

0 2 3 4 8 9 10 13 11 14 12 15 0 3 2 11 4 12 8 15 9 0 10 2 13 3 14 4 11 9 13 10 15 12 0 14 12 3 15
8

0 2 1 3 4 5 7 6 13 11 14 12 1 15 2 0 4 3 11 5 14 7 0 12 5 13 7 15 12 1 13 2 15 3 2 4 3 11 4 14 11 0 12 1 15 7
6

0 2 1 3 4 5 7 6 13 11 14 12 1 15 2 0 4 3 11 5 14 7 0 12 5 13 7 15 12 1 13 2 15 3 2 4 3 11 4 14 11 0 12 1 13 7 15
9

0 2 1 3 4 5 7 6 13 11 14 12 1 15 2 0 4 3 11 5 14 7 0 12 5 13 7 15 12 1 13 2 15 3 2 4 3 11 4 14 11 0 12 1 14 7 15
9

0 2 1 3 4 5 6 10 7 11 13 12 14 15 1 0 2 3 4 5 11 7 14 12 0 13 5 15 7 1 12 2 13 3 15 4 2 11 3 14 4 0 11 1 12 7 15
10

0 2 1 3 4 5 7 10 13 11 14 12 1 15 2 0 4 3 11 5 14 7 0 12 5 13 7 15 12 1 13 2 15 3 2 4 3 11 4 14 11 0 12 1 14 7 15
10

1 0 3 2 5 4 7 8 11 9 12 10 13 14 0 15 4 1 9 3 10 5 14 7 15 8 0 11 1 12 3 5 4 8 7 10 11 12 0 14 7 15 8 3 12 10 15
6

1 0 3 2 5 4 7 8 11 9 12 10 13 14 0 15 4 1 10 3 14 5 15 7 0 8 1 11 3 12 4 5 7 8 11 10 0 12 1 14 7 15 8 3 12 10 15
6

1 0 3 2 5 4 7 8 11 9 12 10 13 14 0 15 4 1 10 3 14 5 15 7 0 8 1 11 3 12 4 5 7 8 11 10 0 12 5 14 7 15 8 3 12 10 15
6

1 0 3 2 5 4 7 8 11 9 12 10 13 14 0 15 4 1 10 3 14 5 15 7 0 8 1 11 3 12 4 5 7 8 11 10 0 12 7 14 8 15 11 3 12 10 15
6

1 0 3 2 5 4 7 8 11 9 12 10 13 14 0 15 4 1 10 3 14 5 15 7 0 8 1 11 3 12 4 5 7 8 11 10 0 12 7 14 8 15 12 3 14 10 15
6

1 0 3 4 5 6 7 8 11 9 12 10 13 14 0 15 4 1 6 3 10 5 14 7 15 8 0 11 1 12 3 5 4 8 7 10 11 12 0 14 7 15 8 3 12 10 15
2

1 0 3 4 5 6 7 8 11 9 12 10 13 14 0 15 4 1 9 3 10 5 14 7 15 8 0 11 1 12 3 5 4 8 7 10 11 12 0 14 7 15 8 3 12 10 15
2

1 0 3 4 5 6 7 8 11 9 12 10 13 14 0 15 4 1 10 3 14 5 15 7 0 8 1 11 3 12 4 5 7 8 11 10 0 12 1 14 7 15 8 3 12 10 15
2

1 0 3 4 5 6 7 8 11 9 12 10 13 14 0 15 4 1 10 3 14 5 15 7 0 8 1 11 3 12 4 5 7 8 11 10 0 12 5 14 7 15 8 3 12 10 15
2

1 0 3 4 5 6 7 8 11 9 12 10 13 14 0 15 4 1 10 3 14 5 15 7 0 8 1 11 3 12 4 5 7 8 11 10 0 12 7 14 8 15 11 3 12 10 15
2

1 0 3 4 5 6 7 8 11 9 12 10 13 14 0 15 4 1 10 3 14 5 15 7 0 8 1 11 3 12 4 5 7 8 11 10 0 12 7 14 8 15 12 3 14 10 15
2

1 0 3 4 5 8 7 9 11 10 12 14 13 15 0 1 4 3 10 5 14 7 15 8 0 9 1 11 3 12 4 5 7 8 11 10 0 12 7 14 8 15 11 3 12 10 15
13

1 0 3 4 5 8 7 9 11 10 12 14 13 15 0 1 4 3 10 5 14 7 15 8 0 11 1 12 3 13 4 5 7 8 11 10 0 12 7 14 8 15 12 3 15 10
4

1 0 3 4 5 8 7 9 11 10 12 14 13 15 0 1 4 3 9 5 10 7 14 8 15 11 0 12 1 13 3 5 4 8 7 10 11 12 0 14 7 15 8 3 12 10 15
13

1 0 3 4 5 8 7 9 11 10 12 14 13 15 0 1 4 3 10 5 14 7 15 8 0 11 1 12 3 13 4 5 7 8 11 10 13 12 0 14 7 15 8 3 12 10 15
9

1 0 3 4 5 8 7 9 11 10 12 14 13 15 0 1 4 3 10 5 13 7 14 8 15 11 0 12 1 5 3 8 4 10 7 12 11 14 0 15 7 1 8 3 12 10 15
13

1 0 3 4 5 8 7 9 11 10 12 14 13 15 0 1 4 3 10 5 13 7 14 8 15 11 0 12 1 5 3 8 4 10 7 12 11 14 0 15 7 3 8 5 12 10 15
13

1 0 4 2 6 3 8 5 10 7 12 9 14 13 15 2 0 3 1 4 7 6 9 8 10 12 13 0 14 7 15 9 1 10 2 12 3 13 4 15 6 1 8 2 0 3 4 7 12 10 15
14

1 0 4 2 6 3 8 7 10 9 12 11 14 13 15 2 0 3 1 4 7 6 9 8 10 12 13 0 14 7 15 9 1 10 2 12 3 13 4 15 6 1 8 2 0 3 4 7 12 10 15
14

1 0 4 2 5 3 6 7 8 9 10 13 12 2 14 3 15 4 0 6 1 8 7 12 9 14 10 0 13 7 15 9 1 10 2 12 3 13 4 15 6 1 8 2 0 3 4 7 12 10 15
14

1 0 4 2 6 3 8 7 10 9 11 13 12 2 14 3 15 4 0 6 1 8 7 12 9 14 10 0 13 7 15 9 1 10 2 12 3 13 4 15 6 1 8 2 0 3 4 7 12 10 15
14

1 0 4 2 6 3 8 7 10 9 12 13 14 2 15 3 0 4 1 6 7 8 9 12 10 14 13 0 15 7 1 9 2 10 3 12 4 13 6 15 8 1 0 2 4 3 6 7 12 10 15
14

1 0 4 2 6 3 8 7 10 9 12 13 14 2 15 3 0 4 1 6 7 8 9 12 10 14 13 0 15 7 1 9 2 10 3 12 4 13 6 15 8 1 0 2 4 3 9 7 12 10 15
14

1 0 4 2 6 3 8 7 10 9 12 13 14 2 15 3 0 4 1 6 7 8 9 12 10 14 13 0 15 7 1 9 2 10 3 12 4 13 6 15 8 1 0 2 4 3 12 7 13 10 15
14

1 0 4 2 6 3 8 7 10 9 12 13 14 2 15 3 0 4 1 6 7 8 9 12 10 0 13 7 14 9 15 10 1 12 2 13 3 15 4 1 6 2 8 3 0 6 4 7 12 10 15
14

1 0 4 2 6 3 8 7 10 9 12 13 14 2 15 3 0 4 1 6 7 8 9 12 10 0 13 7 14 9 15 10 1 12 2 13 3 15 4 1 6 2 8 3 0 7 4 8 12 10 15
14

1 0 4 2 6 3 8 7 10 9 12 13 14 2 15 3 0 4 1 6 7 8 9 12 10 0 13 7 14 9 15 10 1 12 2 13 3 15 4 1 6 2 8 3 0 7 4 9 12 10 15
14

1 0 2 4 3 8 5 9 7 10 11 14 12 15 13 1 0 3 4 5 10 7 14 8 15 11 0 12 1 5 3 8 4 10 7 12 11 14 0 15 7 3 8 10 12 11 15
9

1 0 3 4 5 8 6 9 7 10 11 14 12 15 13 1 0 3 4 5 10 7 14 8 15 11 0 12 1 5 3 8 4 10 7 12 11 14 0 15 7 3 8 10 12 11 15
9

1 0 3 4 5 8 7 9 11 10 12 14 13 15 0 1 4 3 10 5 14 7 15 8 0 11 1 12 3 5 4 8 7 10 11 12 0 14 1 15 7 3 8 10 12 11 15
9

1 0 3 4 5 8 7 9 11 10 12 14 13 15 0 1 4 3 10 5 14 7 15 8 0 11 1 12 3 5 4 8 7 10 11 12 0 14 5 15 7 3 8 10 12 11 15
9

1 0 3 4 5 8 7 9 11 10 12 14 13 15 0 1 4 3 10 5 14 7 15 8 0 11 1 12 3 5 4 8 7 10 11 12 0 14 7 15 8 3 12 10 14 11 15
9

0 1 3 2 7 4 8 5 10 6 12 9 14 11 0 15 1 3 2 7 4 12 5 14 6 15 8 2 0 4 1 5 3 7 6 8 14 12 3 15 4 0 7 1 8 2 14 5 15 12
9

0 1 3 2 7 4 8 5 12 6 14 9 0 11 1 15 2 3 4 7 5 12 6 14 8 15 11 2 0 4 1 5 3 7 6 8 14 12 3 15 4 0 7 1 8 2 14 5 15 12
9

0 1 3 2 7 4 8 5 12 6 14 9 0 11 1 15 2 3 4 7 5 12 6 14 8 15 0 2 1 4 3 5 6 7 14 8 3 12 4 15 6 0 7 1 8 2 14 5 15 12
9

0 1 3 2 7 4 8 5 9 6 12 10 14 11 0 15 1 3 2 7 4 12 5 14 6 15 8 2 0 4 1 5 3 7 6 8 14 12 3 15 4 0 7 1 8 2 14 5 15 12
9

0 1 3 2 7 4 8 5 12 6 13 10 14 11 0 15 1 3 2 7 4 12 5 14 6 15 8 2 0 4 1 5 3 7 6 8 14 12 3 15 4 0 7 1 8 2 14 5 15 12
13

0 1 3 2 7 4 8 5 10 6 12 11 14 13 0 15 1 3 2 7 4 12 5 14 6 15 8 2 0 4 1 5 3 7 6 8 14 12 3 15 4 0 7 1 8 2 14 5 15 12
13

0 1 3 2 7 4 8 5 12 6 14 11 0 13 1 15 2 3 4 7 5 12 6 14 8 15 11 2 0 4 1 5 3 7 6 8 14 12 3 15 4 0 7 1 8 2 14 5 15 12
13

0 1 3 2 7 4 8 5 12 6 14 11 0 13 1 15 2 3 4 7 5 12 6 14 8 15 0 2 1 4 3 5 6 7 14 8 3 12 4 15 6 0 7 1 8 2 14 5 15 12
13

0 1 3 2 7 4 8 5 9 6 12 11 14 15 0 3 1 7 2 12 4 14 5 15 6 2 8 4 0 5 1 7 3 8 6 12 14 15 3 0 4 1 7 2 8 5 14 6 15 12
9

0 1 3 2 7 4 8 5 12 6 13 11 14 15 0 3 1 7 2 12 4 14 5 15 6 2 8 4 0 5 1 7 3 8 6 12 14 15 3 0 4 1 7 2 8 5 14 6 15 12
13

0 2 1 4 3 5 6 7 8 9 13 12 0 15 1 2 5 3 7 4 15 6 0 8 4 12 5 13 6 1 12 2 13 3 1 7 2 8 3 15 6 0 13 7 15 12
9

0 2 1 4 3 5 6 7 8 9 10 12 13 15 0 2 1 3 5 4 7 6 15 8 0 12 4 13 5 1 6 2 12 3 13 7 1 8 2 15 3 0 6 7 13 12 15
9

0 2 1 4 3 5 6 7 8 9 11 12 13 15 0 2 1 3 5 4 7 6 15 8 0 12 4 13 5 1 6 2 12 3 13 7 1 8 2 15 3 0 6 7 13 12 15
9

0 2 1 4 3 5 6 7 8 9 13 12 14 15 0 2 1 3 5 4 7 6 15 8 0 12 4 13 5 1 6 2 12 3 13 7 1 8 2 15 3 0 6 7 13 12 15
9

0 2 1 4 3 5 6 7 8 9 13 12 0 15 1 2 5 3 7 4 15 6 0 8 4 12 5 13 6 1 12 2 13 3 1 7 2 8 3 15 4 0 6 7 13 12 15
9

0 2 1 4 3 5 6 7 8 9 13 12 0 15 1 2 5 3 7 4 15 6 0 8 4 12 5 13 6 1 12 2 13 3 1 7 2 8 3 15 5 0 6 7 13 12 15
9

0 2 1 4 3 5 6 7 8 9 13 12 0 15 1 2 5 3 7 4 15 6 0 8 4 12 5 13 6 1 12 2 13 3 1 7 2 8 3 15 6 0 8 7 13 12 15
9

0 2 1 4 3 5 6 7 8 10 9 12 13 15 0 2 1 3 5 4 7 6 15 8 0 12 4 13 5 1 6 2 12 3 13 7 1 8 2 15 3 0 6 7 13 12 15
9

0 2 1 4 3 5 6 7 8 11 9 12 13 15 0 2 1 3 5 4 7 6 15 8 0 12 4 13 5 1 6 2 12 3 13 7 1 8 2 15 3 0 6 7 13 12 15
9

0 2 1 4 3 5 6 7 8 11 13 12 0 15 1 2 5 3 7 4 11 6 15 8 0 12 4 13 5 1 6 2 12 3 13 7 1 8 2 15 3 0 6 7 13 12 15
11

0 2 1 4 3 5 6 7 8 12 9 14 13 15 0 2 1 3 5 4 7 6 15 8 0 12 4 13 5 1 6 2 12 3 13 7 1 8 2 15 3 0 6 7 13 12 15
9

0 2 1 4 3 5 6 7 8 12 10 15 13 2 0 3 1 4 5 6 7 8 15 12 0 13 4 1 5 2 6 3 12 7 13 8 1 15 2 0 3 4 6 7 13 12 15
8

0 2 1 4 3 5 6 7 8 12 11 15 13 2 0 3 1 4 5 6 7 8 15 12 0 13 4 1 5 2 6 3 12 7 13 8 1 15 2 0 3 4 6 7 13 12 15
8

0 2 1 4 3 5 6 7 8 12 13 15 14 2 0 3 1 4 5 6 7 8 15 12 0 13 4 1 5 2 6 3 12 7 13 8 1 15 2 0 3 4 6 7 13 12 15
8

0 2 1 4 3 5 6 7 8 12 13 15 0 2 1 3 5 4 7 6 15 8 0 12 4 13 5 1 6 2 12 3 13 7 1 8 2 15 3 0 5 4 6 7 13 12 15
8

0 2 1 4 3 5 6 7 8 12 9 15 13 2 0 3 1 4 5 6 7 8 15 12 0 13 4 1 5 2 6 3 12 7 13 8 1 15 2 0 3 5 6 7 13 12 15
9

1 0 5 2 6 3 7 4 8 9 12 10 13 11 14 15 1 0 2 6 3 7 4 8 5 11 10 12 15 14 2 0 3 1 6 4 8 5 11 14 12 1 15 2 0 3 4 8 15 12
7

1 0 5 2 6 3 7 4 8 9 12 10 13 11 14 15 1 0 2 6 3 7 4 8 5 11 10 12 15 14 2 0 3 1 6 4 8 5 10 14 11 1 12 2 15 3 0 8 4 12 15
7

1 0 5 2 6 3 7 4 8 9 12 10 13 11 14 15 1 0 2 6 3 7 4 8 5 11 10 12 15 14 2 0 3 1 6 4 8 5 11 14 12 1 15 2 0 3 4 8 5 12 15
7

1 0 5 2 6 3 7 4 8 9 12 10 13 11 14 15 1 0 2 6 3 7 4 8 5 11 10 12 15 14 2 0 3 1 6 4 8 5 11 14 12 1 15 2 0 3 4 8 6 12 15
7

1 0 5 2 6 3 7 4 8 9 12 10 13 11 14 15 1 0 2 6 3 7 4 8 5 11 10 12 15 14 2 0 3 1 6 4 8 5 11 14 12 1 15 2 0 3 4 8 11 12 15
7

1 0 5 2 6 3 7 4 8 9 12 10 13 11 14 15 1 0 2 6 3 7 4 8 5 11 10 12 15 14 2 0 3 1 6 4 8 5 11 14 12 1 15 2 0 3 4 8 14 12 15
7

1 0 5 2 6 3 7 4 8 9 12 10 13 11 14 15 1 0 2 6 3 8 4 9 5 11 10 12 15 14 2 0 3 1 6 4 8 5 11 14 12 1 15 2 0 3 4 8 15 12
9

1 0 5 2 6 3 7 4 8 9 12 10 13 11 14 15 1 0 2 6 3 8 4 9 5 11 10 12 15 14 2 0 3 1 6 4 8 5 10 14 11 1 12 2 15 3 0 8 4 12 15
9

1 0 5 2 6 3 7 4 8 9 12 10 13 11 14 15 1 0 2 6 3 8 4 9 5 11 10 12 15 14 2 0 3 1 6 4 8 5 11 14 12 1 15 2 0 3 4 8 5 12 15
9

1 0 5 2 6 3 7 4 8 9 12 10 13 11 14 15 1 0 2 6 3 8 4 9 5 11 10 12 15 14 2 0 3 1 6 4 8 5 11 14 12 1 15 2 0 3 4 8 6 12 15
9

1 0 5 2 6 3 7 4 8 9 12 10 13 11 14 15 1 0 2 6 3 8 4 9 5 11 10 12 15 14 2 0 3 1 6 4 8 5 11 14 12 1 15 2 0 3 4 8 11 12 15
9

1 0 5 2 6 3 7 4 8 9 12 10 13 11 14 15 1 0 2 6 3 8 4 9 5 11 10 12 15 14 2 0 3 1 6 4 8 5 11 14 12 1 15 2 0 3 4 8 14 12 15
9

1 0 5 2 6 3 7 4 8 9 12 10 13 11 14 15 1 0 2 6 3 8 4 11 5 12 7 14 10 0 15 1 2 4 3 5 6 14 8 1 11 2 12 3 15 5 0 8 4 12 15
7

1 0 5 2 6 3 7 4 8 9 12 10 13 11 14 15 1 0 2 6 3 8 4 11 5 12 9 14 10 0 15 1 2 4 3 5 6 14 8 1 11 2 12 3 15 5 0 8 4 12 15
9

1 0 5 2 6 3 7 4 8 9 12 10 13 11 14 15 1 0 2 6 3 8 4 11 5 12 10 14 13 0 15 1 2 4 3 5 6 14 8 1 11 2 12 3 15 5 0 8 4 12 15
13

1 0 5 2 6 3 7 4 8 9 12 10 13 11 14 15 1 0 2 6 3 8 4 11 5 12 7 14 10 0 15 1 2 4 3 5 6 14 8 1 11 2 12 3 15 6 0 8 4 12 15
7

1 0 5 2 6 3 7 4 8 9 12 10 13 11 14 15 1 0 2 6 3 8 4 11 5 12 9 14 10 0 15 1 2 4 3 5 6 14 8 1 11 2 12 3 15 6 0 8 4 12 15
9

1 0 5 2 6 3 7 4 8 9 12 10 13 11 14 15 1 0 2 6 3 8 4 11 5 12 10 14 13 0 15 1 2 4 3 5 6 14 8 1 11 2 12 3 15 6 0 8 4 12 15
13

0 2 1 4 3 5 6 7 8 12 10 15 13 2 0 3 1 4 5 6 7 8 15 12 0 13 4 1 5 2 6 3 12 7 13 8 1 15 2 0 3 7 6 8 13 12 15
4

0 2 1 4 3 5 6 7 8 12 11 15 13 2 0 3 1 4 5 6 7 8 15 12 0 13 4 1 5 2 6 3 12 7 13 8 1 15 2 0 3 7 6 8 13 12 15
4

0 2 1 4 3 5 6 7 8 12 13 15 14 2 0 3 1 4 5 6 7 8 15 12 0 13 4 1 5 2 6 3 12 7 13 8 1 15 2 0 3 7 6 8 13 12 15
4

0 2 1 4 3 5 6 7 8 12 13 15 0 2 1 3 5 4 7 6 15 8 0 12 4 13 5 1 6 2 12 3 13 7 1 8 2 15 3 0 5 7 6 8 13 12 15
4

0 1 2 7 3 8 5 9 6 10 11 12 14 13 15 0 1 3 2 5 7 6 9 8 10 12 13 15 14 1 0 2 3 5 8 6 12 7 13 9 15 10 1 0 3 2 8 10 13 12 15
14

0 1 2 4 3 7 5 8 6 9 11 10 14 12 15 13 1 0 2 3 7 5 9 6 10 8 11 12 13 15 0 1 3 2 8 5 12 6 13 7 15 9 1 10 3 0 8 2 13 10 15 12
11

0 1 2 4 3 7 5 8 6 9 11 10 14 12 15 13 1 0 2 3 7 5 9 6 10 8 13 12 14 15 0 1 3 2 8 5 12 6 13 7 15 9 1 10 3 0 8 2 13 10 15 12
14

0 1 2 4 3 7 5 8 6 9 11 10 14 12 15 13 1 0 2 3 7 5 9 6 10 8 13 12 0 15 3 1 8 2 12 5 13 6 15 7 1 9 3 10 5 0 8 2 13 10 15 12
9

0 1 2 4 3 7 5 8 6 9 11 10 14 12 15 13 1 0 2 3 7 5 9 6 10 8 13 12 0 15 3 1 8 2 12 5 13 6 15 7 1 9 3 10 8 0 9 2 13 10 15 12
5

0 1 2 7 3 8 4 9 5 10 6 12 11 13 14 0 15 3 1 5 2 6 7 8 9 11 10 12 13 15 0 1 3 2 8 5 12 6 13 7 15 9 1 10 3 0 8 2 13 10 15 12
11

0 1 2 7 3 8 4 9 5 10 6 12 11 13 14 0 15 3 1 5 2 6 7 8 9 12 10 14 13 15 0 1 3 2 8 5 12 6 13 7 15 9 1 10 3 0 8 2 13 10 15 12
14

0 1 2 7 3 8 5 9 6 10 11 12 14 13 15 0 1 3 2 5 7 6 9 8 10 12 13 14 0 15 3 1 8 2 12 5 13 6 15 7 1 9 3 10 6 0 8 2 13 10 15 12
14

0 1 2 7 3 8 5 9 6 10 11 12 14 13 15 0 1 3 2 5 7 6 9 8 10 12 13 14 0 15 3 1 8 2 12 5 13 6 15 7 1 9 3 10 7 0 8 2 13 10 15 12
14

0 1 2 7 3 8 5 9 6 10 11 12 14 13 15 0 1 3 2 5 7 6 9 8 10 12 13 15 14 1 0 2 3 5 8 6 12 7 13 9 15 10 1 0 3 2 8 5 13 10 15 12
14

0 1 2 7 3 8 5 9 6 10 11 12 14 13 15 0 1 3 2 5 7 6 9 8 10 12 13 15 14 1 0 2 3 5 8 6 12 7 13 9 15 10 1 0 3 2 8 6 13 10 15 12
14

0 1 2 7 3 8 5 9 6 10 11 12 14 13 15 0 1 3 2 5 7 6 9 8 10 12 11 15 13 1 0 2 3 5 8 6 12 7 13 9 15 10 1 0 3 2 8 7 13 10 15 12
11

0 1 2 7 3 8 5 9 6 10 11 12 14 13 15 0 1 3 2 5 7 6 9 8 10 12 13 15 14 1 0 2 3 5 8 6 12 7 13 9 15 10 1 0 3 2 8 7 13 10 15 12
14

0 1 2 7 3 8 5 9 6 10 11 12 14 13 15 0 1 3 2 5 7 6 9 8 10 12 13 15 0 1 3 2 8 5 12 6 13 7 15 9 1 10 3 0 5 2 8 7 13 10 15 12
9

0 1 2 7 3 8 5 9 6 10 11 12 14 13 15 0 1 3 2 5 7 6 9 8 10 12 13 15 0 1 3 2 8 5 12 6 13 7 15 9 1 10 3 0 8 2 9 7 13 10 15 12
5

0 1 2 7 3 8 5 9 6 10 11 12 14 13 15 0 1 3 2 5 7 6 9 8 10 12 13 15 14 1 0 2 3 5 8 6 12 7 13 9 15 10 1 0 3 2 8 9 13 10 15 12
14

1 0 5 2 6 3 7 4 8 9 12 10 13 11 14 15 1 0 2 6 3 8 4 11 5 12 7 14 10 0 15 1 2 4 3 5 6 14 8 1 11 2 12 3 15 8 0 11 4 12 15
7

1 0 5 2 6 3 7 4 8 9 12 10 13 11 14 15 1 0 2 6 3 8 4 11 5 12 9 14 10 0 15 1 2 4 3 5 6 14 8 1 11 2 12 3 15 8 0 11 4 12 15
9

1 0 5 2 6 3 7 4 8 9 12 10 13 11 14 15 1 0 2 6 3 8 4 11 5 12 10 14 13 0 15 1 2 4 3 5 6 14 8 1 11 2 12 3 15 8 0 11 4 12 15
13

1 0 2 4 3 5 7 6 9 11 10 13 12 2 14 7 15 10 0 11 1 12 3 13 4 15 5 0 2 1 3 10 4 13 5 15 7 0 11 1 12 3 2 7 4 10 5 11 13 12 15
14

1 0 2 4 3 5 7 6 9 8 10 11 12 13 14 2 15 7 0 10 1 11 3 12 4 13 5 15 2 0 3 1 4 10 5 13 7 15 11 0 12 1 2 3 4 7 5 10 13 11 15 12
6

1 0 2 4 3 5 7 6 9 11 10 13 12 2 14 6 15 7 0 10 1 11 3 12 4 13 5 15 2 0 3 1 4 10 5 13 7 15 11 0 12 1 2 3 4 7 5 10 13 11 15 12
6

1 0 3 2 5 7 6 8 10 9 12 11 14 13 15 2 0 5 1 10 3 13 7 14 8 15 9 0 11 1 12 2 3 7 5 8 10 9 13 11 15 12 2 0 8 3 9 7 12 13 15
6

1 0 3 2 5 6 10 7 12 8 14 9 15 11 0 13 1 2 3 5 7 10 8 13 9 14 11 15 12 0 3 1 5 2 10 7 13 8 14 9 15 11 2 12 8 0 9 3 12 7 15 13
6

1 0 3 2 5 6 10 7 12 8 14 9 15 11 0 13 1 2 3 5 7 10 8 13 9 14 11 15 12 0 3 1 5 2 10 7 13 8 15 9 1 11 2 12 8 0 9 3 12 7 15 13
6

1 0 3 2 5 6 10 7 12 8 14 9 15 11 0 13 1 2 3 5 7 10 8 13 9 14 11 15 12 0 3 1 5 2 10 7 13 8 15 9 2 11 5 12 8 0 9 3 12 7 15 13
6

1 0 3 2 5 7 6 8 10 9 12 11 14 13 15 2 0 5 1 10 3 13 7 14 8 15 9 0 11 1 12 2 3 7 5 8 10 9 13 11 15 12 2 14 8 0 9 3 12 7 15 13
6

1 0 3 2 5 7 6 8 10 9 12 11 14 13 15 2 0 5 1 10 3 13 7 14 8 15 9 0 11 1 12 2 3 7 5 8 10 9 13 11 15 12 2 0 8 1 9 3 12 7 15 13
6

1 0 3 2 5 7 6 8 10 9 12 11 14 13 15 2 0 5 1 10 3 13 7 14 8 15 9 0 11 1 12 2 3 7 5 8 10 9 13 11 15 12 2 0 8 3 9 5 12 7 15 13
6

1 0 3 2 4 7 5 8 10 9 12 11 14 13 15 2 0 5 1 10 3 13 7 14 8 15 9 0 11 1 12 2 3 7 5 8 10 9 13 11 15 12 2 0 8 3 9 7 12 10 15 13
4

1 0 3 2 5 7 6 8 10 9 12 11 14 13 15 2 0 5 1 10 3 13 7 14 8 15 9 0 11 1 12 2 3 7 5 8 10 9 13 11 15 12 2 0 8 3 9 7 12 10 15 13
6

1 0 4 2 6 3 8 7 10 9 12 13 14 2 15 3 0 4 1 6 7 8 9 12 10 0 13 7 14 9 15 10 1 12 2 13 3 15 4 1 6 2 8 3 0 7 4 10 12 13 15
14

2 0 3 1 4 7 6 8 10 9 13 11 0 12 1 14 8 15 11 2 14 3 15 4 0 7 1 9 4 10 7 12 10 13 12 3 0 8 1 11 3 13 7 14 8 15 12 4 14 11 15 13
6

2 0 3 1 4 7 10 8 13 9 0 11 1 12 8 14 11 15 14 2 15 3 0 4 1 7 2 9 4 10 7 12 10 13 12 3 0 8 1 11 3 13 7 14 8 15 12 4 14 11 15 13
2

2 0 3 1 7 4 10 5 12 11 13 14 15 2 0 3 1 11 5 13 10 14 12 15 2 0 3 1 5 10 11 12 13 14 15 0 1 3 2 5 12 11 14 13 15
7

2 0 3 1 7 4 10 5 12 6 13 11 15 14 0 2 1 3 5 11 10 13 12 14 2 15 3 0 5 1 11 10 13 12 15 14 1 0 2 3 12 5 14 11 15 13
7

2 0 3 1 9 4 10 5 12 6 13 11 15 14 0 2 1 3 5 11 10 13 12 14 2 15 3 0 5 1 11 10 13 12 15 14 1 0 2 3 12 5 14 11 15 13
9

2 0 3 1 8 4 10 5 12 7 13 11 15 14 0 2 1 3 5 11 10 13 12 14 2 15 3 0 5 1 11 10 13 12 15 14 1 0 2 3 12 5 14 11 15 13
7

2 0 3 1 10 4 12 5 13 7 15 11 0 14 1 2 4 3 5 11 10 13 12 14 2 15 3 0 5 1 11 10 13 12 15 14 1 0 2 3 12 5 14 11 15 13
7

2 0 3 1 10 4 12 5 13 7 15 11 0 14 1 2 5 3 10 11 12 13 2 14 3 15 5 0 11 1 13 10 15 12 1 14 2 0 10 3 12 5 14 11 15 13
7

2 0 3 1 7 4 10 5 12 8 13 11 15 14 0 2 1 3 5 11 10 13 12 14 2 15 3 0 5 1 11 10 13 12 15 14 1 0 2 3 12 5 14 11 15 13
7

2 0 3 1 10 4 12 5 13 9 15 11 0 14 1 2 5 3 10 11 12 13 2 14 3 15 5 0 11 1 13 10 15 12 1 14 2 0 10 3 12 5 14 11 15 13
9

2 0 3 1 7 4 10 5 12 11 13 14 15 2 0 3 1 4 5 11 10 13 12 14 2 15 3 0 5 1 11 10 13 12 15 14 1 0 2 3 12 5 14 11 15 13
7

2 0 3 1 9 4 10 5 12 11 13 14 15 2 0 3 1 9 5 11 10 13 12 14 2 15 3 0 5 1 11 10 13 12 15 14 1 0 2 3 12 5 14 11 15 13
6

1 0 3 2 4 7 5 8 10 9 12 11 14 13 15 2 0 5 1 10 3 13 7 14 8 15 9 0 11 1 12 2 3 7 5 8 10 9 13 11 15 12 2 0 8 3 9 7 12 11 15 13
4

1 0 3 2 5 7 6 8 10 9 12 11 14 13 15 2 0 5 1 10 3 13 7 14 8 15 9 0 11 1 12 2 3 7 5 8 10 9 13 11 15 12 2 0 8 3 9 7 12 11 15 13
6

2 0 3 1 7 4 10 5 12 11 13 14 15 2 0 3 1 11 5 13 10 14 12 15 2 0 3 1 5 10 11 12 13 14 15 0 1 3 2 5 12 10 14 11 15 13
7

0 1 3 2 7 4 10 5 12 6 13 9 1 11 5 14 7 15 10 0 11 3 14 4 0 9 3 12 5 13 9 15 13 1 15 4 1 10 3 11 4 12 9 14 10 0 11 12 15 13
6

0 1 3 2 7 4 10 5 12 6 13 9 1 11 2 14 5 15 7 0 10 3 11 4 14 9 0 12 3 13 5 15 9 1 13 4 15 10 1 11 3 12 4 14 9 0 10 12 11 13 15
6

0 1 3 2 7 4 10 5 12 6 13 9 1 11 5 14 7 15 10 0 11 3 14 4 0 9 3 12 5 13 7 15 9 1 13 4 15 10 1 11 3 12 4 14 9 0 10 12 11 13 15
6

0 1 3 2 7 4 10 5 12 6 13 9 1 11 5 14 7 15 10 0 11 3 14 4 0 9 3 12 5 13 9 15 13 1 15 4 1 10 3 11 4 12 5 14 9 0 10 12 11 13 15
6

0 1 3 2 7 4 10 5 12 6 13 9 1 11 5 14 7 15 10 0 11 3 14 4 0 9 3 12 5 13 9 15 13 1 15 4 1 10 3 11 4 12 9 14 10 0 11 12 14 13 15
6

0 1 3 2 7 4 10 5 12 8 13 9 1 11 5 14 7 15 10 0 11 3 14 4 0 9 3 12 5 13 7 15 9 1 13 4 15 10 1 11 3 12 4 14 9 0 10 12 11 13 15
8

0 1 3 2 7 4 10 5 12 8 13 9 1 11 5 14 7 15 10 0 11 3 14 4 0 9 3 12 5 13 9 15 13 1 15 4 1 10 3 11 4 12 5 14 9 0 10 12 11 13 15
8

0 1 3 2 7 4 10 5 12 8 13 9 1 11 5 14 7 15 10 0 11 3 14 4 0 9 3 12 5 13 9 15 13 1 15 4 1 10 3 11 4 12 9 14 10 0 11 12 14 13 15
8

0 1 3 2 6 4 7 5 10 9 12 11 13 14 1 15 5 0 7 2 10 3 11 4 14 9 0 12 3 13 5 15 9 1 13 4 15 10 1 11 3 12 4 14 9 0 10 12 11 13 15
6

0 1 3 2 6 4 7 5 10 9 12 11 13 14 1 15 5 0 7 3 10 4 11 9 14 12 0 13 3 15 5 1 9 4 13 7 15 10 1 11 3 12 4 14 9 0 10 12 11 13 15
6

0 1 3 2 7 4 8 5 10 9 12 11 13 14 1 15 5 0 7 3 10 4 11 9 14 12 0 13 3 15 5 1 9 4 13 7 15 10 1 11 3 12 4 14 9 0 10 12 11 13 15
8

0 1 3 2 6 4 7 5 10 9 12 11 13 14 1 15 5 0 7 3 10 4 11 9 14 12 0 13 3 15 5 1 9 4 13 10 15 11 1 12 3 14 4 0 9 5 10 12 11 13 15
6

0 1 3 2 7 4 8 5 10 9 12 11 13 14 1 15 5 0 7 3 10 4 11 9 14 12 0 13 3 15 5 1 9 4 13 10 15 11 1 12 3 14 4 0 9 5 10 12 11 13 15
8

0 3 1 5 2 6 4 8 7 10 9 14 11 15 12 1 13 6 0 7 2 12 3 15 4 1 8 2 10 4 11 7 13 8 14 10 0 15 3 0 6 3 11 10 12 11 13 12 7 13 15
9

0 3 1 6 2 8 4 9 5 10 7 14 11 15 12 1 13 6 0 7 2 12 3 15 4 1 8 2 10 4 11 7 13 8 14 10 0 15 3 0 6 3 11 10 12 11 13 12 7 13 15
9

0 3 1 6 2 8 4 9 7 10 11 14 12 15 13 1 0 6 2 7 3 12 4 15 8 1 10 2 11 4 13 7 14 8 0 10 3 15 6 0 11 3 12 10 13 11 1 12 7 13 15
9

0 3 1 6 2 8 4 9 7 10 11 14 12 15 13 1 0 6 2 7 3 12 4 15 8 1 10 2 11 4 13 7 14 8 0 10 3 15 6 0 11 3 12 10 13 11 2 12 7 13 15
9

0 3 1 6 2 8 4 9 7 10 11 14 12 15 13 1 0 6 2 7 3 12 4 15 8 1 10 2 11 4 13 7 14 8 0 10 3 15 6 0 11 3 12 10 13 11 4 12 7 13 15
9

0 3 1 6 2 8 4 9 7 10 11 14 12 15 13 1 0 6 2 7 3 12 4 15 8 1 10 2 11 4 13 7 14 8 0 10 3 15 6 0 11 3 12 10 13 11 6 12 7 13 15
9

0 3 1 6 2 8 4 9 7 10 11 14 12 15 13 1 0 6 2 7 3 12 4 15 8 1 10 2 11 4 13 7 14 8 0 10 3 15 6 0 11 3 12 10 13 11 7 12 8 13 15
9

0 3 1 6 2 8 4 10 7 14 9 15 11 1 12 6 13 7 0 12 2 15 3 1 4 2 8 4 10 7 11 8 13 10 14 14 0 15 3 0 6 3 11 10 12 11 13 12 7 13 15
9

0 3 1 6 2 8 4 10 5 14 7 15 11 1 12 6 13 7 0 12 2 15 3 1 4 2 8 4 10 7 11 8 13 10 14 15 0 0 3 1 6 3 11 10 12 11 13 12 7 13 15
2

0 3 1 6 2 8 4 10 7 14 11 15 12 1 13 6 0 7 2 12 3 15 4 1 8 2 10 4 11 7 13 8 14 10 0 15 3 0 6 1 11 3 12 10 13 11 4 12 7 13 15
2

0 3 1 6 2 8 4 10 7 14 11 15 12 1 13 6 0 7 2 12 3 15 4 1 8 2 10 4 11 7 13 8 14 10 0 15 3 0 6 1 11 3 12 10 13 11 6 12 7 13 15
2

0 3 1 6 2 8 4 10 7 14 11 15 12 1 13 6 0 7 2 12 3 15 4 1 8 2 10 4 11 7 13 8 14 10 0 15 3 0 6 1 11 3 12 10 13 11 7 12 8 13 15
2

0 3 1 6 2 8 4 10 5 14 7 15 11 1 12 6 13 7 0 12 2 15 3 1 4 2 8 4 10 7 11 8 13 10 14 15 0 0 3 2 6 3 11 10 12 11 13 12 7 13 15
1

0 3 1 6 2 8 4 10 7 14 11 15 12 1 13 6 0 7 2 12 3 15 4 1 8 2 10 4 11 7 13 8 14 10 0 15 3 0 6 2 11 3 12 10 13 11 4 12 7 13 15
1

0 3 1 6 2 8 4 10 7 14 11 15 12 1 13 6 0 7 2 12 3 15 4 1 8 2 10 4 11 7 13 8 14 10 0 15 3 0 6 2 11 3 12 10 13 11 6 12 7 13 15
1

0 3 1 6 2 8 4 10 7 14 11 15 12 1 13 6 0 7 2 12 3 15 4 1 8 2 10 4 11 7 13 8 14 10 0 15 3 0 6 2 11 3 12 10 13 11 7 12 8 13 15
1

0 3 1 6 2 8 4 10 5 14 7 15 11 1 12 6 13 7 0 12 2 15 3 1 4 2 8 4 10 7 11 8 13 10 14 15 0 0 3 3 6 4 11 10 12 11 13 12 7 13 15
8

0 3 1 6 2 8 4 10 7 14 11 15 12 1 13 6 0 7 2 12 3 15 4 1 8 2 10 4 11 7 13 8 14 10 0 15 3 0 6 3 11 4 12 10 13 11 1 12 7 13 15
8

0 3 1 6 2 8 4 10 7 14 11 15 12 1 13 6 0 7 2 12 3 15 4 1 8 2 10 4 11 7 13 8 14 10 0 15 3 0 6 3 11 4 12 10 13 11 2 12 7 13 15
8

0 3 1 6 2 8 4 10 7 14 11 15 12 1 13 6 0 7 2 12 3 15 4 1 8 2 10 4 11 7 13 8 14 10 0 15 3 0 6 3 11 4 12 10 13 11 6 12 7 13 15
8

0 3 1 6 2 8 4 10 7 14 9 15 11 1 12 6 13 7 0 12 2 15 3 1 4 2 8 4 10 7 11 8 13 10 14 15 0 0 3 3 6 6 11 10 12 11 13 12 7 13 15
9

0 3 1 6 2 8 4 10 5 14 7 15 11 1 12 6 13 7 0 12 2 15 3 1 4 2 8 4 10 7 11 8 13 10 14 15 0 0 3 3 6 8 11 10 12 11 13 12 7 13 15
4

0 3 1 6 2 8 4 10 7 14 11 15 12 1 13 6 0 7 2 12 3 15 4 1 8 2 10 4 11 7 13 8 14 10 0 15 3 0 6 3 11 8 12 10 13 11 1 12 7 13 15
4

0 3 1 6 2 8 4 10 7 14 11 15 12 1 13 6 0 7 2 12 3 15 4 1 8 2 10 4 11 7 13 8 14 10 0 15 3 0 6 3 11 8 12 10 13 11 2 12 7 13 15
4

0 3 1 6 2 8 4 10 7 14 11 15 12 1 13 6 0 7 2 12 3 15 4 1 8 2 10 4 11 7 13 8 14 10 0 15 3 0 6 3 11 8 12 10 13 11 6 12 7 13 15
4

3 0 5 1 6 8 7 9 10 11 12 13 14 1 15 3 0 8 5 9 7 10 12 13 15 14 0 3 1 5 10 7 14 9 1 12 3 13 7 15 9 0 12 5 13 14 15
11

3 0 5 1 7 8 10 9 12 11 14 13 15 1 0 3 5 8 7 9 11 10 12 13 15 14 0 3 1 5 10 7 14 9 1 12 3 13 7 15 9 0 12 5 13 14 15
11

3 0 4 1 5 2 7 8 10 9 12 11 14 13 15 1 0 3 5 8 7 9 12 10 15 13 0 14 1 3 10 5 14 7 1 9 3 12 7 13 9 15 12 0 13 5 15 14
6

3 0 5 1 6 2 7 8 10 9 12 11 14 13 15 1 0 3 5 8 7 9 12 10 15 13 0 14 1 3 10 5 14 7 1 9 3 12 7 13 9 15 12 0 13 5 15 14
4

3 0 5 1 7 2 10 8 12 9 14 11 15 13 0 1 5 3 7 8 11 9 12 10 15 13 0 14 1 3 10 5 14 7 1 9 3 12 7 13 9 15 12 0 13 5 15 14
11

2 0 3 1 5 4 7 8 10 9 12 11 14 13 15 1 0 3 5 8 7 9 12 10 15 13 0 14 1 3 10 5 14 7 1 9 3 12 7 13 9 15 12 0 13 5 15 14
6

3 0 5 1 6 4 7 8 10 9 12 11 14 13 15 1 0 3 5 8 7 9 12 10 15 13 0 14 1 3 10 5 14 7 1 9 3 12 7 13 9 15 12 0 13 5 15 14
2

3 0 5 1 7 4 10 8 12 9 14 11 15 13 0 1 5 3 7 8 11 9 12 10 15 13 0 14 1 3 10 5 14 7 1 9 3 12 7 13 9 15 12 0 13 5 15 14
11

3 0 5 1 7 6 10 8 12 9 14 11 15 13 0 1 5 3 7 8 11 9 12 10 15 13 0 14 1 3 10 5 14 7 1 9 3 12 7 13 9 15 12 0 13 5 15 14
11

2 0 3 1 5 8 7 9 10 11 12 13 14 1 15 2 0 3 5 8 7 9 12 10 15 13 0 14 1 3 10 5 14 7 1 9 3 12 7 13 9 15 12 0 13 5 15 14
6

3 0 4 1 5 8 7 9 10 11 12 13 14 1 15 3 0 4 5 8 7 9 12 10 15 13 0 14 1 3 10 5 14 7 1 9 3 12 7 13 9 15 12 0 13 5 15 14
6

2 0 3 1 5 8 7 9 10 11 12 13 14 1 15 3 0 8 5 9 7 10 12 13 15 14 0 3 1 5 10 7 14 8 1 9 3 12 7 13 9 15 12 0 13 5 15 14
6

3 0 4 1 5 8 7 9 10 11 12 13 14 1 15 3 0 8 5 9 7 10 12 13 15 14 0 3 1 5 10 7 14 8 1 9 3 12 7 13 9 15 12 0 13 5 15 14
6

3 0 5 1 7 8 10 9 12 11 14 13 15 1 0 3 5 8 7 9 11 10 12 13 15 14 0 3 1 5 10 7 14 8 1 9 3 12 7 13 9 15 12 0 13 5 15 14
11

1 0 3 4 5 8 7 9 11 10 12 14 13 15 0 1 4 3 10 5 13 7 14 8 15 11 0 12 1 5 3 8 4 10 7 12 11 14 0 15 7 3 8 10 12 14 15
13

2 0 3 1 5 8 7 9 10 11 12 13 14 1 15 3 0 8 5 9 7 10 12 13 15 14 0 3 1 5 10 7 14 9 1 12 3 13 7 15 9 0 12 5 13 10 15 14
6

3 0 4 1 5 8 7 9 10 11 12 13 14 1 15 3 0 8 5 9 7 10 12 13 15 14 0 3 1 5 10 7 14 9 1 12 3 13 7 15 9 0 12 5 13 10 15 14
6

3 0 5 1 7 8 10 9 12 11 14 13 15 1 0 3 5 8 7 9 11 10 12 13 15 14 0 3 1 5 10 7 14 9 1 12 3 13 7 15 9 0 12 5 13 10 15 14
11

1 0 4 2 7 3 8 5 10 6 12 9 13 11 14 15 0 1 2 3 4 5 12 7 14 8 15 9 0 10 3 1 5 2 7 4 8 10 9 14 12 15 2 0 3 12 15 14
13

1 0 4 2 7 3 8 5 10 6 12 9 14 11 0 15 2 1 4 3 12 5 14 7 15 8 0 9 3 10 5 1 7 2 8 4 9 10 12 14 2 15 3 0 4 12 15 14
6

1 0 4 2 6 3 7 5 8 9 10 11 12 13 14 15 0 1 2 3 4 5 12 7 14 8 15 9 0 10 3 1 5 2 7 4 8 10 9 14 12 15 2 0 3 12 15 14
13

1 0 4 2 7 3 8 5 10 9 12 11 14 13 0 15 2 1 4 3 11 5 12 7 14 8 15 9 0 10 3 1 5 2 7 4 8 10 9 14 12 15 2 0 3 12 15 14
13

1 0 4 2 7 3 8 5 10 9 12 11 14 13 0 15 2 1 4 3 12 5 14 7 15 8 0 9 3 10 5 1 7 2 8 4 9 10 12 14 1 15 2 0 3 12 15 14
13

1 0 4 2 7 3 8 5 10 9 12 11 14 13 0 15 2 1 4 3 12 5 14 7 15 8 0 9 3 10 5 1 7 2 8 4 9 10 12 14 2 15 3 0 4 12 15 14
13

1 0 4 2 7 3 8 5 10 9 12 11 14 13 0 15 2 1 4 3 12 5 14 7 15 8 0 9 3 10 5 1 7 2 8 4 9 10 12 14 2 15 3 0 5 12 15 14
13

1 0 4 2 7 3 8 5 10 9 12 11 14 13 0 15 2 1 4 3 12 5 14 7 15 8 0 9 3 10 5 1 7 2 8 4 9 10 12 14 2 15 3 0 7 12 15 14
13

1 0 4 2 7 3 8 5 10 9 12 11 14 13 0 15 2 1 4 3 12 5 14 7 15 8 0 9 3 10 5 1 7 2 8 4 9 10 12 14 2 15 3 0 8 12 15 14
13

1 0 4 2 7 3 8 5 10 9 12 11 14 13 0 15 2 1 4 3 12 5 14 7 15 8 0 9 3 10 5 1 7 2 8 4 9 10 12 14 2 15 3 0 9 12 15 14
13

1 0 4 2 7 3 8 5 10 9 12 11 14 13 0 15 2 1 4 3 12 5 14 7 15 8 0 9 3 10 5 1 7 2 8 4 9 10 12 14 2 15 3 0 10 12 15 14
13

1 0 4 2 7 3 8 5 10 9 12 11 13 15 14 1 0 3 2 5 4 7 12 8 14 9 15 10 0 1 3 2 5 4 7 10 8 14 9 15 12 0 2 1 3 12 15 14
13

1 0 4 2 7 3 8 5 10 9 12 11 13 15 14 1 0 3 2 5 4 7 12 8 14 9 15 10 0 1 3 2 5 4 7 10 8 14 9 15 12 0 2 4 3 12 15 14
13

1 0 5 2 9 3 12 4 14 6 0 10 3 13 4 15 5 1 12 2 13 6 14 9 0 10 1 15 2 3 4 6 9 14 10 15 12 1 13 3 0 4 6 12 9 14 15
5

1 0 5 2 7 3 9 4 12 6 14 10 0 13 3 15 4 1 12 2 13 5 14 6 0 9 1 10 2 15 4 3 9 6 10 14 12 15 13 1 0 3 6 4 9 12 15 14
5

1 0 5 2 9 3 11 4 12 6 14 10 0 13 3 15 4 1 12 2 13 5 14 6 0 9 1 10 2 15 4 3 9 6 10 14 12 15 13 1 0 3 6 4 9 12 15 14
5

1 0 5 2 9 3 12 4 14 6 0 10 3 13 4 15 12 1 13 2 14 5 0 6 1 9 2 10 4 15 9 3 10 6 12 14 13 15 0 1 2 3 6 4 9 12 15 14
5

1 0 5 2 9 3 12 4 14 6 0 10 3 13 4 15 12 1 13 2 14 5 0 6 1 9 2 10 4 15 9 3 10 6 12 14 13 15 0 1 6 3 9 4 10 12 15 14
5

1 0 5 2 9 3 12 4 14 6 0 10 3 13 4 15 12 1 13 2 14 5 0 6 1 9 2 10 4 15 9 3 10 6 12 14 13 15 0 1 6 3 9 4 13 12 15 14
5

1 0 4 2 7 3 8 5 10 9 12 11 13 15 14 1 0 3 2 5 4 7 12 8 14 9 15 10 0 1 3 2 5 4 7 10 8 14 9 15 12 0 2 5 3 12 15 14
13

1 0 4 2 7 3 8 5 10 9 12 11 13 15 14 1 0 3 2 5 4 7 12 8 14 9 15 10 0 1 3 2 5 4 7 10 8 14 9 15 12 0 2 7 3 12 15 14
13

1 0 4 2 7 3 8 5 10 9 12 11 13 15 14 1 0 3 2 5 4 7 12 8 14 9 15 10 0 1 3 2 5 4 7 10 8 14 9 15 12 0 2 8 3 12 15 14
13

1 0 4 2 7 3 8 5 10 9 12 11 13 15 14 1 0 3 2 5 4 7 12 8 14 9 15 10 0 1 3 2 5 4 7 10 8 14 9 15 12 0 2 9 3 12 15 14
13

1 0 4 2 7 3 8 5 10 9 12 11 13 15 14 1 0 3 2 5 4 7 12 8 14 9 15 10 0 1 3 2 5 4 7 10 8 14 9 15 12 0 2 10 3 12 15 14
13

0 1 3 2 7 4 9 5 10 6 11 8 12 15 13 0 14 2 1 3 4 10 8 11 12 13 0 14 2 15 3 1 11 4 13 8 14 10 0 12 2 15 4 3 8 10 11 12 15 14
7

0 1 3 2 5 4 9 6 10 7 11 8 12 15 13 0 14 2 1 3 4 10 8 11 12 13 0 14 2 15 3 1 11 4 13 8 14 10 0 12 2 15 4 3 8 10 11 12 15 14
7

0 1 3 2 9 4 10 6 11 7 12 8 13 15 14 0 1 2 4 3 6 10 8 11 12 13 0 14 2 15 3 1 11 4 13 8 14 10 0 12 2 15 4 3 8 10 11 12 15 14
7

0 1 3 2 9 4 10 6 11 7 12 8 13 15 14 0 1 2 4 3 8 10 9 11 12 13 0 14 2 15 3 1 11 4 13 8 14 10 0 12 2 15 4 3 8 10 11 12 15 14
7

0 1 3 2 9 4 10 6 11 7 12 8 13 15 14 0 1 2 4 3 8 10 12 11 0 13 2 14 3 15 11 1 13 4 14 8 0 10 1 12 2 15 4 3 8 10 11 12 15 14
7

0 1 3 2 9 4 10 6 11 7 12 8 13 15 14 0 1 2 4 3 8 10 12 11 0 13 2 14 3 15 11 1 13 4 14 8 0 10 2 12 4 15 8 3 11 10 13 12 15 14
7

0 1 3 2 7 4 9 6 10 8 11 15 12 0 13 2 14 3 1 9 4 10 8 11 12 13 0 14 2 15 3 1 11 4 13 8 14 10 0 12 2 15 4 3 8 10 11 12 15 14
7

0 1 3 2 7 4 9 6 10 8 11 15 12 0 13 2 14 3 1 10 4 11 8 13 12 14 0 15 2 1 3 4 11 8 13 10 14 12 0 15 2 1 4 3 8 10 11 12 15 14
7

1 0 2 7 3 12 4 13 5 1 8 3 10 4 11 5 14 7 15 8 0 11 2 12 13 14 15 0 1 2 4 3 5 13 7 15 11 0 12 2 14 4 3 11 7 12 13 14 15
8

0 1 3 2 6 4 7 5 10 9 12 11 13 14 1 15 5 0 7 3 10 4 11 9 14 12 0 13 3 15 5 1 9 4 13 10 15 11 1 12 3 14 4 0 9 12 10 13 11 14 15
6

0 1 3 2 7 4 8 5 10 9 12 11 13 14 1 15 5 0 7 3 10 4 11 9 14 12 0 13 3 15 5 1 9 4 13 10 15 11 1 12 3 14 4 0 9 12 10 13 11 14 15
8

1 0 5 2 9 3 12 4 14 6 0 10 3 13 4 15 5 1 12 2 13 6 14 9 0 10 1 15 2 3 4 6 9 14 10 15 12 1 13 3 0 4 6 12 9 13 15 14
5

0 1 3 2 7 4 9 6 10 8 11 15 12 0 13 2 14 3 1 10 4 11 8 13 12 14 0 15 2 1 3 4 11 8 13 10 14 12 0 15 2 3 4 10 8 12 11 13 15 14
7

1 0 3 2 4 5 10 6 15 7 0 8 1 11 6 12 7 13 10 2 11 3 12 4 13 8 2 15 4 0 6 1 12 3 15 7 1 10 3 11 7 13 11 0 12 15
5

2 0 3 1 4 5 11 7 13 8 15 9 0 10 2 12 3 14 4 1 5 10 7 11 8 12 14 15 2 0 5 1 11 3 12 4 15 7 0 8 1 10 3 14 4 2 10 8 11 15 12
13

2 0 3 1 4 5 11 7 15 8 0 9 2 10 3 12 4 14 5 1 7 10 8 11 9 12 14 15 2 0 5 1 11 3 12 4 15 7 0 8 1 10 3 14 4 2 10 8 11 15 12
13

2 0 3 1 4 5 9 7 11 8 15 10 0 12 2 13 3 14 4 1 5 10 7 11 8 12 14 15 2 0 5 1 11 3 12 4 15 7 0 8 1 10 3 14 4 2 10 8 11 15 12
13

2 0 3 1 4 5 11 7 15 8 0 10 2 12 3 13 4 14 5 1 7 10 8 11 13 12 14 15 2 0 5 1 11 3 12 4 15 7 0 8 1 10 3 14 4 2 10 8 11 15 12
9

2 0 3 1 4 5 11 7 13 8 15 10 0 12 2 14 3 1 4 10 5 11 7 12 8 15 14 0 2 1 5 3 11 4 12 7 15 8 0 10 1 14 3 2 4 5 10 8 11 15 12
13

2 0 3 1 4 5 11 7 13 8 15 10 0 12 2 14 3 1 4 10 5 11 7 12 8 15 14 0 2 1 5 3 11 4 12 7 15 8 0 10 1 14 3 2 4 7 10 8 11 15 12
13

1 0 6 2 8 3 10 9 11 12 14 13 15 0 1 6 2 9 3 10 8 12 15 13 0 14 1 3 2 8 6 12 9 0 10 1 13 2 15 8 3 9 12 15
14

1 0 4 2 6 3 8 9 10 12 11 13 14 0 15 6 1 9 2 10 3 12 8 13 15 14 0 3 1 8 2 12 6 0 9 1 10 2 13 8 15 9 3 15 12
14

1 0 5 2 6 3 8 9 10 12 11 13 14 0 15 6 1 9 2 10 3 12 8 13 15 14 0 3 1 8 2 12 6 0 9 1 10 2 13 8 15 9 3 15 12
14

1 0 6 2 7 3 8 9 10 12 11 13 14 0 15 6 1 9 2 10 3 12 8 13 15 14 0 3 1 8 2 12 6 0 9 1 10 2 13 8 15 9 3 15 12
14

1 0 6 2 8 3 10 9 11 12 14 13 15 0 1 6 2 9 3 10 8 12 11 13 15 14 0 3 1 8 2 12 6 0 9 1 10 2 13 8 15 9 3 15 12
14

1 0 6 2 8 3 10 9 11 12 14 13 15 0 1 6 2 9 3 10 8 12 15 13 0 14 1 3 2 8 6 12 9 0 10 1 13 2 15 8 3 9 6 15 12
14

1 0 6 2 8 3 10 9 11 12 14 13 15 0 1 6 2 9 3 10 8 12 15 13 0 14 1 3 2 8 6 12 9 0 10 1 13 2 15 8 3 9 10 15 12
14

1 0 6 2 8 3 10 9 11 12 14 13 15 0 1 6 2 9 3 10 8 12 15 13 0 14 1 3 2 8 6 12 9 0 10 1 13 2 15 8 3 9 12 15 13
14

1 0 5 2 6 3 8 4 10 9 11 12 14 13 15 0 1 6 2 9 3 10 8 12 15 13 0 14 1 3 2 8 6 12 9 0 10 1 13 2 15 8 3 9 12 15
14

1 0 6 2 7 3 8 4 10 9 11 12 14 13 15 0 1 6 2 9 3 10 8 12 15 13 0 14 1 3 2 8 6 12 9 0 10 1 13 2 15 8 3 9 12 15
14

1 0 6 2 8 3 10 4 11 9 14 12 15 13 1 0 2 6 3 9 8 10 11 12 15 13 0 14 1 3 2 8 6 12 9 0 10 1 13 2 15 8 3 9 12 15
14

1 0 6 2 8 3 10 4 11 9 14 12 15 13 1 0 2 6 3 9 8 10 15 12 0 13 1 14 2 3 6 8 9 12 10 0 13 1 15 2 3 8 6 9 12 15
14

1 0 6 2 8 3 10 4 11 9 14 12 15 13 1 0 2 6 3 9 8 10 15 12 0 13 1 14 2 3 6 8 9 12 10 0 13 1 15 2 3 8 10 9 12 15
14

1 0 6 2 8 3 10 4 11 9 14 12 15 13 1 0 2 6 3 9 8 10 15 12 0 13 1 14 2 3 6 8 9 12 10 0 13 1 15 2 3 8 12 9 13 15
14

1 0 4 2 6 3 8 5 10 9 11 12 14 13 15 0 1 6 2 9 3 10 8 12 15 13 0 14 1 3 2 8 6 12 9 0 10 1 13 2 15 8 3 9 12 15
14

1 0 6 2 7 3 8 5 10 9 11 12 14 13 15 0 1 6 2 9 3 10 8 12 15 13 0 14 1 3 2 8 6 12 9 0 10 1 13 2 15 8 3 9 12 15
14

1 0 6 2 8 3 10 5 11 9 14 12 15 13 1 0 2 6 3 9 8 10 11 12 15 13 0 14 1 3 2 8 6 12 9 0 10 1 13 2 15 8 3 9 12 15
14

1 0 6 2 8 3 10 5 11 9 14 12 15 13 1 0 2 6 3 9 8 10 15 12 0 13 1 14 2 3 6 8 9 12 10 0 13 1 15 2 3 8 6 9 12 15
14

1 0 6 2 8 3 10 5 11 9 14 12 15 13 1 0 2 6 3 9 8 10 15 12 0 13 1 14 2 3 6 8 9 12 10 0 13 1 15 2 3 8 10 9 12 15
14

1 0 4 2 6 3 8 7 10 9 11 12 14 13 15 0 1 6 2 9 3 10 8 12 15 13 0 14 1 3 2 8 6 12 9 0 10 1 13 2 15 8 3 9 12 15
14

1 0 5 2 6 3 8 7 10 9 11 12 14 13 15 0 1 6 2 9 3 10 8 12 15 13 0 14 1 3 2 8 6 12 9 0 10 1 13 2 15 8 3 9 12 15
14

1 0 6 2 8 3 10 7 11 9 14 12 15 13 1 0 2 6 3 9 8 10 15 12 0 13 1 14 2 3 6 8 9 12 10 0 13 1 15 2 3 8 6 9 12 15
14

1 0 6 2 8 3 10 7 11 9 14 12 15 13 1 0 2 6 3 9 8 10 15 12 0 13 1 14 2 3 6 8 9 12 10 0 13 1 15 2 3 8 10 9 12 15
14

1 0 6 2 8 3 10 7 11 9 14 12 15 13 1 0 2 6 3 9 8 10 15 12 0 13 1 14 2 3 6 8 9 12 10 0 13 1 15 2 3 8 12 9 13 15
14

1 0 4 2 6 3 8 9 10 12 11 13 14 0 15 4 1 6 2 9 3 10 8 12 15 13 0 14 1 3 2 8 6 12 9 0 10 1 13 2 15 8 3 9 12 15
14

1 0 6 2 7 3 8 9 10 12 11 13 14 0 15 6 1 7 2 9 3 10 8 12 15 13 0 14 1 3 2 8 6 12 9 0 10 1 13 2 15 8 3 9 12 15
14

1 0 4 2 6 3 8 9 10 12 11 13 14 0 15 6 1 9 2 10 3 11 8 12 15 13 0 14 1 3 2 8 6 12 9 0 10 1 13 2 15 8 3 9 12 15
14

1 0 5 2 6 3 8 9 10 12 11 13 14 0 15 6 1 9 2 10 3 11 8 12 15 13 0 14 1 3 2 8 6 12 9 0 10 1 13 2 15 8 3 9 12 15
14

1 0 6 2 7 3 8 9 10 12 11 13 14 0 15 6 1 9 2 10 3 11 8 12 15 13 0 14 1 3 2 8 6 12 9 0 10 1 13 2 15 8 3 9 12 15
14

1 0 6 2 8 3 10 9 11 12 14 13 15 0 1 6 2 9 3 10 8 11 15 12 0 13 1 14 2 3 6 8 9 12 10 0 13 1 15 2 3 8 6 9 12 15
14

1 0 6 2 8 3 10 9 11 12 14 13 15 0 1 6 2 9 3 10 8 11 15 12 0 13 1 14 2 3 6 8 9 12 10 0 13 1 15 2 3 8 10 9 12 15
14

1 0 6 2 8 3 10 9 11 12 14 13 15 0 1 6 2 9 3 10 8 11 15 12 0 13 1 14 2 3 6 8 9 12 10 0 13 1 15 2 3 8 12 9 13 15
14

1 0 6 2 8 3 10 9 11 12 14 13 15 0 1 6 2 9 3 10 8 12 11 13 15 14 0 3 1 8 2 11 6 12 9 0 10 1 13 2 15 8 3 9 12 15
14

1 0 4 2 6 3 8 9 10 12 11 13 14 0 15 6 1 9 2 10 3 12 8 13 15 14 0 3 1 8 2 12 6 0 9 1 10 2 13 6 15 8 3 9 12 15
14

1 0 5 2 6 3 8 9 10 12 11 13 14 0 15 6 1 9 2 10 3 12 8 13 15 14 0 3 1 8 2 12 6 0 9 1 10 2 13 6 15 8 3 9 12 15
14

1 0 6 2 7 3 8 9 10 12 11 13 14 0 15 6 1 9 2 10 3 12 8 13 15 14 0 3 1 8 2 12 6 0 9 1 10 2 13 6 15 8 3 9 12 15
14

1 0 6 2 8 3 10 9 11 12 14 13 15 0 1 6 2 9 3 10 8 12 11 13 15 14 0 3 1 8 2 12 6 0 9 1 10 2 13 6 15 8 3 9 12 15
14

1 0 6 2 8 3 10 9 11 12 14 13 15 0 1 6 2 9 3 10 8 12 15 13 0 14 1 3 2 8 6 12 9 0 10 1 13 2 15 6 3 8 10 9 12 15
14

1 0 6 2 8 3 10 9 11 12 14 13 15 0 1 6 2 9 3 10 8 12 15 13 0 14 1 3 2 8 6 12 9 0 10 1 13 2 15 6 3 8 12 9 13 15
14

0 1 5 2 6 3 9 4 11 7 15 8 0 10 2 12 3 14 5 4 6 8 7 10 15 11 0 12 3 14 7 2 10 5 15 6 2 11 3 12 5 14 6 0 12 10 14 15
1

0 1 5 2 6 3 11 4 13 7 15 8 0 10 2 12 3 14 5 4 6 8 7 10 15 11 0 12 3 14 7 2 10 5 15 6 2 11 3 12 5 14 6 0 12 10 14 15
1

0 1 5 2 6 3 11 4 15 7 0 8 2 10 3 12 5 14 6 4 7 8 15 10 0 11 3 12 7 14 8 2 10 5 15 6 2 11 3 12 5 14 6 0 12 10 14 15
1

0 1 5 2 6 3 11 4 15 7 0 8 2 10 3 12 5 14 6 4 7 8 15 10 0 11 3 12 7 14 10 2 15 5 2 6 3 11 5 12 6 14 11 0 12 10 14 15
1

0 2 1 3 5 4 6 7 11 8 15 9 0 10 2 12 3 14 5 4 6 8 7 10 15 11 0 12 3 14 7 2 10 5 15 6 2 11 3 12 5 14 6 0 12 10 14 15
1

0 2 1 3 5 4 6 7 11 8 15 10 0 12 2 13 3 14 5 4 6 8 7 10 15 11 0 12 3 14 7 2 10 5 15 6 2 11 3 12 5 14 6 0 12 10 14 15
1

0 2 1 3 5 4 6 7 11 8 15 10 0 12 2 14 3 4 5 8 6 10 7 11 15 12 0 14 3 2 7 5 10 6 15 8 2 11 3 12 5 14 6 0 12 10 14 15
1

0 2 1 3 5 4 6 7 11 8 15 10 0 12 2 14 3 4 5 8 6 10 7 11 15 12 0 14 3 2 7 5 10 6 15 11 2 12 3 14 5 0 6 7 12 10 14 15
1

0 2 1 3 6 5 10 7 11 8 14 9 15 12 3 0 6 1 7 2 10 5 12 9 14 0 15 5 1 9 2 12 3 14 6 0 7 2 10 3 15 6 1 7 5 10 9 15 12
14

0 2 1 3 6 5 10 7 14 8 15 9 3 12 6 0 7 1 8 2 10 5 12 9 14 0 15 5 1 9 2 12 3 14 6 0 7 2 10 3 15 6 1 7 5 10 9 15 12
14

0 2 1 3 6 4 10 5 13 7 14 8 15 9 3 12 6 0 7 1 10 2 12 5 14 9 15 0 1 5 2 9 3 12 6 14 7 0 10 2 15 3 1 6 5 7 9 10 12 15
13

0 2 1 3 4 5 6 7 10 8 14 9 15 12 3 13 6 0 7 1 10 2 12 5 14 9 15 0 1 5 2 9 3 12 6 14 7 0 10 2 15 3 1 6 5 7 9 10 12 15
13

0 2 1 3 6 5 10 7 14 8 15 9 3 12 6 13 7 0 8 1 10 2 12 5 14 9 15 0 1 5 2 9 3 12 6 14 7 0 10 2 15 3 1 6 5 7 9 10 12 15
13

0 2 1 3 6 5 10 7 14 8 15 9 3 12 6 13 7 0 10 1 12 2 14 5 15 9 1 0 2 5 3 9 6 12 7 14 10 0 15 2 1 3 5 6 9 7 12 10 14 15
13

0 2 1 3 6 5 10 7 13 8 14 9 15 12 3 0 6 1 7 2 10 5 12 8 14 9 15 0 1 5 2 9 3 12 6 14 7 0 10 2 15 3 1 6 5 7 9 10 12 15
13

0 2 1 3 6 5 10 7 11 8 14 9 15 12 3 0 6 1 7 2 10 5 12 9 14 11 15 0 1 5 2 9 3 12 6 14 7 0 10 2 15 3 1 6 5 7 9 10 12 15
11

1 0 4 2 6 3 8 9 10 12 11 13 14 0 15 6 1 9 2 10 3 12 8 13 15 14 0 3 1 8 2 12 6 0 9 1 10 2 13 8 15 9 3 10 12 15
14

1 0 5 2 6 3 8 9 10 12 11 13 14 0 15 6 1 9 2 10 3 12 8 13 15 14 0 3 1 8 2 12 6 0 9 1 10 2 13 8 15 9 3 10 12 15
14

1 0 6 2 7 3 8 9 10 12 11 13 14 0 15 6 1 9 2 10 3 12 8 13 15 14 0 3 1 8 2 12 6 0 9 1 10 2 13 8 15 9 3 10 12 15
14

1 0 6 2 8 3 10 9 11 12 14 13 15 0 1 6 2 9 3 10 8 12 11 13 15 14 0 3 1 8 2 12 6 0 9 1 10 2 13 8 15 9 3 10 12 15
14

1 0 6 2 8 3 10 9 11 12 14 13 15 0 1 6 2 9 3 10 8 12 15 13 0 14 1 3 2 8 6 12 9 0 10 1 13 2 15 8 3 9 6 10 12 15
14

1 0 6 2 8 3 10 9 11 12 14 13 15 0 1 6 2 9 3 10 8 12 15 13 0 14 1 3 2 8 6 12 9 0 10 1 13 2 15 8 3 9 12 10 13 15
14

0 1 2 6 3 7 9 8 11 10 12 14 13 15 2 0 8 1 10 3 11 6 15 7 0 12 1 13 2 14 6 3 8 13 10 14 11 15 12 0 1 2 3 11 12 15 14
9

0 1 2 5 3 6 9 7 11 8 12 10 13 14 2 15 8 0 10 1 11 3 15 6 0 7 1 12 2 13 6 14 8 3 10 13 11 14 12 15 1 0 3 2 12 11 14 15
9

0 1 2 6 3 7 5 8 11 9 12 10 13 14 2 15 8 0 10 1 11 3 15 6 0 7 1 12 2 13 6 14 8 3 10 13 11 14 12 15 1 0 3 2 12 11 14 15
9

0 1 2 6 3 7 11 8 12 9 13 10 2 14 8 15 10 0 11 1 15 3 0 6 1 7 2 12 6 13 7 14 8 3 10 13 11 14 12 15 1 0 3 2 12 11 14 15
9

0 1 2 6 3 7 11 8 12 9 13 10 2 14 8 15 10 0 11 1 15 3 0 6 1 7 2 12 6 13 8 14 10 3 11 13 12 14 1 15 3 0 6 2 12 11 14 15
9

0 1 2 6 3 7 11 8 12 9 13 10 2 14 8 15 10 0 11 1 15 3 0 6 1 7 2 12 6 13 8 14 10 3 11 13 12 14 1 15 3 0 8 2 12 11 14 15
9

0 1 2 6 3 7 11 8 12 9 13 10 2 14 8 15 10 0 11 1 15 3 0 6 1 7 2 12 6 13 8 14 10 3 11 13 12 14 1 15 3 0 10 2 12 11 14 15
9

0 1 2 6 3 7 11 8 12 9 13 10 2 14 8 15 10 0 11 1 15 3 0 6 1 7 2 12 6 13 8 14 10 3 11 13 12 14 1 15 3 0 12 2 13 11 14 15
9

0 1 2 6 3 7 4 8 11 10 12 14 13 15 2 0 8 1 10 3 11 4 15 6 0 7 1 12 2 13 6 14 8 3 10 13 11 14 12 15 1 0 3 2 12 11 14 15
4

0 1 2 6 3 7 9 8 11 10 12 14 13 15 2 0 8 1 10 3 11 6 15 7 0 12 1 13 2 14 6 3 8 7 10 13 11 14 12 15 1 0 3 2 12 11 14 15
9

0 2 1 3 4 5 6 9 8 10 13 11 14 12 15 0 1 3 2 4 6 12 8 14 10 1 11 2 13 4 15 6 0 10 3 11 12 13 14 0 15 3 2 11 4 15 12
9

0 2 1 3 4 5 6 9 8 10 13 11 14 12 15 0 1 3 2 4 6 12 9 14 10 1 11 2 13 4 15 6 0 10 3 11 12 13 14 0 15 3 2 11 4 15 12
8

0 2 1 3 4 9 6 10 8 11 13 12 14 0 15 3 1 4 2 12 6 14 8 1 10 2 11 4 13 6 15 10 0 11 3 13 12 0 14 1 15 3 2 11 4 15 12
9

0 2 1 3 4 9 6 10 8 11 13 12 14 0 15 3 1 4 2 12 6 14 9 1 10 2 11 4 13 6 15 10 0 11 3 13 12 0 14 1 15 3 2 11 4 15 12
8

0 2 1 6 3 9 5 10 7 12 8 15 11 2 13 5 14 6 0 7 1 12 3 13 9 14 11 1 15 3 0 9 2 11 5 12 6 13 7 15 14 0 2 1 7 3 12 11 14 15
10

0 2 1 6 3 9 5 10 7 12 8 15 11 2 13 5 14 6 0 7 1 12 3 13 8 14 9 1 11 3 15 9 0 11 2 12 5 13 6 15 7 0 14 1 2 3 7 11 12 15 14
10

0 2 1 6 3 9 5 10 7 12 8 15 11 2 13 5 14 6 0 7 1 12 3 13 9 14 11 1 15 3 0 9 2 11 5 12 6 13 7 15 14 0 2 1 5 3 7 11 12 15 14
10

0 2 1 6 3 9 5 10 7 12 8 15 11 2 13 5 14 6 0 7 1 12 3 13 9 14 11 1 15 3 0 9 2 11 5 12 6 13 7 15 14 0 2 1 6 3 7 11 12 15 14
10

0 2 1 6 3 9 5 10 7 12 8 15 11 2 13 5 14 6 0 7 1 12 3 13 9 14 11 1 15 3 0 9 2 11 5 12 6 13 7 15 14 0 2 1 7 3 9 11 12 15 14
10

0 2 1 6 3 9 5 10 7 12 8 15 11 2 13 5 14 6 0 7 1 12 3 13 9 14 11 1 15 3 0 9 2 11 5 12 6 13 7 15 14 0 2 1 7 3 12 11 13 15 14
10

0 2 1 6 3 9 5 12 7 15 8 2 10 5 11 6 13 7 14 8 0 12 1 13 3 14 9 1 11 3 15 9 0 11 2 12 5 13 6 15 7 0 14 1 2 3 7 11 12 15 14
10

0 2 1 6 3 9 5 12 7 15 8 2 10 5 11 6 13 7 14 12 0 13 1 14 3 1 9 3 11 9 15 11 0 12 2 13 5 15 6 0 7 1 14 3 2 5 7 11 12 15 14
10

0 1 2 6 3 7 9 8 11 10 12 14 13 15 2 0 8 1 10 3 11 6 15 7 0 12 1 13 2 14 6 3 8 13 10 14 11 15 12 0 1 2 3 6 12 11 14 15
9

0 2 1 3 4 9 6 10 8 11 13 12 14 0 15 3 1 4 2 12 6 14 8 1 10 2 11 4 13 6 15 10 0 11 3 13 12 0 14 3 15 6 2 11 4 15 12
9

0 2 1 3 4 9 6 10 8 11 13 12 14 0 15 3 1 4 2 12 6 14 9 1 10 2 11 4 13 6 15 10 0 11 3 13 12 0 14 3 15 6 2 11 4 15 12
8

0 2 1 6 3 9 5 12 7 15 8 2 10 5 11 6 13 7 14 12 0 13 1 14 3 1 9 3 11 9 15 11 0 12 2 13 5 15 6 0 7 1 14 3 2 6 7 11 12 15 14
10

0 1 2 6 3 7 9 8 11 10 12 14 13 15 2 0 8 1 10 3 11 6 15 7 0 12 1 13 2 14 6 3 8 13 10 14 11 15 12 0 1 2 3 8 12 11 14 15
9

0 2 1 6 3 9 5 12 7 15 8 2 10 5 11 6 13 7 14 12 0 13 1 14 3 1 9 3 11 9 15 11 0 12 2 13 5 15 6 0 7 1 14 3 2 9 7 11 12 15 14
10

0 2 1 3 5 4 6 7 11 8 15 10 0 12 2 14 3 4 5 8 6 10 7 11 15 12 0 14 3 2 7 5 10 6 15 11 2 12 3 14 5 0 6 10 12 11 14 15
1

0 1 2 6 3 7 9 8 11 10 12 14 13 15 2 0 8 1 10 3 11 6 15 7 0 12 1 13 2 14 6 3 8 13 10 14 11 15 12 0 1 2 3 10 12 11 14 15
9

0 2 1 3 4 9 6 10 8 11 13 12 14 0 15 3 1 4 2 12 6 14 8 1 10 2 11 4 13 6 15 10 0 11 3 13 12 0 14 3 15 10 2 11 4 15 12
9

0 2 1 3 4 9 6 10 8 11 13 12 14 0 15 3 1 4 2 12 6 14 9 1 10 2 11 4 13 6 15 10 0 11 3 13 12 0 14 3 15 10 2 11 4 15 12
8

2 0 3 1 4 5 6 8 7 11 9 12 15 14 0 3 1 7 2 8 4 9 5 15 6 0 11 1 12 5 2 7 3 11 4 0 8 2 9 3 12 4 15 12 1 15 8
6

2 0 3 1 4 5 6 8 7 10 9 11 15 12 0 14 1 3 2 7 4 8 5 9 6 15 11 0 12 1 2 5 3 7 4 11 8 0 9 2 12 3 15 4 1 12 8 15
6

2 0 3 1 4 5 6 8 7 11 9 12 15 13 0 14 1 3 2 7 4 8 5 9 6 15 11 0 12 1 2 5 3 7 4 11 8 0 9 2 12 3 15 4 1 12 8 15
6

2 0 3 1 4 5 6 8 7 11 9 12 10 14 15 3 0 6 1 7 2 8 4 9 5 15 11 0 12 1 2 5 3 7 4 11 8 0 9 2 12 3 15 4 1 12 8 15
6

2 0 3 1 4 5 6 8 7 11 9 12 13 14 15 3 0 6 1 7 2 8 4 9 5 15 11 0 12 1 2 5 3 7 4 11 8 0 9 2 12 3 15 4 1 12 8 15
6

2 0 3 1 4 5 6 8 7 11 9 12 15 14 0 3 1 6 2 7 4 8 5 9 11 15 12 0 14 1 2 5 3 7 4 11 8 0 9 2 12 3 15 4 1 12 8 15
6

2 0 3 1 4 5 6 8 7 11 9 12 15 14 0 3 1 6 2 7 4 8 5 9 11 15 12 0 2 1 3 5 4 7 8 11 9 0 12 2 15 3 1 4 5 12 8 15
6

2 0 3 1 4 5 6 8 7 11 9 12 15 14 0 3 1 6 2 7 4 8 5 9 11 15 12 0 2 1 3 5 4 7 8 11 9 0 12 2 15 3 1 4 7 12 8 15
6

2 0 3 1 4 5 6 8 7 11 9 12 15 14 0 3 1 6 2 7 4 8 5 9 11 15 12 0 2 1 3 5 4 7 8 11 9 0 12 2 15 3 1 4 8 12 9 15
6

2 0 3 1 4 5 6 8 7 11 9 12 15 14 0 3 1 6 2 7 4 8 5 9 11 15 12 0 2 1 3 5 4 7 8 11 9 0 12 2 15 3 1 4 8 12 11 15
6

2 0 3 1 4 5 6 8 7 11 9 12 15 14 0 3 1 7 2 8 4 9 5 14 6 15 11 0 12 1 2 5 3 7 4 11 8 0 9 2 12 3 15 4 1 12 8 15
6

2 0 3 1 4 5 6 8 7 11 9 12 15 14 0 3 1 7 2 8 4 9 5 15 6 0 11 1 12 5 2 7 3 11 4 0 8 2 9 3 12 4 15 5 1 12 8 15
6

2 0 3 1 4 5 6 8 7 11 9 12 15 14 0 3 1 7 2 8 4 9 5 15 6 0 11 1 12 5 2 7 3 11 4 0 8 2 9 3 12 4 15 7 1 12 8 15
6

0 1 2 5 3 7 4 8 6 12 9 13 10 14 11 0 15 1 3 2 6 4 8 7 9 11 10 12 13 0 15 1 2 3 4 6 7 13 8 0 9 3 12 4 15 9 1 12 2 15 6
8

2 0 3 1 4 5 6 8 7 11 9 12 15 14 0 3 1 7 2 8 4 9 5 15 6 0 11 1 12 5 2 7 3 11 4 0 8 2 9 3 12 4 15 9 1 12 8 15
6

0 1 3 2 5 4 6 7 8 9 11 10 12 13 0 15 1 3 2 5 4 7 6 8 12 9 15 11 0 13 2 1 4 3 5 6 7 11 8 12 9 0 15 3 6 11 7 12 8 15
10

0 1 3 2 5 4 6 7 8 9 11 13 12 14 0 15 1 3 2 5 4 7 6 8 12 9 15 11 0 13 2 1 4 3 5 6 7 11 8 12 9 0 15 3 4 11 6 12 7 15
5

0 1 3 2 5 4 6 7 8 9 11 13 12 14 0 15 1 3 2 5 4 7 6 8 12 9 15 11 0 13 2 1 4 3 5 6 7 11 8 12 9 0 15 3 5 11 6 12 7 15
4

0 1 3 2 5 4 6 7 8 9 11 13 12 15 0 3 1 5 2 7 4 8 6 9 12 11 15 13 0 1 2 3 4 6 5 11 7 12 8 13 9 0 15 3 4 11 6 12 7 15
5

0 1 3 2 5 4 6 7 8 9 11 13 12 15 0 3 1 5 2 7 4 8 6 9 12 11 15 13 0 1 2 3 4 6 5 11 7 12 8 13 9 0 15 3 5 11 6 12 7 15
4

0 1 3 2 5 4 6 7 8 9 11 13 12 15 0 3 1 5 2 7 4 8 6 9 12 11 15 13 0 1 2 3 4 6 5 11 7 12 8 0 9 1 15 3 4 11 6 12 7 15
5

0 1 3 2 5 4 6 7 8 9 11 13 12 15 0 3 1 5 2 7 4 8 6 9 12 11 15 13 0 1 2 3 4 6 5 11 7 12 8 0 9 1 15 3 5 11 6 12 7 15
4

0 1 3 2 5 4 6 7 8 9 11 13 12 15 0 3 1 5 2 7 4 8 6 9 12 11 15 13 0 1 2 3 4 6 5 11 7 12 8 0 9 2 15 3 4 11 6 12 7 15
5

0 1 3 2 5 4 6 7 8 9 11 13 12 15 0 3 1 5 2 7 4 8 6 9 12 11 15 13 0 1 2 3 4 6 5 11 7 12 8 0 9 2 15 3 5 11 6 12 7 15
4

1 0 4 2 5 3 9 7 11 8 14 12 15 13 0 1 2 9 3 12 4 14 5 15 8 0 11 4 13 8 1 11 2 13 3 15 9 0 12 4 14 11 3 12 14 15
13

1 0 4 2 5 3 9 7 11 8 14 12 15 13 0 1 2 9 3 12 4 14 8 15 11 0 13 4 1 8 2 11 3 13 9 15 12 0 14 4 3 11 13 12 14 15
5

1 0 4 2 5 3 7 8 9 10 11 12 14 13 15 1 0 9 2 12 3 14 4 15 8 0 11 4 13 8 1 11 2 13 3 15 9 0 12 4 14 11 3 12 14 15
6

1 0 4 2 5 3 7 8 9 12 11 13 14 1 15 5 0 9 2 12 3 14 4 15 8 0 11 4 13 8 1 11 2 13 3 15 9 0 12 4 14 11 3 12 14 15
6

1 0 4 2 5 3 9 8 11 12 14 13 15 1 0 9 2 12 3 14 4 15 5 0 8 4 11 5 13 8 1 11 2 13 3 15 9 0 12 4 14 11 3 12 14 15
13

1 0 4 2 5 3 7 8 9 12 11 13 14 1 15 9 0 12 2 14 3 15 4 0 8 4 11 8 13 11 1 13 2 15 3 0 9 1 12 4 14 11 3 12 14 15
6

1 0 4 2 5 3 9 8 11 12 14 13 15 1 0 9 2 12 3 14 4 15 5 0 8 4 11 8 13 11 1 13 2 15 3 0 9 1 12 4 14 11 3 12 14 15
13

1 0 4 2 5 3 7 8 9 12 11 13 14 1 15 9 0 12 2 14 3 15 4 0 8 4 11 8 13 11 1 13 2 15 3 0 9 2 12 4 14 11 3 12 14 15
6

2 0 3 1 4 5 6 8 7 11 9 12 15 14 0 3 1 7 2 8 4 9 5 15 6 0 11 1 12 5 2 7 3 11 4 0 8 2 9 3 12 4 15 11 1 12 8 15
6

0 1 3 2 5 4 6 7 8 9 11 13 12 15 0 3 1 5 2 7 4 8 6 9 12 11 15 13 0 1 2 3 4 6 5 11 7 12 8 0 9 3 15 8 4 11 6 12 7 15
5

0 1 3 2 5 4 6 7 8 9 11 13 12 15 0 3 1 5 2 7 4 8 6 9 12 11 15 13 0 1 2 3 4 6 5 11 7 12 8 0 9 3 15 8 5 11 6 12 7 15
4

0 1 3 2 5 4 6 7 8 9 11 13 12 15 0 3 1 5 2 7 4 8 6 9 12 11 15 13 0 1 2 3 4 6 5 11 7 12 8 0 9 3 15 9 4 11 6 12 7 15
5

0 1 3 2 5 4 6 7 8 9 11 13 12 15 0 3 1 5 2 7 4 8 6 9 12 11 15 13 0 1 2 3 4 6 5 11 7 12 8 0 9 3 15 9 5 11 6 12 7 15
4

1 0 4 2 5 3 7 8 9 12 11 13 14 1 15 9 0 12 2 14 3 15 4 0 8 4 11 8 13 11 1 13 2 15 3 0 9 4 12 9 14 11 3 12 14 15
6

0 2 3 6 4 7 9 8 10 12 11 14 13 15 0 7 2 8 3 9 4 13 10 15 11 0 12 3 14 9 2 13 4 0 7 2 11 4 12 9 14 11 15 12 3 15 7
10

0 1 3 2 4 6 9 7 10 8 11 12 13 14 0 15 2 7 3 8 4 9 11 13 12 15 14 0 2 3 4 9 7 13 8 0 11 2 12 4 14 9 15 11 3 12 7 15
1

0 2 3 6 4 7 9 8 10 12 11 14 13 15 0 7 2 8 3 9 4 13 6 15 11 0 12 3 14 6 2 9 4 13 7 0 11 2 12 4 14 9 15 11 3 12 7 15
10

0 2 3 6 4 7 9 8 10 12 11 14 13 15 0 7 2 8 3 9 4 13 6 15 11 0 12 3 14 8 2 9 4 13 7 0 11 2 12 4 14 9 15 11 3 12 7 15
10

0 2 3 6 4 7 9 8 10 12 11 14 13 15 0 7 2 8 3 9 4 13 10 15 11 0 12 3 14 8 2 9 4 13 7 0 11 2 12 4 14 9 15 11 3 12 7 15
6

1 0 4 2 6 3 8 9 10 12 11 13 14 0 15 6 1 9 2 10 3 12 8 13 15 14 0 3 1 8 2 12 6 0 9 1 10 2 13 8 15 9 3 13 12 15
14

1 0 5 2 6 3 8 9 10 12 11 13 14 0 15 6 1 9 2 10 3 12 8 13 15 14 0 3 1 8 2 12 6 0 9 1 10 2 13 8 15 9 3 13 12 15
14

1 0 6 2 7 3 8 9 10 12 11 13 14 0 15 6 1 9 2 10 3 12 8 13 15 14 0 3 1 8 2 12 6 0 9 1 10 2 13 8 15 9 3 13 12 15
14

1 0 6 2 8 3 10 9 11 12 14 13 15 0 1 6 2 9 3 10 8 12 11 13 15 14 0 3 1 8 2 12 6 0 9 1 10 2 13 8 15 9 3 13 12 15
14

1 0 6 2 8 3 10 9 11 12 14 13 15 0 1 6 2 9 3 10 8 12 15 13 0 14 1 3 2 8 6 12 9 0 10 1 13 2 15 8 3 9 6 13 12 15
14

1 0 6 2 8 3 10 9 11 12 14 13 15 0 1 6 2 9 3 10 8 12 15 13 0 14 1 3 2 8 6 12 9 0 10 1 13 2 15 8 3 9 10 13 12 15
14

0 1 2 6 3 7 9 8 11 10 12 14 13 15 2 0 8 1 10 3 11 6 15 7 0 12 1 13 2 14 6 3 8 13 10 14 11 15 12 0 1 2 3 11 12 13 14 15
9

0 2 1 3 4 9 6 10 8 11 13 12 14 0 15 3 1 4 2 12 6 14 8 1 10 2 11 4 13 6 15 10 0 11 3 13 12 0 14 3 15 11 2 13 4 15 12
9

0 2 1 3 4 9 6 10 8 11 13 12 14 0 15 3 1 4 2 12 6 14 9 1 10 2 11 4 13 6 15 10 0 11 3 13 12 0 14 3 15 11 2 13 4 15 12
8

0 2 1 6 3 9 5 12 7 15 8 2 10 5 11 6 13 7 14 12 0 13 1 14 3 1 9 3 11 9 15 11 0 12 2 13 5 15 6 0 7 1 14 3 2 11 7 13 12 15 14
10

3 0 4 1 5 2 10 7 11 8 14 12 15 13 0 2 1 3 7 4 8 5 11 10 12 13 15 14 0 1 3 2 8 4 10 7 11 12 13 0 14 3 15 11 2 12 4 13 7 15
5

1 0 4 2 5 3 7 8 9 12 11 13 14 1 15 9 0 12 2 14 3 15 4 0 8 4 11 8 13 11 1 13 2 15 3 0 9 4 12 11 14 12 3 13 14 15
6

0 2 3 6 4 7 9 8 10 12 11 14 13 15 0 7 2 8 3 9 4 13 6 15 11 0 12 3 14 9 2 13 4 0 7 2 11 4 12 9 14 11 15 12 3 13 7 15
10

0 2 3 6 4 7 9 8 10 12 11 14 13 15 0 7 2 8 3 9 4 13 10 15 11 0 12 3 14 9 2 13 4 0 7 2 11 4 12 9 14 11 15 12 3 13 7 15
6

0 1 3 4 5 10 6 11 7 12 8 14 13 0 15 10 3 11 4 14 5 15 7 4 8 5 12 8 13 10 0 11 3 12 7 13 14 15 0 3 8 4 10 7 11 14 12 15
6

0 2 1 4 3 10 5 11 7 12 8 14 13 0 15 10 3 11 4 14 5 15 7 4 8 5 12 8 13 10 0 11 3 12 7 13 14 15 0 3 8 4 10 7 11 14 12 15
9

0 2 3 4 5 10 6 11 7 12 8 14 13 0 15 10 3 11 4 14 5 15 7 4 8 5 12 8 13 10 0 11 3 12 7 13 14 15 0 3 8 4 10 7 11 14 12 15
6

0 2 3 4 5 10 7 11 8 12 9 14 13 0 15 10 3 11 4 14 5 15 7 4 8 5 12 8 13 10 0 11 3 12 7 13 14 15 0 3 8 4 10 7 11 14 12 15
1

2 0 3 1 4 5 11 7 13 8 15 10 0 12 2 14 3 1 4 10 5 11 7 12 8 15 14 0 2 1 5 3 11 4 12 7 15 8 0 10 1 14 3 2 4 8 10 14 11 15 12
13

1 0 2 3 4 5 6 8 9 11 12 14 13 2 15 4 0 6 1 9 3 15 5 0 8 3 11 5 12 8 14 11 1 12 2 14 6 15 9 1 0 2 3 8 5 14 12 15
4

1 0 2 3 4 5 6 8 9 11 10 14 12 2 13 4 15 6 0 9 1 15 3 0 5 3 8 5 11 8 12 11 14 12 1 14 2 15 6 1 9 2 0 8 3 14 5 15 12
4

1 0 2 3 4 5 6 8 9 11 12 14 13 2 15 4 0 6 1 9 3 15 5 0 8 3 11 5 12 8 14 11 1 12 2 14 6 15 9 1 0 2 3 8 5 14 6 15 12
4

1 0 2 3 4 5 6 8 9 11 12 14 13 2 15 4 0 6 1 9 3 15 5 0 8 3 11 5 12 8 14 11 1 12 2 14 6 15 9 1 0 2 3 8 5 14 9 15 12
4

1 0 2 3 4 5 6 8 9 11 12 14 13 2 15 4 0 6 1 9 3 15 5 0 8 3 11 5 12 8 14 11 1 12 2 14 6 15 9 1 0 2 3 8 5 14 11 15 12
4

1 0 2 3 4 5 6 7 9 8 10 11 12 14 13 2 15 4 0 6 1 9 3 15 5 0 8 3 11 5 12 8 14 11 1 12 2 14 6 15 9 1 0 2 3 8 5 14 12 15
4

1 0 2 3 4 5 6 7 9 8 12 11 13 14 15 2 0 4 1 6 3 9 5 15 8 0 11 3 12 5 14 8 1 11 2 12 6 14 9 15 0 1 3 2 5 8 11 14 12 15
4

1 0 2 3 4 5 6 8 7 10 9 11 12 14 13 2 15 4 0 6 1 9 3 15 5 0 8 3 11 5 12 8 14 11 1 12 2 14 6 15 9 1 0 2 3 8 5 14 12 15
4

1 0 2 3 4 5 6 8 9 10 12 11 13 14 15 2 0 4 1 6 3 9 5 15 8 0 11 3 12 5 14 8 1 11 2 12 6 14 9 15 0 1 3 2 5 8 11 14 12 15
4

1 0 2 3 4 5 6 8 9 11 10 14 12 2 13 4 15 6 0 9 1 10 3 15 5 0 8 3 11 5 12 8 14 11 1 12 2 14 6 15 9 1 0 2 3 8 5 14 12 15
4

1 0 2 3 4 5 6 8 7 11 9 14 12 2 13 4 15 6 0 9 1 15 3 0 5 3 8 5 11 8 12 11 14 12 1 14 2 15 6 1 9 2 0 6 3 8 5 14 12 15
4

1 0 2 3 4 5 6 8 9 11 10 14 12 2 13 4 15 6 0 9 1 15 3 0 5 3 8 5 11 8 12 11 14 12 1 14 2 15 6 1 9 2 0 6 3 8 5 14 12 15
4

1 0 2 3 4 5 6 8 9 11 12 14 13 2 15 4 0 6 1 9 3 15 5 0 8 3 11 5 12 8 14 11 1 12 2 14 6 15 9 1 0 2 3 6 5 8 9 14 12 15
4

1 0 2 3 4 5 6 8 9 11 12 14 13 2 15 4 0 6 1 9 3 15 5 0 8 3 11 5 12 8 14 11 1 12 2 14 6 15 9 1 0 2 3 6 5 8 11 14 12 15
4

1 0 2 3 4 5 6 8 7 11 9 14 12 2 13 4 15 6 0 9 1 15 3 0 5 3 8 5 11 8 12 11 14 12 1 14 2 15 6 1 9 2 0 8 3 9 5 14 12 15
4

1 0 2 3 4 5 6 8 9 11 10 14 12 2 13 4 15 6 0 9 1 15 3 0 5 3 8 5 11 8 12 11 14 12 1 14 2 15 6 1 9 2 0 8 3 9 5 14 12 15
4

1 0 2 3 4 5 6 8 9 11 12 14 13 2 15 4 0 6 1 9 3 15 5 0 8 3 11 5 12 8 14 11 1 12 2 14 6 15 9 1 0 2 3 8 5 9 6 14 12 15
4

1 0 2 3 4 5 6 8 9 11 12 14 13 2 15 4 0 6 1 9 3 15 5 0 8 3 11 5 12 8 14 11 1 12 2 14 6 15 9 1 0 2 3 8 5 9 11 14 12 15
4

0 2 1 3 4 9 6 10 8 11 13 12 14 0 15 3 1 4 2 12 6 14 8 1 10 2 11 4 13 6 15 10 0 11 3 13 12 0 14 3 15 11 2 14 4 15 12
9

0 2 1 3 4 9 6 10 8 11 13 12 14 0 15 3 1 4 2 12 6 14 9 1 10 2 11 4 13 6 15 10 0 11 3 13 12 0 14 3 15 11 2 14 4 15 12
8

1 0 2 3 4 5 6 8 7 11 9 14 12 2 13 4 15 6 0 9 1 15 3 0 5 3 8 5 11 8 12 11 14 12 1 14 2 15 6 1 9 2 0 8 3 11 5 14 12 15
4

1 0 2 3 4 5 6 8 9 11 10 14 12 2 13 4 15 6 0 9 1 15 3 0 5 3 8 5 11 8 12 11 14 12 1 14 2 15 6 1 9 2 0 8 3 11 5 14 12 15
4

2 0 3 1 4 8 5 10 9 11 14 12 1 13 2 15 3 0 4 5 11 8 13 9 14 10 15 12 5 0 8 2 10 3 12 4 13 9 15 11 0 14 2 12 3 14 8 15 13
1

0 1 2 5 3 10 4 11 6 12 7 13 14 15 2 0 3 1 4 7 10 12 11 13 14 1 15 3 0 4 2 7 10 13 11 15 12 0 14 2 1 12 3 14 4 15 13
9

0 1 2 6 3 10 4 11 7 12 8 13 14 15 2 0 3 1 4 7 10 12 11 13 14 1 15 3 0 4 2 7 10 13 11 15 12 0 14 2 1 12 3 14 4 15 13
8

0 1 2 8 3 10 4 11 7 12 9 13 14 15 2 0 3 1 4 7 10 12 11 13 14 1 15 3 0 4 2 7 10 13 11 15 12 0 14 2 1 12 3 14 4 15 13
8

0 1 2 8 3 10 4 11 7 12 14 13 2 15 3 0 4 1 8 7 10 12 11 13 14 1 15 3 0 4 2 7 10 13 11 15 12 0 14 2 1 12 3 14 4 15 13
9

0 1 2 9 3 10 4 11 5 12 7 13 14 15 2 0 3 1 4 7 10 12 11 13 14 1 15 3 0 4 2 7 10 13 11 15 12 0 14 2 1 12 3 14 4 15 13
8

3 0 6 1 7 2 8 4 14 5 15 10 0 11 2 12 3 13 5 4 7 8 10 11 12 14 13 15 7 0 8 2 11 3 12 4 14 5 15 10 0 13 2 7 3 10 4 12 11 14 13 15
1

1 0 3 2 7 4 8 5 14 10 15 11 0 12 2 13 3 1 5 4 7 8 10 11 12 14 13 15 7 0 8 2 11 3 12 4 14 5 15 10 0 13 2 7 3 10 4 12 11 14 13 15
1

0 2 3 6 4 7 9 8 10 12 11 14 13 15 0 7 2 8 3 9 4 13 6 15 11 0 12 3 14 9 2 13 4 0 7 2 11 4 12 9 14 11 15 12 3 14 7 15
10

0 2 3 6 4 7 9 8 10 12 11 14 13 15 0 7 2 8 3 9 4 13 10 15 11 0 12 3 14 9 2 13 4 0 7 2 11 4 12 9 14 11 15 12 3 14 7 15
6

1 0 2 3 4 9 6 10 7 11 8 13 12 0 14 1 15 2 3 7 6 8 11 10 12 15 13 0 14 3 1 6 2 12 7 13 8 15 10 3 14 13 0 14 2 15 12
11

1 0 2 3 4 10 6 11 7 13 8 0 12 1 14 2 15 7 3 8 6 10 12 11 13 15 14 0 1 3 2 6 7 12 8 13 10 15 14 3 0 13 2 14 12 15
5

b008880358098507 3310ca10678c8
0 3 1 6 2 7 8 11 10 12 15 13 0 14 3 1 11 2 12 8 14 13 0 15 1 2 11 3 15 8 3 12 12 13 13 0 15 1
5

9000a831500e282d 19100ea831d092
0 1 2 4 3 7 5 12 11 14 13 15 1 0 2 4 3 5 12 11 14 13 0 15 4 1 5 2 11 3 13 12 15 0 12 3 15 4
7

9089901184401d41 80008c818b980b8
0 3 6 4 8 5 10 7 11 15 12 0 6 3 10 4 15 5 0 7 4 11 15 12 12 3 0 6 3 7 7 11 12 11 15
8

9089901184401c43 80008c818b981b8
0 3 1 4 6 5 10 7 11 8 12 15 6 0 10 3 15 4 0 5 4 7 15 11 0 12 12 3 3 6 12 7 7 11 15 11
8

9089901184401e41 80008c818b981b8
0 3 6 4 9 5 10 7 11 8 12 15 6 0 10 3 15 4 0 5 4 7 15 11 0 12 12 3 3 6 12 7 7 11 15 11
8

9089901184403c41 80008c818b981b8
0 3 6 4 10 5 11 7 12 8 13 15 6 0 10 3 15 4 0 5 4 7 15 11 0 12 12 3 3 6 12 7 7 11 15 11
8

9099901184401c41 80008c818b981b8
0 3 6 4 10 5 11 7 12 8 6 15 10 0 15 3 0 4 4 5 15 7 0 11 4 12 12 3 3 6 12 7 7 11 15 11
8

90c9901184401c41 80008c818b981b8
0 3 6 4 10 5 11 7 12 8 6 15 10 0 15 3 0 4 4 5 15 7 0 11 15 12 12 3 3 6 6 7 7 11 12 11
8

9089901184401d41 80008c818b982b8
0 3 6 4 8 5 10 7 11 9 12 15 6 0 10 3 15 4 0 5 4 7 15 11 0 12 12 3 3 6 12 7 7 11 15 11
8

80059c0c110a1c48 100801038c05c117
3 0 6 1 10 2 11 4 12 8 1 14 3 15 8 0 12 2 2 10 3 11 10 15 11 0 12 1 15 8 0 3 2 12 15
4

80059c0c110a1c88 100801038c05c117
3 0 7 1 10 2 11 4 12 8 1 14 3 15 8 0 12 2 2 10 3 11 10 15 11 0 12 1 15 8 0 3 2 12 15
4

80059c0c110a1e08 100801038c05c117
3 0 9 1 10 2 11 4 12 8 1 14 3 15 8 0 12 2 2 10 3 11 10 15 11 0 12 1 15 8 0 3 2 12 15
4

80059c0c110a1c48 100801038c05c137
3 0 6 1 10 2 11 4 12 5 1 8 3 14 8 15 12 0 3 2 2 10 10 11 11 15 12 0 15 1 0 8 2 3 15 12
9

80059c0c110a1c88 100801038c05c137
3 0 7 1 10 2 11 4 12 5 1 8 3 14 8 15 12 0 3 2 2 10 10 11 11 15 12 0 15 1 0 8 2 3 15 12
7

80059c0c110a1e08 100801038c05c137
3 0 9 1 10 2 11 4 12 5 1 8 3 14 8 15 12 0 3 2 2 10 10 11 11 15 12 0 15 1 0 8 2 3 15 12
6

80059c0c110a1c28 100801038c05c197
3 0 5 1 10 2 11 4 12 7 1 8 3 14 8 15 12 0 3 2 2 10 10 11 11 15 12 0 15 1 0 8 2 3 15 12
7

80059c0c110a1c48 100801038c45c117
3 0 6 1 10 2 11 4 12 8 1 14 3 15 8 0 12 2 2 6 3 10 10 11 11 15 12 0 15 1 0 8 2 3 15 12
9

80059c0c110a1c88 100801038c85c117
3 0 7 1 10 2 11 4 12 8 1 14 3 15 8 0 12 2 2 7 3 10 10 11 11 15 12 0 15 1 0 8 2 3 15 12
7

80059c0c110a1c48 10080103cc05c117
3 0 6 1 10 2 11 4 12 8 1 14 3 15 8 0 12 2 2 10 3 11 10 14 11 15 12 0 15 1 0 8 2 3 15 12
9

8015110c202b7103 1008a0139114823c
0 2 1 3 8 4 12 5 13 9 14 15 0 2 1 4 3 8 5 12 13 15 2 0 3 1 8 4 12 13 0 15 2 3 4 12 15
14

8015110c202b3303 1008a0139114c03c
0 2 1 3 8 4 9 5 12 14 13 15 0 2 1 4 3 8 5 12 13 15 2 0 3 1 8 4 12 13 0 15 2 3 4 12 15
14

a000744b8111e271 100b81107c4a1d0a
0 1 4 3 5 8 6 10 9 11 13 12 14 1 15 3 0 6 4 10 8 11 15 12 0 13 1 14 3 4 6 8 10 15 12 0 13 1 14 3 13 12 15
9

a000744b8111e2d1 100b81107c4a1d0a
0 1 4 3 6 8 7 10 9 11 13 12 14 1 15 3 0 6 4 10 8 11 15 12 0 13 1 14 3 4 6 8 10 15 12 0 13 1 14 3 13 12 15
9

a000744b8311e251 100b81107c4a1d0a
0 1 4 3 6 8 9 10 13 11 14 12 15 1 0 3 4 6 8 10 9 11 15 12 0 13 1 14 3 4 6 8 10 15 12 0 13 1 14 3 13 12 15
9

a000744b8111e2d1 100b81107c4a1d0e
0 1 4 2 6 3 7 8 9 10 13 11 14 12 15 1 0 3 4 6 8 10 15 11 0 12 1 13 3 14 6 4 10 8 12 15 13 0 14 1 13 3 15 12
5

a000744b8311e251 100b81107c4a1d0e
0 1 4 2 6 3 9 8 13 10 14 11 15 12 0 1 4 3 8 6 9 10 15 11 0 12 1 13 3 14 6 4 10 8 12 15 13 0 14 1 13 3 15 12
9

a000744b8111e255 100b81107c4a1d2a
0 1 2 3 4 5 6 8 9 10 13 11 14 12 15 1 0 3 4 6 8 10 15 11 0 12 1 13 3 14 6 4 10 8 12 15 13 0 14 1 13 3 15 12
5

a000744b8111e2d1 100b81107c4a1d2a
0 1 4 3 6 5 7 8 9 10 13 11 14 12 15 1 0 3 4 6 8 10 15 11 0 12 1 13 3 14 6 4 10 8 12 15 13 0 14 1 13 3 15 12
5

a0007c4b8111e251 100b81107c4a1d2a
0 1 4 3 6 5 9 8 13 10 14 11 15 12 0 1 4 3 8 6 15 10 0 11 1 12 3 13 6 14 10 4 11 8 12 15 13 0 14 1 13 3 15 12
5

a010744b8111e251 100b81107c4a1d2a
0 1 4 3 6 5 9 8 13 10 14 11 15 12 0 1 4 3 8 6 15 10 0 11 1 12 3 13 6 14 10 4 12 8 13 15 14 0 4 1 13 3 15 12
5

a040744b8111e251 100b81107c4a1d2a
0 1 4 3 6 5 9 8 13 10 14 11 15 12 0 1 4 3 8 6 15 10 0 11 1 12 3 13 6 14 10 4 12 8 13 15 14 0 6 1 13 3 15 12
5

a100744b8111e251 100b81107c4a1d2a
0 1 4 3 6 5 9 8 13 10 14 11 15 12 0 1 4 3 8 6 15 10 0 11 1 12 3 13 6 14 10 4 12 8 13 15 14 0 8 1 13 3 15 12
5

a400744b8111e251 100b81107c4a1d2a
0 1 4 3 6 5 9 8 13 10 14 11 15 12 0 1 4 3 8 6 15 10 0 11 1 12 3 13 6 14 10 4 12 8 13 15 14 0 10 1 13 3 15 12
5

e000744b8111e251 100b81107c4a1d2a
0 1 4 3 6 5 9 8 13 10 14 11 15 12 0 1 4 3 8 6 15 10 0 11 1 12 3 13 6 14 10 4 12 8 13 15 14 0 13 1 14 3 15 12
5

a000744b8111e271 100b81107c4a1d8a
0 1 4 3 5 7 6 8 9 10 13 11 14 12 15 1 0 3 4 6 8 10 15 11 0 12 1 13 3 14 6 4 10 8 12 15 13 0 14 1 13 3 15 12
5

a000744b8311e251 100b81107c4a1d8a
0 1 4 3 6 7 9 8 13 10 14 11 15 12 0 1 4 3 8 6 9 10 15 11 0 12 1 13 3 14 6 4 10 8 12 15 13 0 14 1 13 3 15 12
9

a000744b8111e271 100b81107c6a1d0a
0 1 4 3 5 8 6 10 9 11 13 12 14 1 15 3 0 5 4 6 8 10 15 11 0 12 1 13 3 14 6 4 10 8 12 15 13 0 14 1 13 3 15 12
7

a000744b8111e2d1 100b81107cca1d0a
0 1 4 3 6 8 7 10 9 11 13 12 14 1 15 3 0 6 4 7 8 10 15 11 0 12 1 13 3 14 6 4 10 8 12 15 13 0 14 1 13 3 15 12
5

a000744b8111e2d1 100b89107c4a1d0a
0 1 4 3 6 8 7 10 9 11 13 12 14 1 15 3 0 6 4 10 8 11 15 12 0 13 1 14 3 4 6 8 10 11 12 15 13 0 14 1 13 3 15 12
5

a000744b8311e251 100b89107c4a1d0a
0 1 4 3 6 8 9 10 13 11 14 12 15 1 0 3 4 6 8 10 9 11 15 12 0 13 1 14 3 4 6 8 10 11 12 15 13 0 14 1 13 3 15 12
9

8802350d900b412a 100d88022d04be05
1 0 3 2 5 9 8 10 14 11 0 12 1 13 3 15 12 2 15 8 0 10 2 11 3 13 8 1 10 11 12 15 13 0 1 2 11 3 15 12
9

8802310d900b413a 100d88022d14bc05
1 0 3 2 4 10 5 11 8 12 14 13 0 15 1 2 3 4 12 8 15 10 0 11 2 13 3 1 8 11 12 15 13 0 1 2 11 3 15 12
4

a000744b8111e2d1 101b81107c4a1d0a
0 1 4 3 6 8 7 10 9 11 13 12 14 1 15 3 0 6 4 10 8 11 15 12 0 13 1 14 3 4 6 8 10 15 12 0 13 1 14 3 13 4 15 12
5

a000744b8311e251 101b81107c4a1d0a
0 1 4 3 6 8 9 10 13 11 14 12 15 1 0 3 4 6 8 10 9 11 15 12 0 13 1 14 3 4 6 8 10 15 12 0 13 1 14 3 13 4 15 12
9

80428069901c2a7d 102d381628639082
0 1 2 7 3 12 4 15 5 0 6 1 9 5 11 6 13 11 2 13 3 1 4 2 12 4 15 11 0 12 3 13 5 0 6 2 15 3 1 5 6 12 15
9

80428069901c2a7d 102d381628639182
0 1 2 7 3 8 4 12 5 15 6 0 9 1 11 5 13 6 2 11 3 13 4 1 12 2 15 4 0 11 3 12 5 13 6 0 15 2 1 3 6 5 15 12
9

80428069901c2c7d 102d381628639182
0 1 2 7 3 8 4 12 5 15 6 0 10 1 11 5 13 6 2 11 3 13 4 1 12 2 15 4 0 11 3 12 5 13 6 0 15 2 1 3 6 5 15 12
14

80428069901c687d 102d381628639182
0 1 2 7 3 8 4 12 5 15 6 0 11 1 13 5 14 6 2 11 3 13 4 1 12 2 15 4 0 11 3 12 5 13 6 0 15 2 1 3 6 5 15 12
10

80428069901c297d 102d381628639282
0 1 2 7 3 9 4 12 5 15 6 0 8 1 11 5 13 6 2 11 3 13 4 1 12 2 15 4 0 11 3 12 5 13 6 0 15 2 1 3 6 5 15 12
9

80428069909c287d 102d381628639282
0 1 2 7 3 9 4 12 5 15 6 0 11 1 13 5 2 6 3 11 4 13 7 1 12 2 15 4 0 11 3 12 5 13 6 0 15 2 1 3 6 5 15 12
9

80528069901c287d 102d381628639282
0 1 2 7 3 9 4 12 5 15 6 0 11 1 13 5 2 6 3 11 4 13 12 1 15 2 0 4 3 11 5 12 6 13 15 0 1 2 4 3 6 5 15 12
9

88428069901c287d 102d381628639282
0 1 2 7 3 9 4 12 5 15 6 0 11 1 13 5 2 6 3 11 4 13 12 1 15 2 0 4 3 11 5 12 6 13 15 0 1 2 6 3 11 5 15 12
9

a0428069901c287d 102d381628639282
0 1 2 7 3 9 4 12 5 15 6 0 11 1 13 5 2 6 3 11 4 13 12 1 15 2 0 4 3 11 5 12 6 13 15 0 1 2 6 3 13 5 15 12
9

80428069901c2a7d 102d381628639482
0 1 2 7 3 10 4 12 5 15 6 0 9 1 11 5 13 6 2 11 3 13 4 1 12 2 15 4 0 11 3 12 5 13 6 0 15 2 1 3 6 5 15 12
9

80428069901c2a7d 102d38162863d082
0 1 2 7 3 12 4 14 5 15 6 0 9 1 11 5 13 6 2 11 3 13 4 1 12 2 15 4 0 11 3 12 5 13 6 0 15 2 1 3 6 5 15 12
9

80428069901c2a7d 102d381628e39082
0 1 2 7 3 12 4 15 5 0 6 1 9 5 11 6 13 7 2 11 3 13 4 1 12 2 15 4 0 11 3 12 5 13 6 0 15 2 1 3 6 5 15 12
9

80428069901c687d 102d381628e39082
0 1 2 7 3 12 4 15 5 0 6 1 11 5 13 6 14 7 2 11 3 13 4 1 12 2 15 4 0 11 3 12 5 13 6 0 15 2 1 3 6 5 15 12
10

80428069901c2a7d 103d381628639082
0 1 2 7 3 12 4 15 5 0 6 1 9 5 11 6 13 11 2 13 3 1 4 2 12 4 15 11 0 12 3 13 5 0 6 2 15 3 1 4 6 5 15 12
9

80428069901c687d 103d381628639082
0 1 2 7 3 12 4 15 5 0 6 1 11 5 13 6 14 11 2 13 3 1 4 2 12 4 15 11 0 12 3 13 5 0 6 2 15 3 1 4 6 5 15 12
10

a000744b8111e2d1 104b81107c4a1d0a
0 1 4 3 6 8 7 10 9 11 13 12 14 1 15 3 0 6 4 10 8 11 15 12 0 13 1 14 3 4 6 8 10 15 12 0 13 1 14 3 13 6 15 12
5

a000744b8311e251 104b81107c4a1d0a
0 1 4 3 6 8 9 10 13 11 14 12 15 1 0 3 4 6 8 10 9 11 15 12 0 13 1 14 3 4 6 8 10 15 12 0 13 1 14 3 13 6 15 12
9

8a0082491a1d2159 105d3814a0409a06
0 1 3 2 4 9 6 11 8 12 13 15 0 6 2 13 3 15 4 2 9 4 11 11 12 12 0 13 3 0 6 2 9 3 15 4 9 6 11 12 15
8

8a0082491a1d2159 105d3814a0409a24
0 2 3 5 4 9 6 11 8 12 13 15 0 6 2 13 3 15 4 2 9 4 11 11 12 12 0 13 3 0 6 2 9 3 15 4 9 6 11 12 15
8

8a0082491a1d2159 105d3814a0409a84
0 2 3 7 4 9 6 11 8 12 13 15 0 6 2 13 3 15 4 2 9 4 11 11 12 12 0 13 3 0 6 2 9 3 15 4 9 6 11 12 15
8

8a0082491a1d2059 105d3814a0409b04
0 2 3 8 4 9 6 11 13 12 0 15 2 6 3 13 4 15 9 2 11 4 12 11 0 12 3 13 6 0 9 2 15 3 9 4 11 6 15 12
8

8a0082491a1d2459 105d3814a0409b04
0 2 3 8 4 9 6 11 10 12 13 15 0 6 2 13 3 15 4 2 9 4 11 11 12 12 0 13 3 0 6 2 9 3 15 4 9 6 11 12 15
8

8a0082491a1d2159 105d3814a0409e04
0 2 3 9 4 10 6 11 8 12 13 15 0 6 2 13 3 15 4 2 9 4 11 11 12 12 0 13 3 0 6 2 9 3 15 4 9 6 11 12 15
8

a01492091858339a 108920d4a3858845
1 0 3 2 4 6 7 11 8 15 9 0 12 2 13 7 3 8 4 9 6 13 11 15 12 2 0 4 3 6 9 7 12 13 15 0 2 3 4 7 13 12 15
1

a01492091858339a 108920d4a3858865
1 0 3 2 4 5 7 6 8 11 9 15 12 0 13 2 3 7 4 8 6 9 11 13 12 15 0 2 3 4 9 6 12 7 15 13 2 0 4 3 13 7 15 12
5

a01492091858339a 108920d4a3858c45
1 0 3 2 4 6 7 10 8 11 9 15 12 0 13 2 3 7 4 8 6 9 11 13 12 15 0 2 3 4 9 6 12 7 15 13 2 0 4 3 13 7 15 12
5

a0149209185833b8 108920d4a3858c45
3 0 4 2 5 6 7 10 8 11 9 15 12 0 13 2 3 7 4 8 6 9 11 13 12 15 0 2 3 4 9 6 12 7 15 13 2 0 4 3 13 7 15 12
1

a01492091858339a 108920d4a385c845
1 0 3 2 4 6 7 11 8 14 9 15 12 0 13 2 3 7 4 8 6 9 11 13 12 15 0 2 3 4 9 6 12 7 15 13 2 0 4 3 13 7 15 12
5

a0149209185833b8 108920d4a385c845
3 0 4 2 5 6 7 11 8 14 9 15 12 0 13 2 3 7 4 8 6 9 11 13 12 15 0 2 3 4 9 6 12 7 15 13 2 0 4 3 13 7 15 12
1

a0149209185833b8 108921d4a3858845
3 0 4 2 5 6 7 11 8 15 9 0 12 2 13 7 3 8 4 9 6 13 11 15 12 2 0 4 3 6 9 7 12 8 15 13 2 0 4 3 13 7 15 12
1

a0149209185833b8 108928d4a3858845
3 0 4 2 5 6 7 11 8 15 9 0 12 2 13 7 3 8 4 9 6 13 11 15 12 2 0 4 3 6 9 7 12 11 15 13 2 0 4 3 13 7 15 12
1

a01492091858339a 10c920d4a3858845
1 0 3 2 4 6 7 11 8 15 9 0 12 2 13 7 3 8 4 9 6 13 11 15 12 2 0 4 3 6 9 7 12 13 15 0 2 3 4 6 13 7 15 12
5

a0149209185833b8 10c920d4a3858845
3 0 4 2 5 6 7 11 8 15 9 0 12 2 13 7 3 8 4 9 6 13 11 15 12 2 0 4 3 6 9 7 12 13 15 0 2 3 4 6 13 7 15 12
1

a000744b8111e2d1 110b81107c4a1d0a
0 1 4 3 6 8 7 10 9 11 13 12 14 1 15 3 0 6 4 10 8 11 15 12 0 13 1 14 3 4 6 8 10 15 12 0 13 1 14 3 13 8 15 12
5

a000744b8311e251 110b81107c4a1d0a
0 1 4 3 6 8 9 10 13 11 14 12 15 1 0 3 4 6 8 10 9 11 15 12 0 13 1 14 3 4 6 8 10 15 12 0 13 1 14 3 13 8 15 12
9

a01492091858339a 128920d4a3858845
1 0 3 2 4 6 7 11 8 15 9 0 12 2 13 7 3 8 4 9 6 13 11 15 12 2 0 4 3 6 9 7 12 13 15 0 2 3 4 7 13 9 15 12
5

a0149209185833b8 128920d4a3858845
3 0 4 2 5 6 7 11 8 15 9 0 12 2 13 7 3 8 4 9 6 13 11 15 12 2 0 4 3 6 9 7 12 13 15 0 2 3 4 7 13 9 15 12
1

a000744b8111e2d1 140b81107c4a1d0a
0 1 4 3 6 8 7 10 9 11 13 12 14 1 15 3 0 6 4 10 8 11 15 12 0 13 1 14 3 4 6 8 10 15 12 0 13 1 14 3 13 10 15 12
5

a000744b8311e251 140b81107c4a1d0a
0 1 4 3 6 8 9 10 13 11 14 12 15 1 0 3 4 6 8 10 9 11 15 12 0 13 1 14 3 4 6 8 10 15 12 0 13 1 14 3 13 10 15 12
9

80428069901c2a7d 182d381628639082
0 1 2 7 3 12 4 15 5 0 6 1 9 5 11 6 13 11 2 13 3 1 4 2 12 4 15 11 0 12 3 13 5 0 6 2 15 3 1 5 6 11 15 12
9

80428069901c687d 182d381628639082
0 1 2 7 3 12 4 15 5 0 6 1 11 5 13 6 14 11 2 13 3 1 4 2 12 4 15 11 0 12 3 13 5 0 6 2 15 3 1 5 6 11 15 12
10

d00c2a042019ba07 2001d099da844098
0 3 1 4 2 7 9 14 11 2 12 7 13 9 15 11 0 12 3 14 4 15 13 0 2 3 9 4 11 7 13 12 2 14 3 15 12 0 14 13 15
7

d00c2a042019ba25 2001d099da844098
0 3 2 4 5 7 9 14 11 2 12 7 13 9 15 11 0 12 3 14 4 15 13 0 2 3 9 4 11 7 13 12 2 14 3 15 12 0 14 13 15
7

d00c2a042019ba45 2001d099da844098
0 3 2 4 6 7 9 14 11 2 12 7 13 9 15 11 0 12 3 14 4 15 13 0 2 3 9 4 11 7 13 12 2 14 3 15 12 0 14 13 15
7

d00c2a042019bb05 2001d099da844098
0 3 2 4 8 7 9 14 11 2 12 7 13 9 15 11 0 12 3 14 4 15 13 0 2 3 9 4 11 7 13 12 2 14 3 15 12 0 14 13 15
7

d00c2a042019be05 2001d099da844098
0 3 2 4 9 7 10 14 11 2 12 7 13 9 15 11 0 12 3 14 4 15 13 0 2 3 9 4 11 7 13 12 2 14 3 15 12 0 14 13 15
7

d80c2a042019ba05 2001d099da844098
0 3 2 4 9 7 11 14 12 2 13 7 15 9 0 11 3 12 4 14 13 15 2 0 9 3 11 4 13 7 2 12 3 14 11 15 12 0 14 13 15
7

d00c2a042019ba07 2001d099da8440b8
0 3 1 4 2 5 9 7 11 14 12 2 13 7 15 9 0 11 3 12 4 14 13 15 2 0 9 3 11 4 13 7 2 12 3 14 12 15 14 0 15 13
1

d00c2a042019bb05 2001d099da8440b8
0 3 2 4 8 5 9 7 11 14 12 2 13 7 15 9 0 11 3 12 4 14 13 15 2 0 9 3 11 4 13 7 2 12 3 14 12 15 14 0 15 13
10

d00c2a042019be05 2001d099da8440b8
0 3 2 4 9 5 10 7 11 14 12 2 13 7 15 9 0 11 3 12 4 14 13 15 2 0 9 3 11 4 13 7 2 12 3 14 12 15 14 0 15 13
8

d80c2a042019ba05 2001d099da8440b8
0 3 2 4 9 5 11 7 12 14 13 2 15 7 0 9 3 11 4 12 13 14 2 15 9 0 11 3 13 4 2 7 3 12 11 14 12 15 14 0 15 13
7

d00c2a042019bb05 2001d099da8440d8
0 3 2 4 8 6 9 7 11 14 12 2 13 7 15 9 0 11 3 12 4 14 13 15 2 0 9 3 11 4 13 7 2 12 3 14 12 15 14 0 15 13
10

d80c2a042019ba05 2001d099da8440d8
0 3 2 4 9 6 11 7 12 14 13 2 15 7 0 9 3 11 4 12 13 14 2 15 9 0 11 3 13 4 2 7 3 12 11 14 12 15 14 0 15 13
7

d80c2a042019ba05 2001d099da844198
0 3 2 4 9 7 11 8 12 14 13 2 15 7 0 9 3 11 4 12 13 14 2 15 9 0 11 3 13 4 2 7 3 12 11 14 12 15 14 0 15 13
7

d80c2a042019ba05 2001d099da844498
0 3 2 4 9 7 11 10 12 14 13 2 15 7 0 9 3 11 4 12 13 14 2 15 9 0 11 3 13 4 2 7 3 12 11 14 12 15 14 0 15 13
7

d00c2a042019ba07 2001d099da864098
0 3 1 4 2 7 9 14 11 1 12 2 13 7 15 9 0 11 3 12 4 14 13 15 2 0 9 3 11 4 13 7 2 12 3 14 12 15 14 0 15 13
5

900c40138116310b 2003b00c7009c054
0 2 1 4 3 6 8 14 12 15 13 0 1 3 2 12 4 13 8 14 15 2 0 3 1 12 4 13 14 15 2 0 3 1 12 13 15
10

900c40138016330b 2003b00c7009c414
0 2 1 4 3 10 8 14 9 15 12 0 13 3 1 12 2 13 4 14 15 2 0 3 1 12 4 13 14 15 2 0 3 1 12 13 15
6

900c40138116310b 2003b00c7009c414
0 2 1 4 3 10 8 14 12 15 13 0 1 3 2 12 4 13 8 14 15 2 0 3 1 12 4 13 14 15 2 0 3 1 12 13 15
6

d0845989a00a2909 2009a0065985d096
0 1 3 2 8 4 11 7 13 12 1 14 3 15 13 0 15 2 0 7 3 8 7 11 8 12 11 14 12 1 14 2 2 13 7 15 12 0 14 3 15 13
4

d0845989a00a2929 2009a0065985d096
0 1 3 2 5 4 8 7 11 12 13 14 1 15 3 0 13 2 15 7 0 8 3 11 7 12 8 14 11 1 12 2 14 13 2 15 7 0 12 3 14 13 15
4

d0845989a00a2949 2009a0065985d096
0 1 3 2 6 4 8 7 11 12 13 14 1 15 3 0 13 2 15 7 0 8 3 11 7 12 8 14 11 1 12 2 14 13 2 15 7 0 12 3 14 13 15
4

d0845989a00a2b09 2009a0065985d096
0 1 3 2 8 4 9 7 11 12 13 14 1 15 3 0 13 2 15 7 0 8 3 11 7 12 8 14 11 1 12 2 14 13 2 15 7 0 12 3 14 13 15
4

d0845989a00a2d09 2009a0065985d096
0 1 3 2 8 4 10 7 11 12 13 14 1 15 3 0 13 2 15 7 0 8 3 11 7 12 8 14 11 1 12 2 14 13 2 15 7 0 12 3 14 13 15
4

d0865989a00a2909 2009a0065985d096
0 1 3 2 8 4 11 7 13 12 1 14 3 15 13 0 15 2 0 7 3 8 7 11 8 12 11 14 12 1 14 2 1 13 2 15 7 0 12 3 14 13 15
4

d1845989a00a2909 2009a0065985d096
0 1 3 2 8 4 11 7 13 12 1 14 3 15 13 0 15 2 0 7 3 8 7 11 8 12 11 14 12 1 14 2 2 13 7 15 8 0 12 3 14 13 15
4

d8845989a00a2909 2009a0065985d096
0 1 3 2 8 4 11 7 13 12 1 14 3 15 13 0 15 2 0 7 3 8 7 11 8 12 11 14 12 1 14 2 2 13 7 15 11 0 12 3 14 13 15
4

d0845989a00a2919 2009a0065985d0a6
0 1 3 2 4 5 8 7 11 12 13 14 1 15 3 0 13 2 15 7 0 8 3 11 7 12 8 14 11 1 12 2 14 13 2 15 7 0 12 3 14 13 15
4

d0845989a00a2b09 2009a0065985d0c6
0 1 3 2 8 6 9 7 11 12 13 14 1 15 3 0 13 2 15 7 0 8 3 11 7 12 8 14 11 1 12 2 14 13 2 15 7 0 12 3 14 13 15
10

d0845989a00a2919 2009a0065985d286
0 1 3 2 4 7 8 9 11 12 13 14 1 15 3 0 13 2 15 7 0 8 3 11 7 12 8 14 11 1 12 2 14 13 2 15 7 0 12 3 14 13 15
4

d0845989a00a2919 200ba0065985d086
0 1 3 2 4 7 8 12 11 14 13 15 1 0 3 2 13 7 15 8 0 11 3 12 7 14 8 1 11 2 12 13 14 15 2 0 7 1 12 3 14 13 15
4

d80c2a042019ba05 2011d099da844098
0 3 2 4 9 7 11 14 12 2 13 7 15 9 0 11 3 12 4 14 13 15 2 0 9 3 11 4 13 7 2 12 3 14 11 15 12 0 14 4 15 13
7

d0845989a00a2919 2109a0065985d086
0 1 3 2 4 7 8 12 11 14 13 15 1 0 3 2 13 7 15 8 0 11 3 12 7 14 8 1 11 2 12 13 14 15 2 0 7 3 12 8 14 13 15
4

80096100b204a32c 2200920d41295881
2 0 3 7 5 11 8 12 9 14 13 0 15 3 2 5 9 8 12 14 13 0 15 2 8 3 13 9 14 12 0 15 3 9 15 13
1

d80c2a042019ba05 2201d099da844098
0 3 2 4 9 7 11 14 12 2 13 7 15 9 0 11 3 12 4 14 13 15 2 0 9 3 11 4 13 7 2 12 3 14 11 15 12 0 14 9 15 13
7

d0845989a00a2919 2809a0065985d086
0 1 3 2 4 7 8 12 11 14 13 15 1 0 3 2 13 7 15 8 0 11 3 12 7 14 8 1 11 2 12 13 14 15 2 0 7 3 12 11 14 13 15
4

8980288990137a89 300bd1126b888112
0 1 3 4 7 8 9 15 11 3 12 7 13 8 14 9 0 11 1 13 4 14 12 1 15 4 0 8 3 12 7 14 11 15 13 0 7 1 8 3 11 12 15 13
6

80428069901c2a7d 302d381628639082
0 1 2 7 3 12 4 15 5 0 6 1 9 5 11 6 13 11 2 13 3 1 4 2 12 4 15 11 0 12 3 13 5 0 6 2 15 3 1 5 6 12 15 13
9

80428069901c687d 302d381628639082
0 1 2 7 3 12 4 15 5 0 6 1 11 5 13 6 14 11 2 13 3 1 4 2 12 4 15 11 0 12 3 13 5 0 6 2 15 3 1 5 6 12 15 13
10

8a0082491a1d2159 305d3814a0409a04
0 2 3 9 4 11 6 12 8 15 13 6 0 13 2 15 3 2 4 4 9 13 11 11 12 12 0 0 3 2 6 3 9 4 15 6 9 12 11 13 15
8

b9098098d8802a0b 409079012119d1d4
0 2 1 4 3 6 9 7 11 8 13 12 7 14 11 15 12 0 14 3 15 4 3 8 4 13 7 0 15 8 0 11 3 12 8 13 11 14 12 4 13 7 15 14
5

a000744b8111e2d1 500b81107c4a1d0a
0 1 4 3 6 8 7 10 9 11 13 12 14 1 15 3 0 6 4 10 8 11 15 12 0 13 1 14 3 4 6 8 10 15 12 0 13 1 14 3 13 12 15 14
5

a000744b8311e251 500b81107c4a1d0a
0 1 4 3 6 8 9 10 13 11 14 12 15 1 0 3 4 6 8 10 9 11 15 12 0 13 1 14 3 4 6 8 10 15 12 0 13 1 14 3 13 12 15 14
9

a00310bd500651a3 5018e002a0b9a05c
0 2 1 3 5 4 7 6 8 13 12 15 14 0 1 3 2 4 12 5 14 7 0 13 2 15 3 1 4 13 5 14 7 15 12 3 0 4 1 12 13 14 15
6

a00310bd500650e3 5018e002a0b9a11c
0 2 1 3 5 4 6 8 7 13 12 15 14 0 1 3 2 4 12 5 14 7 0 13 2 15 3 1 4 13 5 14 7 15 12 3 0 4 1 12 13 14 15
6

a00310bd500654a3 5018e002a0b9a11c
0 2 1 3 5 4 7 8 10 13 12 15 14 0 1 3 2 4 12 5 14 7 0 13 2 15 3 1 4 13 5 14 7 15 12 3 0 4 1 12 13 14 15
10

a00310bd500658a3 5018e002a0b9a11c
0 2 1 3 5 4 7 8 11 13 12 15 14 0 1 3 2 4 12 5 14 7 0 13 2 15 3 1 4 13 5 14 7 15 12 3 0 4 1 12 13 14 15
11

a00310bd500651a3 5018e002a0b9a41c
0 2 1 3 5 4 7 10 8 13 12 15 14 0 1 3 2 4 12 5 14 7 0 13 2 15 3 1 4 13 5 14 7 15 12 3 0 4 1 12 13 14 15
10

a00310bd500651a3 5018e002a0b9a81c
0 2 1 3 5 4 7 11 8 13 12 15 14 0 1 3 2 4 12 5 14 7 0 13 2 15 3 1 4 13 5 14 7 15 12 3 0 4 1 12 13 14 15
11

820168483141cd41 50489301ca08320a
0 1 6 3 8 9 10 12 11 13 14 3 15 9 0 11 6 14 8 15 12 0 13 8 3 9 6 12 11 15 13 3 14 6 0 12 9 14 15
5

820168483141c945 50489301ca083228
0 3 2 5 6 9 8 12 11 13 14 3 15 9 0 11 6 14 8 15 12 0 13 8 3 9 6 12 11 15 13 3 14 6 0 12 9 14 15
1

820168483141cd41 50489301ca083228
0 3 6 5 8 9 10 12 11 13 14 3 15 9 0 11 6 14 8 15 12 0 13 8 3 9 6 12 11 15 13 3 14 6 0 12 9 14 15
1

820168483141c943 50489301ca083288
0 3 1 7 6 9 8 12 11 13 14 3 15 9 0 11 6 14 8 15 12 0 13 8 3 9 6 12 11 15 13 3 14 6 0 12 9 14 15
7

820168483141c961 50489301ca083288
0 3 5 7 6 9 8 12 11 13 14 3 15 9 0 11 6 14 8 15 12 0 13 8 3 9 6 12 11 15 13 3 14 6 0 12 9 14 15
7

820168483141cd41 50489301ca083288
0 3 6 7 8 9 10 12 11 13 14 3 15 9 0 11 6 14 8 15 12 0 13 8 3 9 6 12 11 15 13 3 14 6 0 12 9 14 15
7

9288520a011740cd 58195d2889312
0 1 2 4 3 8 6 9 7 12 14 15 0 3 1 7 2 9 4 12 8 14 1 15 3 0 9 2 12 4 14 7 3 8 7 15 9 0 12 2 15
6

9288520a0117448d 58195d2889332
0 1 2 4 3 5 7 8 10 9 14 12 0 15 1 3 2 7 4 9 8 12 1 14 3 15 9 0 12 2 14 4 3 7 7 8 9 15 12 0 15 2
6

9288520a011740ad 58195d2889352
0 1 2 4 3 6 5 8 7 9 14 12 0 15 1 3 2 7 4 9 8 12 1 14 3 15 9 0 12 2 14 4 3 7 7 8 9 15 12 0 15 2
6

9288520a0117448d 58195d2889352
0 1 2 4 3 6 7 8 10 9 14 12 0 15 1 3 2 7 4 9 8 12 1 14 3 15 9 0 12 2 14 4 3 7 7 8 9 15 12 0 15 2
6

9288520a0117488d 58195d2889352
0 1 2 4 3 6 7 8 11 9 14 12 0 15 1 3 2 7 4 9 8 12 1 14 3 15 9 0 12 2 14 4 3 7 7 8 9 15 12 0 15 2
6

9288520a0117608d 58195d2889352
0 1 2 4 3 6 7 8 13 9 14 12 0 15 1 3 2 7 4 9 8 12 1 14 3 15 9 0 12 2 14 4 3 7 7 8 9 15 12 0 15 2
6

928a520a0117408d 58195d2889352
0 1 2 4 3 6 7 8 14 9 0 12 1 15 2 3 4 7 8 9 1 12 3 14 9 15 12 0 14 2 1 4 3 7 7 8 9 15 12 0 15 2
6

9298520a0117408d 58195d2889352
0 1 2 4 3 6 7 8 14 9 0 12 1 15 2 3 4 7 8 9 1 12 3 14 9 15 12 0 14 2 3 4 4 7 7 8 9 15 12 0 15 2
6

9388520a0117408d 58195d2889352
0 1 2 4 3 6 7 8 14 9 0 12 1 15 2 3 4 7 8 9 1 12 3 14 9 15 12 0 14 2 3 4 9 7 7 8 8 15 12 0 15 2
6

d288520a0117408d 58195d2889352
0 1 2 4 3 6 7 8 14 9 0 12 1 15 2 3 4 7 8 9 1 12 3 14 9 15 12 0 14 2 3 4 9 7 7 8 12 15 14 0 15 2
6

9288520a011740cd 58195d2889712
0 1 2 4 3 8 6 9 7 10 14 12 0 15 1 3 2 7 4 9 8 12 1 14 3 15 9 0 12 2 14 4 3 7 7 8 9 15 12 0 15 2
6

9288520a0117448d 58195d288b312
0 1 2 4 3 8 7 9 10 12 14 13 0 15 1 3 2 7 4 9 8 12 1 14 3 15 9 0 12 2 14 4 3 7 7 8 9 15 12 0 15 2
6

d00149808442c95d 102944759851482
0 1 2 7 3 10 4 12 6 0 8 2 11 7 14 8 15 11 1 12 6 14 10 0 15 1 7 2 8 6 11 10 14 12 0 15 12 1 14 8 15
4

d0014980844ac94d 102944759851482
0 1 2 7 3 10 6 12 8 0 11 2 14 7 15 8 1 11 3 12 6 14 10 0 15 1 7 2 8 6 11 10 14 12 0 15 12 1 14 8 15
3

d00149808442c96d 102944759851492
0 1 2 4 3 7 5 10 6 12 8 0 11 2 14 7 15 8 1 11 6 12 10 14 15 0 7 1 8 2 11 6 14 10 0 12 12 15 14 1 15 8
4

d00149808442cb4d 102944759851492
0 1 2 4 3 7 6 10 8 12 9 0 11 2 14 7 15 8 1 11 6 12 10 14 15 0 7 1 8 2 11 6 14 10 0 12 12 15 14 1 15 8
4

d00149808442e94d 102944759851492
0 1 2 4 3 7 6 10 8 12 11 0 13 2 14 7 15 8 1 11 6 12 10 14 15 0 7 1 8 2 11 6 14 10 0 12 12 15 14 1 15 8
4

d0014980844ac94d 102944759851492
0 1 2 4 3 7 6 10 8 12 11 0 14 2 15 7 1 8 3 11 6 12 10 14 15 0 7 1 8 2 11 6 14 10 0 12 12 15 14 1 15 8
4

d00549808442c94d 102944759851492
0 1 2 4 3 7 6 10 8 12 11 0 14 2 15 7 1 8 6 11 10 12 15 14 7 0 8 1 11 2 14 6 0 10 2 12 12 15 14 1 15 8
4

d04149808442c94d 102944759851492
0 1 2 4 3 7 6 10 8 12 11 0 14 2 15 7 1 8 6 11 10 12 15 14 7 0 8 1 11 2 14 6 0 10 6 12 12 15 14 1 15 8
4

d08149808442c94d 102944759851492
0 1 2 4 3 7 6 10 8 12 11 0 14 2 15 7 1 8 6 11 10 12 15 14 7 0 8 1 11 2 14 6 0 10 7 12 12 15 14 1 15 8
4

d40149808442c94d 102944759851492
0 1 2 4 3 7 6 10 8 12 11 0 14 2 15 7 1 8 6 11 10 12 15 14 7 0 8 1 11 2 14 6 0 10 10 12 12 15 14 1 15 8
4

d80149808442c94d 102944759851492
0 1 2 4 3 7 6 10 8 12 11 0 14 2 15 7 1 8 6 11 10 12 15 14 7 0 8 1 11 2 14 6 0 10 11 12 12 15 14 1 15 8
4

d00149808442c95d 1029447598514a2
0 1 2 5 3 7 4 10 6 12 8 0 11 2 14 7 15 8 1 11 6 12 10 14 15 0 7 1 8 2 11 6 14 10 0 12 12 15 14 1 15 8
4

d00149808442c95d 102944759851682
0 1 2 7 3 9 4 10 6 12 8 0 11 2 14 7 15 8 1 11 6 12 10 14 15 0 7 1 8 2 11 6 14 10 0 12 12 15 14 1 15 8
4

d00149808442c95d 102944759853482
0 1 2 7 3 10 4 12 6 13 8 0 11 2 14 7 15 8 1 11 6 12 10 14 15 0 7 1 8 2 11 6 14 10 0 12 12 15 14 1 15 8
4

d00149808442c95d 1029447598d1482
0 1 2 7 3 10 4 12 6 0 8 2 11 3 14 7 15 8 1 11 6 12 10 14 15 0 7 1 8 2 11 6 14 10 0 12 12 15 14 1 15 8
4

d00149808442c96d 102944759a51482
0 1 2 7 3 10 5 12 6 0 8 2 11 5 14 7 15 8 1 11 6 12 10 14 15 0 7 1 8 2 11 6 14 10 0 12 12 15 14 1 15 8
5

d00149808442cb4d 10294475b851482
0 1 2 7 3 10 6 12 8 0 9 2 11 7 14 8 15 9 1 11 6 12 10 14 15 0 7 1 8 2 11 6 14 10 0 12 12 15 14 1 15 8
9

d00149808442c95d 106944759851482
0 1 2 7 3 10 4 12 6 0 8 2 11 7 14 8 15 11 1 12 6 14 10 0 15 1 7 2 8 6 11 10 14 12 0 15 12 1 14 2 15 8
4

d00149808442c95d 142944759851482
0 1 2 7 3 10 4 12 6 0 8 2 11 7 14 8 15 11 1 12 6 14 10 0 15 1 7 2 8 6 11 10 14 12 0 15 12 1 14 6 15 8
4

d00149808442c95d 182944759851482
0 1 2 7 3 10 4 12 6 0 8 2 11 7 14 8 15 11 1 12 6 14 10 0 15 1 7 2 8 6 11 10 14 12 0 15 12 1 14 7 15 8
4

d00149808442c95d 502944759851482
0 1 2 7 3 10 4 12 6 0 8 2 11 7 14 8 15 11 1 12 6 14 10 0 15 1 7 2 8 6 11 10 14 12 0 15 12 1 14 8 15 10
4

903184b8a50c2cd8 508390558b1d125
3 0 4 2 6 5 7 8 10 12 11 14 13 15 2 0 3 4 8 5 10 7 13 11 15 12 3 14 4 0 5 2 7 8 10 11 15 12 0 13 4 3 5 8 12 10 15
6

903184b8a50c2cd8 508390558b1d127
3 0 4 1 6 2 7 5 10 8 11 12 13 14 2 15 3 0 8 4 10 5 13 7 15 11 3 12 4 14 5 0 7 2 10 8 15 11 0 12 4 13 5 3 12 8 15 10
6

903184b8a50c2c9a 508390558b1d165
1 0 3 2 4 5 7 6 10 8 11 12 13 14 2 15 3 0 8 4 10 5 13 7 15 11 3 12 4 14 5 0 7 2 10 8 15 11 0 12 4 13 5 3 12 8 15 10
6

903184b8a50c2e98 508390558b1d165
3 0 4 2 7 5 9 6 10 8 11 12 13 14 2 15 3 0 8 4 10 5 13 7 15 11 3 12 4 14 5 0 7 2 10 8 15 11 0 12 4 13 5 3 12 8 15 10
6

9031c4b8a50c2c98 508390558b1d165
3 0 4 2 7 5 10 6 11 8 13 12 2 14 3 15 8 0 10 4 13 5 15 7 3 11 4 12 5 14 7 0 10 2 14 8 15 11 0 12 4 13 5 3 12 8 15 10
6

903584b8a50c2c98 508390558b1d165
3 0 4 2 7 5 10 6 11 8 13 12 2 14 3 15 8 0 10 4 13 5 15 7 3 11 4 12 5 14 7 0 10 2 15 8 0 11 2 12 4 13 5 3 12 8 15 10
6

90b184b8a50c2c98 508390558b1d165
3 0 4 2 7 5 10 6 11 8 13 12 2 14 3 15 8 0 10 4 13 5 15 7 3 11 4 12 5 14 7 0 10 2 15 8 0 11 4 12 5 13 7 3 12 8 15 10
6

983184b8a50c2c98 508390558b1d165
3 0 4 2 7 5 10 6 11 8 13 12 2 14 3 15 8 0 10 4 13 5 15 7 3 11 4 12 5 14 7 0 10 2 15 8 0 11 4 12 5 13 11 3 12 8 15 10
6

b03184b8a50c2c98 508390558b1d165
3 0 4 2 7 5 10 6 11 8 13 12 2 14 3 15 8 0 10 4 13 5 15 7 3 11 4 12 5 14 7 0 10 2 15 8 0 11 4 12 5 13 12 3 13 8 15 10
6

903184b8a50c2cd8 508390558b1d325
3 0 4 2 6 5 7 8 10 9 11 12 13 14 2 15 3 0 8 4 10 5 13 7 15 11 3 12 4 14 5 0 7 2 10 8 15 11 0 12 4 13 5 3 12 8 15 10
6

903184b8a50c2cd8 508790558b1d125
3 0 4 2 6 5 7 8 10 12 11 14 13 15 2 0 3 4 8 5 10 7 13 11 15 12 3 14 4 0 5 2 7 8 10 11 15 12 0 13 4 14 5 3 12 8 15 10
6

b03184b8a50c2c98 508790558b1d125
3 0 4 2 7 5 10 8 11 12 13 14 2 15 3 0 8 4 10 5 13 7 15 11 3 12 4 14 5 0 7 2 10 8 15 11 0 12 4 13 5 14 12 3 13 8 15 10
14

903184b8a50c2cd8 50c390558b1d125
3 0 4 2 6 5 7 8 10 12 11 14 13 15 2 0 3 4 8 5 10 7 13 11 15 12 3 14 4 0 5 2 7 8 10 11 15 12 0 13 4 2 5 3 12 8 15 10
6

903184b8a50c2cd8 588390558b1d125
3 0 4 2 6 5 7 8 10 12 11 14 13 15 2 0 3 4 8 5 10 7 13 11 15 12 3 14 4 0 5 2 7 8 10 11 15 12 0 13 4 3 5 7 12 8 15 10
6

d00149808442c95d 902944759851482
0 1 2 7 3 10 4 12 6 0 8 2 11 7 14 8 15 11 1 12 6 14 10 0 15 1 7 2 8 6 11 10 14 12 0 15 12 1 14 8 15 11
4

903184b8a50c2cd8 d08390558b1d125
3 0 4 2 6 5 7 8 10 12 11 14 13 15 2 0 3 4 8 5 10 7 13 11 15 12 3 14 4 0 5 2 7 8 10 11 15 12 0 13 4 3 5 8 12 10 15 11
6

800110b8d03131bc 103ca405248cc443
2 0 3 1 4 6 5 10 7 14 8 15 12 2 13 3 0 7 4 10 5 13 12 0 14 2 15 10 3 13 4 15 5 2 7 3 12 4 0 5 15 12
8

800110b8d07130bc 103ca405248cc443
2 0 3 1 4 6 5 10 7 14 12 15 13 2 0 3 4 7 5 10 6 13 12 0 14 2 15 10 3 13 4 15 5 2 7 3 12 4 0 5 15 12
6

800150b8d03130bc 103ca405248cc541
2 0 3 6 4 8 5 10 7 14 12 15 13 2 0 3 4 7 5 10 12 13 14 0 15 2 3 10 4 13 5 15 7 2 12 3 14 4 0 5 15 12
8

808110b8d03130bc 103ca405248cc541
2 0 3 6 4 8 5 10 7 14 12 15 13 2 0 3 4 7 5 10 12 13 14 0 15 2 3 10 4 13 5 15 7 2 12 3 0 4 7 5 15 12
8

a00110b8d03130bc 103ca405248cc541
2 0 3 6 4 8 5 10 7 14 12 15 13 2 0 3 4 7 5 10 12 13 14 0 15 2 3 10 4 13 5 15 7 2 12 3 0 4 13 5 15 12
8

800110b8d07130bc 103ca405248cc641
2 0 3 6 4 9 5 10 7 14 12 15 13 2 0 3 4 7 5 10 6 13 12 0 14 2 15 10 3 13 4 15 5 2 7 3 12 4 0 5 15 12
6

800110b8d03130be 103ca405248ccc41
1 0 2 6 3 10 4 11 5 14 7 15 12 2 13 3 0 7 4 10 5 13 12 0 14 2 15 10 3 13 4 15 5 2 7 3 12 4 0 5 15 12
9

800110b8d03131bc 103ca405248ccc41
2 0 3 6 4 10 5 11 7 14 8 15 12 2 13 3 0 7 4 10 5 13 12 0 14 2 15 10 3 13 4 15 5 2 7 3 12 4 0 5 15 12
8

800110b8d07130bc 103ca405248ccc41
2 0 3 6 4 10 5 11 7 14 12 15 13 2 0 3 4 7 5 10 6 13 12 0 14 2 15 10 3 13 4 15 5 2 7 3 12 4 0 5 15 12
6

800110b8d03138bc 103ca40524ccc441
2 0 3 6 4 10 5 14 7 15 11 2 12 3 13 6 0 7 4 10 5 13 12 0 14 2 15 10 3 13 4 15 5 2 7 3 12 4 0 5 15 12
6

800150b8d03130bc 103ca40524ccc441
2 0 3 6 4 10 5 14 7 15 12 2 13 3 0 6 4 7 5 10 12 13 14 0 15 2 3 10 4 13 5 15 7 2 12 3 14 4 0 5 15 12
6

808110b8d03130bc 103ca40524ccc441
2 0 3 6 4 10 5 14 7 15 12 2 13 3 0 6 4 7 5 10 12 13 14 0 15 2 3 10 4 13 5 15 7 2 12 3 0 4 7 5 15 12
6

840110b8d03130bc 103ca40524ccc441
2 0 3 6 4 10 5 14 7 15 12 2 13 3 0 6 4 7 5 10 12 13 14 0 15 2 3 10 4 13 5 15 7 2 12 3 0 4 10 5 15 12
6

a00110b8d03130bc 103ca40524ccc441
2 0 3 6 4 10 5 14 7 15 12 2 13 3 0 6 4 7 5 10 12 13 14 0 15 2 3 10 4 13 5 15 7 2 12 3 0 4 13 5 15 12
6

800110b8d03130be 103ce405248cc441
1 0 2 6 3 10 4 14 5 15 7 2 12 3 13 7 0 10 4 13 5 0 12 2 14 10 15 13 3 14 4 15 5 2 7 3 12 4 0 5 15 12
9

800110b8d07130bc 103ce405248cc441
2 0 3 6 4 10 5 14 7 15 12 2 13 3 0 7 4 10 5 13 6 0 12 2 14 10 15 13 3 14 4 15 5 2 7 3 12 4 0 5 15 12
6

a801b081481eb288 1088481eb0814c17
3 0 7 1 9 2 12 4 13 10 15 11 1 14 2 0 3 7 4 12 11 13 14 15 0 1 7 2 12 3 13 4 15 11 0 14 11 3 13 7 15 12
6

c001d1b0004931bc 10980049d1b4c841
2 0 3 6 4 11 5 14 7 15 8 2 12 4 13 5 0 7 3 8 6 12 4 14 5 15 7 0 8 3 12 6 14 3 15 4 0 7 14 12 15
13

c001d1b0004931bc 10980049d1b4c843
2 0 3 1 4 6 5 11 7 14 8 15 12 2 13 4 0 5 3 7 6 8 4 12 5 14 7 15 8 0 12 3 14 6 15 3 0 4 14 7 15 12
13

c001d1b0004931bc 10980049d1b4ca41
2 0 3 6 4 9 5 11 7 14 8 15 12 2 13 4 0 5 3 7 6 8 4 12 5 14 7 15 8 0 12 3 14 6 15 3 0 4 14 7 15 12
13

c001d1b0004931bc 10980049d1b4cc41
2 0 3 6 4 10 5 11 7 14 8 15 12 2 13 4 0 5 3 7 6 8 4 12 5 14 7 15 8 0 12 3 14 6 15 3 0 4 14 7 15 12
13

c001d1b0004911be 10980049d1b4e841
1 0 2 6 3 11 4 13 5 14 7 15 8 2 12 4 0 5 3 7 6 8 4 12 5 14 7 15 8 0 12 3 14 6 15 3 0 4 14 7 15 12
13

c001d1b0004913bc 10980049d1b4e841
2 0 3 6 4 11 5 13 7 14 8 15 9 2 12 4 0 5 3 7 6 8 4 12 5 14 7 15 8 0 12 3 14 6 15 3 0 4 14 7 15 12
13

c001d1b0004915bc 10980049d1b4e841
2 0 3 6 4 11 5 13 7 14 8 15 10 2 12 4 0 5 3 7 6 8 4 12 5 14 7 15 8 0 12 3 14 6 15 3 0 4 14 7 15 12
13

c001d1b0084911bc 10980049d1b4e841
2 0 3 6 4 11 5 13 7 14 8 15 12 2 0 4 3 5 6 7 11 8 4 12 5 14 7 15 8 0 12 3 14 6 15 3 0 4 14 7 15 12
13

c001d1b4004911bc 10980049d1b4e841
2 0 3 6 4 11 5 13 7 14 8 15 12 2 0 4 3 5 6 7 2 8 4 12 5 14 7 15 8 0 12 3 14 6 15 3 0 4 14 7 15 12
13

c021d1b0004911bc 10980049d1b4e841
2 0 3 6 4 11 5 13 7 14 8 15 12 2 0 4 3 5 6 7 4 8 5 12 7 14 8 15 12 0 14 3 15 6 0 3 5 4 14 7 15 12
13

c041d1b0004911bc 10980049d1b4e841
2 0 3 6 4 11 5 13 7 14 8 15 12 2 0 4 3 5 6 7 4 8 5 12 7 14 8 15 12 0 14 3 15 6 0 3 6 4 14 7 15 12
13

c101d1b0004911bc 10980049d1b4e841
2 0 3 6 4 11 5 13 7 14 8 15 12 2 0 4 3 5 6 7 4 8 5 12 7 14 8 15 12 0 14 3 15 6 0 3 8 4 14 7 15 12
13

c001d1b0004931bc 10980049d9b4c841
2 0 3 6 4 11 5 14 7 15 8 2 12 4 13 5 0 7 3 8 6 11 4 12 5 14 7 15 8 0 12 3 14 6 15 3 0 4 14 7 15 12
13

c001d1b0004931bc 1098004dd1b4c841
2 0 3 6 4 11 5 14 7 15 8 2 12 4 13 5 0 7 3 8 6 12 4 14 5 15 7 0 8 2 12 3 14 6 15 3 0 4 14 7 15 12
13

c001d1b0004931bc 10b80049d1b4c841
2 0 3 6 4 11 5 14 7 15 8 2 12 4 13 5 0 7 3 8 6 12 4 14 5 15 7 0 8 3 12 6 14 3 15 4 0 5 14 7 15 12
13

800110b8d03130be 10bca405248cc441
1 0 2 6 3 10 4 14 5 15 7 2 12 3 13 7 0 10 4 13 5 0 12 2 14 10 15 13 3 15 4 2 5 3 7 4 12 5 0 7 15 12
9

800110b8d07130bc 10bca405248cc441
2 0 3 6 4 10 5 14 7 15 12 2 13 3 0 7 4 10 5 13 6 0 12 2 14 10 15 13 3 15 4 2 5 3 7 4 12 5 0 7 15 12
6

c001d1b0004931bc 10d80049d1b4c841
2 0 3 6 4 11 5 14 7 15 8 2 12 4 13 5 0 7 3 8 6 12 4 14 5 15 7 0 8 3 12 6 14 3 15 4 0 6 14 7 15 12
13

88491c02e50b3807 1106e14d1844c568
0 3 1 5 2 6 11 8 12 10 13 14 0 15 1 2 3 6 8 11 10 12 13 0 14 2 15 3 1 6 10 8 11 13 12 14 0 15 3 1 6 2 11 8 15 12
5

88491c02e70b3807 1106e14d1844c748
0 3 1 6 2 8 11 9 12 10 13 14 0 15 1 2 3 6 8 11 9 12 10 0 13 2 14 3 15 6 1 8 10 13 11 14 12 15 0 1 3 2 6 8 11 12 15
9

c001d1b0004931bc 11980049d1b4c841
2 0 3 6 4 11 5 14 7 15 8 2 12 4 13 5 0 7 3 8 6 12 4 14 5 15 7 0 8 3 12 6 14 3 15 4 0 7 14 8 15 12
13

a044b81c027192ae 120b0263b80e2951
1 0 2 4 3 6 5 8 7 11 9 13 12 1 15 2 0 3 4 11 5 12 6 13 9 15 2 0 3 1 4 5 11 6 12 9 13 0 15 1 2 3 6 9 13 12 15
7

a044b81c0271d22e 120b0263b80e2951
1 0 2 4 3 6 5 8 9 11 12 13 14 1 15 2 0 3 4 11 5 12 6 13 9 15 2 0 3 1 4 5 11 6 12 9 13 0 15 1 2 3 6 9 13 12 15
14

a044b81c0271962e 120b0263b80e29d1
1 0 2 4 3 6 5 7 9 8 10 11 12 13 15 1 0 2 4 3 5 11 6 12 9 13 2 15 3 0 4 1 11 5 12 6 13 9 15 0 2 1 6 3 13 9 15 12
7

a044b81c0271d22e 120b0263b80e29d1
1 0 2 4 3 6 5 7 9 8 12 11 14 13 15 1 0 2 4 3 5 11 6 12 9 13 2 15 3 0 4 1 11 5 12 6 13 9 15 0 2 1 6 3 13 9 15 12
7

a044b81c0371922e 120b0263b80e29d1
1 0 2 4 3 6 5 7 9 8 12 11 15 13 0 1 4 2 5 3 6 11 8 12 9 13 2 15 3 0 4 1 11 5 12 6 13 9 15 0 2 1 6 3 13 9 15 12
7

a054b81c0271922e 120b0263b80e29d1
1 0 2 4 3 6 5 7 9 8 12 11 15 13 0 1 4 2 5 3 6 11 9 12 2 13 3 15 4 0 11 1 12 5 13 6 15 9 2 0 4 1 6 3 13 9 15 12
7

a064b81c0271922e 120b0263b80e29d1
1 0 2 4 3 6 5 7 9 8 12 11 15 13 0 1 4 2 5 3 6 11 9 12 2 13 3 15 4 0 11 1 12 5 13 6 15 9 2 0 5 1 6 3 13 9 15 12
7

a844b81c0271922e 120b0263b80e29d1
1 0 2 4 3 6 5 7 9 8 12 11 15 13 0 1 4 2 5 3 6 11 9 12 2 13 3 15 4 0 11 1 12 5 13 6 15 9 2 0 6 1 11 3 13 9 15 12
7

a044b81c027192ae 120b0263b80e2d51
1 0 2 4 3 6 5 8 7 10 9 11 12 13 15 1 0 2 4 3 5 11 6 12 9 13 2 15 3 0 4 1 11 5 12 6 13 9 15 0 2 1 6 3 13 9 15 12
7

a044b81c027192ae 120b0263b80e6951
1 0 2 4 3 6 5 8 7 11 9 13 12 14 15 1 0 2 4 3 5 11 6 12 9 13 2 15 3 0 4 1 11 5 12 6 13 9 15 0 2 1 6 3 13 9 15 12
7

a044b81c027192ae 120b0263b90e2951
1 0 2 4 3 6 5 8 7 11 9 13 12 1 15 2 0 3 4 8 5 11 6 12 9 13 2 15 3 0 4 1 11 5 12 6 13 9 15 0 2 1 6 3 13 9 15 12
7

a044b81c027192ae 121b0263b80e2951
1 0 2 4 3 6 5 8 7 11 9 13 12 1 15 2 0 3 4 11 5 12 6 13 9 15 2 0 3 1 4 5 11 6 12 9 13 0 15 1 2 3 6 4 13 9 15 12
7

a044b81c027192ae 122b0263b80e2951
1 0 2 4 3 6 5 8 7 11 9 13 12 1 15 2 0 3 4 11 5 12 6 13 9 15 2 0 3 1 4 5 11 6 12 9 13 0 15 1 2 3 6 5 13 9 15 12
7

a129180a01769837 1812a171b80925c8
0 3 1 6 2 7 4 8 5 10 11 13 12 0 15 3 1 11 2 12 4 13 5 15 6 0 8 4 1 5 3 6 11 8 12 13 0 15 3 1 5 4 8 11 13 12 15
7

a149180a01769837 1812a171b80925c8
0 3 1 6 2 7 4 8 5 10 11 13 12 0 15 3 1 11 2 12 4 13 5 15 6 0 8 4 1 5 3 6 11 8 12 13 0 15 3 1 6 4 8 11 13 12 15
7

a129180a01769837 1812a171b8092748
0 3 1 6 2 8 4 9 5 10 11 13 12 0 15 3 1 11 2 12 4 13 5 15 6 0 8 4 1 5 3 6 11 8 12 13 0 15 3 1 5 4 8 11 13 12 15
9

a149180a01769837 1812a171b8092748
0 3 1 6 2 8 4 9 5 10 11 13 12 0 15 3 1 11 2 12 4 13 5 15 6 0 8 4 1 5 3 6 11 8 12 13 0 15 3 1 6 4 8 11 13 12 15
9

a129180a01769837 1812a171b8096548
0 3 1 6 2 8 4 10 5 13 11 14 12 0 15 3 1 11 2 12 4 13 5 15 6 0 8 4 1 5 3 6 11 8 12 13 0 15 3 1 5 4 8 11 13 12 15
14

a149180a01769837 1812a171b8096548
0 3 1 6 2 8 4 10 5 13 11 14 12 0 15 3 1 11 2 12 4 13 5 15 6 0 8 4 1 5 3 6 11 8 12 13 0 15 3 1 6 4 8 11 13 12 15
14

a129180a01769837 1812a171bc092548
0 3 1 6 2 8 4 10 5 13 11 0 12 3 15 10 1 11 2 12 4 13 5 15 6 0 8 4 1 5 3 6 11 8 12 13 0 15 3 1 5 4 8 11 13 12 15
10

a149180a01769837 1812a171bc092548
0 3 1 6 2 8 4 10 5 13 11 0 12 3 15 10 1 11 2 12 4 13 5 15 6 0 8 4 1 5 3 6 11 8 12 13 0 15 3 1 6 4 8 11 13 12 15
10

a109180a017698b7 1812a175b8092548
0 3 1 6 2 8 4 10 5 13 7 0 11 3 12 11 15 12 1 13 2 15 4 0 5 2 6 4 8 5 1 6 3 8 11 13 12 15 0 1 3 4 8 11 13 12 15
7

a109180a05769837 1812a175b8092548
0 3 1 6 2 8 4 10 5 13 11 0 12 3 15 11 1 12 2 13 4 15 5 0 6 2 8 4 10 5 1 6 3 8 11 13 12 15 0 1 3 4 8 11 13 12 15
10

a109180a017698b7 1832a171b8092548
0 3 1 6 2 8 4 10 5 13 7 0 11 3 12 11 15 12 1 13 2 15 4 0 5 4 6 5 8 6 1 8 3 13 11 15 12 1 0 4 3 5 8 11 13 12 15
7

a109180a01769a37 1832a171b8092548
0 3 1 6 2 8 4 10 5 13 9 0 11 3 12 11 15 12 1 13 2 15 4 0 5 4 6 5 8 6 1 8 3 13 11 15 12 1 0 4 3 5 8 11 13 12 15
9

a109180a0176d837 1832a171b8092548
0 3 1 6 2 8 4 10 5 13 11 0 12 3 14 11 15 12 1 13 2 15 4 0 5 4 6 5 8 6 1 8 3 13 11 15 12 1 0 4 3 5 8 11 13 12 15
14

a109180a05769837 1832a171b8092548
0 3 1 6 2 8 4 10 5 13 11 0 12 3 15 11 1 12 2 13 4 15 5 0 6 4 8 5 10 6 1 8 3 13 11 15 12 1 0 4 3 5 8 11 13 12 15
10

a109180a017698b7 1852a171b8092548
0 3 1 6 2 8 4 10 5 13 7 0 11 3 12 11 15 12 1 13 2 15 4 0 5 4 6 5 8 6 1 8 3 13 11 15 12 1 0 4 3 6 8 11 13 12 15
7

a109180a01769a37 1852a171b8092548
0 3 1 6 2 8 4 10 5 13 9 0 11 3 12 11 15 12 1 13 2 15 4 0 5 4 6 5 8 6 1 8 3 13 11 15 12 1 0 4 3 6 8 11 13 12 15
9

a109180a0176d837 1852a171b8092548
0 3 1 6 2 8 4 10 5 13 11 0 12 3 14 11 15 12 1 13 2 15 4 0 5 4 6 5 8 6 1 8 3 13 11 15 12 1 0 4 3 6 8 11 13 12 15
14

a109180a05769837 1852a171b8092548
0 3 1 6 2 8 4 10 5 13 11 0 12 3 15 11 1 12 2 13 4 15 5 0 6 4 8 5 10 6 1 8 3 13 11 15 12 1 0 4 3 6 8 11 13 12 15
10

801d51091b12c109 19028816c00d1e16
0 1 3 2 8 4 14 9 15 10 1 11 4 12 8 0 9 2 11 3 12 14 0 15 3 1 8 2 12 4 14 11 0 15 2 1 3 8 4 11 15 12
10

801d51091b12c149 19028816c00d3a16
0 1 3 2 6 4 8 9 14 11 15 12 1 13 4 0 8 2 9 3 11 14 12 15 0 1 3 2 8 4 12 11 14 15 0 1 2 8 3 11 4 12 15
5

801d51091b12c189 19028816c00d3a16
0 1 3 2 7 4 8 9 14 11 15 12 1 13 4 0 8 2 9 3 11 14 12 15 0 1 3 2 8 4 12 11 14 15 0 1 2 8 3 11 4 12 15
5

801d51091b12c509 19028816c00d3a16
0 1 3 2 8 4 10 9 14 11 15 12 1 13 4 0 8 2 9 3 11 14 12 15 0 1 3 2 8 4 12 11 14 15 0 1 2 8 3 11 4 12 15
5

801d51093b12c109 19028816c00d3a16
0 1 3 2 8 4 14 9 15 11 1 12 4 13 8 0 9 2 11 3 12 14 13 15 0 1 3 2 8 4 12 11 14 15 0 1 2 8 3 11 4 12 15
5

801d53091b12c109 19028816c00d3a16
0 1 3 2 8 4 14 9 15 11 1 12 4 13 8 0 9 2 11 3 12 14 0 15 3 1 8 2 9 4 12 11 14 15 0 1 2 8 3 11 4 12 15
5

c01d51091b12c109 19028816c00d3a16
0 1 3 2 8 4 14 9 15 11 1 12 4 13 8 0 9 2 11 3 12 14 0 15 3 1 8 2 12 4 14 11 0 15 2 1 3 8 4 11 14 12 15
5

801d51091b12c509 19028a16c00d1a16
0 1 3 2 8 4 10 9 14 11 15 12 1 0 4 2 8 3 9 14 11 15 12 1 0 2 3 4 8 9 12 11 14 15 0 1 2 8 3 11 4 12 15
10

a044b81c027192ae 1a0b0263b80e2951
1 0 2 4 3 6 5 8 7 11 9 13 12 1 15 2 0 3 4 11 5 12 6 13 9 15 2 0 3 1 4 5 11 6 12 9 13 0 15 1 2 3 6 9 13 11 15 12
7

d00b2128550870c7 2060d443a0e38538
0 3 1 4 2 5 6 8 7 10 12 15 13 0 14 1 3 5 8 6 10 7 12 13 14 15 3 0 5 1 8 6 13 10 0 12 1 14 3 15 12 5 14 6 15 13
4

d00b2128550878c7 2060d443a0e38538
0 3 1 4 2 5 6 8 7 10 11 15 12 0 13 1 14 5 3 6 8 7 10 13 12 15 14 0 3 1 5 6 8 10 13 12 0 14 1 15 3 5 12 6 14 13 15
4

d10b2128550870c7 2060d443a0e38538
0 3 1 4 2 5 6 8 7 10 12 15 13 0 14 1 3 5 8 6 10 7 12 13 14 15 3 0 5 1 8 6 13 10 0 12 1 14 3 15 8 5 12 6 14 13 15
4

d40b2128550870c7 2060d443a0e38538
0 3 1 4 2 5 6 8 7 10 12 15 13 0 14 1 3 5 8 6 10 7 12 13 14 15 3 0 5 1 8 6 13 10 0 12 1 14 3 15 10 5 12 6 14 13 15
4

d00b2128550870c7 2060d443a0e38728
0 3 1 5 2 8 6 9 7 10 12 15 13 0 14 1 3 5 8 6 10 7 12 13 14 15 3 0 5 1 8 6 13 10 0 12 1 14 3 15 12 5 14 6 15 13
9

d00b2128550878c7 2060d443a0e38728
0 3 1 5 2 8 6 9 7 10 11 15 12 0 13 1 14 5 3 6 8 7 10 13 12 15 14 0 3 1 5 6 8 10 13 12 0 14 1 15 3 5 12 6 14 13 15
9

d00b2128550872c7 2060d443a0e38d28
0 3 1 5 2 8 6 10 7 11 9 15 12 0 13 1 14 5 3 6 8 7 10 13 12 15 14 0 3 1 5 6 8 10 13 12 0 14 1 15 3 5 12 6 14 13 15
9

d00b2128550870d7 2060d4c3a0e38528
0 3 1 5 2 8 4 10 6 15 7 0 12 1 13 5 14 6 3 7 8 13 10 15 12 0 14 1 3 6 5 7 8 10 13 12 0 14 1 15 3 5 12 6 14 13 15
4

d00b2128550872c7 2060d4c3a0e38528
0 3 1 5 2 8 6 10 7 15 9 0 12 1 13 5 14 6 3 7 8 13 10 15 12 0 14 1 3 6 5 7 8 10 13 12 0 14 1 15 3 5 12 6 14 13 15
9

d00b2128550870d7 2160d443a0e38528
0 3 1 5 2 8 4 10 6 15 7 0 12 1 13 5 14 6 3 7 8 13 10 15 12 0 14 1 3 6 5 10 8 12 13 14 0 15 1 5 3 6 12 8 14 13 15
4

d00b2128550872c7 2160d443a0e38528
0 3 1 5 2 8 6 10 7 15 9 0 12 1 13 5 14 6 3 7 8 13 10 15 12 0 14 1 3 6 5 10 8 12 13 14 0 15 1 5 3 6 12 8 14 13 15
9

d00b2128550870d7 2460d443a0e38528
0 3 1 5 2 8 4 10 6 15 7 0 12 1 13 5 14 6 3 7 8 13 10 15 12 0 14 1 3 6 5 10 8 12 13 14 0 15 1 5 3 6 12 10 14 13 15
4

d00b2128550872c7 2460d443a0e38528
0 3 1 5 2 8 6 10 7 15 9 0 12 1 13 5 14 6 3 7 8 13 10 15 12 0 14 1 3 6 5 10 8 12 13 14 0 15 1 5 3 6 12 10 14 13 15
9

903184b8a50c2cd8 2508390558b1d125
3 0 4 2 6 5 7 8 10 12 11 14 13 15 2 0 3 4 8 5 10 7 13 11 15 12 3 14 4 0 5 2 7 8 10 11 15 12 0 13 4 3 5 8 12 10 15 13
6

800110b8d03130be 303ca405248cc441
1 0 2 6 3 10 4 14 5 15 7 2 12 3 13 7 0 10 4 13 5 0 12 2 14 10 15 13 3 15 4 2 5 3 7 4 12 5 0 12 15 13
9

800110b8d07130bc 303ca405248cc441
2 0 3 6 4 10 5 14 7 15 12 2 13 3 0 7 4 10 5 13 6 0 12 2 14 10 15 13 3 15 4 2 5 3 7 4 12 5 0 12 15 13
6

b80ee8081106228d 40011107ec09dd02
0 1 2 8 3 10 7 11 9 12 13 14 1 15 2 0 8 3 12 10 3 11 11 13 13 14 14 15 15 0 3 1 1 2 2 8 11 12 12 0 13 14 15
7

b80ee8081106228d 40011107ec09dd12
0 1 2 4 3 8 7 10 9 11 13 12 1 14 2 15 8 0 12 3 3 10 3 11 11 13 13 14 14 15 15 0 11 1 1 2 2 8 13 12 12 0 15 14
7

b80ee8081106228d 40011107ec09dd22
0 1 2 5 3 8 7 10 9 11 13 12 1 14 2 15 8 0 12 3 3 10 3 11 11 13 13 14 14 15 15 0 11 1 1 2 2 8 13 12 12 0 15 14
7

b80eec081106220d 40011107ec09dd22
0 1 2 5 3 8 9 10 13 11 1 12 2 14 8 15 12 3 3 0 3 10 10 11 11 13 13 14 14 15 15 0 11 1 1 2 2 8 13 12 12 0 15 14
5

b80ee8081106228d 40011107ec09dd42
0 1 2 6 3 8 7 10 9 11 13 12 1 14 2 15 8 0 12 3 3 10 3 11 11 13 13 14 14 15 15 0 11 1 1 2 2 8 13 12 12 0 15 14
7

b80ee8081106221d 40011107ec09dd82
0 1 2 7 3 8 4 10 9 11 13 12 1 14 2 15 8 0 12 3 3 10 3 11 11 13 13 14 14 15 15 0 11 1 1 2 2 8 13 12 12 0 15 14
7

b80ee8081106222d 40011107ec09dd82
0 1 2 7 3 8 5 10 9 11 13 12 1 14 2 15 8 0 12 3 3 10 3 11 11 13 13 14 14 15 15 0 11 1 1 2 2 8 13 12 12 0 15 14
7

b80ee8081106224d 40011107ec09dd82
0 1 2 7 3 8 6 10 9 11 13 12 1 14 2 15 8 0 12 3 3 10 3 11 11 13 13 14 14 15 15 0 11 1 1 2 2 8 13 12 12 0 15 14
7

b80ee8081306220d 40011107ec09dd82
0 1 2 7 3 8 9 10 13 11 1 12 2 14 8 15 9 0 12 3 3 10 3 11 11 13 13 14 14 15 15 0 11 1 1 2 2 8 13 12 12 0 15 14
7

b80eec081106220d 40011107ec09dd82
0 1 2 7 3 8 9 10 13 11 1 12 2 14 8 15 12 3 3 0 3 10 10 11 11 13 13 14 14 15 15 0 11 1 1 2 2 8 13 12 12 0 15 14
7

b90ee8081106220d 40011107ec09dd82
0 1 2 7 3 8 9 10 13 11 1 12 2 14 8 15 12 3 3 0 3 11 11 10 11 13 13 14 14 15 15 0 13 1 1 2 2 8 8 12 12 0 15 14
7

b80ee8081106228d 40011107ee09dd02
0 1 2 8 3 10 7 11 9 12 13 14 1 15 2 0 8 3 12 9 3 10 3 11 11 13 13 14 14 15 15 0 11 1 1 2 2 8 13 12 12 0 15 14
7

b80ee8081106228d 40011507ec09dd02
0 1 2 8 3 10 7 11 9 12 13 14 1 15 2 0 8 3 12 10 3 11 11 13 13 14 14 15 15 0 3 1 1 2 2 8 11 10 13 12 12 0 15 14
7

b00190116d26c48b 4008652e90193974
0 2 1 4 3 5 7 6 10 8 14 11 15 12 1 13 2 0 5 3 8 4 10 12 11 15 13 1 14 2 0 3 4 5 12 8 15 10 0 13 12 14 13 3 15 14
6

b00190116d26c68b 4008652e90193974
0 2 1 4 3 5 7 6 9 8 10 11 14 12 15 13 1 0 2 3 5 4 8 12 10 15 11 1 13 2 14 3 0 5 4 8 12 10 15 13 0 14 12 3 13 14 15
6

b00190116da6c48b 4008652e90193974
0 2 1 4 3 5 7 6 10 8 14 11 15 12 1 13 2 0 5 3 7 4 8 12 10 15 11 1 13 2 14 3 0 5 4 8 12 10 15 13 0 14 12 3 13 14 15
6

b00198116d26c48b 4008652e90193974
0 2 1 4 3 5 7 6 10 8 14 11 15 12 1 13 2 0 5 3 8 4 10 12 11 15 13 1 14 2 0 3 4 5 11 8 12 10 15 13 0 14 12 3 13 14 15
6

b00390116d26c48b 4008652e90193974
0 2 1 4 3 5 7 6 10 8 14 11 15 12 1 13 2 0 5 3 8 4 10 12 11 15 13 1 14 2 0 3 4 5 12 8 15 10 0 13 1 14 12 3 13 14 15
6

b00590116d26c48b 4008652e90193974
0 2 1 4 3 5 7 6 10 8 14 11 15 12 1 13 2 0 5 3 8 4 10 12 11 15 13 1 14 2 0 3 4 5 12 8 15 10 0 13 2 14 12 3 13 14 15
6

b01190116d26c48b 4008652e90193974
0 2 1 4 3 5 7 6 10 8 14 11 15 12 1 13 2 0 5 3 8 4 10 12 11 15 13 1 14 2 0 3 4 5 12 8 15 10 0 13 4 14 12 3 13 14 15
6

b02190116d26c48b 4008652e90193974
0 2 1 4 3 5 7 6 10 8 14 11 15 12 1 13 2 0 5 3 8 4 10 12 11 15 13 1 14 2 0 3 4 5 12 8 15 10 0 13 5 14 12 3 13 14 15
6

b10190116d26c48b 4008652e90193974
0 2 1 4 3 5 7 6 10 8 14 11 15 12 1 13 2 0 5 3 8 4 10 12 11 15 13 1 14 2 0 3 4 5 12 8 15 10 0 13 8 14 12 3 13 14 15
6

b40190116d26c48b 4008652e90193974
0 2 1 4 3 5 7 6 10 8 14 11 15 12 1 13 2 0 5 3 8 4 10 12 11 15 13 1 14 2 0 3 4 5 12 8 15 10 0 13 10 14 12 3 13 14 15
6

b00190116d26c4cb 4008652e90193b34
0 2 1 4 3 5 6 8 7 9 10 11 14 12 15 13 1 0 2 3 5 4 8 12 10 15 11 1 13 2 14 3 0 5 4 8 12 10 15 13 0 14 12 3 13 14 15
6

b00190116d26c4cb 4008652e90993934
0 2 1 4 3 5 6 8 7 11 10 12 14 13 15 0 1 3 2 4 5 7 8 12 10 15 11 1 13 2 14 3 0 5 4 8 12 10 15 13 0 14 12 3 13 14 15
6

b00190116d26c4cb 40086d2e90193934
0 2 1 4 3 5 6 8 7 11 10 12 14 13 15 0 1 3 2 4 5 12 8 15 10 1 11 2 13 3 14 5 0 8 4 10 12 11 15 13 0 14 12 3 13 14 15
6

b00190116d26c4cb 400a652e90193934
0 2 1 4 3 5 6 8 7 11 10 12 14 13 15 0 1 3 2 4 5 12 8 15 10 1 11 2 13 3 14 5 0 8 4 10 12 13 15 14 0 1 12 3 13 14 15
6

b00190116d26c68b 400a652e90193934
0 2 1 4 3 5 7 8 9 11 10 12 14 13 15 0 1 3 2 4 5 12 8 15 10 1 11 2 13 3 14 5 0 8 4 10 12 13 15 14 0 1 12 3 13 14 15
9

b00190116d26c4cb 400c652e90193934
0 2 1 4 3 5 6 8 7 11 10 12 14 13 15 0 1 3 2 4 5 12 8 15 10 1 11 2 13 3 14 5 0 8 4 10 12 13 15 14 0 2 12 3 13 14 15
6

484dd4cad823 400d9480282524dc
0 2 1 3 5 4 11 6 12 7 14 10 15 13 1 0 3 2 6 5 7 11 10 13 12 7 14 10 15 12 0 15 2 0 3 2 6 3 14 14 11
1

484dd4cad823 400d9480282525dc
0 2 1 3 5 4 11 6 12 7 14 8 15 10 1 13 3 0 6 2 7 5 10 11 12 13 14 7 15 10 0 12 2 15 3 0 6 2 11 3 14 14
1

484dd4c8d923 400d9480282724dc
0 2 1 3 5 4 8 6 11 7 12 10 14 13 15 0 3 1 6 2 7 5 10 11 12 13 14 7 15 10 0 12 2 15 3 0 6 2 11 3 14 14
1

484dd4d8d823 400d9480282724dc
0 2 1 3 5 4 11 6 12 7 14 10 15 13 3 0 4 1 6 2 7 5 10 11 12 13 14 7 15 10 0 12 2 15 3 0 6 2 11 3 14 14
1

486dd4c8d823 400d9480282724dc
0 2 1 3 5 4 11 6 12 7 14 10 15 13 3 0 6 1 7 2 10 5 12 11 14 13 15 7 0 10 2 12 3 15 5 0 6 2 11 3 14 14
1

40484dd4c8d823 400d9480282724dc
0 2 1 3 5 4 11 6 12 7 14 10 15 13 3 0 6 1 7 2 10 5 12 11 14 13 15 7 0 10 2 12 3 15 6 0 11 2 14 3 6 14
1

80484dd4c8d823 400d9480282724dc
0 2 1 3 5 4 11 6 12 7 14 10 15 13 3 0 6 1 7 2 10 5 12 11 14 13 15 7 0 10 2 12 3 15 6 0 11 2 14 3 7 14
1

400484dd4c8d823 400d9480282724dc
0 2 1 3 5 4 11 6 12 7 14 10 15 13 3 0 6 1 7 2 10 5 12 11 14 13 15 7 0 10 2 12 3 15 6 0 11 2 14 3 10 14
1

800484dd4c8d823 400d9480282724dc
0 2 1 3 5 4 11 6 12 7 14 10 15 13 3 0 6 1 7 2 10 5 12 11 14 13 15 7 0 10 2 12 3 15 6 0 11 2 14 3 11 14
1

8000484dd4c8d823 400d9480282724dc
0 2 1 3 5 4 11 6 12 7 14 10 15 13 3 0 6 1 7 2 10 5 12 11 14 13 15 7 0 10 2 12 3 15 6 0 11 2 14 3 15 14
1

484dd4cad823 400d9480283524dc
0 2 1 3 5 4 11 6 12 7 14 10 15 13 1 0 3 2 6 4 7 5 10 11 12 13 14 7 15 10 0 12 2 15 3 0 6 2 11 3 14 14
1

484dd4cad823 400d94a0282524dc
0 2 1 3 5 4 11 6 12 7 14 10 15 13 1 0 3 2 6 5 7 11 10 13 12 5 14 7 15 10 0 12 2 15 3 0 6 2 11 3 14 14
1

484dd4c8da23 400db480282524dc
0 2 1 3 5 4 9 6 11 7 12 10 14 13 15 0 3 2 6 5 7 11 10 13 12 7 14 10 15 12 0 13 2 15 3 0 6 2 11 3 14 14
9

484dd4cad823 400db480282524dc
0 2 1 3 5 4 11 6 12 7 14 10 15 13 1 0 3 2 6 5 7 11 10 13 12 7 14 10 15 12 0 13 2 15 3 0 6 2 11 3 14 14
1

b00190116d26c4cb 4018652e90193934
0 2 1 4 3 5 6 8 7 11 10 12 14 13 15 0 1 3 2 4 5 12 8 15 10 1 11 2 13 3 14 5 0 8 4 10 12 13 15 14 0 3 12 4 13 14 15
6

b00190116d26c4cb 4028652e90193934
0 2 1 4 3 5 6 8 7 11 10 12 14 13 15 0 1 3 2 4 5 12 8 15 10 1 11 2 13 3 14 5 0 8 4 10 12 13 15 14 0 3 12 5 13 14 15
6

484dd4c8da23 404d9480282524dc
0 2 1 3 5 4 9 6 11 7 12 10 14 13 15 0 3 2 6 5 7 11 10 13 12 7 14 10 15 12 0 15 2 0 3 2 6 3 11 6 14 14
9

484dd4cad823 404d9480282524dc
0 2 1 3 5 4 11 6 12 7 14 10 15 13 1 0 3 2 6 5 7 11 10 13 12 7 14 10 15 12 0 15 2 0 3 2 6 3 11 6 14 14
1

9118d0854314ca92 4087031a908b112d
1 0 4 2 7 3 9 5 11 8 14 12 15 0 2 1 4 3 8 7 9 12 14 15 0 1 2 3 7 4 12 8 14 9 15 0 3 1 4 2 8 7 12 14 15
11

9118d0854314ca92 4087031a908b114d
1 0 4 2 7 3 9 6 11 8 14 12 15 0 2 1 4 3 8 7 9 12 14 15 0 1 2 3 7 4 12 8 14 9 15 0 3 1 4 2 8 7 12 14 15
11

9118d0854314ca92 4087031a908b150d
1 0 4 2 7 3 9 8 11 10 14 12 15 0 2 1 4 3 8 7 9 12 14 15 0 1 2 3 7 4 12 8 14 9 15 0 3 1 4 2 8 7 12 14 15
11

9118d0854314c292 4087031a908b190d
1 0 4 2 7 3 9 8 14 11 15 12 2 0 4 1 8 3 9 7 14 12 0 15 2 1 7 3 12 4 14 8 15 9 3 0 4 1 8 2 12 7 15 14
11

9118d0854314c2b2 4087031a908b190d
1 0 4 2 5 3 7 8 9 11 14 12 15 0 2 1 4 3 8 7 9 12 14 15 0 1 2 3 7 4 12 8 14 9 15 0 3 1 4 2 8 7 12 14 15
11

9118d0854314c2d2 4087031a908b190d
1 0 4 2 6 3 7 8 9 11 14 12 15 0 2 1 4 3 8 7 9 12 14 15 0 1 2 3 7 4 12 8 14 9 15 0 3 1 4 2 8 7 12 14 15
11

9118d0854314c692 4087031a908b190d
1 0 4 2 7 3 9 8 10 11 14 12 15 0 2 1 4 3 8 7 9 12 14 15 0 1 2 3 7 4 12 8 14 9 15 0 3 1 4 2 8 7 12 14 15
11

9118d0854314e292 4087031a908b190d
1 0 4 2 7 3 9 8 13 11 14 12 15 0 2 1 4 3 8 7 9 12 14 15 0 1 2 3 7 4 12 8 14 9 15 0 3 1 4 2 8 7 12 14 15
11

9318d0854314c292 4087031a908b190d
1 0 4 2 7 3 9 8 14 11 15 12 2 0 4 1 8 3 9 7 14 12 0 15 2 1 7 3 12 4 14 8 15 9 3 0 4 1 8 2 9 7 12 14 15
11

9118d0854314ca92 4087031a908b310d
1 0 4 2 7 3 9 8 11 12 14 13 15 0 2 1 4 3 8 7 9 12 14 15 0 1 2 3 7 4 12 8 14 9 15 0 3 1 4 2 8 7 12 14 15
11

484dd4cad823 408d9480282524dc
0 2 1 3 5 4 11 6 12 7 14 10 15 13 1 0 3 2 6 5 7 11 10 13 12 7 14 10 15 12 0 15 2 0 3 2 6 3 11 7 14 14
1

b80ee8081106228d 41011107ec09dd02
0 1 2 8 3 10 7 11 9 12 13 14 1 15 2 0 8 3 12 10 3 11 11 13 13 14 14 15 15 0 3 1 1 2 2 8 11 12 12 0 13 8 15 14
7

b00190116d26c4cb 4108652e90193934
0 2 1 4 3 5 6 8 7 11 10 12 14 13 15 0 1 3 2 4 5 12 8 15 10 1 11 2 13 3 14 5 0 8 4 10 12 13 15 14 0 3 12 8 13 14 15
6

9118d0854314ca92 4287031a908b110d
1 0 4 2 7 3 9 8 11 12 14 0 15 1 2 3 4 7 8 12 9 15 14 1 0 3 2 4 7 8 12 9 14 0 15 1 3 2 4 7 8 9 12 14 15
11

b00190116d26c4cb 4408652e90193934
0 2 1 4 3 5 6 8 7 11 10 12 14 13 15 0 1 3 2 4 5 12 8 15 10 1 11 2 13 3 14 5 0 8 4 10 12 13 15 14 0 3 12 10 13 14 15
6

484dd4c8da23 440d9480282524dc
0 2 1 3 5 4 9 6 11 7 12 10 14 13 15 0 3 2 6 5 7 11 10 13 12 7 14 10 15 12 0 15 2 0 3 2 6 3 11 10 14 14
9

484dd4cad823 440d9480282524dc
0 2 1 3 5 4 11 6 12 7 14 10 15 13 1 0 3 2 6 5 7 11 10 13 12 7 14 10 15 12 0 15 2 0 3 2 6 3 11 10 14 14
1

484dd4cad823 480d9480282524dc
0 2 1 3 5 4 11 6 12 7 14 10 15 13 1 0 3 2 6 5 7 11 10 13 12 7 14 10 15 12 0 15 2 0 3 2 6 3 11 11 14 14
1

90816c8d400e7c32 4c1a9012bc91808d
1 0 4 2 5 3 10 7 11 15 12 0 13 4 14 7 1 10 2 11 3 12 14 13 0 15 2 1 3 4 7 12 10 15 11 1 13 3 14 4 0 10 7 11 12 14 15
5

90816c8d400e7d12 4c1a9012bc91808d
1 0 4 2 8 3 10 7 11 15 12 0 13 4 14 7 1 10 2 11 3 12 14 13 0 15 2 1 3 4 7 12 10 15 11 1 13 3 14 4 0 10 7 11 12 14 15
8

90816c8d400e7d12 4c1a9012bc9180ad
1 0 4 2 8 3 10 5 11 7 12 15 13 0 14 4 1 7 2 10 3 11 14 12 0 13 2 15 3 1 7 4 10 12 11 15 13 1 14 3 0 4 7 10 12 11 15 14
9

90816c8d400e7c32 4c1a9012bc91818d
1 0 4 2 5 3 10 7 11 8 12 15 13 0 14 4 1 7 2 10 3 11 14 12 0 13 2 15 3 1 7 4 10 12 11 15 13 1 14 3 0 4 7 10 12 11 15 14
9

a1487840d04d1c84 5005810d2900e16b
2 0 7 1 10 3 11 5 12 6 0 8 2 13 3 14 6 15 12 8 14 11 15 13 6 0 11 2 12 3 13 8 14 15 3 0 6 2 8 12 13 14 15
9

a1487840d06d1c04 5005810d2900e16b
2 0 10 1 11 3 12 5 0 6 2 8 3 13 5 14 6 15 12 8 14 11 15 13 6 0 11 2 12 3 13 8 14 15 3 0 6 2 8 12 13 14 15
9

a9487840d04d1c04 5005810d2900e16b
2 0 10 1 11 3 12 5 0 6 2 8 3 13 6 14 12 15 14 8 15 11 6 13 11 0 12 2 13 3 14 8 3 15 6 0 8 2 11 12 13 14 15
9

a1487840d04d1c04 5005810d2900e179
2 0 10 3 11 4 12 5 0 6 2 8 3 13 6 14 12 15 14 8 15 11 6 13 11 0 12 2 13 3 14 8 3 15 6 0 8 2 13 12 15 14
10

a1487840d04d1c04 5005810d2900e1e9
2 0 10 3 11 5 12 6 0 7 2 8 3 13 6 14 12 15 14 8 15 11 6 13 11 0 12 2 13 3 14 8 3 15 6 0 8 2 13 12 15 14
10

a1487840d04d1c06 5005810d2900e1e9
1 0 2 3 10 5 11 6 12 7 0 8 2 13 3 14 6 15 12 8 14 11 15 13 6 0 11 2 12 3 13 8 14 15 3 0 6 2 8 12 13 14 15
4

a1487840d04d1e04 5005810d2900e1e9
2 0 9 3 10 5 11 6 12 7 0 8 2 13 3 14 6 15 12 8 14 11 15 13 6 0 11 2 12 3 13 8 14 15 3 0 6 2 8 12 13 14 15
4

a1487840d04d1c84 5005810d2900e369
2 0 7 3 10 5 11 6 12 8 0 9 2 13 3 14 6 15 12 8 14 11 15 13 6 0 11 2 12 3 13 8 14 15 3 0 6 2 8 12 13 14 15
1

a1487840d06d1c04 5005810d2900e369
2 0 10 3 11 5 12 6 0 8 2 9 3 13 5 14 6 15 12 8 14 11 15 13 6 0 11 2 12 3 13 8 14 15 3 0 6 2 8 12 13 14 15
1

a9487840d04d1c04 5005810d2900e369
2 0 10 3 11 5 12 6 0 8 2 9 3 13 6 14 12 15 14 8 15 11 6 13 11 0 12 2 13 3 14 8 3 15 6 0 8 2 11 12 13 14 15
1

a1487840d04d1e04 5005810d2d00e169
2 0 9 3 10 5 11 6 12 8 0 13 2 14 3 15 6 8 12 10 14 11 15 13 6 0 11 2 12 3 13 8 14 15 3 0 6 2 8 12 13 14 15
9

484dd4c8da23 500d9480282524dc
0 2 1 3 5 4 9 6 11 7 12 10 14 13 15 0 3 2 6 5 7 11 10 13 12 7 14 10 15 12 0 15 2 0 3 2 6 3 11 12 14 14
9

484dd4cad823 500d9480282524dc
0 2 1 3 5 4 11 6 12 7 14 10 15 13 1 0 3 2 6 5 7 11 10 13 12 7 14 10 15 12 0 15 2 0 3 2 6 3 11 12 14 14
1

8041300ba03dd096 7018c07051422169
1 0 2 3 4 5 7 6 12 8 14 13 15 1 0 6 2 8 3 12 4 14 5 4 13 5 15 6 0 14 1 15 3 3 12 4 13 12 0 13 6 14 15
2

8041300ba039d496 7018c07051422369
1 0 2 3 4 5 7 6 10 8 12 9 14 13 15 1 0 6 3 8 4 12 5 14 13 4 15 5 0 6 1 14 3 15 12 3 13 4 0 12 6 13 15 14
10

8041300ba03dd096 7018c07051422369
1 0 2 3 4 5 7 6 12 8 14 9 15 13 0 1 2 6 3 8 4 12 5 14 13 4 15 5 0 6 1 14 3 15 12 3 13 4 0 12 6 13 15 14
2

8041300ba039d296 7018c07051422569
1 0 2 3 4 5 7 6 9 8 12 10 14 13 15 1 0 6 3 8 4 12 5 14 13 4 15 5 0 6 1 14 3 15 12 3 13 4 0 12 6 13 15 14
10

8041310ba039d096 7018c07051422569
1 0 2 3 4 5 7 6 12 8 14 10 15 13 0 1 3 6 4 8 5 12 13 14 15 4 0 5 1 6 3 14 8 15 12 3 13 4 0 12 6 13 15 14
10

8043300ba039d096 7018c07051422569
1 0 2 3 4 5 7 6 12 8 14 10 15 13 0 1 3 6 4 8 5 12 13 14 15 4 0 5 1 6 3 14 12 15 13 3 0 4 1 12 6 13 15 14
10

8061300ba039d096 7018c07051422569
1 0 2 3 4 5 7 6 12 8 14 10 15 13 0 1 3 6 4 8 5 12 13 14 15 4 0 5 1 6 3 14 12 15 13 3 0 4 5 12 6 13 15 14
10

8041300ba03dd096 7018c07051422969
1 0 2 3 4 5 7 6 12 8 14 11 15 13 0 1 2 6 3 8 4 12 5 14 13 4 15 5 0 6 1 14 3 15 12 3 13 4 0 12 6 13 15 14
2

8041300ba039d296 7018c07051462169
1 0 2 3 4 5 7 6 9 8 12 13 14 1 15 2 0 6 3 8 4 12 5 14 13 4 15 5 0 6 1 14 3 15 12 3 13 4 0 12 6 13 15 14
2

8041300ba039d896 7018c07051462169
1 0 2 3 4 5 7 6 11 8 12 13 14 1 15 2 0 6 3 8 4 12 5 14 13 4 15 5 0 6 1 14 3 15 12 3 13 4 0 12 6 13 15 14
2

8041300ba0b9d096 7018c07051462169
1 0 2 3 4 5 7 6 12 8 14 13 15 1 0 2 3 6 4 8 5 12 7 14 13 4 15 5 0 6 1 14 3 15 12 3 13 4 0 12 6 13 15 14
2

8041310ba039d096 7018c07051462169
1 0 2 3 4 5 7 6 12 8 14 13 15 1 0 2 3 6 4 8 5 12 13 14 15 4 0 5 1 6 3 14 8 15 12 3 13 4 0 12 6 13 15 14
2

8043300ba039d096 7018c07051462169
1 0 2 3 4 5 7 6 12 8 14 13 15 1 0 2 3 6 4 8 5 12 13 14 15 4 0 5 1 6 3 14 12 15 13 3 0 4 1 12 6 13 15 14
2

8061300ba039d096 7018c07051462169
1 0 2 3 4 5 7 6 12 8 14 13 15 1 0 2 3 6 4 8 5 12 13 14 15 4 0 5 1 6 3 14 12 15 13 3 0 4 5 12 6 13 15 14
2

8041300ba039d496 7018c07051c22169
1 0 2 3 4 5 7 6 10 8 12 13 14 1 15 6 0 7 3 8 4 12 5 14 13 4 15 5 0 6 1 14 3 15 12 3 13 4 0 12 6 13 15 14
10

8041300ba03dd096 7018c07051c22169
1 0 2 3 4 5 7 6 12 8 14 13 15 1 0 6 2 7 3 8 4 12 5 14 13 4 15 5 0 6 1 14 3 15 12 3 13 4 0 12 6 13 15 14
2

8041300ba039d496 7018c17051422169
1 0 2 3 4 5 7 6 10 8 12 13 14 1 15 6 0 8 3 12 4 14 5 4 13 5 15 6 0 8 1 14 3 15 12 3 13 4 0 12 6 13 15 14
10

8041300ba03dd096 7018c17051422169
1 0 2 3 4 5 7 6 12 8 14 13 15 1 0 6 2 8 3 12 4 14 5 4 13 5 15 6 0 8 1 14 3 15 12 3 13 4 0 12 6 13 15 14
2

8041300ba039d496 701ac07051422169
1 0 2 3 4 5 7 6 10 8 12 13 14 1 15 6 0 8 3 12 4 14 5 4 13 5 15 6 0 14 1 15 3 1 12 3 13 4 0 12 6 13 15 14
10

8041300ba03dd096 701ac07051422169
1 0 2 3 4 5 7 6 12 8 14 13 15 1 0 6 2 8 3 12 4 14 5 4 13 5 15 6 0 14 1 15 3 1 12 3 13 4 0 12 6 13 15 14
2

8041300ba039d496 7038c07051422169
1 0 2 3 4 5 7 6 10 8 12 13 14 1 15 6 0 8 3 12 4 14 5 4 13 5 15 6 0 14 1 15 3 3 12 4 13 5 0 12 6 13 15 14
10

8041300ba03dd096 7038c07051422169
1 0 2 3 4 5 7 6 12 8 14 13 15 1 0 6 2 8 3 12 4 14 5 4 13 5 15 6 0 14 1 15 3 3 12 4 13 5 0 12 6 13 15 14
2

300d00162339890b 8002b32990063274
0 2 1 4 3 5 8 6 11 9 15 12 0 13 3 1 4 2 5 12 8 15 9 0 13 3 1 5 2 8 4 9 0 12 2 13 3 15 12 1 13 15
7

300d001623398d0b 8002b32990063274
0 2 1 4 3 5 8 6 10 9 11 12 15 13 0 1 3 2 4 12 5 15 8 0 9 3 13 5 1 8 2 9 4 12 0 13 2 15 3 1 12 15 13
7

300d00162339c90b 8002b32990063274
0 2 1 4 3 5 8 6 11 9 14 12 15 13 0 1 3 2 4 12 5 15 8 0 9 3 13 5 1 8 2 9 4 12 0 13 2 15 3 1 12 15 13
7

300d00162b39890b 8002b32990063274
0 2 1 4 3 5 8 6 11 9 15 12 0 13 3 1 4 2 5 12 8 15 9 0 11 3 13 5 1 8 2 9 4 12 0 13 2 15 3 1 12 15 13
7

301d00162339890b 8002b32990063274
0 2 1 4 3 5 8 6 11 9 15 12 0 13 3 1 4 2 5 12 8 15 9 0 13 3 1 5 2 8 4 9 0 12 2 13 3 15 4 1 12 15 13
7

302d00162339890b 8002b32990063274
0 2 1 4 3 5 8 6 11 9 15 12 0 13 3 1 4 2 5 12 8 15 9 0 13 3 1 5 2 8 4 9 0 12 2 13 3 15 5 1 12 15 13
7

310d00162339890b 8002b32990063274
0 2 1 4 3 5 8 6 11 9 15 12 0 13 3 1 4 2 5 12 8 15 9 0 13 3 1 5 2 8 4 9 0 12 2 13 3 15 8 1 12 15 13
7

320d00162339890b 8002b32990063274
0 2 1 4 3 5 8 6 11 9 15 12 0 13 3 1 4 2 5 12 8 15 9 0 13 3 1 5 2 8 4 9 0 12 2 13 3 15 9 1 12 15 13
7

300d00162739890b 8002b32990063634
0 2 1 4 3 5 8 9 11 10 15 12 0 13 3 1 4 2 5 12 8 15 9 0 10 3 13 5 1 8 2 9 4 12 0 13 2 15 3 1 12 15 13
10

3018900a4337154b 80036335b008e234
0 2 1 4 3 5 6 9 8 13 10 14 12 15 0 3 1 12 2 13 4 15 5 0 8 2 9 4 14 5 1 8 3 9 12 13 15 14 3 0 4 1 12 15 13
10

3018900a4337154b 80036335b048e234
0 2 1 4 3 5 6 9 8 13 10 14 12 15 0 3 1 6 2 12 4 13 5 15 8 0 9 2 14 4 1 5 3 8 12 9 15 13 3 14 4 0 12 1 13 15
6

102c710390292119 8003802c6116d0a6
0 1 3 2 4 5 8 7 13 12 0 14 3 15 5 1 12 2 15 4 0 8 1 13 8 14 12 2 13 3 14 5 2 15 3 0 5 1 12 15
4

102c710390292159 8003802c6116d0a6
0 1 3 2 4 5 6 7 8 12 13 14 0 15 3 1 5 2 12 4 15 8 0 13 1 14 8 2 12 3 13 5 14 15 2 0 3 1 5 15 12
4

102c710390292319 8003802c6116d0a6
0 1 3 2 4 5 8 7 9 12 13 14 0 15 3 1 5 2 12 4 15 8 0 13 1 14 8 2 12 3 13 5 14 15 2 0 3 1 5 15 12
4

102c710390292919 8003802c6116d0a6
0 1 3 2 4 5 8 7 11 12 13 14 0 15 3 1 5 2 12 4 15 8 0 13 1 14 8 2 12 3 13 5 14 15 2 0 3 1 5 15 12
4

102c710390a92119 8003802c6116d0a6
0 1 3 2 4 5 8 7 13 12 0 14 3 15 5 1 7 2 12 4 15 8 0 13 1 14 8 2 12 3 13 5 14 15 2 0 3 1 5 15 12
4

112c710390292119 8003802c6116d0a6
0 1 3 2 4 5 8 7 13 12 0 14 3 15 5 1 12 2 15 4 0 8 1 13 8 14 12 2 13 3 14 5 2 15 3 0 5 1 8 15 12
4

302c710390292119 8003802c6116d0a6
0 1 3 2 4 5 8 7 13 12 0 14 3 15 5 1 12 2 15 4 0 8 1 13 8 14 12 2 13 3 14 5 2 15 3 0 5 1 12 15 13
4

502c710390292119 8003802c6116d0a6
0 1 3 2 4 5 8 7 13 12 0 14 3 15 5 1 12 2 15 4 0 8 1 13 8 14 12 2 13 3 14 5 2 15 3 0 5 1 12 15 14
4

102c710390292319 8003802c6116d0e6
0 1 3 2 4 5 8 6 9 7 13 12 0 14 3 15 5 1 12 2 15 4 0 8 1 13 8 14 12 2 13 3 14 5 2 15 3 0 5 1 12 15
4

102c710390292919 8003802c6116d0e6
0 1 3 2 4 5 8 6 11 7 13 12 0 14 3 15 5 1 12 2 15 4 0 8 1 13 8 14 12 2 13 3 14 5 2 15 3 0 5 1 12 15
4

102c710390a92119 8003802c6116d0e6
0 1 3 2 4 5 8 6 13 7 0 12 3 14 5 15 7 1 12 2 15 4 0 8 1 13 8 14 12 2 13 3 14 5 2 15 3 0 5 1 12 15
4

112c710390292119 8003802c6116d0e6
0 1 3 2 4 5 8 6 13 7 0 12 3 14 5 15 12 1 15 2 0 4 1 8 8 13 12 14 13 2 14 3 2 5 3 15 5 0 8 1 12 15
4

302c710390292119 8003802c6116d0e6
0 1 3 2 4 5 8 6 13 7 0 12 3 14 5 15 12 1 15 2 0 4 1 8 8 13 12 14 13 2 14 3 2 5 3 15 5 0 12 1 13 15
4

502c710390292119 8003802c6116d0e6
0 1 3 2 4 5 8 6 13 7 0 12 3 14 5 15 12 1 15 2 0 4 1 8 8 13 12 14 13 2 14 3 2 5 3 15 5 0 12 1 14 15
4

102c710390292159 8003802c6116d2a6
0 1 3 2 4 5 6 7 8 9 13 12 0 14 3 15 5 1 12 2 15 4 0 8 1 13 8 14 12 2 13 3 14 5 2 15 3 0 5 1 12 15
4

102c710390292919 8003802c6116d2a6
0 1 3 2 4 5 8 7 11 9 13 12 0 14 3 15 5 1 12 2 15 4 0 8 1 13 8 14 12 2 13 3 14 5 2 15 3 0 5 1 12 15
4

102c710390a92119 8003802c6116d2a6
0 1 3 2 4 5 8 7 13 9 0 12 3 14 5 15 7 1 12 2 15 4 0 8 1 13 8 14 12 2 13 3 14 5 2 15 3 0 5 1 12 15
4

112c710390292119 8003802c6116d2a6
0 1 3 2 4 5 8 7 13 9 0 12 3 14 5 15 12 1 15 2 0 4 1 8 8 13 12 14 13 2 14 3 2 5 3 15 5 0 8 1 12 15
4

302c710390292119 8003802c6116d2a6
0 1 3 2 4 5 8 7 13 9 0 12 3 14 5 15 12 1 15 2 0 4 1 8 8 13 12 14 13 2 14 3 2 5 3 15 5 0 12 1 13 15
4

502c710390292119 8003802c6116d2a6
0 1 3 2 4 5 8 7 13 9 0 12 3 14 5 15 12 1 15 2 0 4 1 8 8 13 12 14 13 2 14 3 2 5 3 15 5 0 12 1 14 15
4

102c710390292159 8003802c6116d8a6
0 1 3 2 4 5 6 7 8 11 13 12 0 14 3 15 5 1 12 2 15 4 0 8 1 13 8 14 12 2 13 3 14 5 2 15 3 0 5 1 12 15
4

102c710390292319 8003802c6116d8a6
0 1 3 2 4 5 8 7 9 11 13 12 0 14 3 15 5 1 12 2 15 4 0 8 1 13 8 14 12 2 13 3 14 5 2 15 3 0 5 1 12 15
4

112c710390292119 8003802c6116d8a6
0 1 3 2 4 5 8 7 13 11 0 12 3 14 5 15 12 1 15 2 0 4 1 8 8 13 12 14 13 2 14 3 2 5 3 15 5 0 8 1 12 15
4

302c710390292119 8003802c6116d8a6
0 1 3 2 4 5 8 7 13 11 0 12 3 14 5 15 12 1 15 2 0 4 1 8 8 13 12 14 13 2 14 3 2 5 3 15 5 0 12 1 13 15
4

502c710390292119 8003802c6116d8a6
0 1 3 2 4 5 8 7 13 11 0 12 3 14 5 15 12 1 15 2 0 4 1 8 8 13 12 14 13 2 14 3 2 5 3 15 5 0 12 1 14 15
4

102c710390292159 8003802c6156d0a6
0 1 3 2 4 5 6 7 8 12 13 14 0 15 3 1 5 2 12 4 15 6 0 8 1 13 8 14 12 2 13 3 14 5 2 15 3 0 5 1 12 15
4

102c710390292159 8003802c6196d0a6
0 1 3 2 4 5 6 7 8 12 13 14 0 15 3 1 5 2 12 4 15 7 0 8 1 13 8 14 12 2 13 3 14 5 2 15 3 0 5 1 12 15
4

102c710390292319 8003802c6196d0a6
0 1 3 2 4 5 8 7 9 12 13 14 0 15 3 1 5 2 12 4 15 7 0 8 1 13 8 14 12 2 13 3 14 5 2 15 3 0 5 1 12 15
4

102c710390292919 8003802c6196d0a6
0 1 3 2 4 5 8 7 11 12 13 14 0 15 3 1 5 2 12 4 15 7 0 8 1 13 8 14 12 2 13 3 14 5 2 15 3 0 5 1 12 15
4

112c710390292119 8003802c6196d0a6
0 1 3 2 4 5 8 7 13 12 0 14 3 15 5 1 12 2 15 4 0 7 1 8 8 13 12 14 13 2 14 3 2 5 3 15 5 0 8 1 12 15
4

302c710390292119 8003802c6196d0a6
0 1 3 2 4 5 8 7 13 12 0 14 3 15 5 1 12 2 15 4 0 7 1 8 8 13 12 14 13 2 14 3 2 5 3 15 5 0 12 1 13 15
4

502c710390292119 8003802c6196d0a6
0 1 3 2 4 5 8 7 13 12 0 14 3 15 5 1 12 2 15 4 0 7 1 8 8 13 12 14 13 2 14 3 2 5 3 15 5 0 12 1 14 15
4

102c710390292319 8003802c6316d0a6
0 1 3 2 4 5 8 7 9 12 13 14 0 15 3 1 5 2 12 4 15 8 0 9 1 13 8 14 12 2 13 3 14 5 2 15 3 0 5 1 12 15
4

102c710390292919 8003802c6916d0a6
0 1 3 2 4 5 8 7 11 12 13 14 0 15 3 1 5 2 12 4 15 8 0 11 1 13 8 14 12 2 13 3 14 5 2 15 3 0 5 1 12 15
4

102c710390a92119 800380ac6116d0a6
0 1 3 2 4 5 8 7 13 12 0 14 3 15 5 1 7 2 12 4 15 8 0 13 1 14 8 2 12 3 13 5 14 7 2 15 3 0 5 1 12 15
4

1098815173454499 8005728c8098b346
0 1 3 2 4 6 7 8 10 9 14 12 0 13 2 15 6 3 8 4 9 7 12 15 13 2 14 3 0 7 4 9 6 12 8 13 15 14 3 0 4 2 7 15 12
5

10d8815173454099 8005728c8098b346
0 1 3 2 4 6 7 8 14 9 0 12 2 13 6 15 8 3 9 4 12 7 13 15 14 2 0 3 4 7 6 9 8 12 15 13 3 14 4 0 6 2 7 15 12
5

1298815173454099 8005728c8098b346
0 1 3 2 4 6 7 8 14 9 0 12 2 13 6 15 8 3 9 4 12 7 13 15 14 2 0 3 4 7 6 9 8 12 15 13 3 14 4 0 7 2 9 15 12
5

1098815173454899 8005728c8098b746
0 1 3 2 4 6 7 8 11 9 14 10 0 12 2 13 6 15 8 3 9 4 12 7 13 15 14 2 0 3 4 7 6 9 8 12 15 13 3 14 4 0 7 2 12 15
10

1098815173474099 8005728c8098b746
0 1 3 2 4 6 7 8 14 9 0 10 1 12 2 13 6 15 8 3 9 4 12 7 13 15 14 2 0 3 4 7 6 9 8 12 15 13 3 14 4 0 7 2 12 15
10

1198815173454099 8005728c8098b746
0 1 3 2 4 6 7 8 14 9 0 10 2 12 6 13 8 15 9 3 12 4 13 7 14 15 0 2 4 3 6 7 8 9 15 12 3 13 4 14 7 0 8 2 12 15
10

3098815173454099 8005728c8098b746
0 1 3 2 4 6 7 8 14 9 0 10 2 12 6 13 8 15 9 3 12 4 13 7 14 15 0 2 4 3 6 7 8 9 15 12 3 13 4 14 7 0 12 2 13 15
10

5098815173454099 8005728c8098b746
0 1 3 2 4 6 7 8 14 9 0 10 2 12 6 13 8 15 9 3 12 4 13 7 14 15 0 2 4 3 6 7 8 9 15 12 3 13 4 14 7 0 12 2 14 15
10

10988151734540b9 8005728c8098bb46
0 1 3 2 4 6 5 8 7 9 14 11 0 12 2 13 6 15 8 3 9 4 12 7 13 15 14 2 0 3 4 7 6 9 8 12 15 13 3 14 4 0 7 2 12 15
5

1098815173454499 8005728c8098bb46
0 1 3 2 4 6 7 8 10 9 14 11 0 12 2 13 6 15 8 3 9 4 12 7 13 15 14 2 0 3 4 7 6 9 8 12 15 13 3 14 4 0 7 2 12 15
10

10d8815173454099 8005728c8098bb46
0 1 3 2 4 6 7 8 14 9 0 11 2 12 6 13 8 15 9 3 12 4 13 7 14 15 0 2 4 3 6 7 8 9 15 12 3 13 4 14 6 0 7 2 12 15
9

1298815173454099 8005728c8098bb46
0 1 3 2 4 6 7 8 14 9 0 11 2 12 6 13 8 15 9 3 12 4 13 7 14 15 0 2 4 3 6 7 8 9 15 12 3 13 4 14 7 0 9 2 12 15
6

300d00162339890b 8012b32990063234
0 2 1 4 3 5 8 9 11 12 15 13 0 1 3 2 4 12 5 15 8 0 9 3 13 5 1 8 2 9 4 12 0 13 2 15 3 1 12 4 13 15
7

1801e8398136421d 803812067a09b962
0 1 2 5 3 6 4 8 9 11 14 12 1 13 2 15 4 0 5 3 8 9 15 11 0 12 3 13 4 14 5 1 11 2 13 9 14 12 15 3 0 4 11 5 12 15
8

1801e8398176421d 803812067a09b962
0 1 2 5 3 6 4 8 9 11 14 12 1 13 2 15 4 0 5 3 6 9 8 11 15 12 0 13 3 14 4 1 5 2 11 9 13 12 14 3 15 4 0 5 11 15 12
6

1801e8398136425d 803812067a09b9a2
0 1 2 5 3 7 4 8 6 11 9 12 14 13 1 15 2 0 4 3 5 9 8 11 15 12 0 13 3 14 4 1 5 2 11 9 13 12 14 3 15 4 0 5 11 15 12
6

1801e83981b6421d 803812067a09b9a2
0 1 2 5 3 7 4 8 9 11 14 12 1 13 2 15 4 0 5 3 7 9 8 11 15 12 0 13 3 14 4 1 5 2 11 9 13 12 14 3 15 4 0 5 11 15 12
7

1801e8398136425d 803a12067a09b922
0 1 2 5 3 8 4 11 6 12 9 13 14 15 1 0 2 3 4 9 5 11 8 12 15 13 0 14 3 1 4 2 5 9 11 12 13 1 14 3 15 4 0 5 11 15 12
6

1801e8398136425d 803c12067a09b922
0 1 2 5 3 8 4 11 6 12 9 13 14 15 1 0 2 3 4 9 5 11 8 12 15 13 0 14 3 1 4 2 5 9 11 12 13 2 14 3 15 4 0 5 11 15 12
6

528b9012b051a047 804062c9428a5b98
0 3 1 4 2 7 6 8 13 9 15 11 0 12 4 14 6 1 12 3 13 7 15 9 1 14 4 0 12 3 15 6 0 7 1 9 3 13 7 14 9 6 12 15 14
10

528b9012b051a063 804062c9428a5b98
0 3 1 4 5 7 6 8 13 9 15 11 0 12 4 14 6 1 12 3 13 7 15 9 1 14 4 0 12 3 15 6 0 7 1 9 3 13 7 14 9 6 12 15 14
10

529b9012b051a043 804062c9428a5b98
0 3 1 4 6 7 13 8 15 9 0 11 4 12 6 14 12 1 13 3 15 7 1 9 4 14 12 0 15 3 0 6 1 7 3 9 4 13 7 14 9 6 12 15 14
10

728b9012b051a043 804062c9428a5b98
0 3 1 4 6 7 13 8 15 9 0 11 4 12 6 14 12 1 13 3 15 7 1 9 4 14 12 0 15 3 0 6 1 7 3 9 7 13 9 14 12 6 13 15 14
10

528b9012b051a143 804062c94a8a5a98
0 3 1 4 6 7 8 9 13 11 15 12 0 14 4 1 6 3 12 7 13 9 15 11 1 14 4 0 12 3 15 6 0 7 1 9 3 13 7 14 9 6 12 15 14
11

1804384a156ba348 804b8225aa041c27
3 0 6 1 8 2 9 5 13 10 15 11 0 12 1 2 3 9 5 11 6 13 8 15 10 0 12 2 1 5 3 9 6 15 11 0 12 1 13 3 2 6 11 15 12
10

10018057604bd4c2 805a74089414211d
1 0 6 2 7 3 10 4 12 8 14 13 15 2 0 4 1 10 3 12 6 15 13 3 14 10 0 12 1 13 2 14 4 1 6 3 15 4 0 6 12 15
8

10018057604bd642 805a74089414211d
1 0 6 2 9 3 10 4 12 8 14 13 15 2 0 4 1 10 3 12 6 15 13 3 14 10 0 12 1 13 2 14 4 1 6 3 15 4 0 6 12 15
8

10018057604bdc42 805a74089414211d
1 0 6 2 10 3 11 4 12 8 14 13 15 2 0 4 1 10 3 12 6 15 13 3 14 10 0 12 1 13 2 14 4 1 6 3 15 4 0 6 12 15
8

10058057604bd442 805a74089414211d
1 0 6 2 10 3 12 4 14 8 15 13 0 2 1 4 3 10 6 12 13 15 14 3 0 10 1 12 2 13 4 14 6 1 15 3 0 4 2 6 12 15
8

14018057604bd442 805a74089414211d
1 0 6 2 10 3 12 4 14 8 15 13 0 2 1 4 3 10 6 12 13 15 14 3 0 10 1 12 2 13 4 14 6 1 15 3 0 4 10 6 12 15
8

30018057604bd442 805a74089414211d
1 0 6 2 10 3 12 4 14 8 15 13 0 2 1 4 3 10 6 12 13 15 14 3 0 10 1 12 2 13 4 14 6 1 15 3 0 4 12 6 13 15
8

50018057604bd442 805a74089414211d
1 0 6 2 10 3 12 4 14 8 15 13 0 2 1 4 3 10 6 12 13 15 14 3 0 10 1 12 2 13 4 14 6 1 15 3 0 4 12 6 14 15
8

10018057604bd542 805a74089414221d
1 0 6 2 8 3 10 4 12 9 14 13 15 2 0 4 1 10 3 12 6 15 13 3 14 10 0 12 1 13 2 14 4 1 6 3 15 4 0 6 12 15
8

10018057604bd542 805a74089414281d
1 0 6 2 8 3 10 4 12 11 14 13 15 2 0 4 1 10 3 12 6 15 13 3 14 10 0 12 1 13 2 14 4 1 6 3 15 4 0 6 12 15
8

300d00162339890b 8102b32990063234
0 2 1 4 3 5 8 9 11 12 15 13 0 1 3 2 4 12 5 15 8 0 9 3 13 5 1 8 2 9 4 12 0 13 2 15 3 1 12 8 13 15
7

102c710390292159 8103802c6116d0a6
0 1 3 2 4 5 6 7 8 12 13 14 0 15 3 1 5 2 12 4 15 8 0 13 1 14 8 2 12 3 13 5 14 15 2 0 3 1 5 8 12 15
4

102c710390292319 8103802c6116d0a6
0 1 3 2 4 5 8 7 9 12 13 14 0 15 3 1 5 2 12 4 15 8 0 13 1 14 8 2 12 3 13 5 14 15 2 0 3 1 5 8 12 15
4

102c710390292919 8103802c6116d0a6
0 1 3 2 4 5 8 7 11 12 13 14 0 15 3 1 5 2 12 4 15 8 0 13 1 14 8 2 12 3 13 5 14 15 2 0 3 1 5 8 12 15
4

102c710390a92119 8103802c6116d0a6
0 1 3 2 4 5 8 7 13 12 0 14 3 15 5 1 7 2 12 4 15 8 0 13 1 14 8 2 12 3 13 5 14 15 2 0 3 1 5 8 12 15
4

302c710390292119 8103802c6116d0a6
0 1 3 2 4 5 8 7 13 12 0 14 3 15 5 1 12 2 15 4 0 8 1 13 8 14 12 2 13 3 14 5 2 15 3 0 5 1 12 8 13 15
4

502c710390292119 8103802c6116d0a6
0 1 3 2 4 5 8 7 13 12 0 14 3 15 5 1 12 2 15 4 0 8 1 13 8 14 12 2 13 3 14 5 2 15 3 0 5 1 12 8 14 15
4

1801e8398136425d 823812067a09b922
0 1 2 5 3 8 4 11 6 12 9 13 14 15 1 0 2 3 4 9 5 11 8 12 15 13 0 14 3 1 4 2 5 9 11 12 13 3 14 4 15 5 0 9 11 15 12
6

28429891b056ca19 901d204e088931e6
0 1 3 2 4 5 9 6 11 7 14 8 15 12 1 13 2 0 4 3 6 7 12 11 13 1 15 2 0 3 4 6 7 13 11 0 12 2 15 3 1 4 6 12 11 15 13
9

28429891b0768a19 901d204e088931e6
0 1 3 2 4 5 9 6 11 7 15 8 1 12 2 13 4 0 5 3 6 7 12 11 13 1 15 2 0 3 4 6 7 13 11 0 12 2 15 3 1 4 6 12 11 15 13
9

28429891b056ca19 901d204e088934e6
0 1 3 2 4 5 9 6 11 7 14 10 15 12 1 13 2 0 4 3 6 7 12 11 13 1 15 2 0 3 4 6 7 13 11 0 12 2 15 3 1 4 6 12 11 15 13
9

28429891b2568a19 901d204e088934e6
0 1 3 2 4 5 9 6 11 7 15 10 1 12 2 13 4 0 6 3 9 7 12 11 13 1 15 2 0 3 4 6 7 13 11 0 12 2 15 3 1 4 6 12 11 15 13
14

28429891b0568a19 901d204e088970e6
0 1 3 2 4 5 9 6 11 7 15 12 1 13 2 14 4 0 6 3 12 7 13 11 15 1 0 2 4 3 7 6 11 13 12 0 15 2 1 3 6 4 11 12 13 15
14

28429891b2568a19 901d204e088970e6
0 1 3 2 4 5 9 6 11 7 15 12 1 13 2 14 4 0 6 3 9 7 12 11 13 1 15 2 0 3 4 6 7 13 11 0 12 2 15 3 1 4 6 12 11 15 13
10

28429891b0568e19 909d204e088930e6
0 1 3 2 4 5 9 6 10 7 11 12 15 13 1 0 2 3 4 7 6 11 12 1 13 2 15 3 0 6 4 13 7 0 11 2 12 3 15 4 1 7 6 12 11 15 13
9

28429891b056ca19 909d204e088930e6
0 1 3 2 4 5 9 6 11 7 14 12 15 13 1 0 2 3 4 7 6 11 12 1 13 2 15 3 0 6 4 13 7 0 11 2 12 3 15 4 1 7 6 12 11 15 13
9

28429891b0768a19 909d204e088930e6
0 1 3 2 4 5 9 6 11 7 15 12 1 13 2 0 4 3 5 7 6 11 12 1 13 2 15 3 0 6 4 13 7 0 11 2 12 3 15 4 1 7 6 12 11 15 13
9

4509081cdb0ce3c 90a94d78104911c3
2 0 3 1 4 6 5 7 9 8 10 12 11 0 14 3 15 6 4 12 5 3 7 4 8 5 10 6 11 8 14 10 15 11 0 14 7 0 12 3 15 5 4 7 6 12 10 15
9

4509081cdb0cc3e 90a94d78104913c1
1 0 2 6 3 7 4 8 5 9 10 12 11 0 14 3 15 6 4 12 5 3 7 4 8 5 10 6 11 8 14 10 15 11 0 14 7 0 12 3 15 5 4 7 6 12 10 15
9

4509081cdb0ec3c 90a94d78104913c1
2 0 3 6 4 7 5 8 10 9 11 12 13 0 14 3 15 6 4 12 5 3 7 4 8 5 10 6 11 8 14 10 15 11 0 14 7 0 12 3 15 5 4 7 6 12 10 15
9

4509081cdb4cc3c 90a94d78104913c1
2 0 3 6 4 7 5 8 10 9 11 12 14 0 15 3 2 6 4 12 5 3 7 4 8 5 10 6 11 8 14 10 15 11 0 14 7 0 12 3 15 5 4 7 6 12 10 15
9

5509081cdb0cc3c 90a94d78104913c1
2 0 3 6 4 7 5 8 10 9 11 12 14 0 15 3 4 6 5 12 7 3 8 4 10 5 11 6 14 8 15 10 0 11 7 14 12 0 15 3 4 5 6 7 8 12 10 15
9

c509081cdb0cc3c 90a94d78104913c1
2 0 3 6 4 7 5 8 10 9 11 12 14 0 15 3 4 6 5 12 7 3 8 4 10 5 11 6 14 8 15 10 0 11 7 14 12 0 15 3 4 5 6 7 10 12 11 15
9

44509081cdb0cc3c 90a94d78104913c1
2 0 3 6 4 7 5 8 10 9 11 12 14 0 15 3 4 6 5 12 7 3 8 4 10 5 11 6 14 8 15 10 0 11 7 14 12 0 15 3 4 5 6 7 10 12 14 15
9

4509081cdb0ce3c 90a94d78104931c1
2 0 3 6 4 7 5 8 9 12 10 13 11 0 14 3 15 6 4 12 5 3 7 4 8 5 10 6 11 8 14 10 15 11 0 14 7 0 12 3 15 5 4 7 6 12 10 15
9

4509081cdb0ce3c 90a94d78104d11c1
2 0 3 6 4 7 5 8 9 12 10 0 11 2 14 3 15 6 4 12 5 3 7 4 8 5 10 6 11 8 14 10 15 11 0 14 7 0 12 3 15 5 4 7 6 12 10 15
9

18a38331ab874c 910114388e5038b3
2 0 3 1 6 4 8 5 9 7 10 11 15 12 0 13 1 4 3 6 5 9 7 10 8 11 12 15 13 3 0 4 1 5 7 10 8 12 9 0 13 8 15 12 3 15 4
1

18a38331abc748 910114388e5038b3
3 0 6 1 8 4 9 5 10 7 14 11 15 12 0 13 1 4 3 6 5 9 7 10 8 11 12 15 13 3 0 4 1 5 7 10 8 12 9 0 13 8 15 12 3 15 4
1

18a38331abc748 910114388e5038b7
3 0 6 1 8 2 9 4 10 5 14 7 15 11 0 12 1 13 3 4 5 6 7 9 8 10 12 11 13 15 0 3 1 4 7 5 8 10 9 12 13 0 15 8 3 12 4 15
2

18a3c331ab8748 910114388e5038b7
3 0 6 1 8 2 9 4 10 5 15 7 0 11 1 12 3 13 5 4 7 6 8 9 12 10 13 11 0 15 1 3 6 4 7 5 8 10 9 12 13 0 15 8 3 12 4 15
2

18ab8331ab8748 910114388e5038b7
3 0 6 1 8 2 9 4 10 5 15 7 0 11 1 12 3 13 5 4 7 6 8 9 12 10 13 11 0 15 1 3 7 4 8 5 9 10 11 12 13 0 15 8 3 12 4 15
2

1aa38331ab8748 910114388e5038b7
3 0 6 1 8 2 9 4 10 5 15 7 0 11 1 12 3 13 5 4 7 6 8 9 12 10 13 11 0 15 1 3 7 4 8 5 9 10 13 12 15 0 1 8 3 12 4 15
2

38a38331ab8748 910114388e5038b7
3 0 6 1 8 2 9 4 10 5 15 7 0 11 1 12 3 13 5 4 7 6 8 9 12 10 13 11 0 15 1 3 7 4 8 5 9 10 13 12 15 0 3 8 4 12 5 15
2

98a38331ab8748 910114388e5038b7
3 0 6 1 8 2 9 4 10 5 15 7 0 11 1 12 3 13 5 4 7 6 8 9 12 10 13 11 0 15 1 3 7 4 8 5 9 10 13 12 15 0 3 8 4 12 7 15
2

218a38331ab8748 910114388e5038b7
3 0 6 1 8 2 9 4 10 5 15 7 0 11 1 12 3 13 5 4 7 6 8 9 12 10 13 11 0 15 1 3 7 4 8 5 9 10 13 12 15 0 3 8 4 12 9 15
2

418a38331ab8748 910114388e5038b7
3 0 6 1 8 2 9 4 10 5 15 7 0 11 1 12 3 13 5 4 7 6 8 9 12 10 13 11 0 15 1 3 7 4 8 5 9 10 13 12 15 0 3 8 4 12 10 15
2

2018a38331ab8748 910114388e5038b7
3 0 6 1 8 2 9 4 10 5 15 7 0 11 1 12 3 13 5 4 7 6 8 9 12 10 13 11 0 15 1 3 7 4 8 5 9 10 13 12 15 0 3 8 4 12 13 15
2

18a38331ab874c 910114388e5078b3
2 0 3 1 6 4 8 5 9 7 10 11 15 12 0 13 1 14 3 4 5 6 7 9 8 10 12 11 13 15 0 3 1 4 7 5 8 10 9 12 13 0 15 8 3 12 4 15
2

18a38331ab874c 910114388e5438b3
2 0 3 1 6 4 8 5 9 7 10 11 15 12 0 13 1 2 3 4 5 6 7 9 8 10 12 11 13 15 0 3 1 4 7 5 8 10 9 12 13 0 15 8 3 12 4 15
14

18a38331abc748 91011c388e5038b3
3 0 6 1 8 4 9 5 10 7 14 11 15 12 0 13 1 4 3 6 5 9 7 10 8 11 12 15 13 3 0 4 1 5 7 10 8 11 9 12 13 0 15 8 3 12 4 15
2

18a38331abc748 912114388e5038b3
3 0 6 1 8 4 9 5 10 7 14 11 15 12 0 13 1 4 3 6 5 9 7 10 8 11 12 15 13 3 0 4 1 5 7 10 8 12 9 0 13 5 15 8 3 12 4 15
2

4509081cdb0ce3c 91a94d78104911c1
2 0 3 6 4 7 5 8 9 12 10 0 11 3 14 6 15 12 4 3 5 4 7 5 8 6 10 8 11 10 14 11 15 14 0 0 7 3 12 5 15 7 4 8 6 12 10 15
9

49b618aa15c287 92040847144a3d78
0 3 1 4 2 5 7 6 9 8 14 10 15 11 0 12 2 13 4 1 9 3 11 6 13 10 15 12 3 0 4 1 9 2 10 6 12 11 13 2 15 9 0 12 3 15 6
7

49b618aa15c227 92040847144a3dd8
0 3 1 4 2 6 5 7 9 8 14 10 15 11 0 12 2 13 4 1 9 3 11 6 13 10 15 12 3 0 4 1 9 2 10 6 12 11 13 2 15 9 0 12 3 15 6
7

49b618aa95c207 92040847144a3dd8
0 3 1 4 2 6 9 7 14 8 15 10 0 11 2 12 4 13 7 1 9 3 11 6 13 10 15 12 3 0 4 1 9 2 10 6 12 11 13 2 15 9 0 12 3 15 6
5

49b618aa15c207 92040847544a3d58
0 3 1 4 2 6 9 8 14 10 15 11 0 12 2 13 4 1 9 3 11 6 13 10 15 12 3 14 4 0 9 1 10 2 12 6 13 11 15 2 0 9 3 12 6 15
14

49b618aa15c287 92060847144a3d58
0 3 1 4 2 6 7 8 9 10 14 11 15 12 0 13 2 1 4 3 9 6 11 10 13 12 15 0 3 1 4 2 9 6 10 11 12 1 13 2 15 9 0 12 3 15 6
7

49b618aa15c287 92140847144a3d58
0 3 1 4 2 6 7 8 9 10 14 11 15 12 0 13 2 1 4 3 9 6 11 10 13 12 15 0 3 1 4 2 9 6 10 11 12 2 13 4 15 9 0 12 3 15 6
7

18a38331abc748 950114388e5038b3
3 0 6 1 8 4 9 5 10 7 14 11 15 12 0 13 1 4 3 6 5 9 7 10 8 11 12 15 13 3 0 4 1 5 7 10 8 12 9 0 13 8 15 10 3 12 4 15
2

49b618aa15c287 96040847144a3d58
0 3 1 4 2 6 7 8 9 10 14 11 15 12 0 13 2 1 4 3 9 6 11 10 13 12 15 0 3 1 4 2 9 6 10 11 12 2 13 9 15 10 0 12 3 15 6
7

805109389be10e 980ba882c1041891
1 0 2 4 3 7 8 11 13 12 14 2 15 8 0 14 1 15 3 1 4 15 7 7 11 11 12 1 13 13 0 0 3 3 8 11 12 12 14 15 7
4

805109388be50e 980ba882c10418b1
1 0 2 4 3 5 8 7 10 11 13 12 14 2 15 8 0 14 1 15 3 1 7 7 11 11 12 15 13 13 0 0 3 1 8 3 12 11 14 12 7 15
6

805109389be10e 980ba882c10418b1
1 0 2 4 3 5 8 7 13 11 14 12 15 2 0 8 1 14 3 15 4 1 7 7 11 11 12 15 13 13 0 0 3 1 8 3 12 11 14 12 7 15
4

805109388be30e 980ba882c10418d1
1 0 2 4 3 6 8 7 9 11 13 12 14 2 15 8 0 14 1 15 3 1 7 7 11 11 12 15 13 13 0 0 3 1 8 3 12 11 14 12 7 15
5

805109389be10e 980ba882c10418d1
1 0 2 4 3 6 8 7 13 11 14 12 15 2 0 8 1 14 3 15 4 1 7 7 11 11 12 15 13 13 0 0 3 1 8 3 12 11 14 12 7 15
4

805109389be10e 980ba882c1041a91
1 0 2 4 3 7 8 9 13 11 14 12 15 2 0 8 1 14 3 15 4 1 7 7 11 11 12 15 13 13 0 0 3 1 8 3 12 11 14 12 7 15
4

805109389be10e 980ba882c1041c91
1 0 2 4 3 7 8 10 13 11 14 12 15 2 0 8 1 14 3 15 4 1 7 7 11 11 12 15 13 13 0 0 3 1 8 3 12 11 14 12 7 15
4

80510d388be10e 980ba882c1141891
1 0 2 4 3 7 8 11 13 12 14 2 15 4 0 8 1 14 3 15 7 1 11 7 12 11 13 13 0 15 2 0 3 1 8 3 12 11 14 12 7 15
4

1805109388be10e 980ba882c1141891
1 0 2 4 3 7 8 11 13 12 14 2 15 4 0 8 1 14 3 15 7 1 11 7 12 11 13 13 0 15 3 0 8 1 12 3 14 11 7 12 8 15
4

20805109388be10e 980ba882c1141891
1 0 2 4 3 7 8 11 13 12 14 2 15 4 0 8 1 14 3 15 7 1 11 7 12 11 13 13 0 15 3 0 8 1 12 3 14 11 7 12 13 15
4

40805109388be10e 980ba882c1141891
1 0 2 4 3 7 8 11 13 12 14 2 15 4 0 8 1 14 3 15 7 1 11 7 12 11 13 13 0 15 3 0 8 1 12 3 14 11 7 12 14 15
4

805109389be10e 980ba886c1041891
1 0 2 4 3 7 8 11 13 12 14 2 15 8 0 14 1 15 3 1 4 2 7 7 11 11 12 15 13 13 0 0 3 1 8 3 12 11 14 12 7 15
4

103180de952d039 980ce152100d2b46
0 1 3 2 4 6 5 8 12 9 14 11 15 13 1 0 4 2 6 3 8 12 11 1 13 4 14 6 15 8 0 13 2 14 3 15 11 2 12 3 0 11 1 12 8 15
10

103180de952d419 980ce152100d2b46
0 1 3 2 4 6 10 8 12 9 14 11 15 13 1 0 4 2 6 3 8 12 11 1 13 4 14 6 15 8 0 13 2 14 3 15 11 2 12 3 0 11 1 12 8 15
5

103180de952d419 980ce152140d2946
0 1 3 2 4 6 10 8 12 11 14 13 15 0 1 2 4 3 6 10 8 12 11 1 13 4 14 6 15 8 0 13 2 14 3 15 11 2 12 3 0 11 1 12 8 15
5

805109389be10e 990ba882c1041891
1 0 2 4 3 7 8 11 13 12 14 2 15 8 0 14 1 15 3 1 4 15 7 7 11 11 12 1 13 13 0 0 3 3 8 8 12 11 14 12 7 15
4

49b618aa15c287 9a040847144a3d58
0 3 1 4 2 6 7 8 9 10 14 11 15 12 0 13 2 1 4 3 9 6 11 10 13 12 15 0 3 1 4 2 9 6 10 11 12 2 13 9 15 11 0 12 3 15 6
7

102c710390292159 a003802c6116d0a6
0 1 3 2 4 5 6 7 8 12 13 14 0 15 3 1 5 2 12 4 15 8 0 13 1 14 8 2 12 3 13 5 14 15 2 0 3 1 5 13 12 15
4

102c710390292319 a003802c6116d0a6
0 1 3 2 4 5 8 7 9 12 13 14 0 15 3 1 5 2 12 4 15 8 0 13 1 14 8 2 12 3 13 5 14 15 2 0 3 1 5 13 12 15
4

102c710390292919 a003802c6116d0a6
0 1 3 2 4 5 8 7 11 12 13 14 0 15 3 1 5 2 12 4 15 8 0 13 1 14 8 2 12 3 13 5 14 15 2 0 3 1 5 13 12 15
4

102c710390a92119 a003802c6116d0a6
0 1 3 2 4 5 8 7 13 12 0 14 3 15 5 1 7 2 12 4 15 8 0 13 1 14 8 2 12 3 13 5 14 15 2 0 3 1 5 13 12 15
4

112c710390292119 a003802c6116d0a6
0 1 3 2 4 5 8 7 13 12 0 14 3 15 5 1 12 2 15 4 0 8 1 13 8 14 12 2 13 3 14 5 2 15 3 0 5 1 8 13 12 15
4

502c710390292119 a003802c6116d0a6
0 1 3 2 4 5 8 7 13 12 0 14 3 15 5 1 12 2 15 4 0 8 1 13 8 14 12 2 13 3 14 5 2 15 3 0 5 1 12 13 14 15
4

10988151734540b9 a005728c8098b346
0 1 3 2 4 6 5 8 7 9 14 12 0 13 2 15 6 3 8 4 9 7 12 15 13 2 14 3 0 7 4 9 6 12 8 13 15 14 3 0 4 2 7 13 12 15
5

1098815173454499 a005728c8098b346
0 1 3 2 4 6 7 8 10 9 14 12 0 13 2 15 6 3 8 4 9 7 12 15 13 2 14 3 0 7 4 9 6 12 8 13 15 14 3 0 4 2 7 13 12 15
10

10d8815173454099 a005728c8098b346
0 1 3 2 4 6 7 8 14 9 0 12 2 13 6 15 8 3 9 4 12 7 13 15 14 2 0 3 4 7 6 9 8 12 15 13 3 14 4 0 6 2 7 13 12 15
9

1298815173454099 a005728c8098b346
0 1 3 2 4 6 7 8 14 9 0 12 2 13 6 15 8 3 9 4 12 7 13 15 14 2 0 3 4 7 6 9 8 12 15 13 3 14 4 0 7 2 9 13 12 15
6

1801e8398136425d a03812067a09b922
0 1 2 5 3 8 4 11 6 12 9 13 14 15 1 0 2 3 4 9 5 11 8 12 15 13 0 14 3 1 4 2 5 9 11 12 13 3 14 4 15 5 0 13 11 15 12
6

4109a20ebd01b142 b0005541424e4e1d
1 0 6 2 8 3 12 4 13 9 15 10 0 11 8 14 10 1 11 2 12 3 13 6 15 9 1 14 2 0 3 6 9 8 13 10 15 12 0 14 3 12 8 13 14 15
4

4109a20ebd01b1c2 b0005541424e4e1d
1 0 6 2 7 3 8 4 12 9 13 10 15 11 0 14 8 1 10 2 11 3 12 6 13 9 15 14 1 0 2 6 3 8 9 10 13 12 15 14 0 12 3 13 8 15 14
4

4109aa0ebd01b142 b0005541424e4e1d
1 0 6 2 8 3 12 4 13 9 15 10 0 11 8 14 10 1 11 2 12 3 13 6 15 9 1 14 2 0 3 6 9 8 11 10 13 12 15 14 0 12 3 13 8 15 14
4

410ba20ebd01b142 b0005541424e4e1d
1 0 6 2 8 3 12 4 13 9 15 10 0 11 8 14 10 1 11 2 12 3 13 6 15 9 1 14 2 0 3 6 9 8 13 10 15 12 0 14 1 12 3 13 8 15 14
4

410da20ebd01b142 b0005541424e4e1d
1 0 6 2 8 3 12 4 13 9 15 10 0 11 8 14 10 1 11 2 12 3 13 6 15 9 1 14 2 0 3 6 9 8 13 10 15 12 0 14 2 12 3 13 8 15 14
4

4149a20ebd01b142 b0005541424e4e1d
1 0 6 2 8 3 12 4 13 9 15 10 0 11 8 14 10 1 11 2 12 3 13 6 15 9 1 14 2 0 3 6 9 8 13 10 15 12 0 14 3 12 6 13 8 15 14
4

4309a20ebd01b142 b0005541424e4e1d
1 0 6 2 8 3 12 4 13 9 15 10 0 11 8 14 10 1 11 2 12 3 13 6 15 9 1 14 2 0 3 6 9 8 13 10 15 12 0 14 3 12 8 13 9 15 14
4

4509a20ebd01b142 b0005541424e4e1d
1 0 6 2 8 3 12 4 13 9 15 10 0 11 8 14 10 1 11 2 12 3 13 6 15 9 1 14 2 0 3 6 9 8 13 10 15 12 0 14 3 12 8 13 10 15 14
4

4109a20ebd01b142 b0005541424e4e2d
1 0 6 2 8 3 12 5 13 9 15 10 0 11 8 14 10 1 11 2 12 3 13 6 15 9 1 14 2 0 3 6 9 8 13 10 15 12 0 14 3 12 8 13 14 15
5

4109a20ebd01b1c2 b0005541424e4e2d
1 0 6 2 7 3 8 5 12 9 13 10 15 11 0 14 8 1 10 2 11 3 12 6 13 9 15 14 1 0 2 6 3 8 9 10 13 12 15 14 0 12 3 13 8 15 14
5

4109aa0ebd01b142 b0005541424e4e2d
1 0 6 2 8 3 12 5 13 9 15 10 0 11 8 14 10 1 11 2 12 3 13 6 15 9 1 14 2 0 3 6 9 8 11 10 13 12 15 14 0 12 3 13 8 15 14
5

410ba20ebd01b142 b0005541424e4e2d
1 0 6 2 8 3 12 5 13 9 15 10 0 11 8 14 10 1 11 2 12 3 13 6 15 9 1 14 2 0 3 6 9 8 13 10 15 12 0 14 1 12 3 13 8 15 14
5

410da20ebd01b142 b0005541424e4e2d
1 0 6 2 8 3 12 5 13 9 15 10 0 11 8 14 10 1 11 2 12 3 13 6 15 9 1 14 2 0 3 6 9 8 13 10 15 12 0 14 2 12 3 13 8 15 14
5

4149a20ebd01b142 b0005541424e4e2d
1 0 6 2 8 3 12 5 13 9 15 10 0 11 8 14 10 1 11 2 12 3 13 6 15 9 1 14 2 0 3 6 9 8 13 10 15 12 0 14 3 12 6 13 8 15 14
5

4309a20ebd01b142 b0005541424e4e2d
1 0 6 2 8 3 12 5 13 9 15 10 0 11 8 14 10 1 11 2 12 3 13 6 15 9 1 14 2 0 3 6 9 8 13 10 15 12 0 14 3 12 8 13 9 15 14
5

4509a20ebd01b142 b0005541424e4e2d
1 0 6 2 8 3 12 5 13 9 15 10 0 11 8 14 10 1 11 2 12 3 13 6 15 9 1 14 2 0 3 6 9 8 13 10 15 12 0 14 3 12 8 13 10 15 14
5

4109a20ebd01b152 b0005541424e4e8d
1 0 4 2 6 3 8 7 12 9 13 10 15 11 0 14 8 1 10 2 11 3 12 6 13 9 15 14 1 0 2 6 3 8 9 10 13 12 15 14 0 12 3 13 8 15 14
4

4109a20ebd01b162 b0005541424e4e8d
1 0 5 2 6 3 8 7 12 9 13 10 15 11 0 14 8 1 10 2 11 3 12 6 13 9 15 14 1 0 2 6 3 8 9 10 13 12 15 14 0 12 3 13 8 15 14
5

4109a20ebd01b152 b0005d41424e4e0d
1 0 4 2 6 3 8 9 12 10 13 11 15 14 0 1 8 2 10 3 11 6 12 9 13 14 15 0 1 6 2 8 3 10 9 11 13 12 15 14 0 12 3 13 8 15 14
4

4109a20ebd01b162 b0005d41424e4e0d
1 0 5 2 6 3 8 9 12 10 13 11 15 14 0 1 8 2 10 3 11 6 12 9 13 14 15 0 1 6 2 8 3 10 9 11 13 12 15 14 0 12 3 13 8 15 14
5

4109a20ebd01b152 b0025541424e4e0d
1 0 4 2 6 3 8 9 12 10 13 11 15 14 0 1 8 2 10 3 11 6 12 9 13 14 15 0 1 6 2 8 3 10 9 12 13 14 15 1 0 12 3 13 8 15 14
4

4109a20ebd01b162 b0025541424e4e0d
1 0 5 2 6 3 8 9 12 10 13 11 15 14 0 1 8 2 10 3 11 6 12 9 13 14 15 0 1 6 2 8 3 10 9 12 13 14 15 1 0 12 3 13 8 15 14
5

4109a20ebd01b152 b0045541424e4e0d
1 0 4 2 6 3 8 9 12 10 13 11 15 14 0 1 8 2 10 3 11 6 12 9 13 14 15 0 1 6 2 8 3 10 9 12 13 14 15 2 0 12 3 13 8 15 14
4

4109a20ebd01b162 b0045541424e4e0d
1 0 5 2 6 3 8 9 12 10 13 11 15 14 0 1 8 2 10 3 11 6 12 9 13 14 15 0 1 6 2 8 3 10 9 12 13 14 15 2 0 12 3 13 8 15 14
5

4109a20ebd01b152 b0405541424e4e0d
1 0 4 2 6 3 8 9 12 10 13 11 15 14 0 1 8 2 10 3 11 6 12 9 13 14 15 0 1 6 2 8 3 10 9 12 13 14 15 6 0 12 3 13 8 15 14
4

4109a20ebd01b162 b0405541424e4e0d
1 0 5 2 6 3 8 9 12 10 13 11 15 14 0 1 8 2 10 3 11 6 12 9 13 14 15 0 1 6 2 8 3 10 9 12 13 14 15 6 0 12 3 13 8 15 14
5

4109a20ebd01b152 b2005541424e4e0d
1 0 4 2 6 3 8 9 12 10 13 11 15 14 0 1 8 2 10 3 11 6 12 9 13 14 15 0 1 6 2 8 3 10 9 12 13 14 15 9 0 12 3 13 8 15 14
4

4109a20ebd01b162 b2005541424e4e0d
1 0 5 2 6 3 8 9 12 10 13 11 15 14 0 1 8 2 10 3 11 6 12 9 13 14 15 0 1 6 2 8 3 10 9 12 13 14 15 9 0 12 3 13 8 15 14
5

49b618aa15c287 b2040847144a3d58
0 3 1 4 2 6 7 8 9 10 14 11 15 12 0 13 2 1 4 3 9 6 11 10 13 12 15 0 3 1 4 2 9 6 10 11 12 2 13 9 15 12 0 13 3 15 6
7

4109a20ebd01b152 b4005541424e4e0d
1 0 4 2 6 3 8 9 12 10 13 11 15 14 0 1 8 2 10 3 11 6 12 9 13 14 15 0 1 6 2 8 3 10 9 12 13 14 15 10 0 12 3 13 8 15 14
4

4109a20ebd01b162 b4005541424e4e0d
1 0 5 2 6 3 8 9 12 10 13 11 15 14 0 1 8 2 10 3 11 6 12 9 13 14 15 0 1 6 2 8 3 10 9 12 13 14 15 10 0 12 3 13 8 15 14
5

59085746a9493 b44864688085606c
0 2 1 3 4 5 7 6 10 13 12 14 15 0 1 2 3 7 5 15 6 3 10 5 12 6 13 10 14 13 0 14 2 3 7 6 12 10 15 12 0 13 2 15
8

805109389be10e b80ba882c1041891
1 0 2 4 3 7 8 11 13 12 14 2 15 8 0 14 1 15 3 1 4 15 7 7 11 11 12 1 13 13 0 0 3 3 8 11 12 12 14 13 7 15
4

103180de952d039 b80ce152100d2946
0 1 3 2 4 6 5 8 12 11 14 13 15 0 1 2 4 3 6 12 8 1 11 4 13 6 14 8 15 13 0 14 2 15 3 2 11 3 12 11 0 12 1 13 8 15
10

103180de952d419 b80ce152100d2946
0 1 3 2 4 6 10 8 12 11 14 13 15 0 1 2 4 3 6 12 8 1 11 4 13 6 14 8 15 13 0 14 2 15 3 2 11 3 12 11 0 12 1 13 8 15
5

102c710390292159 c003802c6116d0a6
0 1 3 2 4 5 6 7 8 12 13 14 0 15 3 1 5 2 12 4 15 8 0 13 1 14 8 2 12 3 13 5 14 15 2 0 3 1 5 14 12 15
4

102c710390292319 c003802c6116d0a6
0 1 3 2 4 5 8 7 9 12 13 14 0 15 3 1 5 2 12 4 15 8 0 13 1 14 8 2 12 3 13 5 14 15 2 0 3 1 5 14 12 15
4

102c710390292919 c003802c6116d0a6
0 1 3 2 4 5 8 7 11 12 13 14 0 15 3 1 5 2 12 4 15 8 0 13 1 14 8 2 12 3 13 5 14 15 2 0 3 1 5 14 12 15
4

102c710390a92119 c003802c6116d0a6
0 1 3 2 4 5 8 7 13 12 0 14 3 15 5 1 7 2 12 4 15 8 0 13 1 14 8 2 12 3 13 5 14 15 2 0 3 1 5 14 12 15
4

112c710390292119 c003802c6116d0a6
0 1 3 2 4 5 8 7 13 12 0 14 3 15 5 1 12 2 15 4 0 8 1 13 8 14 12 2 13 3 14 5 2 15 3 0 5 1 8 14 12 15
4

302c710390292119 c003802c6116d0a6
0 1 3 2 4 5 8 7 13 12 0 14 3 15 5 1 12 2 15 4 0 8 1 13 8 14 12 2 13 3 14 5 2 15 3 0 5 1 12 14 13 15
4

484dd4cad823 c00d9480282524dc
0 2 1 3 5 4 11 6 12 7 14 10 15 13 1 0 3 2 6 5 7 11 10 13 12 7 14 10 15 12 0 15 2 0 3 2 6 3 11 15 14 14
1

1801e8398136425d c03812067a09b922
0 1 2 5 3 8 4 11 6 12 9 13 14 15 1 0 2 3 4 9 5 11 8 12 15 13 0 14 3 1 4 2 5 9 11 12 13 3 14 4 15 5 0 14 11 15 12
6

202dcc349821c481 d0003009641c383e
0 1 7 2 10 3 14 4 15 5 0 11 5 12 11 13 12 2 15 3 2 4 4 10 5 13 10 14 11 0 14 3 15 12 0 13 2 12 3 14 5 15 13
9

2a0d202ada0cb242 d022da052023482d
1 0 6 2 9 3 12 5 13 11 15 14 2 0 3 1 9 5 11 13 12 0 14 2 15 9 1 11 3 12 5 14 13 15 0 1 2 5 3 12 9 14 11 15 13
6

2a0d202ada0cb282 d022da052023482d
1 0 7 2 9 3 12 5 13 11 15 14 2 0 3 1 9 5 11 13 12 0 14 2 15 9 1 11 3 12 5 14 13 15 0 1 2 5 3 12 9 14 11 15 13
7

2a0d202ada0cb242 d022da052023483d
1 0 6 2 9 3 12 4 13 5 15 11 2 14 3 0 9 1 11 5 12 13 14 0 15 2 1 9 3 11 5 12 13 14 0 15 2 1 3 5 9 12 11 14 13 15
6

2a0d202ada0cb282 d022da052023483d
1 0 7 2 9 3 12 4 13 5 15 11 2 14 3 0 9 1 11 5 12 13 14 0 15 2 1 9 3 11 5 12 13 14 0 15 2 1 3 5 9 12 11 14 13 15
7

2a0d202ada0cb212 d022da052023486d
1 0 4 2 9 3 12 5 13 6 15 11 2 14 3 0 9 1 11 5 12 13 14 0 15 2 1 9 3 11 5 12 13 14 0 15 2 1 3 5 9 12 11 14 13 15
6

2a0d202ada0cb302 d022da052023486d
1 0 8 2 9 3 12 5 13 6 15 11 2 14 3 0 9 1 11 5 12 13 14 0 15 2 1 9 3 11 5 12 13 14 0 15 2 1 3 5 9 12 11 14 13 15
6

2a0d202ada0cb212 d022da05202348ad
1 0 4 2 9 3 12 5 13 7 15 11 2 14 3 0 9 1 11 5 12 13 14 0 15 2 1 9 3 11 5 12 13 14 0 15 2 1 3 5 9 12 11 14 13 15
7

2a0d202ada0cb302 d022da05202348ad
1 0 8 2 9 3 12 5 13 7 15 11 2 14 3 0 9 1 11 5 12 13 14 0 15 2 1 9 3 11 5 12 13 14 0 15 2 1 3 5 9 12 11 14 13 15
7

2a0d202ada0cb242 d022da052023492d
1 0 6 2 9 3 12 5 13 8 15 11 2 14 3 0 9 1 11 5 12 13 14 0 15 2 1 9 3 11 5 12 13 14 0 15 2 1 3 5 9 12 11 14 13 15
6

2a0d202ada0cb282 d022da052023492d
1 0 7 2 9 3 12 5 13 8 15 11 2 14 3 0 9 1 11 5 12 13 14 0 15 2 1 9 3 11 5 12 13 14 0 15 2 1 3 5 9 12 11 14 13 15
7

2a0d202ada0cb602 d022da052023492d
1 0 9 2 10 3 12 5 13 8 15 11 2 14 3 0 9 1 11 5 12 13 14 0 15 2 1 9 3 11 5 12 13 14 0 15 2 1 3 5 9 12 11 14 13 15
10

2a0d202ada0cb212 d022da0520234c2d
1 0 4 2 9 3 12 5 13 10 15 11 2 14 3 0 9 1 11 5 12 13 14 0 15 2 1 9 3 11 5 12 13 14 0 15 2 1 3 5 9 12 11 14 13 15
10

2a0d202ada0cb302 d022da0520234c2d
1 0 8 2 9 3 12 5 13 10 15 11 2 14 3 0 9 1 11 5 12 13 14 0 15 2 1 9 3 11 5 12 13 14 0 15 2 1 3 5 9 12 11 14 13 15
10

4509081cdb0ce3c d0a94d78104911c1
2 0 3 6 4 7 5 8 9 12 10 0 11 3 14 6 15 12 4 3 5 4 7 5 8 6 10 8 11 10 14 11 15 14 0 0 7 3 12 5 15 7 4 12 6 14 10 15
9

805109389be10e d80ba882c1041891
1 0 2 4 3 7 8 11 13 12 14 2 15 8 0 14 1 15 3 1 4 15 7 7 11 11 12 1 13 13 0 0 3 3 8 11 12 12 14 14 7 15
4

103180de952d039 d80ce152100d2946
0 1 3 2 4 6 5 8 12 11 14 13 15 0 1 2 4 3 6 12 8 1 11 4 13 6 14 8 15 13 0 14 2 15 3 2 11 3 12 11 0 12 1 14 8 15
10

103180de952d419 d80ce152100d2946
0 1 3 2 4 6 10 8 12 11 14 13 15 0 1 2 4 3 6 12 8 1 11 4 13 6 14 8 15 13 0 14 2 15 3 2 11 3 12 11 0 12 1 14 8 15
5

10076085d2466499 e088944a24899246
0 1 3 2 4 6 7 9 10 12 13 15 14 0 1 3 2 7 6 10 9 13 12 1 14 3 15 6 0 10 2 12 7 15 13 3 14 7 0 13 1 14 2 15 12
9

800901034436a587 2c03cb1095078
0 3 1 4 2 5 7 6 8 12 10 14 13 0 15 3 1 8 2 12 4 13 5 15 10 2 14 3 0 4 1 5 8 14 0 15 3 1 15
9

800901034436a707 2c03cb1095078
0 3 1 4 2 5 8 6 9 12 10 14 13 0 15 3 1 8 2 12 4 13 5 15 10 2 14 3 0 4 1 5 8 14 0 15 3 1 15
7

800901034436a707 2c03cb10950b8
0 3 1 4 2 5 8 7 9 12 10 14 13 0 15 3 1 8 2 12 4 13 5 15 10 2 14 3 0 4 1 5 8 14 0 15 3 1 15
6

800901034436ad07 2c03cb10950b8
0 3 1 4 2 5 8 7 10 12 11 14 13 0 15 3 1 8 2 12 4 13 5 15 10 2 14 3 0 4 1 5 8 14 0 15 3 1 15
6

800911034436a507 2c03cb10950b8
0 3 1 4 2 5 8 7 10 12 13 14 15 0 1 3 2 8 4 12 5 13 10 15 14 2 0 3 1 4 8 5 12 14 0 15 3 1 15
6

802901034436a507 2c03cb10950b8
0 3 1 4 2 5 8 7 10 12 13 14 15 0 1 3 2 8 4 12 5 13 10 15 14 2 0 3 1 4 8 5 0 14 3 15 5 1 15
6

800911034436a507 2c03cb1095238
0 3 1 4 2 5 8 9 10 12 13 14 15 0 1 3 2 8 4 12 5 13 10 15 14 2 0 3 1 4 8 5 12 14 0 15 3 1 15
6

802901034436a507 2c03cb1095238
0 3 1 4 2 5 8 9 10 12 13 14 15 0 1 3 2 8 4 12 5 13 10 15 14 2 0 3 1 4 8 5 0 14 3 15 5 1 15
6

800921034436a507 2d03cb1095038
0 3 1 4 2 5 8 12 10 14 13 0 15 3 1 8 2 12 4 13 5 15 10 2 14 3 0 4 1 5 8 12 13 14 0 15 3 1 15
12

800901034436a547 2e03cb1095038
0 3 1 4 2 5 6 12 8 14 10 0 13 3 15 8 1 12 2 13 4 15 5 2 10 3 14 4 0 5 1 13 8 14 0 15 3 1 15
12

800901034436a587 2e03cb1095038
0 3 1 4 2 5 7 12 8 14 10 0 13 3 15 8 1 12 2 13 4 15 5 2 10 3 14 4 0 5 1 13 8 14 0 15 3 1 15
12

800901034436a707 2e03cb1095038
0 3 1 4 2 5 8 12 9 14 10 0 13 3 15 8 1 12 2 13 4 15 5 2 10 3 14 4 0 5 1 13 8 14 0 15 3 1 15
12

800901034436ad07 2e03cb1095038
0 3 1 4 2 5 8 12 10 14 11 0 13 3 15 8 1 12 2 13 4 15 5 2 10 3 14 4 0 5 1 13 8 14 0 15 3 1 15
12

802901034436a507 2e03cb1095038
0 3 1 4 2 5 8 12 10 14 13 0 15 3 1 8 2 12 4 13 5 15 10 2 14 3 0 4 1 5 8 13 0 14 3 15 5 1 15
12

9910210d30085149 998108915a836
0 1 3 2 6 4 8 5 12 11 14 13 3 15 12 0 13 2 0 4 2 8 3 11 8 15 13 4 4 11 8 12 11 15 12 0 15 3
9

9910210d70085109 998108915aa16
0 1 3 2 8 4 12 9 14 11 3 13 12 15 13 0 14 2 0 4 2 8 3 11 8 15 13 4 4 11 8 12 11 15 12 0 15 3
14

9000d3008013517a 19003b53288205
1 0 3 2 4 9 5 15 6 3 8 5 12 8 14 9 0 12 1 14 4 0 15 1 8 3 9 4 12 5 14 0 15 3 12 4 15
6

9000d300801351ba 19003b53288245
1 0 3 2 4 6 5 9 7 15 8 3 12 5 14 8 0 9 1 12 4 14 15 0 8 1 9 3 12 4 14 5 15 0 12 3 15 4
6

9000d3008013553a 19003b53288245
1 0 3 2 4 6 5 9 8 15 10 3 12 5 14 8 0 9 1 12 4 14 15 0 8 1 9 3 12 4 14 5 15 0 12 3 15 4
6

9000d3008013593a 19003b53288245
1 0 3 2 4 6 5 9 8 15 11 3 12 5 14 8 0 9 1 12 4 14 15 0 8 1 9 3 12 4 14 5 15 0 12 3 15 4
6

9000d3008017513a 19003b53288245
1 0 3 2 4 6 5 9 8 15 12 3 14 5 0 8 1 9 2 12 4 14 15 0 8 1 9 3 12 4 14 5 15 0 12 3 15 4
6

9002d3008013513a 19003b53288245
1 0 3 2 4 6 5 9 8 15 12 3 14 5 0 8 1 9 4 12 15 14 8 0 9 1 12 3 14 4 15 5 1 0 12 3 15 4
6

9020d3008013513a 19003b53288245
1 0 3 2 4 6 5 9 8 15 12 3 14 5 0 8 1 9 4 12 15 14 8 0 9 1 12 3 14 4 15 5 5 0 12 3 15 4
6

9100d3008013513a 19003b53288245
1 0 3 2 4 6 5 9 8 15 12 3 14 5 0 8 1 9 4 12 15 14 8 0 9 1 12 3 14 4 15 5 8 0 12 3 15 4
6

9200d3008013513a 19003b53288245
1 0 3 2 4 6 5 9 8 15 12 3 14 5 0 8 1 9 4 12 15 14 8 0 9 1 12 3 14 4 15 5 9 0 12 3 15 4
6

d000d3008013513a 19003b53288245
1 0 3 2 4 6 5 9 8 15 12 3 14 5 0 8 1 9 4 12 15 14 8 0 9 1 12 3 14 4 15 5 12 0 14 3 15 4
6

9000d3008013517a 19003b53288285
1 0 3 2 4 7 5 9 6 15 8 3 12 5 14 8 0 9 1 12 4 14 15 0 8 1 9 3 12 4 14 5 15 0 12 3 15 4
6

9000d3008013553a 19003b5328a205
1 0 3 2 4 9 5 13 8 15 10 3 12 5 14 8 0 9 1 12 4 14 15 0 8 1 9 3 12 4 14 5 15 0 12 3 15 4
13

9000d3008017513a 19003b5328a205
1 0 3 2 4 9 5 13 8 15 12 3 14 5 0 8 1 9 2 12 4 14 15 0 8 1 9 3 12 4 14 5 15 0 12 3 15 4
13

900904ba1a11063c 8109a0184aab883
2 0 3 1 4 7 5 11 9 12 10 13 0 15 4 1 9 3 11 5 12 7 1 10 3 15 4 0 5 9 7 11 10 12 0 15 3 4 12 11 15
14

900904ba1a110678 8109a0184aab883
3 0 4 1 5 7 6 11 9 12 10 13 0 15 4 1 9 3 11 5 12 7 1 10 3 15 4 0 5 9 7 11 10 12 0 15 3 4 12 11 15
14

900904ba1a110738 8109a0184aab883
3 0 4 1 5 7 8 11 9 12 10 13 0 15 4 1 9 3 11 5 12 7 1 10 3 15 4 0 5 9 7 11 10 12 0 15 3 4 12 11 15
14

900b04ba1a110638 8109a0184aab883
3 0 4 1 5 7 9 11 10 12 0 13 4 15 9 1 11 3 12 5 1 7 3 10 4 15 5 0 7 9 10 11 0 12 1 15 3 4 12 11 15
14

902904ba1a110638 8109a0184aab883
3 0 4 1 5 7 9 11 10 12 0 13 4 15 9 1 11 3 12 5 1 7 3 10 4 15 5 0 7 9 10 11 0 12 3 15 5 4 12 11 15
14

908904ba1a110638 8109a0184aab883
3 0 4 1 5 7 9 11 10 12 0 13 4 15 9 1 11 3 12 5 1 7 3 10 4 15 5 0 7 9 10 11 0 12 3 15 7 4 12 11 15
14

920904ba1a110638 8109a0184aab883
3 0 4 1 5 7 9 11 10 12 0 13 4 15 9 1 11 3 12 5 1 7 3 10 4 15 5 0 7 9 10 11 0 12 3 15 9 4 12 11 15
14

940904ba1a110638 8109a0184aab883
3 0 4 1 5 7 9 11 10 12 0 13 4 15 9 1 11 3 12 5 1 7 3 10 4 15 5 0 7 9 10 11 0 12 3 15 10 4 12 11 15
14

900904ba1a110678 8109a0184aad883
3 0 4 1 5 7 6 11 9 12 10 14 0 15 4 1 9 3 11 5 12 7 1 10 3 15 4 0 5 9 7 11 10 12 0 15 3 4 12 11 15
13

900904ba1a110738 8109a0184aad883
3 0 4 1 5 7 8 11 9 12 10 14 0 15 4 1 9 3 11 5 12 7 1 10 3 15 4 0 5 9 7 11 10 12 0 15 3 4 12 11 15
13

900b04ba1a110638 8109a0184aad883
3 0 4 1 5 7 9 11 10 12 0 14 4 15 9 1 11 3 12 5 1 7 3 10 4 15 5 0 7 9 10 11 0 12 1 15 3 4 12 11 15
13

902904ba1a110638 8109a0184aad883
3 0 4 1 5 7 9 11 10 12 0 14 4 15 9 1 11 3 12 5 1 7 3 10 4 15 5 0 7 9 10 11 0 12 3 15 5 4 12 11 15
13

920904ba1a110638 8109a0184aad883
3 0 4 1 5 7 9 11 10 12 0 14 4 15 9 1 11 3 12 5 1 7 3 10 4 15 5 0 7 9 10 11 0 12 3 15 9 4 12 11 15
13

940904ba1a110638 8109a0184aad883
3 0 4 1 5 7 9 11 10 12 0 14 4 15 9 1 11 3 12 5 1 7 3 10 4 15 5 0 7 9 10 11 0 12 3 15 10 4 12 11 15
13

941914054830b05c 824c838940d4c23
2 0 3 1 4 5 6 10 12 11 13 14 15 0 4 2 5 3 11 10 14 12 0 15 2 3 10 4 12 5 0 11 3 14 4 15 10 2 12 5 15 11
9

941914054830b05c 824c838940d4d21
2 0 3 5 4 8 6 10 12 11 13 14 15 0 4 2 5 3 11 10 14 12 0 15 2 3 10 4 12 5 0 11 3 14 4 15 10 2 12 5 15 11
9

941914054830b09c 824c838948d4c21
2 0 3 5 4 10 7 11 12 14 13 0 15 2 4 3 5 7 11 10 14 12 0 15 2 3 10 4 12 5 0 11 3 14 4 15 10 2 12 5 15 11
7

9008b40339022e59 a010b08c619d126
0 1 3 2 4 5 6 8 9 12 10 14 11 15 13 0 1 3 8 4 11 9 12 10 13 14 0 15 1 3 10 8 12 9 13 11 15 0 3 9 12 11 15
5

9008b40339022e99 a010b08c619d126
0 1 3 2 4 5 7 8 9 12 10 14 11 15 13 0 1 3 8 4 11 9 12 10 13 14 0 15 1 3 10 8 12 9 13 11 15 0 3 9 12 11 15
5

9008b40339062e19 a010b08c619d126
0 1 3 2 4 5 9 8 10 12 11 14 13 15 1 0 2 3 8 4 11 9 12 10 13 14 0 15 1 3 10 8 12 9 13 11 15 0 3 9 12 11 15
5

9008b41339022e19 a010b08c619d126
0 1 3 2 4 5 9 8 10 12 11 14 13 15 1 0 8 3 11 4 12 9 13 10 0 14 1 15 4 3 10 8 12 9 13 11 15 0 3 9 12 11 15
5

900ab40339022e19 a010b08c619d126
0 1 3 2 4 5 9 8 10 12 11 14 13 15 1 0 8 3 11 4 12 9 13 10 0 14 1 15 10 3 12 8 13 9 15 11 1 0 3 9 12 11 15
5

9108b40339022e19 a010b08c619d126
0 1 3 2 4 5 9 8 10 12 11 14 13 15 1 0 8 3 11 4 12 9 13 10 0 14 1 15 10 3 12 8 13 9 15 11 3 0 8 9 12 11 15
5

9408b40339022e19 a010b08c619d126
0 1 3 2 4 5 9 8 10 12 11 14 13 15 1 0 8 3 11 4 12 9 13 10 0 14 1 15 10 3 12 8 13 9 15 11 3 0 10 9 12 11 15
5

9008b40339022e39 a010b08c619d146
0 1 3 2 4 6 5 8 9 12 10 14 11 15 13 0 1 3 8 4 11 9 12 10 13 14 0 15 1 3 10 8 12 9 13 11 15 0 3 9 12 11 15
5

9008b40339022e39 a010b08c619d186
0 1 3 2 4 7 5 8 9 12 10 14 11 15 13 0 1 3 8 4 11 9 12 10 13 14 0 15 1 3 10 8 12 9 13 11 15 0 3 9 12 11 15
5

9008b40339022e39 a010b08c61dd106
0 1 3 2 4 8 5 12 9 14 10 15 11 0 13 2 1 3 8 4 11 9 12 10 13 14 0 15 1 3 10 8 12 9 13 11 15 0 3 9 12 11 15
5

9008b40339022e59 a010b08c61dd106
0 1 3 2 4 8 6 12 9 14 10 15 11 0 13 2 1 3 8 4 11 9 12 10 13 14 0 15 1 3 10 8 12 9 13 11 15 0 3 9 12 11 15
6

9008b40339022e39 a010b18c619d106
0 1 3 2 4 8 5 12 9 14 10 15 11 0 13 3 1 4 8 9 11 10 12 14 13 15 0 3 1 4 10 8 12 9 13 11 15 0 3 9 12 11 15
5

9008b40339022e59 a014b08c619d106
0 1 3 2 4 8 6 12 9 14 10 15 11 0 13 3 1 4 8 9 11 10 12 14 13 15 0 3 1 8 10 9 12 11 13 14 15 0 3 9 12 11 15
14

9008b40339022e99 a014b08c619d106
0 1 3 2 4 8 7 12 9 14 10 15 11 0 13 3 1 4 8 9 11 10 12 14 13 15 0 3 1 8 10 9 12 11 13 14 15 0 3 9 12 11 15
14

9008b40339062e19 a014b08c619d106
0 1 3 2 4 8 9 12 10 14 11 15 13 0 1 3 2 4 8 9 11 10 12 14 13 15 0 3 1 8 10 9 12 11 13 14 15 0 3 9 12 11 15
14

9008b41339022e19 a014b08c619d106
0 1 3 2 4 8 9 12 10 14 11 15 13 0 1 3 8 4 11 9 12 10 13 14 0 15 1 3 4 8 10 9 12 11 13 14 15 0 3 9 12 11 15
14

900ab40339022e19 a014b08c619d106
0 1 3 2 4 8 9 12 10 14 11 15 13 0 1 3 8 4 11 9 12 10 13 14 0 15 1 3 10 8 12 9 13 11 15 14 1 0 3 9 12 11 15
14

9108b40339022e19 a014b08c619d106
0 1 3 2 4 8 9 12 10 14 11 15 13 0 1 3 8 4 11 9 12 10 13 14 0 15 1 3 10 8 12 9 13 11 15 14 3 0 8 9 12 11 15
14

9408b40339022e19 a014b08c619d106
0 1 3 2 4 8 9 12 10 14 11 15 13 0 1 3 8 4 11 9 12 10 13 14 0 15 1 3 10 8 12 9 13 11 15 14 3 0 10 9 12 11 15
14

9008b40339022e39 a030b08c619d106
0 1 3 2 4 8 5 12 9 14 10 15 11 0 13 3 1 4 8 9 11 10 12 14 13 15 0 3 1 8 10 9 12 11 13 0 15 1 3 9 12 11 15
5

9008b40339022e59 b010b08c619d106
0 1 3 2 4 8 6 12 9 14 10 15 11 0 13 3 1 4 8 9 11 10 12 14 13 15 0 3 1 8 10 9 12 11 13 0 15 8 3 9 12 11 15
10

9008b40339022e99 b010b08c619d106
0 1 3 2 4 8 7 12 9 14 10 15 11 0 13 3 1 4 8 9 11 10 12 14 13 15 0 3 1 8 10 9 12 11 13 0 15 8 3 9 12 11 15
10

9008b40339062e19 b010b08c619d106
0 1 3 2 4 8 9 12 10 14 11 15 13 0 1 3 2 4 8 9 11 10 12 14 13 15 0 3 1 8 10 9 12 11 13 0 15 8 3 9 12 11 15
10

9008b41339022e19 b010b08c619d106
0 1 3 2 4 8 9 12 10 14 11 15 13 0 1 3 8 4 11 9 12 10 13 14 0 15 1 3 4 8 10 9 12 11 13 0 15 8 3 9 12 11 15
10

900ab40339022e19 b010b08c619d106
0 1 3 2 4 8 9 12 10 14 11 15 13 0 1 3 8 4 11 9 12 10 13 14 0 15 1 3 10 8 12 9 13 11 15 0 1 8 3 9 12 11 15
10

9008b40339022e59 e010b08c619d106
0 1 3 2 4 8 6 12 9 14 10 15 11 0 13 3 1 4 8 9 11 10 12 14 13 15 0 3 1 8 10 9 12 11 13 0 15 9 3 10 12 11 15
8

9008b40339022e99 e010b08c619d106
0 1 3 2 4 8 7 12 9 14 10 15 11 0 13 3 1 4 8 9 11 10 12 14 13 15 0 3 1 8 10 9 12 11 13 0 15 9 3 10 12 11 15
8

9008b40339062e19 e010b08c619d106
0 1 3 2 4 8 9 12 10 14 11 15 13 0 1 3 2 4 8 9 11 10 12 14 13 15 0 3 1 8 10 9 12 11 13 0 15 9 3 10 12 11 15
8

9008b41339022e19 e010b08c619d106
0 1 3 2 4 8 9 12 10 14 11 15 13 0 1 3 8 4 11 9 12 10 13 14 0 15 1 3 4 8 10 9 12 11 13 0 15 9 3 10 12 11 15
8

900ab40339022e19 e010b08c619d106
0 1 3 2 4 8 9 12 10 14 11 15 13 0 1 3 8 4 11 9 12 10 13 14 0 15 1 3 10 8 12 9 13 11 15 0 1 9 3 10 12 11 15
8

800c9684110c81ab 1001010b8e831e14
0 2 1 4 3 9 5 10 7 11 8 12 15 0 2 1 3 7 8 9 12 10 2 11 7 15 9 0 10 1 12 3 15 8 2 0 3 12 15
5

800c9684110c818b 1001010b8e831e24
0 2 1 5 3 9 7 10 8 11 15 12 2 0 3 1 8 7 12 9 2 10 7 11 9 15 10 0 12 1 15 3 2 8 3 0 15 12
5

800c9684110c819b 1001010b8e831e24
0 2 1 5 3 9 4 10 7 11 8 12 15 0 2 1 3 7 8 9 12 10 2 11 7 15 9 0 10 1 12 3 15 8 2 0 3 12 15
5

800c9684110c81cb 1001010b8e831e24
0 2 1 5 3 9 6 10 7 11 8 12 15 0 2 1 3 7 8 9 12 10 2 11 7 15 9 0 10 1 12 3 15 8 2 0 3 12 15
5

800c9684110ca18b 1001010b8e831e24
0 2 1 5 3 9 7 10 8 11 13 12 15 0 2 1 3 7 8 9 12 10 2 11 7 15 9 0 10 1 12 3 15 8 2 0 3 12 15
5

800c9684110cc18b 1001010b8e831e24
0 2 1 5 3 9 7 10 8 11 14 12 15 0 2 1 3 7 8 9 12 10 2 11 7 15 9 0 10 1 12 3 15 8 2 0 3 12 15
5

800c9e84110c818b 1001010b8e831e24
0 2 1 5 3 9 7 10 8 11 15 12 2 0 3 1 8 7 12 9 2 10 7 11 9 15 10 0 11 1 12 3 15 8 2 0 3 12 15
5

800e9684110c818b 1001010b8e831e24
0 2 1 5 3 9 7 10 8 11 15 12 2 0 3 1 8 7 12 9 2 10 7 11 9 15 10 0 12 1 15 3 1 8 2 0 3 12 15
5

808c9684110c818b 1001010b8e831e24
0 2 1 5 3 9 7 10 8 11 15 12 2 0 3 1 8 7 12 9 2 10 7 11 9 15 10 0 12 1 15 3 2 8 3 0 7 12 15
5

810c9684110c818b 1001010b8e831e24
0 2 1 5 3 9 7 10 8 11 15 12 2 0 3 1 8 7 12 9 2 10 7 11 9 15 10 0 12 1 15 3 2 8 3 0 8 12 15
5

820c9684110c818b 1001010b8e831e24
0 2 1 5 3 9 7 10 8 11 15 12 2 0 3 1 8 7 12 9 2 10 7 11 9 15 10 0 12 1 15 3 2 8 3 0 9 12 15
5

840c9684110c818b 1001010b8e831e24
0 2 1 5 3 9 7 10 8 11 15 12 2 0 3 1 8 7 12 9 2 10 7 11 9 15 10 0 12 1 15 3 2 8 3 0 10 12 15
5

800c9684110c81ab 1001010b8e833e04
0 2 1 9 3 10 5 11 7 12 8 13 15 0 2 1 3 7 8 9 12 10 2 11 7 15 9 0 10 1 12 3 15 8 2 0 3 12 15
5

800c9684110c81cb 1001090b8e831e04
0 2 1 9 3 10 6 11 7 12 8 0 15 1 2 7 3 9 8 10 12 11 2 15 7 0 9 1 10 3 12 8 15 11 2 0 3 12 15
11

800c9684110cc18b 1001090b8e831e04
0 2 1 9 3 10 7 11 8 12 14 0 15 1 2 7 3 9 8 10 12 11 2 15 7 0 9 1 10 3 12 8 15 11 2 0 3 12 15
11

808c9684110c818b 1001090b8e831e04
0 2 1 9 3 10 7 11 8 12 15 0 2 1 3 7 8 9 12 10 2 11 7 15 9 0 10 1 12 3 15 8 2 11 3 0 7 12 15
11

800c9684110c81ab 1003010b8e831e04
0 2 1 9 3 10 5 11 7 12 8 0 15 1 2 7 3 9 8 10 12 11 2 15 7 0 9 1 10 3 12 8 15 0 2 1 3 12 15
5

c0987100508b1892 1003809ba110e10d
1 0 4 2 7 3 11 8 12 13 0 14 1 15 3 4 7 8 12 13 14 15 8 0 12 1 13 3 14 4 3 7 4 15 7 0 14 1 15 12
2

c0987100508b18b2 1003809ba110e10d
1 0 4 2 5 3 7 8 11 13 12 14 0 15 1 4 3 8 7 13 12 15 14 0 8 1 12 3 13 4 14 7 3 15 4 0 7 1 14 12 15
2

c0987100508b18d2 1003809ba110e10d
1 0 4 2 6 3 7 8 11 13 12 14 0 15 1 4 3 8 7 13 12 15 14 0 8 1 12 3 13 4 14 7 3 15 4 0 7 1 14 12 15
2

c0987100508b1a92 1003809ba110e10d
1 0 4 2 7 3 9 8 11 13 12 14 0 15 1 4 3 8 7 13 12 15 14 0 8 1 12 3 13 4 14 7 3 15 4 0 7 1 14 12 15
2

c0987100508b1c92 1003809ba110e10d
1 0 4 2 7 3 10 8 11 13 12 14 0 15 1 4 3 8 7 13 12 15 14 0 8 1 12 3 13 4 14 7 3 15 4 0 7 1 14 12 15
2

c1987100508b1892 1003809ba110e10d
1 0 4 2 7 3 11 8 12 13 0 14 1 15 3 4 7 8 12 13 14 15 8 0 12 1 13 3 14 4 3 7 4 15 7 0 8 1 14 12 15
2

e0987100508b1892 1003809ba110e10d
1 0 4 2 7 3 11 8 12 13 0 14 1 15 3 4 7 8 12 13 14 15 8 0 12 1 13 3 14 4 3 7 4 15 7 0 13 1 14 12 15
2

c0987100508b1896 1003809ba110e149
1 0 2 3 4 6 7 8 11 13 12 14 0 15 1 4 3 8 7 13 12 15 14 0 8 1 12 3 13 4 14 7 3 15 4 0 7 1 14 12 15
2

c0987100508b1896 1003809ba110e309
1 0 2 3 4 8 7 9 11 13 12 14 0 15 1 4 3 8 7 13 12 15 14 0 8 1 12 3 13 4 14 7 3 15 4 0 7 1 14 12 15
2

c0987100508b18d2 1003809ba110e509
1 0 4 3 6 8 7 10 11 13 12 14 0 15 1 4 3 8 7 13 12 15 14 0 8 1 12 3 13 4 14 7 3 15 4 0 7 1 14 12 15
5

8104922991c2228b 10092186222d9164
0 2 1 5 3 6 7 8 9 12 13 15 1 0 6 2 7 3 8 5 12 9 15 13 0 1 3 2 5 7 9 8 12 13 15 0 2 3 8 12 15
6

8104922991822a8b 10092186222d9524
0 2 1 5 3 8 7 10 9 12 11 15 13 0 1 2 7 3 8 5 12 9 15 13 0 1 3 2 5 7 9 8 12 13 15 0 2 3 8 12 15
11

a00080195112d923 10097900a80d201c
0 2 1 3 5 4 8 13 11 0 12 2 14 3 15 11 1 13 4 15 8 8 12 11 14 12 0 13 3 14 4 0 15 3 13 12 15
1

a00080195112db03 10097900a80d201c
0 2 1 3 8 4 9 13 11 0 12 2 14 3 15 11 1 13 4 15 8 8 12 11 14 12 0 13 3 14 4 0 15 3 13 12 15
1

a00080195112dd03 10097900a80d201c
0 2 1 3 8 4 10 13 11 0 12 2 14 3 15 11 1 13 4 15 8 8 12 11 14 12 0 13 3 14 4 0 15 3 13 12 15
1

a000801d5112d903 10097900a80d201c
0 2 1 3 8 4 11 13 12 0 14 2 15 3 1 11 4 13 8 15 12 8 14 11 0 12 2 13 3 14 4 0 15 3 13 12 15
1

a000801d5112d903 10097900a80d203c
0 2 1 3 8 4 11 5 12 13 14 0 15 2 1 3 4 11 8 13 12 15 14 8 0 11 2 12 3 13 4 14 15 0 13 3 15 12
1

a000801d5112d903 10097900a80d205c
0 2 1 3 8 4 11 6 12 13 14 0 15 2 1 3 4 11 8 13 12 15 14 8 0 11 2 12 3 13 4 14 15 0 13 3 15 12
1

a00080195112d923 10097900a80d209c
0 2 1 3 5 4 8 7 11 13 12 0 14 2 15 3 1 11 4 13 8 15 12 8 14 11 0 12 3 13 4 14 15 0 13 3 15 12
10

a00080195112db03 10097900a80d209c
0 2 1 3 8 4 9 7 11 13 12 0 14 2 15 3 1 11 4 13 8 15 12 8 14 11 0 12 3 13 4 14 15 0 13 3 15 12
10

a000801d5112d903 10097900a80d209c
0 2 1 3 8 4 11 7 12 13 14 0 15 2 1 3 4 11 8 13 12 15 14 8 0 11 2 12 3 13 4 14 15 0 13 3 15 12
1

a000801d5112d903 10097900a80d221c
0 2 1 3 8 4 11 9 12 13 14 0 15 2 1 3 4 11 8 13 12 15 14 8 0 11 2 12 3 13 4 14 15 0 13 3 15 12
1

a000801d5112d903 10097900a80d241c
0 2 1 3 8 4 11 10 12 13 14 0 15 2 1 3 4 11 8 13 12 15 14 8 0 11 2 12 3 13 4 14 15 0 13 3 15 12
1

a00080195112d923 10097904a80d201c
0 2 1 3 5 4 8 13 11 0 12 2 14 3 15 11 1 13 4 15 8 2 12 8 14 11 0 12 3 13 4 14 15 0 13 3 15 12
10

a00080195112db03 10097904a80d201c
0 2 1 3 8 4 9 13 11 0 12 2 14 3 15 11 1 13 4 15 8 2 12 8 14 11 0 12 3 13 4 14 15 0 13 3 15 12
10

a42044a99088ad05 1009b004642750aa
0 1 2 3 8 5 10 7 11 12 13 14 15 0 3 1 7 2 12 5 15 10 0 13 3 14 5 2 7 12 10 13 14 15 5 0 10 3 13 12 15
1

a42044a99088a705 1009b004642750ba
0 1 2 3 8 4 9 5 10 7 13 12 15 14 3 0 7 1 12 2 15 5 0 10 3 13 5 14 7 2 10 12 14 13 5 15 10 0 13 3 15 12
11

a42044a99088a705 1009b004642750ea
0 1 2 3 8 5 9 6 10 7 13 12 15 14 3 0 7 1 12 2 15 5 0 10 3 13 5 14 7 2 10 12 14 13 5 15 10 0 13 3 15 12
11

e42044a99088a505 1009b004642750ea
0 1 2 3 8 5 10 6 13 7 15 12 3 14 7 0 12 1 15 2 0 5 3 10 5 13 7 14 10 2 14 12 5 13 10 15 13 0 14 3 15 12
6

a42044a99088ad05 1009b004642752aa
0 1 2 3 8 5 10 7 11 9 13 12 15 14 3 0 7 1 12 2 15 5 0 10 3 13 5 14 7 2 10 12 14 13 5 15 10 0 13 3 15 12
11

a42044a99088a515 1009b004642758aa
0 1 2 3 4 5 8 7 10 11 13 12 15 14 3 0 7 1 12 2 15 5 0 10 3 13 5 14 7 2 10 12 14 13 5 15 10 0 13 3 15 12
11

a42044a99088a545 1009b004642758aa
0 1 2 3 6 5 8 7 10 11 13 12 15 14 3 0 7 1 12 2 15 5 0 10 3 13 5 14 7 2 10 12 14 13 5 15 10 0 13 3 15 12
11

a42044a99088a705 1009b004642758aa
0 1 2 3 8 5 9 7 10 11 13 12 15 14 3 0 7 1 12 2 15 5 0 10 3 13 5 14 7 2 10 12 14 13 5 15 10 0 13 3 15 12
11

a42044a99188a505 1009b004642758aa
0 1 2 3 8 5 10 7 13 11 15 12 3 14 7 0 8 1 12 2 15 5 0 10 3 13 5 14 7 2 10 12 14 13 5 15 10 0 13 3 15 12
11

a42044ab9088a505 1009b004642758aa
0 1 2 3 8 5 10 7 13 11 15 12 3 14 7 0 12 1 15 2 0 5 1 10 3 13 5 14 7 2 10 12 14 13 5 15 10 0 13 3 15 12
11

a42444a99088a505 1009b004642758aa
0 1 2 3 8 5 10 7 13 11 15 12 3 14 7 0 12 1 15 2 0 5 3 10 5 13 7 14 10 2 14 12 2 13 5 15 10 0 13 3 15 12
11

a4a044a99088a505 1009b004642758aa
0 1 2 3 8 5 10 7 13 11 15 12 3 14 7 0 12 1 15 2 0 5 3 10 5 13 7 14 10 2 14 12 5 13 7 15 10 0 13 3 15 12
11

e42044a99088a505 1009b004642758aa
0 1 2 3 8 5 10 7 13 11 15 12 3 14 7 0 12 1 15 2 0 5 3 10 5 13 7 14 10 2 14 12 5 13 10 15 13 0 14 3 15 12
11

a42044a99088a705 1009b004652750aa
0 1 2 3 8 5 9 7 10 12 13 14 15 0 3 1 7 2 12 5 15 8 0 10 3 13 5 14 7 2 10 12 14 13 5 15 10 0 13 3 15 12
11

a42044a99088ad05 1009b0046c2750aa
0 1 2 3 8 5 10 7 11 12 13 14 15 0 3 1 7 2 12 5 15 10 0 11 3 13 5 14 7 2 10 12 14 13 5 15 10 0 13 3 15 12
9

82014091523b9a84 100c922e8884407b
2 0 7 1 9 3 11 4 12 5 15 6 0 14 1 2 3 7 4 11 5 15 9 1 12 2 14 3 0 5 4 9 7 12 14 15 0 2 9 3 15 12
6

82014091523b9b84 100c922e8884407b
2 0 7 1 8 3 9 4 11 5 12 6 15 14 0 2 1 7 3 11 4 15 5 1 9 2 12 3 14 5 0 9 4 12 7 15 14 2 0 3 9 12 15
6

82014091523b9e84 100c922e8884407b
2 0 7 1 9 3 10 4 11 5 12 6 15 14 0 2 1 7 3 11 4 15 5 1 9 2 12 3 14 5 0 9 4 12 7 15 14 2 0 3 9 12 15
6

82014091523bba84 100c922e8884407b
2 0 7 1 9 3 11 4 12 5 13 6 15 14 0 2 1 7 3 11 4 15 5 1 9 2 12 3 14 5 0 9 4 12 7 15 14 2 0 3 9 12 15
6

82014891523b9a84 100c922e8884407b
2 0 7 1 9 3 11 4 12 5 15 6 0 14 1 2 3 7 4 11 5 15 9 1 12 2 14 3 0 5 4 9 7 12 11 15 14 2 0 3 9 12 15
6

82034091523b9a84 100c922e8884407b
2 0 7 1 9 3 11 4 12 5 15 6 0 14 1 2 3 7 4 11 5 15 9 1 12 2 14 3 0 5 4 9 7 12 14 15 0 2 1 3 9 12 15
6

82114091523b9a84 100c922e8884407b
2 0 7 1 9 3 11 4 12 5 15 6 0 14 1 2 3 7 4 11 5 15 9 1 12 2 14 3 0 5 4 9 7 12 14 15 0 2 4 3 9 12 15
6

82214091523b9a84 100c922e8884407b
2 0 7 1 9 3 11 4 12 5 15 6 0 14 1 2 3 7 4 11 5 15 9 1 12 2 14 3 0 5 4 9 7 12 14 15 0 2 5 3 9 12 15
6

82814091523b9a84 100c922e8884407b
2 0 7 1 9 3 11 4 12 5 15 6 0 14 1 2 3 7 4 11 5 15 9 1 12 2 14 3 0 5 4 9 7 12 14 15 0 2 7 3 9 12 15
6

c2014091523b9a84 100c922e8884407b
2 0 7 1 9 3 11 4 12 5 15 6 0 14 1 2 3 7 4 11 5 15 9 1 12 2 14 3 0 5 4 9 7 12 14 15 0 2 9 3 14 12 15
6

82014091523b9ac4 100c922e8884413b
2 0 6 1 7 3 9 4 11 5 12 8 15 14 0 2 1 7 3 11 4 15 5 1 9 2 12 3 14 5 0 9 4 12 7 15 14 2 0 3 9 12 15
6

82014091523b9ac4 100c922e8884443b
2 0 6 1 7 3 9 4 11 5 12 10 15 14 0 2 1 7 3 11 4 15 5 1 9 2 12 3 14 5 0 9 4 12 7 15 14 2 0 3 9 12 15
6

82014091523b9ac4 100c922e8884603b
2 0 6 1 7 3 9 4 11 5 12 13 15 14 0 2 1 7 3 11 4 15 5 1 9 2 12 3 14 5 0 9 4 12 7 15 14 2 0 3 9 12 15
6

82014091523b9ac4 100c9a2e8884403b
2 0 6 1 7 3 9 4 11 5 12 14 15 2 0 7 1 11 3 15 4 1 5 2 9 3 12 5 14 9 0 11 4 12 7 15 14 2 0 3 9 12 15
6

a000801d5112d903 100d7900a80d201c
0 2 1 3 8 4 11 13 12 0 14 2 15 3 1 11 4 13 8 15 12 8 14 11 0 12 2 13 3 14 4 0 15 2 13 3 15 12
1

a42044a99088a705 100db004642750aa
0 1 2 3 8 5 9 7 10 12 13 14 15 0 3 1 7 2 12 5 15 10 0 13 3 14 5 2 7 12 10 13 14 15 5 0 10 2 13 3 15 12
11

82014091523b9ac4 100e922e8884403b
2 0 6 1 7 3 9 4 11 5 12 14 15 2 0 7 1 11 3 15 4 1 5 2 9 3 12 5 14 9 0 12 4 15 7 1 14 2 0 3 9 12 15
6

a00080195112d923 10197900a80d201c
0 2 1 3 5 4 8 13 11 0 12 2 14 3 15 11 1 13 4 15 8 8 12 11 14 12 0 13 3 14 4 0 15 3 13 4 15 12
10

a00080195112db03 10197900a80d201c
0 2 1 3 8 4 9 13 11 0 12 2 14 3 15 11 1 13 4 15 8 8 12 11 14 12 0 13 3 14 4 0 15 3 13 4 15 12
10

a000801d5112d903 10197900a80d201c
0 2 1 3 8 4 11 13 12 0 14 2 15 3 1 11 4 13 8 15 12 8 14 11 0 12 2 13 3 14 4 0 15 3 13 4 15 12
1

82014091523b9ac4 101c922e8884403b
2 0 6 1 7 3 9 4 11 5 12 14 15 2 0 7 1 11 3 15 4 1 5 2 9 3 12 5 14 9 0 12 4 15 7 2 14 3 0 4 9 12 15
6

82014091523b9ac4 102c922e8884403b
2 0 6 1 7 3 9 4 11 5 12 14 15 2 0 7 1 11 3 15 4 1 5 2 9 3 12 5 14 9 0 12 4 15 7 2 14 3 0 5 9 12 15
6

80090049d5b29961 1050d9920849449a
0 1 5 3 6 4 8 7 11 10 12 14 15 0 1 3 4 6 5 11 7 1 8 4 10 7 12 8 14 11 15 12 0 14 3 15 6 4 0 6 3 12 15
5

800c9684110c81ab 1081010b8e831e04
0 2 1 9 3 10 5 11 7 12 8 0 15 1 2 7 3 9 8 10 12 11 2 15 7 0 9 1 10 3 12 8 15 0 2 7 3 12 15
5

a42044a99088a705 1089b004642750aa
0 1 2 3 8 5 9 7 10 12 13 14 15 0 3 1 7 2 12 5 15 10 0 13 3 14 5 2 7 12 10 13 14 15 5 0 10 3 13 7 15 12
11

82014091523b9ac4 108c922e8884403b
2 0 6 1 7 3 9 4 11 5 12 14 15 2 0 7 1 11 3 15 4 1 5 2 9 3 12 5 14 9 0 12 4 15 7 2 14 3 0 7 9 12 15
6

4118d41076121b 109000290b8949e4
0 2 1 5 3 6 4 7 9 8 12 11 1 14 2 0 4 3 5 7 6 8 12 9 2 11 4 0 6 3 7 5 11 4 12 7 0 12 6
10

4918d41074121b 109000290b8949e4
0 2 1 5 3 6 4 7 9 8 12 11 2 14 4 0 5 3 6 7 12 8 2 9 4 11 6 0 7 3 11 5 12 4 0 7 3 12 6
10

4118d41076121b 109000290b8989e4
0 2 1 5 3 6 4 7 9 8 12 11 1 15 2 0 4 3 5 7 6 8 12 9 2 11 4 0 6 3 7 5 11 4 12 7 0 12 6
15

4918d41074121b 109000290b8989e4
0 2 1 5 3 6 4 7 9 8 12 11 2 15 4 0 5 3 6 7 12 8 2 9 4 11 6 0 7 3 11 5 12 4 0 7 3 12 6
15

4118d41074121b 109000290b8b09e4
0 2 1 5 3 6 4 7 9 8 12 11 2 0 4 1 5 3 6 7 12 8 2 9 4 11 6 0 7 3 11 5 12 4 0 7 6 12
1

4118d41076121b 109001290b8909e4
0 2 1 5 3 6 4 7 9 8 12 11 1 0 2 3 4 7 5 8 6 9 12 11 2 0 4 3 6 5 7 8 11 4 12 7 0 12 6
8

4918d41074121b 109001290b8909e4
0 2 1 5 3 6 4 7 9 8 12 11 2 0 4 3 5 7 6 8 12 9 2 11 4 0 6 3 7 5 11 8 12 4 0 7 3 12 6
8

800c9684110c81ab 1101010b8e831e04
0 2 1 9 3 10 5 11 7 12 8 0 15 1 2 7 3 9 8 10 12 11 2 15 7 0 9 1 10 3 12 8 15 0 2 8 3 12 15
5

c0987100508b1896 1103809ba110e109
1 0 2 3 4 8 7 13 11 14 12 15 0 4 1 8 3 13 7 15 12 0 14 1 8 3 12 4 13 7 14 15 3 0 4 1 7 8 14 12 15
2

a00080195112d923 11097900a80d201c
0 2 1 3 5 4 8 13 11 0 12 2 14 3 15 11 1 13 4 15 8 8 12 11 14 12 0 13 3 14 4 0 15 3 13 8 15 12
10

a00080195112db03 11097900a80d201c
0 2 1 3 8 4 9 13 11 0 12 2 14 3 15 11 1 13 4 15 8 8 12 11 14 12 0 13 3 14 4 0 15 3 13 8 15 12
10

a000801d5112d903 11097900a80d201c
0 2 1 3 8 4 11 13 12 0 14 2 15 3 1 11 4 13 8 15 12 8 14 11 0 12 2 13 3 14 4 0 15 3 13 8 15 12
1

800c9684110c81ab 1201010b8e831e04
0 2 1 9 3 10 5 11 7 12 8 0 15 1 2 7 3 9 8 10 12 11 2 15 7 0 9 1 10 3 12 8 15 0 2 9 3 12 15
5

802994844404bc81 14000029b0e9406c
0 2 7 3 10 5 11 6 12 14 13 0 15 3 2 5 10 6 14 7 2 12 7 13 10 15 12 0 15 3 0 5 3 10 5 12 15
11

802994844404b681 14000029b0e9406e
0 1 7 2 9 3 10 5 12 6 13 14 15 0 2 3 10 5 14 6 2 7 7 12 10 13 12 15 15 0 0 3 3 5 5 10 15 12
1

802994844404bc81 14000029b0e9407c
0 2 7 3 10 4 11 5 12 6 13 14 15 0 2 3 10 5 14 6 2 7 7 12 10 13 12 15 15 0 0 3 3 5 5 10 15 12
11

802994c44404b481 14000029b0e9407c
0 2 7 3 10 4 12 5 13 6 15 14 2 0 10 3 14 5 2 6 6 7 7 12 10 13 12 15 15 0 0 3 3 5 5 10 15 12
14

8029b4844404b481 14000029b0e9407c
0 2 7 3 10 4 12 5 13 6 15 14 2 0 10 3 14 5 2 6 10 7 7 12 12 13 13 15 15 0 0 3 3 5 5 10 15 12
14

802994844404bc81 14000029b0e9416c
0 2 7 3 10 5 11 6 12 8 13 14 15 0 2 3 10 5 14 6 2 7 7 12 10 13 12 15 15 0 0 3 3 5 5 10 15 12
11

802994844404b483 14000029b0e9426c
0 2 1 3 7 5 10 6 12 9 13 14 15 0 2 3 10 5 14 6 2 7 7 12 10 13 12 15 15 0 0 3 3 5 5 10 15 12
1

802994844404b491 14000029b0e9426c
0 2 4 3 7 5 10 6 12 9 13 14 15 0 2 3 10 5 14 6 2 7 7 12 10 13 12 15 15 0 0 3 3 5 5 10 15 12
8

802994844404b581 14000029b0e9426c
0 2 7 3 8 5 10 6 12 9 13 14 15 0 2 3 10 5 14 6 2 7 7 12 10 13 12 15 15 0 0 3 3 5 5 10 15 12
4

802994844404bc81 14000029b0e9426c
0 2 7 3 10 5 11 6 12 9 13 14 15 0 2 3 10 5 14 6 2 7 7 12 10 13 12 15 15 0 0 3 3 5 5 10 15 12
11

8029b4844404b481 14000029b0e9426c
0 2 7 3 10 5 12 6 13 9 15 14 2 0 10 3 14 5 2 6 10 7 7 12 12 13 13 15 15 0 0 3 3 5 5 10 15 12
14

802994844404b681 14000029b0e9486c
0 2 7 3 9 5 10 6 12 11 13 14 15 0 2 3 10 5 14 6 2 7 7 12 10 13 12 15 15 0 0 3 3 5 5 10 15 12
11

802d94844404b481 14000029b0e9486c
0 2 7 3 10 5 12 6 13 11 15 14 2 0 10 3 14 5 2 6 10 7 7 12 12 13 2 15 15 0 0 3 3 5 5 10 15 12
11

80a994844404b481 14000029b0e9486c
0 2 7 3 10 5 12 6 13 11 15 14 2 0 10 3 14 5 2 6 10 7 7 12 12 13 7 15 15 0 0 3 3 5 5 10 15 12
11

802994844404b483 14000069b0e9406c
0 2 1 3 7 5 10 6 12 14 13 0 15 3 2 5 10 6 14 7 2 12 7 13 10 15 12 0 15 3 0 5 3 6 5 10 15 12
1

802994844404b491 14000069b0e9406c
0 2 4 3 7 5 10 6 12 14 13 0 15 3 2 5 10 6 14 7 2 12 7 13 10 15 12 0 15 3 0 5 3 6 5 10 15 12
8

802994844404b581 14000069b0e9406c
0 2 7 3 8 5 10 6 12 14 13 0 15 3 2 5 10 6 14 7 2 12 7 13 10 15 12 0 15 3 0 5 3 6 5 10 15 12
4

802994844404bc81 14000069b0e9406c
0 2 7 3 10 5 11 6 12 14 13 0 15 3 2 5 10 6 14 7 2 12 7 13 10 15 12 0 15 3 0 5 3 6 5 10 15 12
11

8029b4844404b481 14000069b0e9406c
0 2 7 3 10 5 12 6 13 14 15 0 2 3 10 5 14 6 2 7 7 12 10 13 12 15 13 0 15 3 0 5 3 6 5 10 15 12
14

8029d4844404b481 14000069b0e9406c
0 2 7 3 10 5 12 6 13 14 15 0 2 3 10 5 14 6 2 7 7 12 10 13 12 15 14 0 15 3 0 5 3 6 5 10 15 12
13

802994844404bc81 14002029b0e9406c
0 2 7 3 10 5 11 6 12 14 13 0 15 3 2 5 10 6 14 7 2 12 7 13 10 15 12 0 15 3 0 5 3 13 5 10 15 12
11

802994844404bc81 14004029b0e9406c
0 2 7 3 10 5 11 6 12 14 13 0 15 3 2 5 10 6 14 7 2 12 7 13 10 15 12 0 15 3 0 5 3 14 5 10 15 12
11

800c9684110c81ab 1401010b8e831e04
0 2 1 9 3 10 5 11 7 12 8 0 15 1 2 7 3 9 8 10 12 11 2 15 7 0 9 1 10 3 12 8 15 0 2 10 3 12 15
5

802994844404bc81 14040029b0e9406c
0 2 7 3 10 5 11 6 12 14 13 0 15 3 2 5 10 6 14 7 2 12 7 13 10 15 12 0 15 3 0 5 3 2 5 10 15 12
11

802994844404bc81 14800029b0e9406c
0 2 7 3 10 5 11 6 12 14 13 0 15 3 2 5 10 6 14 7 2 12 7 13 10 15 12 0 15 3 0 5 3 7 5 10 15 12
11

a000801d5112d903 18097900a80d201c
0 2 1 3 8 4 11 13 12 0 14 2 15 3 1 11 4 13 8 15 12 8 14 11 0 12 2 13 3 14 4 0 15 3 13 11 15 12
1

b302d0347017242b 39270b8728d354
0 2 1 4 3 6 5 8 10 9 13 12 0 14 1 15 2 3 4 5 12 8 13 9 14 10 2 15 4 0 5 1 12 3 14 8 15 9 1 10 8 13 9 0 12 3 13 4 15 5
14

d302d0347017242b 39270b8728d354
0 2 1 4 3 6 5 8 10 9 13 12 0 14 1 15 2 3 4 5 12 8 13 9 14 10 2 15 4 0 5 1 12 3 14 8 15 9 1 10 8 13 9 0 12 3 14 4 15 5
13

b302d0347017242b 39270b8728d394
0 2 1 4 3 7 5 8 10 9 13 12 0 14 1 15 2 3 4 5 12 8 13 9 14 10 2 15 4 0 5 1 12 3 14 8 15 9 1 10 8 13 9 0 12 3 13 4 15 5
14

d302d0347017242b 39270b8728d394
0 2 1 4 3 7 5 8 10 9 13 12 0 14 1 15 2 3 4 5 12 8 13 9 14 10 2 15 4 0 5 1 12 3 14 8 15 9 1 10 8 13 9 0 12 3 14 4 15 5
13

b302d0347017242b 39270b8728db14
0 2 1 4 3 8 5 9 10 11 13 12 0 14 1 15 2 3 4 5 12 8 13 9 14 10 2 15 4 0 5 1 12 3 14 8 15 9 1 10 8 13 9 0 12 3 13 4 15 5
14

d302d0347017242b 39270b8728db14
0 2 1 4 3 8 5 9 10 11 13 12 0 14 1 15 2 3 4 5 12 8 13 9 14 10 2 15 4 0 5 1 12 3 14 8 15 9 1 10 8 13 9 0 12 3 14 4 15 5
13

b302d0347017242b 3d270b8728d314
0 2 1 4 3 8 5 9 10 12 13 14 0 15 1 3 2 5 4 8 12 9 13 10 14 15 2 0 4 1 5 3 12 8 14 9 15 10 1 13 8 0 9 2 12 3 13 4 15 5
14

d302d0347017242b 3d270b8728d314
0 2 1 4 3 8 5 9 10 12 13 14 0 15 1 3 2 5 4 8 12 9 13 10 14 15 2 0 4 1 5 3 12 8 14 9 15 10 1 13 8 0 9 2 12 3 14 4 15 5
13

9005d80b2c22c28b aa24a4d08d3c24
0 2 1 5 3 10 7 11 9 12 14 13 15 0 1 2 5 3 10 7 11 12 13 14 0 15 1 2 3 5 11 7 12 10 14 13 15 1 0 3 2 5 12 7 15
9

9005d80b2c22c28b aa24a4d08d3c34
0 2 1 4 3 5 7 10 9 11 14 12 15 13 1 0 5 2 10 3 11 7 13 12 0 14 1 15 3 2 11 5 12 7 14 10 15 13 0 1 2 3 12 5 15 7
9

b005d80b2c22c08b aa24a4d08d3c34
0 2 1 4 3 5 7 10 14 11 15 12 1 13 5 0 10 2 11 3 13 7 0 12 1 14 3 15 11 2 12 5 14 7 15 10 0 13 2 1 12 3 13 5 15 7
14

9005d80b2c22c28b aa24a4d08d3c64
0 2 1 5 3 6 7 10 9 11 14 12 15 13 1 0 5 2 10 3 11 7 13 12 0 14 1 15 3 2 11 5 12 7 14 10 15 13 0 1 2 3 12 5 15 7
9

9005d80b2c22c28b aa24a4d08d3d24
0 2 1 5 3 8 7 10 9 11 14 12 15 13 1 0 5 2 10 3 11 7 13 12 0 14 1 15 3 2 11 5 12 7 14 10 15 13 0 1 2 3 12 5 15 7
9

b005d80b2c22c08b aa24a4d08d3d24
0 2 1 5 3 8 7 10 14 11 15 12 1 13 5 0 10 2 11 3 13 7 0 12 1 14 3 15 11 2 12 5 14 7 15 10 0 13 2 1 12 3 13 5 15 7
14

d005d80b2c22c08b aa24a4d08d3d24
0 2 1 5 3 8 7 10 14 11 15 12 1 13 5 0 10 2 11 3 13 7 0 12 1 14 3 15 11 2 12 5 14 7 15 10 0 13 2 1 12 3 14 5 15 7
13

9005d80b2c22c09b aa24a4d08d3e24
0 2 1 5 3 9 4 10 7 11 14 12 15 13 1 0 5 2 10 3 11 7 13 12 0 14 1 15 3 2 11 5 12 7 14 10 15 13 0 1 2 3 12 5 15 7
9

9005d80b2c22c0cb aa24a4d08d3e24
0 2 1 5 3 9 6 10 7 11 14 12 15 13 1 0 5 2 10 3 11 7 13 12 0 14 1 15 3 2 11 5 12 7 14 10 15 13 0 1 2 3 12 5 15 7
9

9005d80b2c22c18b aa24a4d08d3e24
0 2 1 5 3 9 7 10 8 11 14 12 15 13 1 0 5 2 10 3 11 7 13 12 0 14 1 15 3 2 11 5 12 7 14 10 15 13 0 1 2 3 12 5 15 7
9

9405d80b2c22c08b aa24a4d08d3e24
0 2 1 5 3 9 7 10 14 11 15 12 1 13 5 0 10 2 11 3 13 7 0 12 1 14 3 15 11 2 12 5 14 7 15 10 0 13 2 1 10 3 12 5 15 7
9

9805d80b2c22c08b aa24a4d08d3e24
0 2 1 5 3 9 7 10 14 11 15 12 1 13 5 0 10 2 11 3 13 7 0 12 1 14 3 15 11 2 12 5 14 7 15 10 0 13 2 1 11 3 12 5 15 7
9

b302d0347017242b 439270b8728d314
0 2 1 4 3 8 5 9 10 12 13 14 0 15 1 3 2 5 4 8 12 9 13 10 14 15 2 0 4 1 5 3 12 8 14 9 15 10 1 13 8 0 9 3 12 4 13 5 15 10
14

d302d0347017242b 439270b8728d314
0 2 1 4 3 8 5 9 10 12 13 14 0 15 1 3 2 5 4 8 12 9 13 10 14 15 2 0 4 1 5 3 12 8 14 9 15 10 1 13 8 0 9 3 12 4 14 5 15 10
13

9005d80b2c22c28b 4aa24a4d08d3c24
0 2 1 5 3 10 7 11 9 12 14 13 15 0 1 2 5 3 10 7 11 12 13 14 0 15 1 2 3 5 11 7 12 10 14 13 15 1 0 3 2 5 12 7 15 10
9

b005d80b2c22c08b 4aa24a4d08d3c24
0 2 1 5 3 10 7 11 14 12 15 13 1 0 5 2 10 3 11 7 13 12 0 14 1 15 3 2 11 5 12 7 14 10 15 13 0 1 2 3 12 5 13 7 15 10
14

e22444a987904579 519a314702db286
0 1 3 2 4 7 5 9 6 12 8 13 10 15 14 0 4 2 7 3 8 5 9 12 10 13 15 14 0 2 3 4 5 8 7 9 10 13 14 15 2 0 5 3 9 4 13 8 14 10 15
1

e22444a987904d39 519a314702db286
0 1 3 2 4 7 5 9 8 12 10 13 11 15 14 0 4 2 7 3 8 5 9 12 10 13 15 14 0 2 3 4 5 8 7 9 10 13 14 15 2 0 5 3 9 4 13 8 14 10 15
1

e2a444a987904539 519a314702db286
0 1 3 2 4 7 5 9 8 12 10 13 14 15 4 0 7 2 8 3 9 5 10 12 15 13 0 14 3 2 5 4 7 8 10 9 14 13 2 15 5 0 7 3 9 4 13 8 14 10 15
1

e22444a98790453b 519a314702db2c4
0 2 1 6 3 7 4 9 5 12 8 13 10 15 14 0 4 2 7 3 8 5 9 12 10 13 15 14 0 2 3 4 5 8 7 9 10 13 14 15 2 0 5 3 9 4 13 8 14 10 15
1

e22454a987904539 519a314702db2c4
0 2 3 6 4 7 5 9 8 12 10 13 14 15 4 0 7 2 8 3 9 5 10 12 15 13 0 14 3 2 5 4 7 8 10 9 12 13 14 15 2 0 5 3 9 4 13 8 14 10 15
12

e22444a98790453b 519a314702dba84
0 2 1 7 3 9 4 11 5 12 8 13 10 15 14 0 4 2 7 3 8 5 9 12 10 13 15 14 0 2 3 4 5 8 7 9 10 13 14 15 2 0 5 3 9 4 13 8 14 10 15
1

e22454a987904539 519a314702dba84
0 2 3 7 4 9 5 11 8 12 10 13 14 15 4 0 7 2 8 3 9 5 10 12 15 13 0 14 3 2 5 4 7 8 10 9 12 13 14 15 2 0 5 3 9 4 13 8 14 10 15
12

e22444a987904539 519b314702db284
0 2 3 7 4 9 5 12 8 13 10 15 14 0 4 2 7 3 8 5 9 12 10 13 15 14 0 2 3 4 5 8 7 9 10 12 14 13 2 15 5 0 9 3 13 4 14 8 15 10
12

e22444a987904579 519b314702db284
0 2 3 7 4 9 5 12 6 13 8 15 10 0 14 2 4 3 7 5 8 12 9 13 10 14 15 2 0 4 3 8 5 9 7 12 10 13 14 15 2 0 5 3 9 4 13 8 14 10 15
12

e22444a987904d39 519b314702db284
0 2 3 7 4 9 5 12 8 13 10 15 11 0 14 2 4 3 7 5 8 12 9 13 10 14 15 2 0 4 3 8 5 9 7 12 10 13 14 15 2 0 5 3 9 4 13 8 14 10 15
12

e2a444a987904539 519b314702db284
0 2 3 7 4 9 5 12 8 13 10 15 14 0 4 2 7 3 8 5 9 12 10 13 15 14 0 2 3 4 5 8 7 9 10 12 14 13 2 15 5 0 7 3 9 4 13 8 14 10 15
12

e22444a98790453b 599a314702db284
0 2 1 7 3 9 4 12 5 13 8 15 10 0 14 2 4 3 7 5 8 12 9 13 10 14 15 2 0 4 3 8 5 9 7 13 10 15 14 0 2 3 5 4 9 7 13 8 14 10 15
1

e22454a987904539 599a314702db284
0 2 3 7 4 9 5 12 8 13 10 15 14 0 4 2 7 3 8 5 9 12 10 13 15 14 0 2 3 4 5 8 7 9 10 13 12 15 14 0 2 3 5 4 9 7 13 8 14 10 15
12

b10ebc4d0142a618 8510112bc1d1967
3 0 4 1 9 2 10 5 13 6 15 8 1 11 6 12 8 0 0 2 2 3 3 4 6 10 10 11 11 12 12 13 13 15 15 1 1 4 2 8 3 0 8 4 12 6 13 11 15
5

b50ebc4d0142a418 8510112bc1d1967
3 0 4 1 10 2 13 5 15 6 1 8 6 11 8 12 6 0 0 2 2 3 3 4 2 10 10 11 11 12 12 13 13 15 15 1 1 4 3 8 8 0 10 4 12 6 13 11 15
5

b10ebc4d0142a418 8510112bc1d19c7
3 0 4 1 10 2 13 6 15 7 1 8 6 11 8 12 6 0 0 2 2 3 3 4 2 10 10 11 11 12 12 13 13 15 15 1 1 4 3 8 8 0 12 4 13 6 15 11
7

b10ebc4d0142a618 8510112bc1d19c7
3 0 4 1 9 2 10 6 13 7 15 8 1 11 6 12 8 0 0 2 2 3 3 4 6 10 10 11 11 12 12 13 13 15 15 1 1 4 2 8 3 0 8 4 12 6 13 11 15
7

b50ebc4d0142a418 8510112bc1d19c7
3 0 4 1 10 2 13 6 15 7 1 8 6 11 8 12 6 0 0 2 2 3 3 4 2 10 10 11 11 12 12 13 13 15 15 1 1 4 3 8 8 0 10 4 12 6 13 11 15
7

b10ebc4d0142a438 8510112bc1d1b47
3 0 4 1 5 2 10 6 13 8 15 9 1 11 6 12 8 0 0 2 2 3 3 4 6 10 10 11 11 12 12 13 13 15 15 1 1 4 2 8 3 0 8 4 12 6 13 11 15
5

b10ebc4d0142a498 8510112bc1d1b47
3 0 4 1 7 2 10 6 13 8 15 9 1 11 6 12 8 0 0 2 2 3 3 4 6 10 10 11 11 12 12 13 13 15 15 1 1 4 2 8 3 0 8 4 12 6 13 11 15
7

b10ebc4d0142e418 8510112bc1d1b47
3 0 4 1 10 2 13 6 14 8 15 9 1 11 6 12 8 0 0 2 2 3 3 4 6 10 10 11 11 12 12 13 13 15 15 1 1 4 2 8 3 0 8 4 12 6 13 11 15
14

b10ebc4d0142a418 8510112bc1d5947
3 0 4 1 10 2 13 6 15 8 1 11 6 12 8 14 6 0 0 2 2 3 3 4 2 10 10 11 11 12 12 13 13 15 15 1 1 4 3 8 8 0 12 4 13 6 15 11
14

b10ebc4d0142a618 8510112bc1d5947
3 0 4 1 9 2 10 6 13 8 15 11 1 12 6 14 8 0 0 2 2 3 3 4 6 10 10 11 11 12 12 13 13 15 15 1 1 4 2 8 3 0 8 4 12 6 13 11 15
14

b50ebc4d0142a418 8510112bc1d5947
3 0 4 1 10 2 13 6 15 8 1 11 6 12 8 14 6 0 0 2 2 3 3 4 2 10 10 11 11 12 12 13 13 15 15 1 1 4 3 8 8 0 10 4 12 6 13 11 15
14

9005d80b2c22c28b 8aa24a4d08d3c24
0 2 1 5 3 10 7 11 9 12 14 13 15 0 1 2 5 3 10 7 11 12 13 14 0 15 1 2 3 5 11 7 12 10 14 13 15 1 0 3 2 5 12 7 15 11
9

b005d80b2c22c08b 8aa24a4d08d3c24
0 2 1 5 3 10 7 11 14 12 15 13 1 0 5 2 10 3 11 7 13 12 0 14 1 15 3 2 11 5 12 7 14 10 15 13 0 1 2 3 12 5 13 7 15 11
14

910ab3120885d392 a15088db31a280d
1 0 4 2 7 3 8 11 9 13 12 1 14 3 15 4 0 8 2 9 7 12 11 13 1 15 4 0 8 2 9 3 12 7 13 11 15 0 1 2 3 4 8 9 12 11 15
14

910ab3120885d392 a15088db31a282d
1 0 4 2 7 3 8 5 9 11 12 13 14 1 15 3 0 4 2 8 7 9 11 12 1 13 4 15 8 0 9 2 12 3 13 7 15 11 1 0 3 2 8 4 12 9 15 11
14

b10ab31208859392 a15088db31a282d
1 0 4 2 7 3 8 5 9 11 12 13 15 1 0 3 2 4 7 8 11 9 1 12 4 13 8 15 9 0 12 2 13 3 15 7 1 11 3 0 8 2 12 4 13 9 15 11
5

910ab3120885d392 a15088db31a284d
1 0 4 2 7 3 8 6 9 11 12 13 14 1 15 3 0 4 2 8 7 9 11 12 1 13 4 15 8 0 9 2 12 3 13 7 15 11 1 0 3 2 8 4 12 9 15 11
14

910ab3120885d392 a15088db31a2c0d
1 0 4 2 7 3 8 10 9 11 12 13 14 1 15 3 0 4 2 8 7 9 11 12 1 13 4 15 8 0 9 2 12 3 13 7 15 11 1 0 3 2 8 4 12 9 15 11
14

910ab31208859792 a15088db31a680d
1 0 4 2 7 3 8 11 9 13 10 14 12 1 15 3 0 4 2 8 7 9 11 12 1 13 4 15 8 0 9 2 12 3 13 7 15 11 1 0 3 2 8 4 12 9 15 11
14

918ab31208859392 a15088db31a680d
1 0 4 2 7 3 8 11 9 13 12 14 15 1 0 3 2 4 7 8 11 9 1 12 4 13 8 15 9 0 12 2 13 3 15 7 1 11 3 0 7 2 8 4 12 9 15 11
14

b10ab31208859392 a15088db31a680d
1 0 4 2 7 3 8 11 9 13 12 14 15 1 0 3 2 4 7 8 11 9 1 12 4 13 8 15 9 0 12 2 13 3 15 7 1 11 3 0 8 2 12 4 13 9 15 11
14

910ab3120885d392 a95088db31a280d
1 0 4 2 7 3 8 11 9 13 12 1 14 3 15 4 0 8 2 9 7 12 11 13 1 15 4 0 8 2 9 3 12 7 13 11 15 0 1 2 3 4 8 7 12 9 15 11
14

b10ebc4d0142a438 c510112bc1d1947
3 0 4 1 5 2 10 6 13 8 15 11 1 12 6 0 8 2 0 3 2 4 3 10 6 11 10 12 11 13 12 15 13 1 15 4 1 8 2 0 3 4 8 6 12 10 13 11 15
5

b10ebc4d0142a498 c510112bc1d1947
3 0 4 1 7 2 10 6 13 8 15 11 1 12 6 0 8 2 0 3 2 4 3 10 6 11 10 12 11 13 12 15 13 1 15 4 1 8 2 0 3 4 8 6 12 10 13 11 15
7

b10ebc4d0142e418 c510112bc1d1947
3 0 4 1 10 2 13 6 14 8 15 11 1 12 6 0 8 2 0 3 2 4 3 10 6 11 10 12 11 13 12 15 13 1 15 4 1 8 2 0 3 4 8 6 12 10 13 11 15
14

c40be154c0113253 1014140b354ec52c
0 2 1 3 4 5 6 8 9 10 12 14 13 15 0 1 4 2 14 3 15 6 2 8 4 10 6 12 8 13 13 0 14 1 15 3 0 10 1 12 3 2 10 4 14 12 15
9

c40be154c0113073 1014140b354ec58c
0 2 1 3 4 7 5 8 6 10 12 14 13 15 0 1 4 2 14 3 15 6 2 8 4 10 6 12 8 13 13 0 14 1 15 3 0 10 1 12 3 2 10 4 14 12 15
11

c40be154c0113053 1014140b354ec70c
0 2 1 3 4 8 6 9 12 10 13 14 0 15 4 1 14 2 15 3 2 6 4 8 6 10 8 12 14 13 13 0 15 1 0 3 1 10 3 12 10 2 14 4 15 12
9

c40be154c0113853 1014140b354ec70c
0 2 1 3 4 8 6 9 11 10 12 14 13 15 0 1 4 2 14 3 15 6 2 8 4 10 6 12 8 13 13 0 14 1 15 3 0 10 1 12 3 2 10 4 14 12 15
9

c40be154c0113253 1054140b354ec50c
0 2 1 3 4 8 6 10 9 14 12 15 13 1 0 2 4 3 14 6 15 8 2 10 4 12 6 13 8 0 13 1 14 3 15 10 0 12 1 2 3 4 10 6 14 12 15
9

c40be154c0113253 1114140b354ec50c
0 2 1 3 4 8 6 10 9 14 12 15 13 1 0 2 4 3 14 6 15 8 2 10 4 12 6 13 8 0 13 1 14 3 15 10 0 12 1 2 3 4 10 8 14 12 15
9

a80438827a0912c7 128bc20d8086ec08
0 3 1 10 2 11 6 13 7 14 9 15 12 1 0 2 3 7 9 15 11 0 12 2 13 3 14 9 1 14 7 15 11 0 12 1 13 3 2 7 11 9 13 12 15
6

a80438827a0912c7 128bc20d8086ec18
0 3 1 4 2 10 6 11 7 13 9 14 12 15 0 1 3 2 9 7 11 15 12 0 13 2 14 3 1 9 7 14 11 15 12 0 13 1 2 3 11 7 13 9 15 12
6

a80438827a0912c7 128bc20d8086ec28
0 3 1 5 2 10 6 11 7 13 9 14 12 15 0 1 3 2 9 7 11 15 12 0 13 2 14 3 1 9 7 14 11 15 12 0 13 1 2 3 11 7 13 9 15 12
6

a80438827a0912a7 128bc20d8086ec48
0 3 1 6 2 10 5 11 7 13 9 14 12 15 0 1 3 2 9 7 11 15 12 0 13 2 14 3 1 9 7 14 11 15 12 0 13 1 2 3 11 7 13 9 15 12
6

a80438827e091287 128bc20d8086ec48
0 3 1 6 2 10 7 11 9 13 12 14 0 15 3 1 9 2 10 7 11 15 12 0 13 2 14 3 1 9 7 14 11 15 12 0 13 1 2 3 11 7 13 9 15 12
6

e80438827a091287 128bc20d8086ec48
0 3 1 6 2 10 7 11 9 13 12 14 0 15 3 1 9 2 11 7 12 15 13 0 14 2 1 3 7 9 11 14 12 15 13 0 2 1 11 3 13 7 14 9 15 12
6

a80438827a0912c7 128bc20d8086ed08
0 3 1 8 2 10 6 11 7 13 9 14 12 15 0 1 3 2 9 7 11 15 12 0 13 2 14 3 1 9 7 14 11 15 12 0 13 1 2 3 11 7 13 9 15 12
6

a80438827a0912c7 128bc20d8486ec08
0 3 1 10 2 11 6 13 7 14 9 15 12 1 0 2 3 7 9 10 11 15 12 0 13 2 14 3 1 9 7 14 11 15 12 0 13 1 2 3 11 7 13 9 15 12
6

a82804a9bd063cc8 1507b90600a98137
3 0 6 1 7 2 10 4 11 5 12 8 13 15 1 0 2 3 8 5 10 7 11 1 12 2 13 8 15 11 0 12 3 13 5 15 7 0 10 1 3 2 5 8 11 10 13 12 15
4

a82804a9bd063e88 1507b90600a98137
3 0 7 1 9 2 10 4 11 5 12 8 13 15 1 0 2 3 8 5 10 7 11 1 12 2 13 8 15 11 0 12 3 13 5 15 7 0 10 1 3 2 5 8 11 10 13 12 15
4

a82804a9bd067c88 1507b90600a98167
3 0 7 1 10 2 11 5 12 6 13 8 14 15 1 0 2 3 8 5 10 7 11 1 12 2 13 8 15 11 0 12 3 13 5 15 7 0 10 1 3 2 5 8 11 10 13 12 15
14

a82804a9bd063c98 1507b90600a98327
3 0 4 1 7 2 10 5 11 8 12 9 13 15 1 0 2 3 8 5 10 7 11 1 12 2 13 8 15 11 0 12 3 13 5 15 7 0 10 1 3 2 5 8 11 10 13 12 15
4

a82804a9bd067c88 1507b90600a98327
3 0 7 1 10 2 11 5 12 8 13 9 14 15 1 0 2 3 8 5 10 7 11 1 12 2 13 8 15 11 0 12 3 13 5 15 7 0 10 1 3 2 5 8 11 10 13 12 15
14

a82804a9bd063cc8 1507b90600a9c127
3 0 6 1 7 2 10 5 11 8 12 14 13 15 1 0 2 3 8 5 10 7 11 1 12 2 13 8 15 11 0 12 3 13 5 15 7 0 10 1 3 2 5 8 11 10 13 12 15
14

a82804a9bd063e88 1507b90600a9c127
3 0 7 1 9 2 10 5 11 8 12 14 13 15 1 0 2 3 8 5 10 7 11 1 12 2 13 8 15 11 0 12 3 13 5 15 7 0 10 1 3 2 5 8 11 10 13 12 15
14

803215aa345cd127 1549a055c1a324d8
0 3 1 4 2 6 5 7 8 10 12 13 14 0 15 1 2 5 3 7 4 8 6 14 10 15 12 0 13 2 1 4 3 6 5 13 7 15 8 0 10 3 12 6 1 8 4 10 5 12 15
7

a82804a9bd067c88 1587b90600a98127
3 0 7 1 10 2 11 5 12 8 13 15 14 0 1 3 2 5 8 7 10 1 11 2 12 8 13 11 15 12 0 13 3 15 5 0 7 1 10 2 3 7 5 8 11 10 13 12 15
14

8109902063527a1d 18024b1b982981e2
0 1 2 5 3 6 4 7 9 8 11 15 12 0 13 3 14 5 1 11 4 12 6 15 8 0 9 1 13 3 14 4 5 8 12 9 15 11 0 14 3 1 8 11 15 12
6

8109902063527a1d 18024b1b98298562
0 1 2 5 3 6 4 8 9 10 11 15 12 0 13 3 14 5 1 11 4 12 6 15 8 0 9 1 13 3 14 4 5 8 12 9 15 11 0 14 3 1 8 11 15 12
6

8109902067527a1d 18024b1b98298562
0 1 2 5 3 6 4 8 9 10 11 15 12 0 13 3 14 5 1 11 4 12 6 15 8 0 9 1 10 3 13 4 14 8 5 9 12 11 15 14 0 1 3 11 8 12 15
10

8119902063527a1d 18024b1b98298562
0 1 2 5 3 6 4 8 9 10 11 15 12 0 13 3 14 5 1 11 4 12 6 15 8 0 9 1 13 3 14 4 5 8 12 9 15 11 0 14 3 1 4 11 8 12 15
10

8119902063527a1d 18024b1b982d8162
0 1 2 5 3 6 4 8 9 15 11 0 12 2 13 3 14 5 1 11 4 12 6 15 8 0 9 1 13 3 14 4 5 8 12 9 15 11 0 14 3 1 4 11 8 12 15
2

8129902063527a1d 18024b1b982d8162
0 1 2 5 3 6 4 8 9 15 11 0 12 2 13 3 14 5 1 11 4 12 6 15 8 0 9 1 13 3 14 4 5 8 12 9 15 11 0 14 3 1 5 11 8 12 15
2

8309902063527a1d 18024b1b982d8162
0 1 2 5 3 6 4 8 9 15 11 0 12 2 13 3 14 5 1 11 4 12 6 15 8 0 9 1 13 3 14 4 5 8 12 9 15 11 0 14 3 1 8 11 9 12 15
2

c109902063527a1d 18024b1b982d8162
0 1 2 5 3 6 4 8 9 15 11 0 12 2 13 3 14 5 1 11 4 12 6 15 8 0 9 1 13 3 14 4 5 8 12 9 15 11 0 14 3 1 8 11 14 12 15
2

8109902063567a1d 18024b5b98298162
0 1 2 5 3 6 4 8 9 15 11 0 12 3 13 5 14 11 1 12 2 15 4 0 6 1 8 3 9 4 13 6 14 8 5 9 12 11 15 14 0 1 3 11 8 12 15
2

8109b02063527a1d 18024b5b98298162
0 1 2 5 3 6 4 8 9 15 11 0 12 3 13 5 14 11 1 12 4 15 6 0 8 1 9 3 13 4 14 6 5 8 12 9 13 11 15 14 0 1 3 11 8 12 15
13

8109902063527a1d 18026b1b98298162
0 1 2 5 3 6 4 8 9 15 11 0 12 3 13 5 14 11 1 12 4 15 6 0 8 1 9 3 13 4 14 8 5 9 12 11 15 13 0 14 3 1 8 11 15 12
6

8119902063527a1d 18026b1b98298162
0 1 2 5 3 6 4 8 9 15 11 0 12 3 13 5 14 11 1 12 4 15 6 0 8 1 9 3 13 4 14 8 5 9 12 11 15 13 0 14 3 1 4 11 8 12 15
13

8109902063527a1d 18124b1b98298162
0 1 2 5 3 6 4 8 9 15 11 0 12 3 13 5 14 11 1 12 4 15 6 0 8 1 9 3 13 4 14 8 5 9 12 11 15 14 0 1 3 4 8 11 15 12
6

8109902063567a1d 18124b1b98298162
0 1 2 5 3 6 4 8 9 15 11 0 12 3 13 5 14 11 1 12 2 15 4 0 6 1 8 3 9 4 13 8 14 9 5 11 12 14 15 1 0 4 3 11 8 12 15
2

8109b02063527a1d 18124b1b98298162
0 1 2 5 3 6 4 8 9 15 11 0 12 3 13 5 14 11 1 12 4 15 6 0 8 1 9 3 13 4 14 8 5 9 12 11 13 14 15 1 0 4 3 11 8 12 15
13

8109902063527a9d 18224b1b98298162
0 1 2 5 3 6 4 8 7 15 9 0 11 3 12 5 13 11 14 12 1 15 4 0 6 1 8 3 9 4 13 8 14 9 5 11 12 14 15 1 0 5 3 11 8 12 15
7

8109902063567a1d 18224b1b98298162
0 1 2 5 3 6 4 8 9 15 11 0 12 3 13 5 14 11 1 12 2 15 4 0 6 1 8 3 9 4 13 8 14 9 5 11 12 14 15 1 0 5 3 11 8 12 15
2

8109b02063527a1d 18224b1b98298162
0 1 2 5 3 6 4 8 9 15 11 0 12 3 13 5 14 11 1 12 4 15 6 0 8 1 9 3 13 4 14 8 5 9 12 11 13 14 15 1 0 5 3 11 8 12 15
13

8109902063527a9d 1a024b1b98298162
0 1 2 5 3 6 4 8 7 15 9 0 11 3 12 5 13 11 14 12 1 15 4 0 6 1 8 3 9 4 13 8 14 9 5 11 12 14 15 1 0 9 3 11 8 12 15
7

8109902063567a1d 1a024b1b98298162
0 1 2 5 3 6 4 8 9 15 11 0 12 3 13 5 14 11 1 12 2 15 4 0 6 1 8 3 9 4 13 8 14 9 5 11 12 14 15 1 0 9 3 11 8 12 15
2

8109b02063527a1d 1a024b1b98298162
0 1 2 5 3 6 4 8 9 15 11 0 12 3 13 5 14 11 1 12 4 15 6 0 8 1 9 3 13 4 14 8 5 9 12 11 13 14 15 1 0 9 3 11 8 12 15
13

9d0b30c6290836c1 20848d0994c7c92e
0 1 6 2 7 3 9 5 10 8 12 11 13 14 3 15 8 0 11 1 13 2 1 6 2 7 6 10 7 12 12 15 13 0 0 3 1 8 3 10 8 11 10 15 11 2 12 7 15 13
9

9d0b30c6690834c1 20848d0994c7c92e
0 1 6 2 7 3 10 5 12 8 13 11 3 14 8 15 11 0 13 1 14 2 1 6 2 7 6 10 7 12 12 15 13 0 0 3 1 8 3 10 8 11 10 15 11 2 12 7 15 13
14

9005d80b2c22c28b 20aa24a4d08d3c24
0 2 1 5 3 10 7 11 9 12 14 13 15 0 1 2 5 3 10 7 11 12 13 14 0 15 1 2 3 5 11 7 12 10 14 13 15 1 0 3 2 5 12 7 15 13
9

9d0b30c6290834e1 20c48d0994c7c90e
0 1 5 2 6 3 7 8 10 11 12 14 13 15 3 0 8 1 11 2 13 6 1 7 2 10 6 12 7 15 12 0 13 3 0 8 1 10 3 11 8 15 10 2 11 6 12 7 15 13
4

d12b91046404c03b 2404642b912b3504
0 2 1 8 3 10 4 12 5 13 14 0 15 1 2 3 10 5 13 8 14 12 2 15 8 0 12 1 15 3 0 5 1 10 3 13 5 14 8 2 12 10 14 13 15
4

d12b91046404c22b 2404642b912b3514
0 2 1 4 3 8 5 10 9 12 14 13 15 0 2 1 10 3 13 5 14 8 2 12 8 15 12 0 15 1 0 3 1 5 3 10 5 13 8 14 12 2 14 10 15 13
4

d12b91046404c03b 2404642b912b3584
0 2 1 7 3 8 4 10 5 12 14 13 15 0 2 1 10 3 13 5 14 8 2 12 8 15 12 0 15 1 0 3 1 5 3 10 5 13 8 14 12 2 14 10 15 13
4

d12b91046404c06b 2404642b912b3584
0 2 1 7 3 8 5 10 6 12 14 13 15 0 2 1 10 3 13 5 14 8 2 12 8 15 12 0 15 1 0 3 1 5 3 10 5 13 8 14 12 2 14 10 15 13
6

d12b91046404c03b 2404642b912b3704
0 2 1 8 3 9 4 10 5 12 14 13 15 0 2 1 10 3 13 5 14 8 2 12 8 15 12 0 15 1 0 3 1 5 3 10 5 13 8 14 12 2 14 10 15 13
4

d12b91046404c0ab 2404642b912b3704
0 2 1 8 3 9 5 10 7 12 14 13 15 0 2 1 10 3 13 5 14 8 2 12 8 15 12 0 15 1 0 3 1 5 3 10 5 13 8 14 12 2 14 10 15 13
11

d12b91046404c03b 2404642b912b3d04
0 2 1 8 3 10 4 11 5 12 14 13 15 0 2 1 10 3 13 5 14 8 2 12 8 15 12 0 15 1 0 3 1 5 3 10 5 13 8 14 12 2 14 10 15 13
4

d12b91046404c06b 2404642b912b3d04
0 2 1 8 3 10 5 11 6 12 14 13 15 0 2 1 10 3 13 5 14 8 2 12 8 15 12 0 15 1 0 3 1 5 3 10 5 13 8 14 12 2 14 10 15 13
6

910ab3120885d392 2a15088db31a280d
1 0 4 2 7 3 8 11 9 13 12 1 14 3 15 4 0 8 2 9 7 12 11 13 1 15 4 0 8 2 9 3 12 7 13 11 15 0 1 2 3 4 8 9 12 11 15 13
14

c40be154c0113253 3014140b354ec50c
0 2 1 3 4 8 6 10 9 14 12 15 13 1 0 2 4 3 14 6 15 8 2 10 4 12 6 13 8 0 13 1 14 3 15 10 0 12 1 2 3 4 10 12 14 13 15
9

80013196700b97c3 305ec04981d4601c
0 2 1 3 6 4 7 13 8 14 9 2 10 4 12 6 15 7 0 8 1 15 3 0 12 3 13 6 14 14 1 15 2 1 4 2 7 3 8 4 12 6 13 12 0 13 15
10

80013196700b97c3 30cec04981d4601c
0 2 1 3 6 4 7 13 8 14 9 2 10 4 12 6 15 7 0 8 1 15 3 0 12 3 13 6 14 14 1 15 2 1 4 2 7 3 8 6 12 7 13 12 0 13 15
10

80013196700b97c3 314ec04981d4601c
0 2 1 3 6 4 7 13 8 14 9 2 10 4 12 6 15 7 0 8 1 15 3 0 12 3 13 6 14 14 1 15 2 1 4 2 7 3 8 6 12 8 13 12 0 13 15
10

b012426d109b426b 404db092e264b194
0 2 1 4 3 7 5 8 6 12 9 13 14 15 0 2 1 5 3 6 4 9 7 13 12 14 0 15 2 1 3 4 5 7 6 12 9 13 14 15 1 0 4 2 12 3 13 6 15 14
8

b032426d109b426b 404db092e264b194
0 2 1 4 3 7 5 8 6 12 9 13 14 15 0 2 1 5 3 6 4 9 7 13 12 14 0 15 2 1 3 4 5 7 6 12 9 13 14 15 1 0 4 2 5 3 12 6 13 14 15
8

b092426d109b426b 404db092e264b194
0 2 1 4 3 7 5 8 6 12 9 13 14 15 0 2 1 5 3 6 4 9 7 13 12 14 0 15 2 1 3 4 5 7 6 12 9 13 14 15 1 0 4 2 7 3 12 6 13 14 15
8

b212426d109b426b 404db092e264b194
0 2 1 4 3 7 5 8 6 12 9 13 14 15 0 2 1 5 3 6 4 9 7 13 12 14 0 15 2 1 3 4 5 7 6 12 9 13 14 15 1 0 4 2 9 3 12 6 13 14 15
8

b012426d149b426b 404db092e264b494
0 2 1 4 3 7 5 10 6 12 9 13 14 15 0 2 1 5 3 6 4 9 7 13 10 14 12 15 0 1 2 4 3 7 5 12 6 13 9 15 14 0 1 2 4 3 12 6 13 14 15
10

b012426d109b436b 406db092e264b094
0 2 1 4 3 7 5 12 6 13 8 15 9 2 14 5 0 6 1 9 3 13 4 14 7 15 12 1 0 4 2 7 3 12 5 13 6 15 9 0 14 2 1 3 4 5 12 6 13 14 15
8

9008c0764aac8395 40851a899053586a
0 1 2 3 4 5 7 6 8 11 9 12 15 14 2 0 3 1 5 4 7 6 9 12 11 15 14 0 1 3 2 7 4 9 5 11 6 12 14 0 15 2 3 7 12 14 15
8

9005d80b2c22c28b 40aa24a4d08d3c24
0 2 1 5 3 10 7 11 9 12 14 13 15 0 1 2 5 3 10 7 11 12 13 14 0 15 1 2 3 5 11 7 12 10 14 13 15 1 0 3 2 5 12 7 15 14
9

b012426d109b436b 40cdb092e264b094
0 2 1 4 3 7 5 12 6 13 8 15 9 2 14 5 0 6 1 9 3 13 4 14 7 15 12 1 0 4 2 7 3 12 5 13 6 15 9 0 14 2 1 3 4 6 12 7 13 14 15
8

b012426d109b436b 424db092e264b094
0 2 1 4 3 7 5 12 6 13 8 15 9 2 14 5 0 6 1 9 3 13 4 14 7 15 12 1 0 4 2 7 3 12 5 13 6 15 9 0 14 2 1 3 4 6 12 9 13 14 15
8

b09c483cd001b1ce 4821b0832cbe4c31
1 0 2 4 3 5 6 10 7 11 8 14 12 1 13 2 15 3 0 4 12 5 14 7 15 10 2 11 3 13 4 0 5 1 11 7 14 12 2 13 3 15 4 0 7 5 12 11 13 14 15
6

b09c483cd001b38e 4821b0832cbe4c31
1 0 2 4 3 5 7 10 8 11 9 14 12 1 13 2 15 3 0 4 12 5 14 7 15 10 2 11 3 13 4 0 5 1 11 7 14 12 2 13 3 15 4 0 7 5 12 11 13 14 15
9

b09c483cd001b38e 4821b0832cbe4c71
1 0 2 4 3 5 7 6 8 10 9 11 12 14 13 1 15 2 0 3 12 4 14 5 15 7 2 10 3 11 4 13 5 0 11 1 14 7 2 12 3 13 4 15 7 0 12 5 13 11 15 14
6

b09c483cd101b18e 4821b0832cbe4c71
1 0 2 4 3 5 7 6 8 10 12 11 13 14 15 1 0 2 8 3 12 4 14 5 15 7 2 10 3 11 4 13 5 0 11 1 14 7 2 12 3 13 4 15 7 0 12 5 13 11 15 14
6

b09c4c3cd001b18e 4821b0832cbe4c71
1 0 2 4 3 5 7 6 8 10 12 11 13 14 15 1 0 2 12 3 14 4 15 5 2 7 3 10 4 11 5 13 10 0 11 1 14 7 2 12 3 13 4 15 7 0 12 5 13 11 15 14
6

b09e483cd001b18e 4821b0832cbe4c71
1 0 2 4 3 5 7 6 8 10 12 11 13 14 15 1 0 2 12 3 14 4 15 5 2 7 3 10 4 11 5 13 11 0 14 1 1 7 2 12 3 13 4 15 7 0 12 5 13 11 15 14
6

b09c483cd001b1ce 4821b0832cbe4e31
1 0 2 4 3 5 6 9 7 10 8 11 12 14 13 1 15 2 0 3 12 4 14 5 15 7 2 10 3 11 4 13 5 0 11 1 14 7 2 12 3 13 4 15 7 0 12 5 13 11 15 14
6

b09e483cd001b18e 4821b0832cbe4e31
1 0 2 4 3 5 7 9 8 10 12 11 13 14 15 1 0 2 12 3 14 4 15 5 2 7 3 10 4 11 5 13 11 0 14 1 1 7 2 12 3 13 4 15 7 0 12 5 13 11 15 14
9

b09c483cd001b38e 4821b4832cbe4c31
1 0 2 4 3 5 7 10 8 11 9 14 12 1 13 2 15 3 0 4 12 5 14 7 15 10 2 11 3 13 4 0 5 1 11 7 14 10 2 12 3 13 4 15 7 0 12 5 13 11 15 14
6

a80438827a0912c7 528bc20d8086ec08
0 3 1 10 2 11 6 13 7 14 9 15 12 1 0 2 3 7 9 15 11 0 12 2 13 3 14 9 1 14 7 15 11 0 12 1 13 3 2 7 11 9 13 12 15 14
6

8109902063527a9d 58024b1b98298162
0 1 2 5 3 6 4 8 7 15 9 0 11 3 12 5 13 11 14 12 1 15 4 0 6 1 8 3 9 4 13 8 14 9 5 11 12 14 15 1 0 11 3 12 8 14 15
7

8109902063567a1d 58024b1b98298162
0 1 2 5 3 6 4 8 9 15 11 0 12 3 13 5 14 11 1 12 2 15 4 0 6 1 8 3 9 4 13 8 14 9 5 11 12 14 15 1 0 11 3 12 8 14 15
2

8109b02063527a1d 58024b1b98298162
0 1 2 5 3 6 4 8 9 15 11 0 12 3 13 5 14 11 1 12 4 15 6 0 8 1 9 3 13 4 14 8 5 9 12 11 13 14 15 1 0 11 3 12 8 14 15
13

8205d098d2427d16 700a2a47289d82c9
1 0 2 3 4 6 8 7 10 9 11 15 12 0 13 2 14 3 1 4 6 7 9 11 12 13 14 0 15 1 3 2 4 6 7 9 12 11 14 13 15 1 0 3 2 12 9 13 15 14
8

81873521808ec5e2 7028c08e7721320d
1 0 5 2 6 3 7 9 8 12 10 13 14 0 15 5 1 8 2 9 3 10 7 12 15 13 0 14 5 1 8 2 10 3 12 7 13 14 0 15 1 3 2 5 7 12 8 13 15 14
4

81873521808ecde2 7028c08e7721320d
1 0 5 2 6 3 7 9 8 12 10 13 11 0 14 5 15 8 1 9 2 10 3 12 7 13 15 14 0 1 5 2 8 3 10 7 12 14 13 15 0 3 1 5 2 12 7 13 8 14 15
11

80013196700b97c3 704ec04981d4601c
0 2 1 3 6 4 7 13 8 14 9 2 10 4 12 6 15 7 0 8 1 15 3 0 12 3 13 6 14 14 1 15 2 1 4 2 7 3 8 6 12 12 13 13 0 14 15
10

101965098247d618 8000925675182967
3 0 4 1 9 2 10 5 12 6 14 8 15 11 0 13 1 3 2 4 6 8 9 10 15 12 0 13 3 14 8 1 10 2 13 4 14 6 0 9 3 12 4 15 12 15
8

59218198d02aa09d 809a582309955922
0 1 2 5 3 8 4 11 7 12 13 14 15 0 1 2 3 4 5 7 12 8 14 11 15 0 3 1 4 5 7 11 8 12 15 14 0 1 5 3 8 4 11 7 12 15 14
13

59218198d02aa09d 809a582309955962
0 1 2 5 3 6 4 8 7 11 13 12 15 14 1 0 3 2 5 4 12 7 14 8 15 11 3 0 4 1 7 5 8 11 15 12 0 14 5 1 8 3 11 4 12 7 14 15
13

59218198d02aa09d 809a582309955b22
0 1 2 5 3 8 4 9 7 11 13 12 15 14 1 0 3 2 5 4 12 7 14 8 15 11 3 0 4 1 7 5 8 11 15 12 0 14 5 1 8 3 11 4 12 7 14 15
13

59218198d02aa09d 809a582309955d22
0 1 2 5 3 8 4 10 7 11 13 12 15 14 1 0 3 2 5 4 12 7 14 8 15 11 3 0 4 1 7 5 8 11 15 12 0 14 5 1 8 3 11 4 12 7 14 15
13

59218198d02a80dd 809a582309957922
0 1 2 5 3 8 4 11 6 12 7 13 15 14 1 0 3 2 5 4 12 7 14 8 15 11 3 0 4 1 7 5 8 11 15 12 0 14 5 1 8 3 11 4 12 7 14 15
13

59218198d02a829d 809a582309957922
0 1 2 5 3 8 4 11 7 12 9 13 15 14 1 0 3 2 5 4 12 7 14 8 15 11 3 0 4 1 7 5 8 11 15 12 0 14 5 1 8 3 11 4 12 7 14 15
13

59218198d02a849d 809a582309957922
0 1 2 5 3 8 4 11 7 12 10 13 15 14 1 0 3 2 5 4 12 7 14 8 15 11 3 0 4 1 7 5 8 11 15 12 0 14 5 1 8 3 11 4 12 7 14 15
13

5921819cd02a809d 809a582309957922
0 1 2 5 3 8 4 11 7 12 15 13 1 14 3 0 5 2 12 4 14 7 15 8 2 11 3 0 4 1 7 5 8 11 15 12 0 14 5 1 8 3 11 4 12 7 14 15
13

59218198d02aa09d 809a582709955922
0 1 2 5 3 8 4 11 7 12 13 14 15 0 1 2 3 4 5 7 12 8 14 11 15 0 3 1 4 2 7 5 8 11 15 12 0 14 5 1 8 3 11 4 12 7 14 15
13

100965098247d698 8100925675182167
3 0 4 1 7 2 9 5 10 6 12 8 14 13 15 3 0 4 1 8 2 10 6 12 9 13 15 14 0 1 3 2 8 4 10 6 13 9 14 12 0 15 3 8 12 15
11

1011178b1182e784 83888014e61d181b
2 0 7 1 8 3 9 4 10 11 13 12 14 0 15 2 1 3 7 4 8 9 12 10 0 13 1 14 3 15 7 2 8 4 9 15 10 3 12 7 0 8 4 9 12 15
6

3018844e3c11d714 84457211c24e284b
2 0 4 1 8 3 9 6 10 11 12 13 14 1 15 2 0 3 4 6 10 9 11 14 12 15 13 0 1 4 2 9 3 12 6 13 10 14 15 0 3 2 4 6 12 10 13 15
8

3018844e3c11d714 86057211c24e284b
2 0 4 1 8 3 9 6 10 11 12 13 14 1 15 2 0 3 4 6 10 9 11 14 12 15 13 0 1 4 2 9 3 12 6 13 10 14 15 0 3 2 4 9 12 10 13 15
8

1184e099990ed0c8 880b190660912937
3 0 6 1 7 2 12 4 14 5 15 8 1 11 2 13 3 0 8 4 11 7 12 13 15 14 0 1 3 2 4 8 7 11 13 12 14 0 15 1 2 3 7 11 8 15 12
9

1184e099990ed0c8 880b190660912d37
3 0 6 1 7 2 12 4 14 5 15 8 1 10 2 11 3 13 8 0 11 4 12 7 15 13 0 14 3 1 4 2 7 8 13 11 14 12 15 0 2 1 7 3 8 11 12 15
9

1184e099990ed0c8 880b190660b12937
3 0 6 1 7 2 12 4 14 5 15 8 1 11 2 13 3 0 8 4 11 5 12 7 15 13 0 14 3 1 4 2 7 8 13 11 14 12 15 0 2 1 7 3 8 11 12 15
9

1184e099990ed0c8 880b190660d12937
3 0 6 1 7 2 12 4 14 5 15 8 1 11 2 13 3 0 8 4 11 6 12 7 15 13 0 14 3 1 4 2 7 8 13 11 14 12 15 0 2 1 7 3 8 11 12 15
9

11814913bc5a1916 881ab0c84181e6c9
1 0 2 3 4 6 8 7 11 9 12 10 1 13 3 14 4 15 6 0 10 7 11 8 12 14 13 3 15 6 0 7 1 12 4 13 8 15 11 1 14 3 0 4 7 11 8 15 12
5

11814d13b85a1916 881ab0c84581e4c9
1 0 2 3 4 6 8 7 11 10 12 13 1 14 3 15 4 0 6 7 11 8 12 10 13 14 15 3 0 6 1 7 4 12 8 13 10 15 11 1 14 3 0 4 7 11 8 15 12
5

1184e099990ed0c8 881b190660912937
3 0 6 1 7 2 12 4 14 5 15 8 1 11 2 13 3 0 8 4 11 7 12 13 15 14 0 1 3 2 4 8 7 11 13 12 14 0 15 1 2 3 7 4 8 11 12 15
9

51814913b85a1916 885ab0c84181e4c9
1 0 2 3 4 6 8 7 11 10 12 13 1 14 3 15 4 0 6 7 11 8 12 14 13 3 15 6 0 7 1 12 4 13 8 15 11 1 14 3 0 4 7 6 8 11 12 15 14
5

78919ee0a1411b 90016061115eb2e4
0 2 1 5 3 6 4 7 8 9 14 12 0 13 5 15 7 1 13 2 14 3 15 4 1 6 2 8 3 12 4 0 7 5 8 6 12 13 15 14 3 0 4 12 5 15 6
9

d8919ee0a1411b 90016061115eb2e4
0 2 1 5 3 6 4 7 8 9 14 12 0 13 5 15 7 1 13 2 14 3 15 4 1 6 2 8 3 12 4 0 7 5 8 6 12 13 15 14 3 0 4 12 6 15 7
9

2058919ee0a1411b 90016061115eb2e4
0 2 1 5 3 6 4 7 8 9 14 12 0 13 5 15 7 1 13 2 14 3 15 4 1 6 2 8 3 12 4 0 7 5 8 6 12 13 15 14 3 0 4 12 6 15 13
9

4058919ee0a1411b 90016061115eb2e4
0 2 1 5 3 6 4 7 8 9 14 12 0 13 5 15 7 1 13 2 14 3 15 4 1 6 2 8 3 12 4 0 7 5 8 6 12 13 15 14 3 0 4 12 6 15 14
9

58919ee0a1411b 90016061115eb4e4
0 2 1 5 3 6 4 7 8 10 14 12 0 13 5 15 7 1 13 2 14 3 15 4 1 6 2 8 3 12 4 0 7 5 8 6 12 13 15 14 3 0 4 12 6 15
10

58919ee0a1491b 90016061115eb4e4
0 2 1 5 3 6 4 7 8 10 11 12 14 13 0 15 5 1 7 2 13 3 14 4 15 6 1 8 2 12 3 0 4 5 7 6 8 13 12 14 15 0 3 12 4 15 6
10

5a919ee0a1411b 90016061115eb4e4
0 2 1 5 3 6 4 7 8 10 14 12 0 13 5 15 7 1 13 2 14 3 15 4 1 6 2 8 3 12 4 0 7 5 8 6 12 13 15 14 1 0 3 12 4 15 6
10

5c919ee0a1411b 90016061115eb4e4
0 2 1 5 3 6 4 7 8 10 14 12 0 13 5 15 7 1 13 2 14 3 15 4 1 6 2 8 3 12 4 0 7 5 8 6 12 13 15 14 2 0 3 12 4 15 6
10

78919ee0a1411b 90016061115eb4e4
0 2 1 5 3 6 4 7 8 10 14 12 0 13 5 15 7 1 13 2 14 3 15 4 1 6 2 8 3 12 4 0 7 5 8 6 12 13 15 14 3 0 4 12 5 15 6
10

d8919ee0a1411b 90016061115eb4e4
0 2 1 5 3 6 4 7 8 10 14 12 0 13 5 15 7 1 13 2 14 3 15 4 1 6 2 8 3 12 4 0 7 5 8 6 12 13 15 14 3 0 4 12 6 15 7
10

158919ee0a1411b 90016061115eb4e4
0 2 1 5 3 6 4 7 8 10 14 12 0 13 5 15 7 1 13 2 14 3 15 4 1 6 2 8 3 12 4 0 7 5 8 6 12 13 15 14 3 0 4 12 6 15 8
10

2058919ee0a1411b 90016061115eb4e4
0 2 1 5 3 6 4 7 8 10 14 12 0 13 5 15 7 1 13 2 14 3 15 4 1 6 2 8 3 12 4 0 7 5 8 6 12 13 15 14 3 0 4 12 6 15 13
10

4058919ee0a1411b 90016061115eb4e4
0 2 1 5 3 6 4 7 8 10 14 12 0 13 5 15 7 1 13 2 14 3 15 4 1 6 2 8 3 12 4 0 7 5 8 6 12 13 15 14 3 0 4 12 6 15 14
10

58919ee0a1451b 90016061115eb8e4
0 2 1 5 3 6 4 7 8 11 10 12 14 13 0 15 5 1 7 2 13 3 14 4 15 6 1 8 2 12 3 0 4 5 7 6 8 13 12 14 15 0 3 12 4 15 6
10

58919ee0a1451b 90036061115eb0e4
0 2 1 5 3 6 4 7 8 12 10 13 14 15 0 1 5 2 7 3 13 4 14 6 15 8 1 12 2 0 3 5 4 6 7 13 8 14 12 0 15 1 3 12 4 15 6
10

58919ee0a1451b 90056061115eb0e4
0 2 1 5 3 6 4 7 8 12 10 13 14 15 0 1 5 2 7 3 13 4 14 6 15 8 1 12 2 0 3 5 4 6 7 13 8 14 12 0 15 2 3 12 4 15 6
10

80ab299c0e3a212 901108623a1858e9
1 0 4 3 9 5 13 6 15 7 0 11 1 12 5 14 6 3 7 4 14 9 15 11 0 12 3 13 4 1 7 5 9 6 12 11 13 0 15 4 1 12 3 15 11
14

80ab29980e3a312 901108623a1858ed
1 0 4 2 8 3 9 5 13 6 15 7 0 11 1 12 5 14 6 3 7 4 15 9 0 11 3 12 4 13 7 1 9 5 12 6 13 11 15 0 1 4 3 12 11 15
13

82ab29980e3a212 901108623a1858ed
1 0 4 2 9 3 13 5 15 6 0 7 1 11 5 12 6 14 7 3 15 4 0 9 3 11 4 12 7 13 9 1 12 5 13 6 15 11 1 0 3 4 5 12 11 15
13

84ab29980e3a212 901108623a1858ed
1 0 4 2 9 3 13 5 15 6 0 7 1 11 5 12 6 14 7 3 15 4 0 9 3 11 4 12 7 13 9 1 12 5 13 6 15 11 1 0 3 4 6 12 11 15
13

88ab29980e3a212 901108623a1858ed
1 0 4 2 9 3 13 5 15 6 0 7 1 11 5 12 6 14 7 3 15 4 0 9 3 11 4 12 7 13 9 1 12 5 13 6 15 11 1 0 3 4 7 12 11 15
13

a0ab29980e3a212 901108623a1858ed
1 0 4 2 9 3 13 5 15 6 0 7 1 11 5 12 6 14 7 3 15 4 0 9 3 11 4 12 7 13 9 1 12 5 13 6 15 11 1 0 3 4 9 12 11 15
13

80ab29980e3a216 901108623a1859e9
1 0 2 3 4 5 9 6 13 7 15 8 0 11 1 12 5 14 6 3 7 4 15 9 0 11 3 12 4 13 7 1 9 5 12 6 13 11 15 0 1 4 3 12 11 15
13

80ab29980e3a612 901108623e1858e9
1 0 4 3 9 5 10 6 13 7 15 11 0 12 1 14 5 3 6 4 7 9 15 10 0 11 3 12 4 13 7 1 9 5 12 6 13 11 15 0 1 4 3 12 11 15
13

58919ee0a1451b 90216061115eb0e4
0 2 1 5 3 6 4 7 8 12 10 13 14 15 0 1 5 2 7 3 13 4 14 6 15 8 1 12 2 0 3 5 4 6 7 13 8 14 12 0 15 5 3 12 4 15 6
10

80ab29980e3a216 903108623a1858e9
1 0 2 3 4 5 9 6 13 7 15 11 0 12 1 14 5 3 6 4 7 9 15 11 0 12 3 13 4 1 7 5 9 6 12 11 13 0 15 4 1 5 3 12 11 15
13

80ab29980e3a216 905108623a1858e9
1 0 2 3 4 5 9 6 13 7 15 11 0 12 1 14 5 3 6 4 7 9 15 11 0 12 3 13 4 1 7 5 9 6 12 11 13 0 15 4 1 6 3 12 11 15
13

10938119216787d 9054834e29698702
0 1 2 8 3 9 4 10 5 15 6 0 11 3 12 5 13 6 14 8 1 11 2 13 4 1 9 2 12 3 15 6 0 8 4 9 11 15 12 2 13 4 0 6 3 12 8 15
7

1093811921678dd 9054834e2d498702
0 1 2 8 3 9 4 10 6 15 7 0 11 3 12 6 13 8 14 10 1 11 2 13 4 1 9 2 12 3 15 6 0 8 4 9 11 15 12 2 13 4 0 6 3 12 8 15
5

10938119216787d 9056834e29498702
0 1 2 8 3 9 4 10 5 15 6 0 11 3 12 6 13 8 14 11 1 13 2 1 4 2 9 3 12 6 15 8 0 9 4 15 11 1 12 2 13 4 0 6 3 12 8 15
7

1093811921678dd 9056834e29498702
0 1 2 8 3 9 4 10 6 15 7 0 11 3 12 6 13 8 14 11 1 13 2 1 4 2 9 3 12 6 15 8 0 9 4 15 11 1 12 2 13 4 0 6 3 12 8 15
5

58919ee0a1451b 90816061115eb0e4
0 2 1 5 3 6 4 7 8 12 10 13 14 15 0 1 5 2 7 3 13 4 14 6 15 8 1 12 2 0 3 5 4 6 7 13 8 14 12 0 15 7 3 12 4 15 6
10

901b8c4c12d284b 908c012938c2d1a4
0 2 1 5 3 7 6 8 11 12 13 14 0 15 2 1 3 6 5 7 8 11 14 12 15 13 2 0 6 3 7 5 11 8 12 2 13 3 15 7 0 12 8 15 11
14

901b8c4c12d284b 908c012b38c2d1a4
0 2 1 5 3 7 6 8 11 12 13 14 0 15 2 1 3 6 5 7 8 11 14 12 15 13 2 0 6 1 7 3 11 5 12 8 13 2 15 3 0 7 8 12 11 15
14

80ab29980e3a216 909108623a1858e9
1 0 2 3 4 5 9 6 13 7 15 11 0 12 1 14 5 3 6 4 7 9 15 11 0 12 3 13 4 1 7 5 9 6 12 11 13 0 15 4 1 7 3 12 11 15
13

58919ee0a1451b 91016061115eb0e4
0 2 1 5 3 6 4 7 8 12 10 13 14 15 0 1 5 2 7 3 13 4 14 6 15 8 1 12 2 0 3 5 4 6 7 13 8 14 12 0 15 8 3 12 4 15 6
10

44058326d92c9163 9168544906434e1c
0 2 1 3 5 4 6 9 8 10 12 11 15 14 2 0 3 1 5 6 8 9 11 10 12 0 14 3 15 6 1 10 2 12 5 14 8 3 9 5 15 6 0 8 2 12 10 15 14
9

44058126d92c91e3 91685c4904434e1c
0 2 1 3 5 4 6 9 7 10 8 11 12 14 15 0 2 1 3 6 5 10 8 0 11 3 12 6 14 10 15 11 1 12 2 14 5 3 8 5 15 6 0 8 2 12 10 15 14
7

80ab29980e3a216 921108623a1858e9
1 0 2 3 4 5 9 6 13 7 15 11 0 12 1 14 5 3 6 4 7 9 15 11 0 12 3 13 4 1 7 5 9 6 12 11 13 0 15 4 1 9 3 12 11 15
13

b42944de10db168 940d6b021e624e07
3 0 5 1 6 2 8 9 12 10 13 11 15 14 0 1 2 5 3 6 8 9 13 10 14 11 15 12 0 1 2 8 3 9 6 11 10 13 12 14 15 0 1 2 6 3 8 10 9 12 11 15
5

209a9a0943971a1d 980121b6b828e1e2
0 1 2 5 3 6 4 7 9 8 11 13 12 14 0 15 1 3 2 5 4 11 7 12 8 13 9 15 14 1 0 2 3 4 9 5 11 7 12 8 15 13 1 0 3 11 4 12 7 15 13
5

208a9a0943971e1d 98112196b828e1e2
0 1 2 5 3 6 4 7 9 8 10 13 11 14 12 15 0 3 1 5 2 11 4 12 7 13 8 15 9 1 14 2 0 4 3 7 9 8 11 13 12 0 15 4 1 11 3 12 7 15 13
8

208a9a0943d71a1d 98112196b828e1e2
0 1 2 5 3 6 4 7 9 8 11 13 12 14 0 15 1 3 2 5 4 11 6 12 7 13 8 15 9 1 14 2 0 4 3 7 9 8 11 13 12 0 15 4 1 11 3 12 7 15 13
8

208a9a2943971a1d 98112196b828e1e2
0 1 2 5 3 6 4 7 9 8 11 13 12 14 0 15 1 3 2 5 4 11 7 12 8 13 9 15 14 1 0 2 3 4 5 7 9 8 11 13 12 0 15 4 1 11 3 12 7 15 13
8

208a9a0943d71a1d 99012196b828e1e2
0 1 2 5 3 6 4 7 9 8 11 13 12 14 0 15 1 3 2 5 4 11 6 12 7 13 8 15 9 1 14 2 0 4 3 7 9 8 11 13 12 0 15 8 1 11 3 12 7 15 13
4

208a9a2943971a1d 99012196b828e1e2
0 1 2 5 3 6 4 7 9 8 11 13 12 14 0 15 1 3 2 5 4 11 7 12 8 13 9 15 14 1 0 2 3 4 5 7 9 8 11 13 12 0 15 8 1 11 3 12 7 15 13
4

208ada0943971a1d 99012196b828e1e2
0 1 2 5 3 6 4 7 9 8 11 13 12 14 0 15 1 3 2 5 4 11 7 12 8 13 9 15 14 1 0 2 3 4 9 7 11 8 12 13 14 0 15 8 1 11 3 12 7 15 13
4

208e9a0943971a1d 99012196b828e1e2
0 1 2 5 3 6 4 7 9 8 11 13 12 14 0 15 1 3 2 5 4 11 7 12 8 13 9 15 14 1 0 2 3 4 9 7 11 8 12 13 15 0 1 8 2 11 3 12 7 15 13
4

1184e099990ed0c8 a80b190660912937
3 0 6 1 7 2 12 4 14 5 15 8 1 11 2 13 3 0 8 4 11 7 12 13 15 14 0 1 3 2 4 8 7 11 13 12 14 0 15 1 2 3 7 11 8 13 12 15
9

51814913b85a1916 a81ab0c84181e4c9
1 0 2 3 4 6 8 7 11 10 12 13 1 14 3 15 4 0 6 7 11 8 12 14 13 3 15 6 0 7 1 12 4 13 8 15 11 1 14 3 0 4 7 11 8 13 12 15 14
5

78919ee0a1411b b0016061115eb0e4
0 2 1 5 3 6 4 7 8 12 14 13 0 15 5 1 7 2 13 3 14 4 15 6 1 8 2 12 3 0 4 5 7 6 8 13 12 14 15 0 3 12 4 13 5 15 6
14

d8919ee0a1411b b0016061115eb0e4
0 2 1 5 3 6 4 7 8 12 14 13 0 15 5 1 7 2 13 3 14 4 15 6 1 8 2 12 3 0 4 5 7 6 8 13 12 14 15 0 3 12 4 13 6 15 7
14

80ab29980e3a612 b01108623a1858e9
1 0 4 3 9 5 10 6 13 7 15 11 0 12 1 14 5 3 6 4 7 9 15 11 0 12 3 13 4 1 7 5 9 6 12 11 13 0 15 4 1 12 3 13 11 15
10

80ab299c0e3a212 b01108623a1858e9
1 0 4 3 9 5 13 6 15 7 0 11 1 12 5 14 6 3 7 4 14 9 15 11 0 12 3 13 4 1 7 5 9 6 12 11 13 0 15 4 1 12 3 13 11 15
14

1093811921678dd b054834e29498702
0 1 2 8 3 9 4 10 6 15 7 0 11 3 12 6 13 8 14 11 1 13 2 1 4 2 9 3 12 6 15 8 0 9 4 15 11 2 12 4 13 6 0 12 3 13 8 15
5

420b3180a2caec43 b0c0c24b5101139c
0 2 1 3 6 4 10 7 11 8 13 9 14 12 15 0 1 8 3 12 6 14 7 0 9 1 13 3 15 6 7 9 8 14 12 15 13 6 0 7 1 12 3 13 9 15 14
4

420b3180a6cae443 b0c0c24b5101139c
0 2 1 3 6 4 10 7 13 8 14 9 15 12 1 0 3 8 6 12 7 14 9 0 10 1 13 3 15 6 7 9 8 14 12 15 13 6 0 7 1 12 3 13 9 15 14
4

430b3180a2cae443 b0c0c24b5101139c
0 2 1 3 6 4 10 7 13 8 14 9 15 12 1 0 3 8 6 12 7 14 9 0 13 1 15 3 7 6 8 9 12 14 13 15 0 6 1 7 3 12 8 13 9 15 14
4

420b3180a2cae453 b0c0c24b510113ac
0 2 1 3 4 5 6 7 10 8 13 9 14 12 15 0 1 8 3 12 6 14 7 0 9 1 13 3 15 6 7 9 8 14 12 15 13 6 0 7 1 12 3 13 9 15 14
4

420b3180a2cee443 b0c0c24b510113ac
0 2 1 3 6 5 10 7 13 8 14 9 15 12 1 0 2 8 3 12 6 14 7 0 9 1 13 3 15 6 7 9 8 14 12 15 13 6 0 7 1 12 3 13 9 15 14
2

420b3180a2cae453 b0c0c24b51011b8c
0 2 1 3 4 7 6 8 10 9 13 11 14 12 15 0 1 8 3 12 6 14 7 0 9 1 13 3 15 6 7 9 8 14 12 15 13 6 0 7 1 12 3 13 9 15 14
4

420b3180a2cee443 b0c0c24b51011b8c
0 2 1 3 6 7 10 8 13 9 14 11 15 12 1 0 2 8 3 12 6 14 7 0 9 1 13 3 15 6 7 9 8 14 12 15 13 6 0 7 1 12 3 13 9 15 14
2

420b3180a2caec43 b0c0c24b5105138c
0 2 1 3 6 7 10 8 11 9 13 12 14 0 15 2 1 8 3 12 6 14 7 0 9 1 13 3 15 6 7 9 8 14 12 15 13 6 0 7 1 12 3 13 9 15 14
2

420b3180a6cae443 b0c0c24b5105138c
0 2 1 3 6 7 10 8 13 9 14 12 15 0 1 2 3 8 6 12 7 14 9 0 10 1 13 3 15 6 7 9 8 14 12 15 13 6 0 7 1 12 3 13 9 15 14
2

430b3180a2cae443 b0c0c24b5105138c
0 2 1 3 6 7 10 8 13 9 14 12 15 0 1 2 3 8 6 12 7 14 9 0 13 1 15 3 7 6 8 9 12 14 13 15 0 6 1 7 3 12 8 13 9 15 14
2

420b3180a2cae453 b0c0c24b5501138c
0 2 1 3 4 7 6 8 10 9 13 12 14 0 15 8 1 10 3 12 6 14 7 0 9 1 13 3 15 6 7 9 8 14 12 15 13 6 0 7 1 12 3 13 9 15 14
4

420b3180a2cee443 b0c0c24b5501138c
0 2 1 3 6 7 10 8 13 9 14 12 15 0 1 8 2 10 3 12 6 14 7 0 9 1 13 3 15 6 7 9 8 14 12 15 13 6 0 7 1 12 3 13 9 15 14
2

420b3180a2cae453 b1c0c24b5101138c
0 2 1 3 4 7 6 8 10 9 13 12 14 0 15 8 1 12 3 14 6 0 7 1 9 3 13 6 15 9 7 14 8 15 12 6 13 7 0 8 1 12 3 13 9 15 14
4

420b3180a2cee443 b1c0c24b5101138c
0 2 1 3 6 7 10 8 13 9 14 12 15 0 1 8 2 12 3 14 6 0 7 1 9 3 13 6 15 9 7 14 8 15 12 6 13 7 0 8 1 12 3 13 9 15 14
2

3218844e3c11d714 c4057211c24e284b
2 0 4 1 8 3 9 6 10 11 12 13 14 1 15 2 0 3 4 6 10 9 11 14 12 15 13 0 1 4 2 9 3 12 6 13 10 14 15 0 3 2 4 10 9 14 12 15 13
6

1184e099990ed0c8 c80b190660912937
3 0 6 1 7 2 12 4 14 5 15 8 1 11 2 13 3 0 8 4 11 7 12 13 15 14 0 1 3 2 4 8 7 11 13 12 14 0 15 1 2 3 7 11 8 14 12 15
9

78919ee0a1411b d0016061115eb0e4
0 2 1 5 3 6 4 7 8 12 14 13 0 15 5 1 7 2 13 3 14 4 15 6 1 8 2 12 3 0 4 5 7 6 8 13 12 14 15 0 3 12 4 14 5 15 6
13

d8919ee0a1411b d0016061115eb0e4
0 2 1 5 3 6 4 7 8 12 14 13 0 15 5 1 7 2 13 3 14 4 15 6 1 8 2 12 3 0 4 5 7 6 8 13 12 14 15 0 3 12 4 14 6 15 7
13

91ccd1114a4c9d d008110ecc95b162
0 1 2 5 3 6 4 8 7 12 10 13 11 15 14 0 1 2 3 4 6 7 8 10 12 11 0 14 4 15 6 1 7 2 10 3 11 8 14 12 15 3 0 12 4 14 7 15
5

11ccd1314a4c9d d008110ecc95b342
0 1 2 6 3 8 4 9 7 12 10 13 11 15 14 0 1 2 3 4 6 7 8 10 12 11 13 14 0 15 4 1 6 2 7 3 10 8 11 12 14 3 15 12 0 14 4 15
9

13ccd1114a4c9d d008110ecc95b342
0 1 2 6 3 8 4 9 7 12 10 13 11 15 14 0 1 2 3 4 6 7 8 10 12 11 0 14 4 15 6 1 7 2 10 3 11 8 14 12 15 3 0 12 1 14 4 15
9

15ccd1114a4c9d d008110ecc95b342
0 1 2 6 3 8 4 9 7 12 10 13 11 15 14 0 1 2 3 4 6 7 8 10 12 11 0 14 4 15 6 1 7 2 10 3 11 8 14 12 15 3 0 12 2 14 4 15
9

51ccd1114a4c9d d008110ecc95b342
0 1 2 6 3 8 4 9 7 12 10 13 11 15 14 0 1 2 3 4 6 7 8 10 12 11 0 14 4 15 6 1 7 2 10 3 11 8 14 12 15 3 0 12 4 14 6 15
9

91ccd1114a4c9d d008110ecc95b342
0 1 2 6 3 8 4 9 7 12 10 13 11 15 14 0 1 2 3 4 6 7 8 10 12 11 0 14 4 15 6 1 7 2 10 3 11 8 14 12 15 3 0 12 4 14 7 15
9

111ccd1114a4c9d d008110ecc95b342
0 1 2 6 3 8 4 9 7 12 10 13 11 15 14 0 1 2 3 4 6 7 8 10 12 11 0 14 4 15 6 1 7 2 10 3 11 8 14 12 15 3 0 12 4 14 8 15
9

411ccd1114a4c9d d008110ecc95b342
0 1 2 6 3 8 4 9 7 12 10 13 11 15 14 0 1 2 3 4 6 7 8 10 12 11 0 14 4 15 6 1 7 2 10 3 11 8 14 12 15 3 0 12 4 14 10 15
9

811ccd1114a4c9d d008110ecc95b342
0 1 2 6 3 8 4 9 7 12 10 13 11 15 14 0 1 2 3 4 6 7 8 10 12 11 0 14 4 15 6 1 7 2 10 3 11 8 14 12 15 3 0 12 4 14 11 15
9

11ccd1114a4e9d d008110eec95b142
0 1 2 6 3 8 4 12 7 13 9 15 10 0 11 2 14 4 1 7 3 10 6 11 8 13 12 14 0 15 4 1 6 2 7 3 10 8 11 12 14 3 15 12 0 14 4 15
9

11ccd1114a4e9d d00a110ecc95b142
0 1 2 6 3 8 4 12 7 13 9 15 10 0 11 2 14 4 1 7 3 10 6 11 8 14 12 15 0 1 4 2 6 3 7 8 10 12 11 1 14 3 15 12 0 14 4 15
9

11ccd1114a4e9d d00c110ecc95b142
0 1 2 6 3 8 4 12 7 13 9 15 10 0 11 2 14 4 1 7 3 10 6 11 8 14 12 15 0 1 4 2 6 3 7 8 10 12 11 2 14 3 15 12 0 14 4 15
9

11ccd1114a4e9d d048110ecc95b142
0 1 2 6 3 8 4 12 7 13 9 15 10 0 11 2 14 4 1 7 3 10 6 11 8 14 12 15 0 1 4 2 6 3 7 8 10 12 11 3 14 6 15 12 0 14 4 15
9

202ce823e494d824 d083108c182b249b
2 0 5 1 11 3 12 4 14 7 15 10 2 13 4 0 7 1 10 3 13 5 14 11 15 12 0 2 1 3 5 7 11 12 13 0 14 1 15 7 2 12 3 14 5 15 13
10

202ce823e494d824 d083108c182b259b
2 0 5 1 11 3 12 4 14 7 15 8 2 10 4 13 7 0 10 1 13 3 14 5 15 11 0 12 1 2 5 3 11 7 13 12 14 0 15 1 2 7 3 12 5 14 13 15
10

202ce823e494d824 d083108c182b269b
2 0 5 1 11 3 12 4 14 7 15 9 2 10 4 13 7 0 10 1 13 3 14 5 15 11 0 12 1 2 5 3 11 7 13 12 14 0 15 1 2 7 3 12 5 14 13 15
10

202ce823e094da24 d083108c1a2b249b
2 0 5 1 9 3 11 4 12 7 14 10 15 13 2 0 4 1 7 3 13 5 14 9 15 11 0 12 1 2 5 3 11 7 13 12 14 0 15 1 2 7 3 12 5 14 13 15
9

202ce823e094d864 d083108c1c2b249b
2 0 5 1 6 3 11 4 12 7 14 10 15 13 2 0 4 1 7 3 13 5 14 10 15 11 0 12 1 2 5 3 11 7 13 12 14 0 15 1 2 7 3 12 5 14 13 15
10

202ce823e094d924 d083108c1c2b249b
2 0 5 1 8 3 11 4 12 7 14 10 15 13 2 0 4 1 7 3 13 5 14 10 15 11 0 12 1 2 5 3 11 7 13 12 14 0 15 1 2 7 3 12 5 14 13 15
10

202ce823e094da24 d083108c1c2b249b
2 0 5 1 9 3 11 4 12 7 14 10 15 13 2 0 4 1 7 3 13 5 14 10 15 11 0 12 1 2 5 3 11 7 13 12 14 0 15 1 2 7 3 12 5 14 13 15
10

202ce833e094d824 d083108c1c2b249b
2 0 5 1 11 3 12 4 14 7 15 10 2 13 4 0 7 1 13 3 14 5 15 10 0 11 1 12 4 2 5 3 11 7 13 12 14 0 15 1 2 7 3 12 5 14 13 15
10

282ce823e094d824 d083108c1c2b249b
2 0 5 1 11 3 12 4 14 7 15 10 2 13 4 0 7 1 13 3 14 5 15 10 0 11 1 12 5 2 11 3 13 7 14 12 15 0 2 1 3 7 5 12 11 14 13 15
10

202ce823e494d824 d083109c182b249b
2 0 5 1 11 3 12 4 14 7 15 10 2 13 4 0 7 1 10 3 13 5 14 11 15 12 0 2 1 3 5 4 11 7 13 12 14 0 15 1 2 7 3 12 5 14 13 15
10

11ccd1114a4e9d d088110ecc95b142
0 1 2 6 3 8 4 12 7 13 9 15 10 0 11 2 14 4 1 7 3 10 6 11 8 14 12 15 0 1 4 2 6 3 7 8 10 12 11 3 14 7 15 12 0 14 4 15
9

11ccd1114a4e9d d108110ecc95b142
0 1 2 6 3 8 4 12 7 13 9 15 10 0 11 2 14 4 1 7 3 10 6 11 8 14 12 15 0 1 4 2 6 3 7 8 10 12 11 3 14 8 15 12 0 14 4 15
9

11ccd1114a4e9d d408110ecc95b142
0 1 2 6 3 8 4 12 7 13 9 15 10 0 11 2 14 4 1 7 3 10 6 11 8 14 12 15 0 1 4 2 6 3 7 8 10 12 11 3 14 10 15 12 0 14 4 15
9

11ccd1114a4e9d d808110ecc95b142
0 1 2 6 3 8 4 12 7 13 9 15 10 0 11 2 14 4 1 7 3 10 6 11 8 14 12 15 0 1 4 2 6 3 7 8 10 12 11 3 14 11 15 12 0 14 4 15
9

202ce823e494d824 d883108c182b249b
2 0 5 1 11 3 12 4 14 7 15 10 2 13 4 0 7 1 10 3 13 5 14 11 15 12 0 2 1 3 5 7 11 12 13 0 14 1 15 7 2 11 3 12 5 14 13 15
10

1820d72e2601786e e50b2801d92e8701
1 0 2 8 3 9 5 10 6 15 11 1 12 2 13 3 14 5 0 8 9 11 10 12 13 14 1 15 2 0 3 11 5 13 8 0 9 1 10 3 12 8 14 10 15 13 5 14 11 15 12
2

1820d72e260178ae e50b2801d92e8741
1 0 2 6 3 8 5 9 7 10 11 15 12 1 13 2 14 3 0 5 9 8 10 11 13 12 1 14 2 15 3 0 5 11 8 13 9 0 10 1 12 3 14 8 15 10 5 13 11 14 12 15
6

1820d72e2601786e e50b2801d92e8781
1 0 2 7 3 8 5 9 6 10 11 15 12 1 13 2 14 3 0 5 9 8 10 11 13 12 1 14 2 15 3 0 5 11 8 13 9 0 10 1 12 3 14 8 15 10 5 13 11 14 12 15
6

1820d72e2601786e e50b2801d96e8701
1 0 2 8 3 9 5 10 6 15 11 1 12 2 13 3 14 5 0 6 9 8 10 11 13 12 1 14 2 15 3 0 5 11 8 13 9 0 10 1 12 3 14 8 15 10 5 13 11 14 12 15
6

